commodity,sample_group,sample_fdc_id,moisture,fat,ash,sodium,pH,water_activity,respiration_rate,ethylene_rate,temperature,relative_humidity,desired_shelf_life,storage_type,transportation_condition,recommended_material,film_thickness,OTR_requirement,WVTR_requirement,sealability,MAP_suitability,mechanical_strength
apple,1821,1105782,82.0,0.1,0.18,0.0,3.8,0.98,25,10,25,60,3,ambient,normal,Breathable PE film,40,5000,15,Good,High,Medium
apple,1821,1105782,82.0,0.1,0.18,0.0,3.8,0.98,25,10,25,60,3,ambient,refrigerated,Breathable PE film,40,5000,15,Good,High,Medium
apple,1821,1105782,82.0,0.1,0.18,0.0,3.8,0.98,25,10,25,60,7,ambient,frozen,Breathable PE film,40,5000,15,Good,High,Medium
apple,1821,1105782,82.0,0.1,0.18,0.0,3.8,0.98,25,10,5,85,10,chilled,normal,Breathable PE film,40,5000,15,Good,High,Medium
apple,1821,1105782,82.0,0.1,0.18,0.0,3.8,0.98,25,10,5,85,10,chilled,refrigerated,Breathable PE film,40,5000,15,Good,High,Medium
apple,1821,1105782,82.0,0.1,0.18,0.0,3.8,0.98,25,10,5,85,10,chilled,frozen,Breathable PE film,40,5000,15,Good,High,Medium
apple,1821,1105782,82.0,0.1,0.18,0.0,3.8,0.98,25,10,-18,90,30,frozen,normal,Breathable PE film,40,5000,15,Good,High,Medium
apple,1821,1105782,82.0,0.1,0.18,0.0,3.8,0.98,25,10,-18,90,30,frozen,refrigerated,Breathable PE film,40,5000,15,Good,High,Medium
apple,1821,1105782,82.0,0.1,0.18,0.0,3.8,0.98,25,10,-18,90,180,frozen,frozen,Breathable PE film,40,5000,15,Good,High,Medium
apple,1822,1105797,83.8,0.2,0.16,0.0,3.8,0.98,25,10,25,60,3,ambient,normal,Breathable PE film,40,5000,15,Good,High,Medium
apple,1822,1105797,83.8,0.2,0.16,0.0,3.8,0.98,25,10,25,60,3,ambient,refrigerated,Breathable PE film,40,5000,15,Good,High,Medium
apple,1822,1105797,83.8,0.2,0.16,0.0,3.8,0.98,25,10,25,60,3,ambient,frozen,Breathable PE film,40,5000,15,Good,High,Medium
apple,1822,1105797,83.8,0.2,0.16,0.0,3.8,0.98,25,10,5,85,10,chilled,normal,Breathable PE film,40,5000,15,Good,High,Medium
apple,1822,1105797,83.8,0.2,0.16,0.0,3.8,0.98,25,10,5,85,10,chilled,refrigerated,Breathable PE film,40,5000,15,Good,High,Medium
apple,1822,1105797,83.8,0.2,0.16,0.0,3.8,0.98,25,10,5,85,30,chilled,frozen,Breathable PE film,40,5000,15,Good,High,Medium
apple,1822,1105797,83.8,0.2,0.16,0.0,3.8,0.98,25,10,-18,90,30,frozen,normal,Breathable PE film,40,5000,15,Good,High,Medium
apple,1822,1105797,83.8,0.2,0.16,0.0,3.8,0.98,25,10,-18,90,60,frozen,refrigerated,Breathable PE film,40,5000,15,Good,High,Medium
apple,1822,1105797,83.8,0.2,0.16,0.0,3.8,0.98,25,10,-18,90,180,frozen,frozen,Breathable PE film,40,5000,15,Good,High,Medium
apple,1823,1105811,84.0,0.1,0.75,0.0,3.8,0.98,25,10,25,60,5,ambient,normal,Breathable PE film,40,5000,15,Good,High,Medium
apple,1823,1105811,84.0,0.1,0.75,0.0,3.8,0.98,25,10,25,60,10,ambient,refrigerated,Breathable PE film,40,5000,15,Good,High,Medium
apple,1823,1105811,84.0,0.1,0.75,0.0,3.8,0.98,25,10,25,60,14,ambient,frozen,Breathable PE film,40,5000,15,Good,High,Medium
apple,1823,1105811,84.0,0.1,0.75,0.0,3.8,0.98,25,10,5,85,14,chilled,normal,Breathable PE film,40,5000,15,Good,High,Medium
apple,1823,1105811,84.0,0.1,0.75,0.0,3.8,0.98,25,10,5,85,7,chilled,refrigerated,Breathable PE film,40,5000,15,Good,High,Medium
apple,1823,1105811,84.0,0.1,0.75,0.0,3.8,0.98,25,10,5,85,10,chilled,frozen,Breathable PE film,40,5000,15,Good,High,Medium
apple,1823,1105811,84.0,0.1,0.75,0.0,3.8,0.98,25,10,-18,90,180,frozen,normal,Breathable PE film,40,5000,15,Good,High,Medium
apple,1823,1105811,84.0,0.1,0.75,0.0,3.8,0.98,25,10,-18,90,90,frozen,refrigerated,Breathable PE film,40,5000,15,Good,High,Medium
apple,1823,1105811,84.0,0.1,0.75,0.0,3.8,0.98,25,10,-18,90,90,frozen,frozen,Breathable PE film,40,5000,15,Good,High,Medium
apple,1824,1105825,83.2,0.0,0.33,0.0,3.8,0.98,25,10,25,60,5,ambient,normal,Breathable PE film,40,5000,15,Good,High,Medium
apple,1824,1105825,83.2,0.0,0.33,0.0,3.8,0.98,25,10,25,60,5,ambient,refrigerated,Breathable PE film,40,5000,15,Good,High,Medium
apple,1824,1105825,83.2,0.0,0.33,0.0,3.8,0.98,25,10,25,60,7,ambient,frozen,Breathable PE film,40,5000,15,Good,High,Medium
apple,1824,1105825,83.2,0.0,0.33,0.0,3.8,0.98,25,10,5,85,7,chilled,normal,Breathable PE film,40,5000,15,Good,High,Medium
apple,1824,1105825,83.2,0.0,0.33,0.0,3.8,0.98,25,10,5,85,7,chilled,refrigerated,Breathable PE film,40,5000,15,Good,High,Medium
apple,1824,1105825,83.2,0.0,0.33,0.0,3.8,0.98,25,10,5,85,21,chilled,frozen,Breathable PE film,40,5000,15,Good,High,Medium
apple,1824,1105825,83.2,0.0,0.33,0.0,3.8,0.98,25,10,-18,90,30,frozen,normal,Breathable PE film,40,5000,15,Good,High,Medium
apple,1824,1105825,83.2,0.0,0.33,0.0,3.8,0.98,25,10,-18,90,90,frozen,refrigerated,Breathable PE film,40,5000,15,Good,High,Medium
apple,1824,1105825,83.2,0.0,0.33,0.0,3.8,0.98,25,10,-18,90,90,frozen,frozen,Breathable PE film,40,5000,15,Good,High,Medium
apple,1825,1105839,83.8,0.2,1.49,0.0,3.8,0.98,25,10,25,60,14,ambient,normal,Breathable PE film,40,5000,15,Good,High,Medium
apple,1825,1105839,83.8,0.2,1.49,0.0,3.8,0.98,25,10,25,60,7,ambient,refrigerated,Breathable PE film,40,5000,15,Good,High,Medium
apple,1825,1105839,83.8,0.2,1.49,0.0,3.8,0.98,25,10,25,60,3,ambient,frozen,Breathable PE film,40,5000,15,Good,High,Medium
apple,1825,1105839,83.8,0.2,1.49,0.0,3.8,0.98,25,10,5,85,21,chilled,normal,Breathable PE film,40,5000,15,Good,High,Medium
apple,1825,1105839,83.8,0.2,1.49,0.0,3.8,0.98,25,10,5,85,30,chilled,refrigerated,Breathable PE film,40,5000,15,Good,High,Medium
apple,1825,1105839,83.8,0.2,1.49,0.0,3.8,0.98,25,10,5,85,7,chilled,frozen,Breathable PE film,40,5000,15,Good,High,Medium
apple,1825,1105839,83.8,0.2,1.49,0.0,3.8,0.98,25,10,-18,90,180,frozen,normal,Breathable PE film,40,5000,15,Good,High,Medium
apple,1825,1105839,83.8,0.2,1.49,0.0,3.8,0.98,25,10,-18,90,30,frozen,refrigerated,Breathable PE film,40,5000,15,Good,High,Medium
apple,1825,1105839,83.8,0.2,1.49,0.0,3.8,0.98,25,10,-18,90,90,frozen,frozen,Breathable PE film,40,5000,15,Good,High,Medium
apple,1826,1105853,84.7,0.3,0.0,0.0,3.8,0.98,25,10,25,60,14,ambient,normal,Breathable PE film,40,5000,15,Good,High,Medium
apple,1826,1105853,84.7,0.3,0.0,0.0,3.8,0.98,25,10,25,60,7,ambient,refrigerated,Breathable PE film,40,5000,15,Good,High,Medium
apple,1826,1105853,84.7,0.3,0.0,0.0,3.8,0.98,25,10,25,60,14,ambient,frozen,Breathable PE film,40,5000,15,Good,High,Medium
apple,1826,1105853,84.7,0.3,0.0,0.0,3.8,0.98,25,10,5,85,10,chilled,normal,Breathable PE film,40,5000,15,Good,High,Medium
apple,1826,1105853,84.7,0.3,0.0,0.0,3.8,0.98,25,10,5,85,7,chilled,refrigerated,Breathable PE film,40,5000,15,Good,High,Medium
apple,1826,1105853,84.7,0.3,0.0,0.0,3.8,0.98,25,10,5,85,7,chilled,frozen,Breathable PE film,40,5000,15,Good,High,Medium
apple,1826,1105853,84.7,0.3,0.0,0.0,3.8,0.98,25,10,-18,90,60,frozen,normal,Breathable PE film,40,5000,15,Good,High,Medium
apple,1826,1105853,84.7,0.3,0.0,0.0,3.8,0.98,25,10,-18,90,90,frozen,refrigerated,Breathable PE film,40,5000,15,Good,High,Medium
apple,1826,1105853,84.7,0.3,0.0,0.0,3.8,0.98,25,10,-18,90,30,frozen,frozen,Breathable PE film,40,5000,15,Good,High,Medium
apple,1827,1105868,83.7,0.2,0.22,8.0,3.8,0.98,25,10,25,60,5,ambient,normal,Breathable PE film,40,5000,15,Good,High,Medium
apple,1827,1105868,83.7,0.2,0.22,8.0,3.8,0.98,25,10,25,60,3,ambient,refrigerated,Breathable PE film,40,5000,15,Good,High,Medium
apple,1827,1105868,83.7,0.2,0.22,8.0,3.8,0.98,25,10,25,60,10,ambient,frozen,Breathable PE film,40,5000,15,Good,High,Medium
apple,1827,1105868,83.7,0.2,0.22,8.0,3.8,0.98,25,10,5,85,14,chilled,normal,Breathable PE film,40,5000,15,Good,High,Medium
apple,1827,1105868,83.7,0.2,0.22,8.0,3.8,0.98,25,10,5,85,21,chilled,refrigerated,Breathable PE film,40,5000,15,Good,High,Medium
apple,1827,1105868,83.7,0.2,0.22,8.0,3.8,0.98,25,10,5,85,14,chilled,frozen,Breathable PE film,40,5000,15,Good,High,Medium
apple,1827,1105868,83.7,0.2,0.22,8.0,3.8,0.98,25,10,-18,90,60,frozen,normal,Breathable PE film,40,5000,15,Good,High,Medium
apple,1827,1105868,83.7,0.2,0.22,8.0,3.8,0.98,25,10,-18,90,90,frozen,refrigerated,Breathable PE film,40,5000,15,Good,High,Medium
apple,1827,1105868,83.7,0.2,0.22,8.0,3.8,0.98,25,10,-18,90,90,frozen,frozen,Breathable PE film,40,5000,15,Good,High,Medium
apple,1828,1105882,83.8,0.2,0.3,0.0,3.8,0.98,25,10,25,60,5,ambient,normal,Breathable PE film,40,5000,15,Good,High,Medium
apple,1828,1105882,83.8,0.2,0.3,0.0,3.8,0.98,25,10,25,60,7,ambient,refrigerated,Breathable PE film,40,5000,15,Good,High,Medium
apple,1828,1105882,83.8,0.2,0.3,0.0,3.8,0.98,25,10,25,60,3,ambient,frozen,Breathable PE film,40,5000,15,Good,High,Medium
apple,1828,1105882,83.8,0.2,0.3,0.0,3.8,0.98,25,10,5,85,30,chilled,normal,Breathable PE film,40,5000,15,Good,High,Medium
apple,1828,1105882,83.8,0.2,0.3,0.0,3.8,0.98,25,10,5,85,10,chilled,refrigerated,Breathable PE film,40,5000,15,Good,High,Medium
apple,1828,1105882,83.8,0.2,0.3,0.0,3.8,0.98,25,10,5,85,30,chilled,frozen,Breathable PE film,40,5000,15,Good,High,Medium
apple,1828,1105882,83.8,0.2,0.3,0.0,3.8,0.98,25,10,-18,90,60,frozen,normal,Breathable PE film,40,5000,15,Good,High,Medium
apple,1828,1105882,83.8,0.2,0.3,0.0,3.8,0.98,25,10,-18,90,60,frozen,refrigerated,Breathable PE film,40,5000,15,Good,High,Medium
apple,1828,1105882,83.8,0.2,0.3,0.0,3.8,0.98,25,10,-18,90,180,frozen,frozen,Breathable PE film,40,5000,15,Good,High,Medium
apple,1813,1105665,83.9,0.2,1.26,0.0,3.8,0.98,25,10,25,60,10,ambient,normal,Breathable PE film,40,5000,15,Good,High,Medium
apple,1813,1105665,83.9,0.2,1.26,0.0,3.8,0.98,25,10,25,60,7,ambient,refrigerated,Breathable PE film,40,5000,15,Good,High,Medium
apple,1813,1105665,83.9,0.2,1.26,0.0,3.8,0.98,25,10,25,60,14,ambient,frozen,Breathable PE film,40,5000,15,Good,High,Medium
apple,1813,1105665,83.9,0.2,1.26,0.0,3.8,0.98,25,10,5,85,10,chilled,normal,Breathable PE film,40,5000,15,Good,High,Medium
apple,1813,1105665,83.9,0.2,1.26,0.0,3.8,0.98,25,10,5,85,14,chilled,refrigerated,Breathable PE film,40,5000,15,Good,High,Medium
apple,1813,1105665,83.9,0.2,1.26,0.0,3.8,0.98,25,10,5,85,7,chilled,frozen,Breathable PE film,40,5000,15,Good,High,Medium
apple,1813,1105665,83.9,0.2,1.26,0.0,3.8,0.98,25,10,-18,90,60,frozen,normal,Breathable PE film,40,5000,15,Good,High,Medium
apple,1813,1105665,83.9,0.2,1.26,0.0,3.8,0.98,25,10,-18,90,30,frozen,refrigerated,Breathable PE film,40,5000,15,Good,High,Medium
apple,1813,1105665,83.9,0.2,1.26,0.0,3.8,0.98,25,10,-18,90,90,frozen,frozen,Breathable PE film,40,5000,15,Good,High,Medium
apple,1814,1105679,84.6,0.0,0.18,0.0,3.8,0.98,25,10,25,60,10,ambient,normal,Breathable PE film,40,5000,15,Good,High,Medium
apple,1814,1105679,84.6,0.0,0.18,0.0,3.8,0.98,25,10,25,60,7,ambient,refrigerated,Breathable PE film,40,5000,15,Good,High,Medium
apple,1814,1105679,84.6,0.0,0.18,0.0,3.8,0.98,25,10,25,60,3,ambient,frozen,Breathable PE film,40,5000,15,Good,High,Medium
apple,1814,1105679,84.6,0.0,0.18,0.0,3.8,0.98,25,10,5,85,10,chilled,normal,Breathable PE film,40,5000,15,Good,High,Medium
apple,1814,1105679,84.6,0.0,0.18,0.0,3.8,0.98,25,10,5,85,30,chilled,refrigerated,Breathable PE film,40,5000,15,Good,High,Medium
apple,1814,1105679,84.6,0.0,0.18,0.0,3.8,0.98,25,10,5,85,14,chilled,frozen,Breathable PE film,40,5000,15,Good,High,Medium
apple,1814,1105679,84.6,0.0,0.18,0.0,3.8,0.98,25,10,-18,90,60,frozen,normal,Breathable PE film,40,5000,15,Good,High,Medium
apple,1814,1105679,84.6,0.0,0.18,0.0,3.8,0.98,25,10,-18,90,180,frozen,refrigerated,Breathable PE film,40,5000,15,Good,High,Medium
apple,1814,1105679,84.6,0.0,0.18,0.0,3.8,0.98,25,10,-18,90,180,frozen,frozen,Breathable PE film,40,5000,15,Good,High,Medium
apple,1815,1105694,84.1,0.1,0.18,0.0,3.8,0.98,25,10,25,60,10,ambient,normal,Breathable PE film,40,5000,15,Good,High,Medium
apple,1815,1105694,84.1,0.1,0.18,0.0,3.8,0.98,25,10,25,60,5,ambient,refrigerated,Breathable PE film,40,5000,15,Good,High,Medium
apple,1815,1105694,84.1,0.1,0.18,0.0,3.8,0.98,25,10,25,60,7,ambient,frozen,Breathable PE film,40,5000,15,Good,High,Medium
apple,1815,1105694,84.1,0.1,0.18,0.0,3.8,0.98,25,10,5,85,10,chilled,normal,Breathable PE film,40,5000,15,Good,High,Medium
apple,1815,1105694,84.1,0.1,0.18,0.0,3.8,0.98,25,10,5,85,10,chilled,refrigerated,Breathable PE film,40,5000,15,Good,High,Medium
apple,1815,1105694,84.1,0.1,0.18,0.0,3.8,0.98,25,10,5,85,30,chilled,frozen,Breathable PE film,40,5000,15,Good,High,Medium
apple,1815,1105694,84.1,0.1,0.18,0.0,3.8,0.98,25,10,-18,90,90,frozen,normal,Breathable PE film,40,5000,15,Good,High,Medium
apple,1815,1105694,84.1,0.1,0.18,0.0,3.8,0.98,25,10,-18,90,180,frozen,refrigerated,Breathable PE film,40,5000,15,Good,High,Medium
apple,1815,1105694,84.1,0.1,0.18,0.0,3.8,0.98,25,10,-18,90,180,frozen,frozen,Breathable PE film,40,5000,15,Good,High,Medium
apple,1816,1105708,85.0,0.2,0.25,2.0,3.8,0.98,25,10,25,60,7,ambient,normal,Breathable PE film,40,5000,15,Good,High,Medium
apple,1816,1105708,85.0,0.2,0.25,2.0,3.8,0.98,25,10,25,60,5,ambient,refrigerated,Breathable PE film,40,5000,15,Good,High,Medium
apple,1816,1105708,85.0,0.2,0.25,2.0,3.8,0.98,25,10,25,60,5,ambient,frozen,Breathable PE film,40,5000,15,Good,High,Medium
apple,1816,1105708,85.0,0.2,0.25,2.0,3.8,0.98,25,10,5,85,30,chilled,normal,Breathable PE film,40,5000,15,Good,High,Medium
apple,1816,1105708,85.0,0.2,0.25,2.0,3.8,0.98,25,10,5,85,21,chilled,refrigerated,Breathable PE film,40,5000,15,Good,High,Medium
apple,1816,1105708,85.0,0.2,0.25,2.0,3.8,0.98,25,10,5,85,7,chilled,frozen,Breathable PE film,40,5000,15,Good,High,Medium
apple,1816,1105708,85.0,0.2,0.25,2.0,3.8,0.98,25,10,-18,90,30,frozen,normal,Breathable PE film,40,5000,15,Good,High,Medium
apple,1816,1105708,85.0,0.2,0.25,2.0,3.8,0.98,25,10,-18,90,30,frozen,refrigerated,Breathable PE film,40,5000,15,Good,High,Medium
apple,1816,1105708,85.0,0.2,0.25,2.0,3.8,0.98,25,10,-18,90,60,frozen,frozen,Breathable PE film,40,5000,15,Good,High,Medium
apple,1817,1105722,85.0,0.2,0.41,0.0,3.8,0.98,25,10,25,60,5,ambient,normal,Breathable PE film,40,5000,15,Good,High,Medium
apple,1817,1105722,85.0,0.2,0.41,0.0,3.8,0.98,25,10,25,60,10,ambient,refrigerated,Breathable PE film,40,5000,15,Good,High,Medium
apple,1817,1105722,85.0,0.2,0.41,0.0,3.8,0.98,25,10,25,60,14,ambient,frozen,Breathable PE film,40,5000,15,Good,High,Medium
apple,1817,1105722,85.0,0.2,0.41,0.0,3.8,0.98,25,10,5,85,7,chilled,normal,Breathable PE film,40,5000,15,Good,High,Medium
apple,1817,1105722,85.0,0.2,0.41,0.0,3.8,0.98,25,10,5,85,21,chilled,refrigerated,Breathable PE film,40,5000,15,Good,High,Medium
apple,1817,1105722,85.0,0.2,0.41,0.0,3.8,0.98,25,10,5,85,21,chilled,frozen,Breathable PE film,40,5000,15,Good,High,Medium
apple,1817,1105722,85.0,0.2,0.41,0.0,3.8,0.98,25,10,-18,90,180,frozen,normal,Breathable PE film,40,5000,15,Good,High,Medium
apple,1817,1105722,85.0,0.2,0.41,0.0,3.8,0.98,25,10,-18,90,90,frozen,refrigerated,Breathable PE film,40,5000,15,Good,High,Medium
apple,1817,1105722,85.0,0.2,0.41,0.0,3.8,0.98,25,10,-18,90,30,frozen,frozen,Breathable PE film,40,5000,15,Good,High,Medium
apple,1818,1105737,85.6,0.2,0.0,0.0,3.8,0.98,25,10,25,60,3,ambient,normal,Breathable PE film,40,5000,15,Good,High,Medium
apple,1818,1105737,85.6,0.2,0.0,0.0,3.8,0.98,25,10,25,60,14,ambient,refrigerated,Breathable PE film,40,5000,15,Good,High,Medium
apple,1818,1105737,85.6,0.2,0.0,0.0,3.8,0.98,25,10,25,60,7,ambient,frozen,Breathable PE film,40,5000,15,Good,High,Medium
apple,1818,1105737,85.6,0.2,0.0,0.0,3.8,0.98,25,10,5,85,14,chilled,normal,Breathable PE film,40,5000,15,Good,High,Medium
apple,1818,1105737,85.6,0.2,0.0,0.0,3.8,0.98,25,10,5,85,7,chilled,refrigerated,Breathable PE film,40,5000,15,Good,High,Medium
apple,1818,1105737,85.6,0.2,0.0,0.0,3.8,0.98,25,10,5,85,14,chilled,frozen,Breathable PE film,40,5000,15,Good,High,Medium
apple,1818,1105737,85.6,0.2,0.0,0.0,3.8,0.98,25,10,-18,90,180,frozen,normal,Breathable PE film,40,5000,15,Good,High,Medium
apple,1818,1105737,85.6,0.2,0.0,0.0,3.8,0.98,25,10,-18,90,60,frozen,refrigerated,Breathable PE film,40,5000,15,Good,High,Medium
apple,1818,1105737,85.6,0.2,0.0,0.0,3.8,0.98,25,10,-18,90,180,frozen,frozen,Breathable PE film,40,5000,15,Good,High,Medium
apple,1819,1105753,84.3,0.1,0.11,0.0,3.8,0.98,25,10,25,60,3,ambient,normal,Breathable PE film,40,5000,15,Good,High,Medium
apple,1819,1105753,84.3,0.1,0.11,0.0,3.8,0.98,25,10,25,60,7,ambient,refrigerated,Breathable PE film,40,5000,15,Good,High,Medium
apple,1819,1105753,84.3,0.1,0.11,0.0,3.8,0.98,25,10,25,60,14,ambient,frozen,Breathable PE film,40,5000,15,Good,High,Medium
apple,1819,1105753,84.3,0.1,0.11,0.0,3.8,0.98,25,10,5,85,10,chilled,normal,Breathable PE film,40,5000,15,Good,High,Medium
apple,1819,1105753,84.3,0.1,0.11,0.0,3.8,0.98,25,10,5,85,30,chilled,refrigerated,Breathable PE film,40,5000,15,Good,High,Medium
apple,1819,1105753,84.3,0.1,0.11,0.0,3.8,0.98,25,10,5,85,7,chilled,frozen,Breathable PE film,40,5000,15,Good,High,Medium
apple,1819,1105753,84.3,0.1,0.11,0.0,3.8,0.98,25,10,-18,90,90,frozen,normal,Breathable PE film,40,5000,15,Good,High,Medium
apple,1819,1105753,84.3,0.1,0.11,0.0,3.8,0.98,25,10,-18,90,60,frozen,refrigerated,Breathable PE film,40,5000,15,Good,High,Medium
apple,1819,1105753,84.3,0.1,0.11,0.0,3.8,0.98,25,10,-18,90,60,frozen,frozen,Breathable PE film,40,5000,15,Good,High,Medium
apple,1820,1105767,84.6,0.2,0.0,0.0,3.8,0.98,25,10,25,60,7,ambient,normal,Breathable PE film,40,5000,15,Good,High,Medium
apple,1820,1105767,84.6,0.2,0.0,0.0,3.8,0.98,25,10,25,60,5,ambient,refrigerated,Breathable PE film,40,5000,15,Good,High,Medium
apple,1820,1105767,84.6,0.2,0.0,0.0,3.8,0.98,25,10,25,60,14,ambient,frozen,Breathable PE film,40,5000,15,Good,High,Medium
apple,1820,1105767,84.6,0.2,0.0,0.0,3.8,0.98,25,10,5,85,30,chilled,normal,Breathable PE film,40,5000,15,Good,High,Medium
apple,1820,1105767,84.6,0.2,0.0,0.0,3.8,0.98,25,10,5,85,7,chilled,refrigerated,Breathable PE film,40,5000,15,Good,High,Medium
apple,1820,1105767,84.6,0.2,0.0,0.0,3.8,0.98,25,10,5,85,30,chilled,frozen,Breathable PE film,40,5000,15,Good,High,Medium
apple,1820,1105767,84.6,0.2,0.0,0.0,3.8,0.98,25,10,-18,90,90,frozen,normal,Breathable PE film,40,5000,15,Good,High,Medium
apple,1820,1105767,84.6,0.2,0.0,0.0,3.8,0.98,25,10,-18,90,180,frozen,refrigerated,Breathable PE film,40,5000,15,Good,High,Medium
apple,1820,1105767,84.6,0.2,0.0,0.0,3.8,0.98,25,10,-18,90,30,frozen,frozen,Breathable PE film,40,5000,15,Good,High,Medium
apple,1805,1105548,85.0,0.2,0.12,0.0,3.8,0.98,25,10,25,60,3,ambient,normal,Breathable PE film,40,5000,15,Good,High,Medium
apple,1805,1105548,85.0,0.2,0.12,0.0,3.8,0.98,25,10,25,60,7,ambient,refrigerated,Breathable PE film,40,5000,15,Good,High,Medium
apple,1805,1105548,85.0,0.2,0.12,0.0,3.8,0.98,25,10,25,60,7,ambient,frozen,Breathable PE film,40,5000,15,Good,High,Medium
apple,1805,1105548,85.0,0.2,0.12,0.0,3.8,0.98,25,10,5,85,10,chilled,normal,Breathable PE film,40,5000,15,Good,High,Medium
apple,1805,1105548,85.0,0.2,0.12,0.0,3.8,0.98,25,10,5,85,7,chilled,refrigerated,Breathable PE film,40,5000,15,Good,High,Medium
apple,1805,1105548,85.0,0.2,0.12,0.0,3.8,0.98,25,10,5,85,10,chilled,frozen,Breathable PE film,40,5000,15,Good,High,Medium
apple,1805,1105548,85.0,0.2,0.12,0.0,3.8,0.98,25,10,-18,90,30,frozen,normal,Breathable PE film,40,5000,15,Good,High,Medium
apple,1805,1105548,85.0,0.2,0.12,0.0,3.8,0.98,25,10,-18,90,30,frozen,refrigerated,Breathable PE film,40,5000,15,Good,High,Medium
apple,1805,1105548,85.0,0.2,0.12,0.0,3.8,0.98,25,10,-18,90,180,frozen,frozen,Breathable PE film,40,5000,15,Good,High,Medium
apple,1806,1105563,85.1,0.2,0.24,0.0,3.8,0.98,25,10,25,60,3,ambient,normal,Breathable PE film,40,5000,15,Good,High,Medium
apple,1806,1105563,85.1,0.2,0.24,0.0,3.8,0.98,25,10,25,60,14,ambient,refrigerated,Breathable PE film,40,5000,15,Good,High,Medium
apple,1806,1105563,85.1,0.2,0.24,0.0,3.8,0.98,25,10,25,60,5,ambient,frozen,Breathable PE film,40,5000,15,Good,High,Medium
apple,1806,1105563,85.1,0.2,0.24,0.0,3.8,0.98,25,10,5,85,10,chilled,normal,Breathable PE film,40,5000,15,Good,High,Medium
apple,1806,1105563,85.1,0.2,0.24,0.0,3.8,0.98,25,10,5,85,21,chilled,refrigerated,Breathable PE film,40,5000,15,Good,High,Medium
apple,1806,1105563,85.1,0.2,0.24,0.0,3.8,0.98,25,10,5,85,30,chilled,frozen,Breathable PE film,40,5000,15,Good,High,Medium
apple,1806,1105563,85.1,0.2,0.24,0.0,3.8,0.98,25,10,-18,90,60,frozen,normal,Breathable PE film,40,5000,15,Good,High,Medium
apple,1806,1105563,85.1,0.2,0.24,0.0,3.8,0.98,25,10,-18,90,90,frozen,refrigerated,Breathable PE film,40,5000,15,Good,High,Medium
apple,1806,1105563,85.1,0.2,0.24,0.0,3.8,0.98,25,10,-18,90,180,frozen,frozen,Breathable PE film,40,5000,15,Good,High,Medium
apple,1807,1105578,83.1,0.0,0.0,0.0,3.8,0.98,25,10,25,60,5,ambient,normal,Breathable PE film,40,5000,15,Good,High,Medium
apple,1807,1105578,83.1,0.0,0.0,0.0,3.8,0.98,25,10,25,60,14,ambient,refrigerated,Breathable PE film,40,5000,15,Good,High,Medium
apple,1807,1105578,83.1,0.0,0.0,0.0,3.8,0.98,25,10,25,60,5,ambient,frozen,Breathable PE film,40,5000,15,Good,High,Medium
apple,1807,1105578,83.1,0.0,0.0,0.0,3.8,0.98,25,10,5,85,14,chilled,normal,Breathable PE film,40,5000,15,Good,High,Medium
apple,1807,1105578,83.1,0.0,0.0,0.0,3.8,0.98,25,10,5,85,21,chilled,refrigerated,Breathable PE film,40,5000,15,Good,High,Medium
apple,1807,1105578,83.1,0.0,0.0,0.0,3.8,0.98,25,10,5,85,14,chilled,frozen,Breathable PE film,40,5000,15,Good,High,Medium
apple,1807,1105578,83.1,0.0,0.0,0.0,3.8,0.98,25,10,-18,90,180,frozen,normal,Breathable PE film,40,5000,15,Good,High,Medium
apple,1807,1105578,83.1,0.0,0.0,0.0,3.8,0.98,25,10,-18,90,180,frozen,refrigerated,Breathable PE film,40,5000,15,Good,High,Medium
apple,1807,1105578,83.1,0.0,0.0,0.0,3.8,0.98,25,10,-18,90,30,frozen,frozen,Breathable PE film,40,5000,15,Good,High,Medium
apple,1808,1105593,86.2,0.3,0.22,0.0,3.8,0.98,25,10,25,60,5,ambient,normal,Breathable PE film,40,5000,15,Good,High,Medium
apple,1808,1105593,86.2,0.3,0.22,0.0,3.8,0.98,25,10,25,60,5,ambient,refrigerated,Breathable PE film,40,5000,15,Good,High,Medium
apple,1808,1105593,86.2,0.3,0.22,0.0,3.8,0.98,25,10,25,60,3,ambient,frozen,Breathable PE film,40,5000,15,Good,High,Medium
apple,1808,1105593,86.2,0.3,0.22,0.0,3.8,0.98,25,10,5,85,14,chilled,normal,Breathable PE film,40,5000,15,Good,High,Medium
apple,1808,1105593,86.2,0.3,0.22,0.0,3.8,0.98,25,10,5,85,7,chilled,refrigerated,Breathable PE film,40,5000,15,Good,High,Medium
apple,1808,1105593,86.2,0.3,0.22,0.0,3.8,0.98,25,10,5,85,30,chilled,frozen,Breathable PE film,40,5000,15,Good,High,Medium
apple,1808,1105593,86.2,0.3,0.22,0.0,3.8,0.98,25,10,-18,90,60,frozen,normal,Breathable PE film,40,5000,15,Good,High,Medium
apple,1808,1105593,86.2,0.3,0.22,0.0,3.8,0.98,25,10,-18,90,60,frozen,refrigerated,Breathable PE film,40,5000,15,Good,High,Medium
apple,1808,1105593,86.2,0.3,0.22,0.0,3.8,0.98,25,10,-18,90,30,frozen,frozen,Breathable PE film,40,5000,15,Good,High,Medium
apple,1809,1105607,86.4,0.1,0.95,0.0,3.8,0.98,25,10,25,60,3,ambient,normal,Breathable PE film,40,5000,15,Good,High,Medium
apple,1809,1105607,86.4,0.1,0.95,0.0,3.8,0.98,25,10,25,60,3,ambient,refrigerated,Breathable PE film,40,5000,15,Good,High,Medium
apple,1809,1105607,86.4,0.1,0.95,0.0,3.8,0.98,25,10,25,60,5,ambient,frozen,Breathable PE film,40,5000,15,Good,High,Medium
apple,1809,1105607,86.4,0.1,0.95,0.0,3.8,0.98,25,10,5,85,7,chilled,normal,Breathable PE film,40,5000,15,Good,High,Medium
apple,1809,1105607,86.4,0.1,0.95,0.0,3.8,0.98,25,10,5,85,7,chilled,refrigerated,Breathable PE film,40,5000,15,Good,High,Medium
apple,1809,1105607,86.4,0.1,0.95,0.0,3.8,0.98,25,10,5,85,14,chilled,frozen,Breathable PE film,40,5000,15,Good,High,Medium
apple,1809,1105607,86.4,0.1,0.95,0.0,3.8,0.98,25,10,-18,90,30,frozen,normal,Breathable PE film,40,5000,15,Good,High,Medium
apple,1809,1105607,86.4,0.1,0.95,0.0,3.8,0.98,25,10,-18,90,60,frozen,refrigerated,Breathable PE film,40,5000,15,Good,High,Medium
apple,1809,1105607,86.4,0.1,0.95,0.0,3.8,0.98,25,10,-18,90,90,frozen,frozen,Breathable PE film,40,5000,15,Good,High,Medium
apple,1810,1105621,86.0,0.2,0.49,0.0,3.8,0.98,25,10,25,60,10,ambient,normal,Breathable PE film,40,5000,15,Good,High,Medium
apple,1810,1105621,86.0,0.2,0.49,0.0,3.8,0.98,25,10,25,60,5,ambient,refrigerated,Breathable PE film,40,5000,15,Good,High,Medium
apple,1810,1105621,86.0,0.2,0.49,0.0,3.8,0.98,25,10,25,60,14,ambient,frozen,Breathable PE film,40,5000,15,Good,High,Medium
apple,1810,1105621,86.0,0.2,0.49,0.0,3.8,0.98,25,10,5,85,10,chilled,normal,Breathable PE film,40,5000,15,Good,High,Medium
apple,1810,1105621,86.0,0.2,0.49,0.0,3.8,0.98,25,10,5,85,30,chilled,refrigerated,Breathable PE film,40,5000,15,Good,High,Medium
apple,1810,1105621,86.0,0.2,0.49,0.0,3.8,0.98,25,10,5,85,30,chilled,frozen,Breathable PE film,40,5000,15,Good,High,Medium
apple,1810,1105621,86.0,0.2,0.49,0.0,3.8,0.98,25,10,-18,90,180,frozen,normal,Breathable PE film,40,5000,15,Good,High,Medium
apple,1810,1105621,86.0,0.2,0.49,0.0,3.8,0.98,25,10,-18,90,60,frozen,refrigerated,Breathable PE film,40,5000,15,Good,High,Medium
apple,1810,1105621,86.0,0.2,0.49,0.0,3.8,0.98,25,10,-18,90,180,frozen,frozen,Breathable PE film,40,5000,15,Good,High,Medium
apple,1811,1105635,85.7,0.0,0.33,0.0,3.8,0.98,25,10,25,60,10,ambient,normal,Breathable PE film,40,5000,15,Good,High,Medium
apple,1811,1105635,85.7,0.0,0.33,0.0,3.8,0.98,25,10,25,60,5,ambient,refrigerated,Breathable PE film,40,5000,15,Good,High,Medium
apple,1811,1105635,85.7,0.0,0.33,0.0,3.8,0.98,25,10,25,60,3,ambient,frozen,Breathable PE film,40,5000,15,Good,High,Medium
apple,1811,1105635,85.7,0.0,0.33,0.0,3.8,0.98,25,10,5,85,7,chilled,normal,Breathable PE film,40,5000,15,Good,High,Medium
apple,1811,1105635,85.7,0.0,0.33,0.0,3.8,0.98,25,10,5,85,21,chilled,refrigerated,Breathable PE film,40,5000,15,Good,High,Medium
apple,1811,1105635,85.7,0.0,0.33,0.0,3.8,0.98,25,10,5,85,14,chilled,frozen,Breathable PE film,40,5000,15,Good,High,Medium
apple,1811,1105635,85.7,0.0,0.33,0.0,3.8,0.98,25,10,-18,90,180,frozen,normal,Breathable PE film,40,5000,15,Good,High,Medium
apple,1811,1105635,85.7,0.0,0.33,0.0,3.8,0.98,25,10,-18,90,180,frozen,refrigerated,Breathable PE film,40,5000,15,Good,High,Medium
apple,1811,1105635,85.7,0.0,0.33,0.0,3.8,0.98,25,10,-18,90,180,frozen,frozen,Breathable PE film,40,5000,15,Good,High,Medium
apple,1812,1105650,83.6,0.1,0.16,0.0,3.8,0.98,25,10,25,60,3,ambient,normal,Breathable PE film,40,5000,15,Good,High,Medium
apple,1812,1105650,83.6,0.1,0.16,0.0,3.8,0.98,25,10,25,60,3,ambient,refrigerated,Breathable PE film,40,5000,15,Good,High,Medium
apple,1812,1105650,83.6,0.1,0.16,0.0,3.8,0.98,25,10,25,60,3,ambient,frozen,Breathable PE film,40,5000,15,Good,High,Medium
apple,1812,1105650,83.6,0.1,0.16,0.0,3.8,0.98,25,10,5,85,21,chilled,normal,Breathable PE film,40,5000,15,Good,High,Medium
apple,1812,1105650,83.6,0.1,0.16,0.0,3.8,0.98,25,10,5,85,14,chilled,refrigerated,Breathable PE film,40,5000,15,Good,High,Medium
apple,1812,1105650,83.6,0.1,0.16,0.0,3.8,0.98,25,10,5,85,7,chilled,frozen,Breathable PE film,40,5000,15,Good,High,Medium
apple,1812,1105650,83.6,0.1,0.16,0.0,3.8,0.98,25,10,-18,90,60,frozen,normal,Breathable PE film,40,5000,15,Good,High,Medium
apple,1812,1105650,83.6,0.1,0.16,0.0,3.8,0.98,25,10,-18,90,60,frozen,refrigerated,Breathable PE film,40,5000,15,Good,High,Medium
apple,1812,1105650,83.6,0.1,0.16,0.0,3.8,0.98,25,10,-18,90,60,frozen,frozen,Breathable PE film,40,5000,15,Good,High,Medium
apple,1797,1105431,85.5,0.0,0.12,0.0,3.8,0.98,25,10,25,60,14,ambient,normal,Breathable PE film,40,5000,15,Good,High,Medium
apple,1797,1105431,85.5,0.0,0.12,0.0,3.8,0.98,25,10,25,60,10,ambient,refrigerated,Breathable PE film,40,5000,15,Good,High,Medium
apple,1797,1105431,85.5,0.0,0.12,0.0,3.8,0.98,25,10,25,60,5,ambient,frozen,Breathable PE film,40,5000,15,Good,High,Medium
apple,1797,1105431,85.5,0.0,0.12,0.0,3.8,0.98,25,10,5,85,21,chilled,normal,Breathable PE film,40,5000,15,Good,High,Medium
apple,1797,1105431,85.5,0.0,0.12,0.0,3.8,0.98,25,10,5,85,10,chilled,refrigerated,Breathable PE film,40,5000,15,Good,High,Medium
apple,1797,1105431,85.5,0.0,0.12,0.0,3.8,0.98,25,10,5,85,14,chilled,frozen,Breathable PE film,40,5000,15,Good,High,Medium
apple,1797,1105431,85.5,0.0,0.12,0.0,3.8,0.98,25,10,-18,90,180,frozen,normal,Breathable PE film,40,5000,15,Good,High,Medium
apple,1797,1105431,85.5,0.0,0.12,0.0,3.8,0.98,25,10,-18,90,60,frozen,refrigerated,Breathable PE film,40,5000,15,Good,High,Medium
apple,1797,1105431,85.5,0.0,0.12,0.0,3.8,0.98,25,10,-18,90,30,frozen,frozen,Breathable PE film,40,5000,15,Good,High,Medium
apple,1798,1105445,86.6,0.0,0.0,0.0,3.8,0.98,25,10,25,60,10,ambient,normal,Breathable PE film,40,5000,15,Good,High,Medium
apple,1798,1105445,86.6,0.0,0.0,0.0,3.8,0.98,25,10,25,60,14,ambient,refrigerated,Breathable PE film,40,5000,15,Good,High,Medium
apple,1798,1105445,86.6,0.0,0.0,0.0,3.8,0.98,25,10,25,60,3,ambient,frozen,Breathable PE film,40,5000,15,Good,High,Medium
apple,1798,1105445,86.6,0.0,0.0,0.0,3.8,0.98,25,10,5,85,7,chilled,normal,Breathable PE film,40,5000,15,Good,High,Medium
apple,1798,1105445,86.6,0.0,0.0,0.0,3.8,0.98,25,10,5,85,30,chilled,refrigerated,Breathable PE film,40,5000,15,Good,High,Medium
apple,1798,1105445,86.6,0.0,0.0,0.0,3.8,0.98,25,10,5,85,7,chilled,frozen,Breathable PE film,40,5000,15,Good,High,Medium
apple,1798,1105445,86.6,0.0,0.0,0.0,3.8,0.98,25,10,-18,90,30,frozen,normal,Breathable PE film,40,5000,15,Good,High,Medium
apple,1798,1105445,86.6,0.0,0.0,0.0,3.8,0.98,25,10,-18,90,60,frozen,refrigerated,Breathable PE film,40,5000,15,Good,High,Medium
apple,1798,1105445,86.6,0.0,0.0,0.0,3.8,0.98,25,10,-18,90,60,frozen,frozen,Breathable PE film,40,5000,15,Good,High,Medium
apple,1799,1105459,84.9,0.2,0.0,0.0,3.8,0.98,25,10,25,60,10,ambient,normal,Breathable PE film,40,5000,15,Good,High,Medium
apple,1799,1105459,84.9,0.2,0.0,0.0,3.8,0.98,25,10,25,60,10,ambient,refrigerated,Breathable PE film,40,5000,15,Good,High,Medium
apple,1799,1105459,84.9,0.2,0.0,0.0,3.8,0.98,25,10,25,60,10,ambient,frozen,Breathable PE film,40,5000,15,Good,High,Medium
apple,1799,1105459,84.9,0.2,0.0,0.0,3.8,0.98,25,10,5,85,10,chilled,normal,Breathable PE film,40,5000,15,Good,High,Medium
apple,1799,1105459,84.9,0.2,0.0,0.0,3.8,0.98,25,10,5,85,21,chilled,refrigerated,Breathable PE film,40,5000,15,Good,High,Medium
apple,1799,1105459,84.9,0.2,0.0,0.0,3.8,0.98,25,10,5,85,7,chilled,frozen,Breathable PE film,40,5000,15,Good,High,Medium
apple,1799,1105459,84.9,0.2,0.0,0.0,3.8,0.98,25,10,-18,90,60,frozen,normal,Breathable PE film,40,5000,15,Good,High,Medium
apple,1799,1105459,84.9,0.2,0.0,0.0,3.8,0.98,25,10,-18,90,180,frozen,refrigerated,Breathable PE film,40,5000,15,Good,High,Medium
apple,1799,1105459,84.9,0.2,0.0,0.0,3.8,0.98,25,10,-18,90,30,frozen,frozen,Breathable PE film,40,5000,15,Good,High,Medium
apple,1800,1105473,84.1,0.0,0.17,0.0,3.8,0.98,25,10,25,60,10,ambient,normal,Breathable PE film,40,5000,15,Good,High,Medium
apple,1800,1105473,84.1,0.0,0.17,0.0,3.8,0.98,25,10,25,60,7,ambient,refrigerated,Breathable PE film,40,5000,15,Good,High,Medium
apple,1800,1105473,84.1,0.0,0.17,0.0,3.8,0.98,25,10,25,60,10,ambient,frozen,Breathable PE film,40,5000,15,Good,High,Medium
apple,1800,1105473,84.1,0.0,0.17,0.0,3.8,0.98,25,10,5,85,14,chilled,normal,Breathable PE film,40,5000,15,Good,High,Medium
apple,1800,1105473,84.1,0.0,0.17,0.0,3.8,0.98,25,10,5,85,21,chilled,refrigerated,Breathable PE film,40,5000,15,Good,High,Medium
apple,1800,1105473,84.1,0.0,0.17,0.0,3.8,0.98,25,10,5,85,30,chilled,frozen,Breathable PE film,40,5000,15,Good,High,Medium
apple,1800,1105473,84.1,0.0,0.17,0.0,3.8,0.98,25,10,-18,90,180,frozen,normal,Breathable PE film,40,5000,15,Good,High,Medium
apple,1800,1105473,84.1,0.0,0.17,0.0,3.8,0.98,25,10,-18,90,60,frozen,refrigerated,Breathable PE film,40,5000,15,Good,High,Medium
apple,1800,1105473,84.1,0.0,0.17,0.0,3.8,0.98,25,10,-18,90,60,frozen,frozen,Breathable PE film,40,5000,15,Good,High,Medium
apple,1801,1105488,85.4,0.2,0.0,0.0,3.8,0.98,25,10,25,60,7,ambient,normal,Breathable PE film,40,5000,15,Good,High,Medium
apple,1801,1105488,85.4,0.2,0.0,0.0,3.8,0.98,25,10,25,60,5,ambient,refrigerated,Breathable PE film,40,5000,15,Good,High,Medium
apple,1801,1105488,85.4,0.2,0.0,0.0,3.8,0.98,25,10,25,60,3,ambient,frozen,Breathable PE film,40,5000,15,Good,High,Medium
apple,1801,1105488,85.4,0.2,0.0,0.0,3.8,0.98,25,10,5,85,30,chilled,normal,Breathable PE film,40,5000,15,Good,High,Medium
apple,1801,1105488,85.4,0.2,0.0,0.0,3.8,0.98,25,10,5,85,30,chilled,refrigerated,Breathable PE film,40,5000,15,Good,High,Medium
apple,1801,1105488,85.4,0.2,0.0,0.0,3.8,0.98,25,10,5,85,7,chilled,frozen,Breathable PE film,40,5000,15,Good,High,Medium
apple,1801,1105488,85.4,0.2,0.0,0.0,3.8,0.98,25,10,-18,90,90,frozen,normal,Breathable PE film,40,5000,15,Good,High,Medium
apple,1801,1105488,85.4,0.2,0.0,0.0,3.8,0.98,25,10,-18,90,30,frozen,refrigerated,Breathable PE film,40,5000,15,Good,High,Medium
apple,1801,1105488,85.4,0.2,0.0,0.0,3.8,0.98,25,10,-18,90,30,frozen,frozen,Breathable PE film,40,5000,15,Good,High,Medium
apple,1802,1105502,84.8,0.2,0.0,0.0,3.8,0.98,25,10,25,60,14,ambient,normal,Breathable PE film,40,5000,15,Good,High,Medium
apple,1802,1105502,84.8,0.2,0.0,0.0,3.8,0.98,25,10,25,60,10,ambient,refrigerated,Breathable PE film,40,5000,15,Good,High,Medium
apple,1802,1105502,84.8,0.2,0.0,0.0,3.8,0.98,25,10,25,60,14,ambient,frozen,Breathable PE film,40,5000,15,Good,High,Medium
apple,1802,1105502,84.8,0.2,0.0,0.0,3.8,0.98,25,10,5,85,30,chilled,normal,Breathable PE film,40,5000,15,Good,High,Medium
apple,1802,1105502,84.8,0.2,0.0,0.0,3.8,0.98,25,10,5,85,10,chilled,refrigerated,Breathable PE film,40,5000,15,Good,High,Medium
apple,1802,1105502,84.8,0.2,0.0,0.0,3.8,0.98,25,10,5,85,7,chilled,frozen,Breathable PE film,40,5000,15,Good,High,Medium
apple,1802,1105502,84.8,0.2,0.0,0.0,3.8,0.98,25,10,-18,90,30,frozen,normal,Breathable PE film,40,5000,15,Good,High,Medium
apple,1802,1105502,84.8,0.2,0.0,0.0,3.8,0.98,25,10,-18,90,60,frozen,refrigerated,Breathable PE film,40,5000,15,Good,High,Medium
apple,1802,1105502,84.8,0.2,0.0,0.0,3.8,0.98,25,10,-18,90,30,frozen,frozen,Breathable PE film,40,5000,15,Good,High,Medium
apple,1803,1105516,82.9,0.0,0.29,1.0,3.8,0.98,25,10,25,60,14,ambient,normal,Breathable PE film,40,5000,15,Good,High,Medium
apple,1803,1105516,82.9,0.0,0.29,1.0,3.8,0.98,25,10,25,60,3,ambient,refrigerated,Breathable PE film,40,5000,15,Good,High,Medium
apple,1803,1105516,82.9,0.0,0.29,1.0,3.8,0.98,25,10,25,60,5,ambient,frozen,Breathable PE film,40,5000,15,Good,High,Medium
apple,1803,1105516,82.9,0.0,0.29,1.0,3.8,0.98,25,10,5,85,21,chilled,normal,Breathable PE film,40,5000,15,Good,High,Medium
apple,1803,1105516,82.9,0.0,0.29,1.0,3.8,0.98,25,10,5,85,7,chilled,refrigerated,Breathable PE film,40,5000,15,Good,High,Medium
apple,1803,1105516,82.9,0.0,0.29,1.0,3.8,0.98,25,10,5,85,30,chilled,frozen,Breathable PE film,40,5000,15,Good,High,Medium
apple,1803,1105516,82.9,0.0,0.29,1.0,3.8,0.98,25,10,-18,90,60,frozen,normal,Breathable PE film,40,5000,15,Good,High,Medium
apple,1803,1105516,82.9,0.0,0.29,1.0,3.8,0.98,25,10,-18,90,30,frozen,refrigerated,Breathable PE film,40,5000,15,Good,High,Medium
apple,1803,1105516,82.9,0.0,0.29,1.0,3.8,0.98,25,10,-18,90,30,frozen,frozen,Breathable PE film,40,5000,15,Good,High,Medium
apple,1804,1105532,86.0,0.2,0.11,0.0,3.8,0.98,25,10,25,60,10,ambient,normal,Breathable PE film,40,5000,15,Good,High,Medium
apple,1804,1105532,86.0,0.2,0.11,0.0,3.8,0.98,25,10,25,60,14,ambient,refrigerated,Breathable PE film,40,5000,15,Good,High,Medium
apple,1804,1105532,86.0,0.2,0.11,0.0,3.8,0.98,25,10,25,60,14,ambient,frozen,Breathable PE film,40,5000,15,Good,High,Medium
apple,1804,1105532,86.0,0.2,0.11,0.0,3.8,0.98,25,10,5,85,30,chilled,normal,Breathable PE film,40,5000,15,Good,High,Medium
apple,1804,1105532,86.0,0.2,0.11,0.0,3.8,0.98,25,10,5,85,14,chilled,refrigerated,Breathable PE film,40,5000,15,Good,High,Medium
apple,1804,1105532,86.0,0.2,0.11,0.0,3.8,0.98,25,10,5,85,14,chilled,frozen,Breathable PE film,40,5000,15,Good,High,Medium
apple,1804,1105532,86.0,0.2,0.11,0.0,3.8,0.98,25,10,-18,90,60,frozen,normal,Breathable PE film,40,5000,15,Good,High,Medium
apple,1804,1105532,86.0,0.2,0.11,0.0,3.8,0.98,25,10,-18,90,90,frozen,refrigerated,Breathable PE film,40,5000,15,Good,High,Medium
apple,1804,1105532,86.0,0.2,0.11,0.0,3.8,0.98,25,10,-18,90,60,frozen,frozen,Breathable PE film,40,5000,15,Good,High,Medium
apple,1789,1105315,85.2,0.1,0.0,0.0,3.8,0.98,25,10,25,60,7,ambient,normal,Breathable PE film,40,5000,15,Good,High,Medium
apple,1789,1105315,85.2,0.1,0.0,0.0,3.8,0.98,25,10,25,60,10,ambient,refrigerated,Breathable PE film,40,5000,15,Good,High,Medium
apple,1789,1105315,85.2,0.1,0.0,0.0,3.8,0.98,25,10,25,60,5,ambient,frozen,Breathable PE film,40,5000,15,Good,High,Medium
apple,1789,1105315,85.2,0.1,0.0,0.0,3.8,0.98,25,10,5,85,14,chilled,normal,Breathable PE film,40,5000,15,Good,High,Medium
apple,1789,1105315,85.2,0.1,0.0,0.0,3.8,0.98,25,10,5,85,21,chilled,refrigerated,Breathable PE film,40,5000,15,Good,High,Medium
apple,1789,1105315,85.2,0.1,0.0,0.0,3.8,0.98,25,10,5,85,14,chilled,frozen,Breathable PE film,40,5000,15,Good,High,Medium
apple,1789,1105315,85.2,0.1,0.0,0.0,3.8,0.98,25,10,-18,90,30,frozen,normal,Breathable PE film,40,5000,15,Good,High,Medium
apple,1789,1105315,85.2,0.1,0.0,0.0,3.8,0.98,25,10,-18,90,30,frozen,refrigerated,Breathable PE film,40,5000,15,Good,High,Medium
apple,1789,1105315,85.2,0.1,0.0,0.0,3.8,0.98,25,10,-18,90,180,frozen,frozen,Breathable PE film,40,5000,15,Good,High,Medium
apple,1790,1105329,85.9,0.2,0.17,0.0,3.8,0.98,25,10,25,60,14,ambient,normal,Breathable PE film,40,5000,15,Good,High,Medium
apple,1790,1105329,85.9,0.2,0.17,0.0,3.8,0.98,25,10,25,60,14,ambient,refrigerated,Breathable PE film,40,5000,15,Good,High,Medium
apple,1790,1105329,85.9,0.2,0.17,0.0,3.8,0.98,25,10,25,60,3,ambient,frozen,Breathable PE film,40,5000,15,Good,High,Medium
apple,1790,1105329,85.9,0.2,0.17,0.0,3.8,0.98,25,10,5,85,7,chilled,normal,Breathable PE film,40,5000,15,Good,High,Medium
apple,1790,1105329,85.9,0.2,0.17,0.0,3.8,0.98,25,10,5,85,30,chilled,refrigerated,Breathable PE film,40,5000,15,Good,High,Medium
apple,1790,1105329,85.9,0.2,0.17,0.0,3.8,0.98,25,10,5,85,10,chilled,frozen,Breathable PE film,40,5000,15,Good,High,Medium
apple,1790,1105329,85.9,0.2,0.17,0.0,3.8,0.98,25,10,-18,90,90,frozen,normal,Breathable PE film,40,5000,15,Good,High,Medium
apple,1790,1105329,85.9,0.2,0.17,0.0,3.8,0.98,25,10,-18,90,60,frozen,refrigerated,Breathable PE film,40,5000,15,Good,High,Medium
apple,1790,1105329,85.9,0.2,0.17,0.0,3.8,0.98,25,10,-18,90,90,frozen,frozen,Breathable PE film,40,5000,15,Good,High,Medium
apple,1791,1105343,83.5,0.2,0.0,0.0,3.8,0.98,25,10,25,60,3,ambient,normal,Breathable PE film,40,5000,15,Good,High,Medium
apple,1791,1105343,83.5,0.2,0.0,0.0,3.8,0.98,25,10,25,60,5,ambient,refrigerated,Breathable PE film,40,5000,15,Good,High,Medium
apple,1791,1105343,83.5,0.2,0.0,0.0,3.8,0.98,25,10,25,60,7,ambient,frozen,Breathable PE film,40,5000,15,Good,High,Medium
apple,1791,1105343,83.5,0.2,0.0,0.0,3.8,0.98,25,10,5,85,14,chilled,normal,Breathable PE film,40,5000,15,Good,High,Medium
apple,1791,1105343,83.5,0.2,0.0,0.0,3.8,0.98,25,10,5,85,10,chilled,refrigerated,Breathable PE film,40,5000,15,Good,High,Medium
apple,1791,1105343,83.5,0.2,0.0,0.0,3.8,0.98,25,10,5,85,21,chilled,frozen,Breathable PE film,40,5000,15,Good,High,Medium
apple,1791,1105343,83.5,0.2,0.0,0.0,3.8,0.98,25,10,-18,90,90,frozen,normal,Breathable PE film,40,5000,15,Good,High,Medium
apple,1791,1105343,83.5,0.2,0.0,0.0,3.8,0.98,25,10,-18,90,30,frozen,refrigerated,Breathable PE film,40,5000,15,Good,High,Medium
apple,1791,1105343,83.5,0.2,0.0,0.0,3.8,0.98,25,10,-18,90,90,frozen,frozen,Breathable PE film,40,5000,15,Good,High,Medium
apple,1792,1105358,86.9,0.1,0.14,0.0,3.8,0.98,25,10,25,60,3,ambient,normal,Breathable PE film,40,5000,15,Good,High,Medium
apple,1792,1105358,86.9,0.1,0.14,0.0,3.8,0.98,25,10,25,60,5,ambient,refrigerated,Breathable PE film,40,5000,15,Good,High,Medium
apple,1792,1105358,86.9,0.1,0.14,0.0,3.8,0.98,25,10,25,60,7,ambient,frozen,Breathable PE film,40,5000,15,Good,High,Medium
apple,1792,1105358,86.9,0.1,0.14,0.0,3.8,0.98,25,10,5,85,7,chilled,normal,Breathable PE film,40,5000,15,Good,High,Medium
apple,1792,1105358,86.9,0.1,0.14,0.0,3.8,0.98,25,10,5,85,7,chilled,refrigerated,Breathable PE film,40,5000,15,Good,High,Medium
apple,1792,1105358,86.9,0.1,0.14,0.0,3.8,0.98,25,10,5,85,30,chilled,frozen,Breathable PE film,40,5000,15,Good,High,Medium
apple,1792,1105358,86.9,0.1,0.14,0.0,3.8,0.98,25,10,-18,90,60,frozen,normal,Breathable PE film,40,5000,15,Good,High,Medium
apple,1792,1105358,86.9,0.1,0.14,0.0,3.8,0.98,25,10,-18,90,90,frozen,refrigerated,Breathable PE film,40,5000,15,Good,High,Medium
apple,1792,1105358,86.9,0.1,0.14,0.0,3.8,0.98,25,10,-18,90,90,frozen,frozen,Breathable PE film,40,5000,15,Good,High,Medium
apple,1793,1105373,83.9,0.3,0.22,0.0,3.8,0.98,25,10,25,60,14,ambient,normal,Breathable PE film,40,5000,15,Good,High,Medium
apple,1793,1105373,83.9,0.3,0.22,0.0,3.8,0.98,25,10,25,60,5,ambient,refrigerated,Breathable PE film,40,5000,15,Good,High,Medium
apple,1793,1105373,83.9,0.3,0.22,0.0,3.8,0.98,25,10,25,60,7,ambient,frozen,Breathable PE film,40,5000,15,Good,High,Medium
apple,1793,1105373,83.9,0.3,0.22,0.0,3.8,0.98,25,10,5,85,10,chilled,normal,Breathable PE film,40,5000,15,Good,High,Medium
apple,1793,1105373,83.9,0.3,0.22,0.0,3.8,0.98,25,10,5,85,14,chilled,refrigerated,Breathable PE film,40,5000,15,Good,High,Medium
apple,1793,1105373,83.9,0.3,0.22,0.0,3.8,0.98,25,10,5,85,30,chilled,frozen,Breathable PE film,40,5000,15,Good,High,Medium
apple,1793,1105373,83.9,0.3,0.22,0.0,3.8,0.98,25,10,-18,90,180,frozen,normal,Breathable PE film,40,5000,15,Good,High,Medium
apple,1793,1105373,83.9,0.3,0.22,0.0,3.8,0.98,25,10,-18,90,90,frozen,refrigerated,Breathable PE film,40,5000,15,Good,High,Medium
apple,1793,1105373,83.9,0.3,0.22,0.0,3.8,0.98,25,10,-18,90,30,frozen,frozen,Breathable PE film,40,5000,15,Good,High,Medium
apple,1794,1105387,84.0,0.2,0.14,0.0,3.8,0.98,25,10,25,60,3,ambient,normal,Breathable PE film,40,5000,15,Good,High,Medium
apple,1794,1105387,84.0,0.2,0.14,0.0,3.8,0.98,25,10,25,60,10,ambient,refrigerated,Breathable PE film,40,5000,15,Good,High,Medium
apple,1794,1105387,84.0,0.2,0.14,0.0,3.8,0.98,25,10,25,60,7,ambient,frozen,Breathable PE film,40,5000,15,Good,High,Medium
apple,1794,1105387,84.0,0.2,0.14,0.0,3.8,0.98,25,10,5,85,7,chilled,normal,Breathable PE film,40,5000,15,Good,High,Medium
apple,1794,1105387,84.0,0.2,0.14,0.0,3.8,0.98,25,10,5,85,7,chilled,refrigerated,Breathable PE film,40,5000,15,Good,High,Medium
apple,1794,1105387,84.0,0.2,0.14,0.0,3.8,0.98,25,10,5,85,14,chilled,frozen,Breathable PE film,40,5000,15,Good,High,Medium
apple,1794,1105387,84.0,0.2,0.14,0.0,3.8,0.98,25,10,-18,90,60,frozen,normal,Breathable PE film,40,5000,15,Good,High,Medium
apple,1794,1105387,84.0,0.2,0.14,0.0,3.8,0.98,25,10,-18,90,90,frozen,refrigerated,Breathable PE film,40,5000,15,Good,High,Medium
apple,1794,1105387,84.0,0.2,0.14,0.0,3.8,0.98,25,10,-18,90,60,frozen,frozen,Breathable PE film,40,5000,15,Good,High,Medium
apple,1795,1105401,85.0,0.3,0.38,0.0,3.8,0.98,25,10,25,60,10,ambient,normal,Breathable PE film,40,5000,15,Good,High,Medium
apple,1795,1105401,85.0,0.3,0.38,0.0,3.8,0.98,25,10,25,60,14,ambient,refrigerated,Breathable PE film,40,5000,15,Good,High,Medium
apple,1795,1105401,85.0,0.3,0.38,0.0,3.8,0.98,25,10,25,60,10,ambient,frozen,Breathable PE film,40,5000,15,Good,High,Medium
apple,1795,1105401,85.0,0.3,0.38,0.0,3.8,0.98,25,10,5,85,30,chilled,normal,Breathable PE film,40,5000,15,Good,High,Medium
apple,1795,1105401,85.0,0.3,0.38,0.0,3.8,0.98,25,10,5,85,7,chilled,refrigerated,Breathable PE film,40,5000,15,Good,High,Medium
apple,1795,1105401,85.0,0.3,0.38,0.0,3.8,0.98,25,10,5,85,7,chilled,frozen,Breathable PE film,40,5000,15,Good,High,Medium
apple,1795,1105401,85.0,0.3,0.38,0.0,3.8,0.98,25,10,-18,90,30,frozen,normal,Breathable PE film,40,5000,15,Good,High,Medium
apple,1795,1105401,85.0,0.3,0.38,0.0,3.8,0.98,25,10,-18,90,60,frozen,refrigerated,Breathable PE film,40,5000,15,Good,High,Medium
apple,1795,1105401,85.0,0.3,0.38,0.0,3.8,0.98,25,10,-18,90,30,frozen,frozen,Breathable PE film,40,5000,15,Good,High,Medium
apple,1796,1105415,82.9,0.3,0.14,0.0,3.8,0.98,25,10,25,60,7,ambient,normal,Breathable PE film,40,5000,15,Good,High,Medium
apple,1796,1105415,82.9,0.3,0.14,0.0,3.8,0.98,25,10,25,60,14,ambient,refrigerated,Breathable PE film,40,5000,15,Good,High,Medium
apple,1796,1105415,82.9,0.3,0.14,0.0,3.8,0.98,25,10,25,60,14,ambient,frozen,Breathable PE film,40,5000,15,Good,High,Medium
apple,1796,1105415,82.9,0.3,0.14,0.0,3.8,0.98,25,10,5,85,10,chilled,normal,Breathable PE film,40,5000,15,Good,High,Medium
apple,1796,1105415,82.9,0.3,0.14,0.0,3.8,0.98,25,10,5,85,21,chilled,refrigerated,Breathable PE film,40,5000,15,Good,High,Medium
apple,1796,1105415,82.9,0.3,0.14,0.0,3.8,0.98,25,10,5,85,10,chilled,frozen,Breathable PE film,40,5000,15,Good,High,Medium
apple,1796,1105415,82.9,0.3,0.14,0.0,3.8,0.98,25,10,-18,90,30,frozen,normal,Breathable PE film,40,5000,15,Good,High,Medium
apple,1796,1105415,82.9,0.3,0.14,0.0,3.8,0.98,25,10,-18,90,90,frozen,refrigerated,Breathable PE film,40,5000,15,Good,High,Medium
apple,1796,1105415,82.9,0.3,0.14,0.0,3.8,0.98,25,10,-18,90,90,frozen,frozen,Breathable PE film,40,5000,15,Good,High,Medium
banana,1695,790647,77.0,0.3,0.62,,5.0,0.97,35,15,25,60,3,ambient,normal,Perforated PE film,50,7000,18,Good,Medium,Medium
banana,1695,790647,77.0,0.3,0.62,,5.0,0.97,35,15,25,60,7,ambient,refrigerated,Perforated PE film,50,7000,18,Good,Medium,Medium
banana,1695,790647,77.0,0.3,0.62,,5.0,0.97,35,15,25,60,5,ambient,frozen,Perforated PE film,50,7000,18,Good,Medium,Medium
banana,1695,790647,77.0,0.3,0.62,,5.0,0.97,35,15,5,85,10,chilled,normal,Perforated PE film,50,7000,18,Good,Medium,Medium
banana,1695,790647,77.0,0.3,0.62,,5.0,0.97,35,15,5,85,7,chilled,refrigerated,Perforated PE film,50,7000,18,Good,Medium,Medium
banana,1695,790647,77.0,0.3,0.62,,5.0,0.97,35,15,5,85,14,chilled,frozen,Perforated PE film,50,7000,18,Good,Medium,Medium
banana,1695,790647,77.0,0.3,0.62,,5.0,0.97,35,15,-18,90,180,frozen,normal,Perforated PE film,50,7000,18,Good,Medium,Medium
banana,1695,790647,77.0,0.3,0.62,,5.0,0.97,35,15,-18,90,60,frozen,refrigerated,Perforated PE film,50,7000,18,Good,Medium,Medium
banana,1695,790647,77.0,0.3,0.62,,5.0,0.97,35,15,-18,90,60,frozen,frozen,Perforated PE film,50,7000,18,Good,Medium,Medium
banana,1696,790662,80.6,0.38,0.62,,5.0,0.97,35,15,25,60,5,ambient,normal,Perforated PE film,50,7000,18,Good,Medium,Medium
banana,1696,790662,80.6,0.38,0.62,,5.0,0.97,35,15,25,60,5,ambient,refrigerated,Perforated PE film,50,7000,18,Good,Medium,Medium
banana,1696,790662,80.6,0.38,0.62,,5.0,0.97,35,15,25,60,10,ambient,frozen,Perforated PE film,50,7000,18,Good,Medium,Medium
banana,1696,790662,80.6,0.38,0.62,,5.0,0.97,35,15,5,85,7,chilled,normal,Perforated PE film,50,7000,18,Good,Medium,Medium
banana,1696,790662,80.6,0.38,0.62,,5.0,0.97,35,15,5,85,10,chilled,refrigerated,Perforated PE film,50,7000,18,Good,Medium,Medium
banana,1696,790662,80.6,0.38,0.62,,5.0,0.97,35,15,5,85,14,chilled,frozen,Perforated PE film,50,7000,18,Good,Medium,Medium
banana,1696,790662,80.6,0.38,0.62,,5.0,0.97,35,15,-18,90,180,frozen,normal,Perforated PE film,50,7000,18,Good,Medium,Medium
banana,1696,790662,80.6,0.38,0.62,,5.0,0.97,35,15,-18,90,60,frozen,refrigerated,Perforated PE film,50,7000,18,Good,Medium,Medium
banana,1696,790662,80.6,0.38,0.62,,5.0,0.97,35,15,-18,90,90,frozen,frozen,Perforated PE film,50,7000,18,Good,Medium,Medium
banana,1697,790680,79.1,0.1,0.78,,5.0,0.97,35,15,25,60,5,ambient,normal,Perforated PE film,50,7000,18,Good,Medium,Medium
banana,1697,790680,79.1,0.1,0.78,,5.0,0.97,35,15,25,60,3,ambient,refrigerated,Perforated PE film,50,7000,18,Good,Medium,Medium
banana,1697,790680,79.1,0.1,0.78,,5.0,0.97,35,15,25,60,10,ambient,frozen,Perforated PE film,50,7000,18,Good,Medium,Medium
banana,1697,790680,79.1,0.1,0.78,,5.0,0.97,35,15,5,85,7,chilled,normal,Perforated PE film,50,7000,18,Good,Medium,Medium
banana,1697,790680,79.1,0.1,0.78,,5.0,0.97,35,15,5,85,21,chilled,refrigerated,Perforated PE film,50,7000,18,Good,Medium,Medium
banana,1697,790680,79.1,0.1,0.78,,5.0,0.97,35,15,5,85,10,chilled,frozen,Perforated PE film,50,7000,18,Good,Medium,Medium
banana,1697,790680,79.1,0.1,0.78,,5.0,0.97,35,15,-18,90,60,frozen,normal,Perforated PE film,50,7000,18,Good,Medium,Medium
banana,1697,790680,79.1,0.1,0.78,,5.0,0.97,35,15,-18,90,180,frozen,refrigerated,Perforated PE film,50,7000,18,Good,Medium,Medium
banana,1697,790680,79.1,0.1,0.78,,5.0,0.97,35,15,-18,90,90,frozen,frozen,Perforated PE film,50,7000,18,Good,Medium,Medium
banana,1698,790695,78.9,0.11,0.63,,5.0,0.97,35,15,25,60,7,ambient,normal,Perforated PE film,50,7000,18,Good,Medium,Medium
banana,1698,790695,78.9,0.11,0.63,,5.0,0.97,35,15,25,60,5,ambient,refrigerated,Perforated PE film,50,7000,18,Good,Medium,Medium
banana,1698,790695,78.9,0.11,0.63,,5.0,0.97,35,15,25,60,5,ambient,frozen,Perforated PE film,50,7000,18,Good,Medium,Medium
banana,1698,790695,78.9,0.11,0.63,,5.0,0.97,35,15,5,85,7,chilled,normal,Perforated PE film,50,7000,18,Good,Medium,Medium
banana,1698,790695,78.9,0.11,0.63,,5.0,0.97,35,15,5,85,10,chilled,refrigerated,Perforated PE film,50,7000,18,Good,Medium,Medium
banana,1698,790695,78.9,0.11,0.63,,5.0,0.97,35,15,5,85,21,chilled,frozen,Perforated PE film,50,7000,18,Good,Medium,Medium
banana,1698,790695,78.9,0.11,0.63,,5.0,0.97,35,15,-18,90,90,frozen,normal,Perforated PE film,50,7000,18,Good,Medium,Medium
banana,1698,790695,78.9,0.11,0.63,,5.0,0.97,35,15,-18,90,90,frozen,refrigerated,Perforated PE film,50,7000,18,Good,Medium,Medium
banana,1698,790695,78.9,0.11,0.63,,5.0,0.97,35,15,-18,90,30,frozen,frozen,Perforated PE film,50,7000,18,Good,Medium,Medium
banana,1699,790711,78.2,0.11,0.74,,5.0,0.97,35,15,25,60,7,ambient,normal,Perforated PE film,50,7000,18,Good,Medium,Medium
banana,1699,790711,78.2,0.11,0.74,,5.0,0.97,35,15,25,60,7,ambient,refrigerated,Perforated PE film,50,7000,18,Good,Medium,Medium
banana,1699,790711,78.2,0.11,0.74,,5.0,0.97,35,15,25,60,14,ambient,frozen,Perforated PE film,50,7000,18,Good,Medium,Medium
banana,1699,790711,78.2,0.11,0.74,,5.0,0.97,35,15,5,85,21,chilled,normal,Perforated PE film,50,7000,18,Good,Medium,Medium
banana,1699,790711,78.2,0.11,0.74,,5.0,0.97,35,15,5,85,30,chilled,refrigerated,Perforated PE film,50,7000,18,Good,Medium,Medium
banana,1699,790711,78.2,0.11,0.74,,5.0,0.97,35,15,5,85,14,chilled,frozen,Perforated PE film,50,7000,18,Good,Medium,Medium
banana,1699,790711,78.2,0.11,0.74,,5.0,0.97,35,15,-18,90,30,frozen,normal,Perforated PE film,50,7000,18,Good,Medium,Medium
banana,1699,790711,78.2,0.11,0.74,,5.0,0.97,35,15,-18,90,30,frozen,refrigerated,Perforated PE film,50,7000,18,Good,Medium,Medium
banana,1699,790711,78.2,0.11,0.74,,5.0,0.97,35,15,-18,90,90,frozen,frozen,Perforated PE film,50,7000,18,Good,Medium,Medium
banana,1700,790728,75.9,0.34,0.64,,5.0,0.97,35,15,25,60,5,ambient,normal,Perforated PE film,50,7000,18,Good,Medium,Medium
banana,1700,790728,75.9,0.34,0.64,,5.0,0.97,35,15,25,60,14,ambient,refrigerated,Perforated PE film,50,7000,18,Good,Medium,Medium
banana,1700,790728,75.9,0.34,0.64,,5.0,0.97,35,15,25,60,7,ambient,frozen,Perforated PE film,50,7000,18,Good,Medium,Medium
banana,1700,790728,75.9,0.34,0.64,,5.0,0.97,35,15,5,85,7,chilled,normal,Perforated PE film,50,7000,18,Good,Medium,Medium
banana,1700,790728,75.9,0.34,0.64,,5.0,0.97,35,15,5,85,7,chilled,refrigerated,Perforated PE film,50,7000,18,Good,Medium,Medium
banana,1700,790728,75.9,0.34,0.64,,5.0,0.97,35,15,5,85,30,chilled,frozen,Perforated PE film,50,7000,18,Good,Medium,Medium
banana,1700,790728,75.9,0.34,0.64,,5.0,0.97,35,15,-18,90,180,frozen,normal,Perforated PE film,50,7000,18,Good,Medium,Medium
banana,1700,790728,75.9,0.34,0.64,,5.0,0.97,35,15,-18,90,90,frozen,refrigerated,Perforated PE film,50,7000,18,Good,Medium,Medium
banana,1700,790728,75.9,0.34,0.64,,5.0,0.97,35,15,-18,90,90,frozen,frozen,Perforated PE film,50,7000,18,Good,Medium,Medium
banana,1771,1104963,78.9,0.11,0.63,,5.0,0.97,35,15,25,60,10,ambient,normal,Perforated PE film,50,7000,18,Good,Medium,Medium
banana,1771,1104963,78.9,0.11,0.63,,5.0,0.97,35,15,25,60,14,ambient,refrigerated,Perforated PE film,50,7000,18,Good,Medium,Medium
banana,1771,1104963,78.9,0.11,0.63,,5.0,0.97,35,15,25,60,14,ambient,frozen,Perforated PE film,50,7000,18,Good,Medium,Medium
banana,1771,1104963,78.9,0.11,0.63,,5.0,0.97,35,15,5,85,7,chilled,normal,Perforated PE film,50,7000,18,Good,Medium,Medium
banana,1771,1104963,78.9,0.11,0.63,,5.0,0.97,35,15,5,85,21,chilled,refrigerated,Perforated PE film,50,7000,18,Good,Medium,Medium
banana,1771,1104963,78.9,0.11,0.63,,5.0,0.97,35,15,5,85,30,chilled,frozen,Perforated PE film,50,7000,18,Good,Medium,Medium
banana,1771,1104963,78.9,0.11,0.63,,5.0,0.97,35,15,-18,90,60,frozen,normal,Perforated PE film,50,7000,18,Good,Medium,Medium
banana,1771,1104963,78.9,0.11,0.63,,5.0,0.97,35,15,-18,90,90,frozen,refrigerated,Perforated PE film,50,7000,18,Good,Medium,Medium
banana,1771,1104963,78.9,0.11,0.63,,5.0,0.97,35,15,-18,90,30,frozen,frozen,Perforated PE film,50,7000,18,Good,Medium,Medium
banana,1772,1104981,79.1,0.1,0.78,,5.0,0.97,35,15,25,60,10,ambient,normal,Perforated PE film,50,7000,18,Good,Medium,Medium
banana,1772,1104981,79.1,0.1,0.78,,5.0,0.97,35,15,25,60,3,ambient,refrigerated,Perforated PE film,50,7000,18,Good,Medium,Medium
banana,1772,1104981,79.1,0.1,0.78,,5.0,0.97,35,15,25,60,14,ambient,frozen,Perforated PE film,50,7000,18,Good,Medium,Medium
banana,1772,1104981,79.1,0.1,0.78,,5.0,0.97,35,15,5,85,30,chilled,normal,Perforated PE film,50,7000,18,Good,Medium,Medium
banana,1772,1104981,79.1,0.1,0.78,,5.0,0.97,35,15,5,85,10,chilled,refrigerated,Perforated PE film,50,7000,18,Good,Medium,Medium
banana,1772,1104981,79.1,0.1,0.78,,5.0,0.97,35,15,5,85,14,chilled,frozen,Perforated PE film,50,7000,18,Good,Medium,Medium
banana,1772,1104981,79.1,0.1,0.78,,5.0,0.97,35,15,-18,90,180,frozen,normal,Perforated PE film,50,7000,18,Good,Medium,Medium
banana,1772,1104981,79.1,0.1,0.78,,5.0,0.97,35,15,-18,90,30,frozen,refrigerated,Perforated PE film,50,7000,18,Good,Medium,Medium
banana,1772,1104981,79.1,0.1,0.78,,5.0,0.97,35,15,-18,90,90,frozen,frozen,Perforated PE film,50,7000,18,Good,Medium,Medium
banana,1773,1104998,77.0,0.3,0.62,,5.0,0.97,35,15,25,60,14,ambient,normal,Perforated PE film,50,7000,18,Good,Medium,Medium
banana,1773,1104998,77.0,0.3,0.62,,5.0,0.97,35,15,25,60,7,ambient,refrigerated,Perforated PE film,50,7000,18,Good,Medium,Medium
banana,1773,1104998,77.0,0.3,0.62,,5.0,0.97,35,15,25,60,3,ambient,frozen,Perforated PE film,50,7000,18,Good,Medium,Medium
banana,1773,1104998,77.0,0.3,0.62,,5.0,0.97,35,15,5,85,14,chilled,normal,Perforated PE film,50,7000,18,Good,Medium,Medium
banana,1773,1104998,77.0,0.3,0.62,,5.0,0.97,35,15,5,85,30,chilled,refrigerated,Perforated PE film,50,7000,18,Good,Medium,Medium
banana,1773,1104998,77.0,0.3,0.62,,5.0,0.97,35,15,5,85,14,chilled,frozen,Perforated PE film,50,7000,18,Good,Medium,Medium
banana,1773,1104998,77.0,0.3,0.62,,5.0,0.97,35,15,-18,90,180,frozen,normal,Perforated PE film,50,7000,18,Good,Medium,Medium
banana,1773,1104998,77.0,0.3,0.62,,5.0,0.97,35,15,-18,90,90,frozen,refrigerated,Perforated PE film,50,7000,18,Good,Medium,Medium
banana,1773,1104998,77.0,0.3,0.62,,5.0,0.97,35,15,-18,90,180,frozen,frozen,Perforated PE film,50,7000,18,Good,Medium,Medium
banana,1774,1105015,75.9,0.34,0.64,,5.0,0.97,35,15,25,60,7,ambient,normal,Perforated PE film,50,7000,18,Good,Medium,Medium
banana,1774,1105015,75.9,0.34,0.64,,5.0,0.97,35,15,25,60,14,ambient,refrigerated,Perforated PE film,50,7000,18,Good,Medium,Medium
banana,1774,1105015,75.9,0.34,0.64,,5.0,0.97,35,15,25,60,5,ambient,frozen,Perforated PE film,50,7000,18,Good,Medium,Medium
banana,1774,1105015,75.9,0.34,0.64,,5.0,0.97,35,15,5,85,10,chilled,normal,Perforated PE film,50,7000,18,Good,Medium,Medium
banana,1774,1105015,75.9,0.34,0.64,,5.0,0.97,35,15,5,85,21,chilled,refrigerated,Perforated PE film,50,7000,18,Good,Medium,Medium
banana,1774,1105015,75.9,0.34,0.64,,5.0,0.97,35,15,5,85,21,chilled,frozen,Perforated PE film,50,7000,18,Good,Medium,Medium
banana,1774,1105015,75.9,0.34,0.64,,5.0,0.97,35,15,-18,90,60,frozen,normal,Perforated PE film,50,7000,18,Good,Medium,Medium
banana,1774,1105015,75.9,0.34,0.64,,5.0,0.97,35,15,-18,90,90,frozen,refrigerated,Perforated PE film,50,7000,18,Good,Medium,Medium
banana,1774,1105015,75.9,0.34,0.64,,5.0,0.97,35,15,-18,90,180,frozen,frozen,Perforated PE film,50,7000,18,Good,Medium,Medium
banana,1775,1105034,78.2,0.11,0.74,,5.0,0.97,35,15,25,60,14,ambient,normal,Perforated PE film,50,7000,18,Good,Medium,Medium
banana,1775,1105034,78.2,0.11,0.74,,5.0,0.97,35,15,25,60,3,ambient,refrigerated,Perforated PE film,50,7000,18,Good,Medium,Medium
banana,1775,1105034,78.2,0.11,0.74,,5.0,0.97,35,15,25,60,7,ambient,frozen,Perforated PE film,50,7000,18,Good,Medium,Medium
banana,1775,1105034,78.2,0.11,0.74,,5.0,0.97,35,15,5,85,14,chilled,normal,Perforated PE film,50,7000,18,Good,Medium,Medium
banana,1775,1105034,78.2,0.11,0.74,,5.0,0.97,35,15,5,85,10,chilled,refrigerated,Perforated PE film,50,7000,18,Good,Medium,Medium
banana,1775,1105034,78.2,0.11,0.74,,5.0,0.97,35,15,5,85,21,chilled,frozen,Perforated PE film,50,7000,18,Good,Medium,Medium
banana,1775,1105034,78.2,0.11,0.74,,5.0,0.97,35,15,-18,90,90,frozen,normal,Perforated PE film,50,7000,18,Good,Medium,Medium
banana,1775,1105034,78.2,0.11,0.74,,5.0,0.97,35,15,-18,90,180,frozen,refrigerated,Perforated PE film,50,7000,18,Good,Medium,Medium
banana,1775,1105034,78.2,0.11,0.74,,5.0,0.97,35,15,-18,90,180,frozen,frozen,Perforated PE film,50,7000,18,Good,Medium,Medium
banana,1776,1105053,80.6,0.38,0.62,,5.0,0.97,35,15,25,60,10,ambient,normal,Perforated PE film,50,7000,18,Good,Medium,Medium
banana,1776,1105053,80.6,0.38,0.62,,5.0,0.97,35,15,25,60,5,ambient,refrigerated,Perforated PE film,50,7000,18,Good,Medium,Medium
banana,1776,1105053,80.6,0.38,0.62,,5.0,0.97,35,15,25,60,14,ambient,frozen,Perforated PE film,50,7000,18,Good,Medium,Medium
banana,1776,1105053,80.6,0.38,0.62,,5.0,0.97,35,15,5,85,21,chilled,normal,Perforated PE film,50,7000,18,Good,Medium,Medium
banana,1776,1105053,80.6,0.38,0.62,,5.0,0.97,35,15,5,85,10,chilled,refrigerated,Perforated PE film,50,7000,18,Good,Medium,Medium
banana,1776,1105053,80.6,0.38,0.62,,5.0,0.97,35,15,5,85,7,chilled,frozen,Perforated PE film,50,7000,18,Good,Medium,Medium
banana,1776,1105053,80.6,0.38,0.62,,5.0,0.97,35,15,-18,90,90,frozen,normal,Perforated PE film,50,7000,18,Good,Medium,Medium
banana,1776,1105053,80.6,0.38,0.62,,5.0,0.97,35,15,-18,90,90,frozen,refrigerated,Perforated PE film,50,7000,18,Good,Medium,Medium
banana,1776,1105053,80.6,0.38,0.62,,5.0,0.97,35,15,-18,90,30,frozen,frozen,Perforated PE film,50,7000,18,Good,Medium,Medium
banana,1701,790745,,,,,5.0,0.97,35,15,25,60,5,ambient,normal,Perforated PE film,50,7000,18,Good,Medium,Medium
banana,1701,790745,,,,,5.0,0.97,35,15,25,60,7,ambient,refrigerated,Perforated PE film,50,7000,18,Good,Medium,Medium
banana,1701,790745,,,,,5.0,0.97,35,15,25,60,5,ambient,frozen,Perforated PE film,50,7000,18,Good,Medium,Medium
banana,1701,790745,,,,,5.0,0.97,35,15,5,85,10,chilled,normal,Perforated PE film,50,7000,18,Good,Medium,Medium
banana,1701,790745,,,,,5.0,0.97,35,15,5,85,10,chilled,refrigerated,Perforated PE film,50,7000,18,Good,Medium,Medium
banana,1701,790745,,,,,5.0,0.97,35,15,5,85,7,chilled,frozen,Perforated PE film,50,7000,18,Good,Medium,Medium
banana,1701,790745,,,,,5.0,0.97,35,15,-18,90,30,frozen,normal,Perforated PE film,50,7000,18,Good,Medium,Medium
banana,1701,790745,,,,,5.0,0.97,35,15,-18,90,60,frozen,refrigerated,Perforated PE film,50,7000,18,Good,Medium,Medium
banana,1701,790745,,,,,5.0,0.97,35,15,-18,90,180,frozen,frozen,Perforated PE film,50,7000,18,Good,Medium,Medium
banana,1720,790775,74.8,0.62,0.65,0.0,5.0,0.97,35,15,25,60,14,ambient,normal,Perforated PE film,50,7000,18,Good,Medium,Medium
banana,1720,790775,74.8,0.62,0.65,0.0,5.0,0.97,35,15,25,60,3,ambient,refrigerated,Perforated PE film,50,7000,18,Good,Medium,Medium
banana,1720,790775,74.8,0.62,0.65,0.0,5.0,0.97,35,15,25,60,10,ambient,frozen,Perforated PE film,50,7000,18,Good,Medium,Medium
banana,1720,790775,74.8,0.62,0.65,0.0,5.0,0.97,35,15,5,85,21,chilled,normal,Perforated PE film,50,7000,18,Good,Medium,Medium
banana,1720,790775,74.8,0.62,0.65,0.0,5.0,0.97,35,15,5,85,30,chilled,refrigerated,Perforated PE film,50,7000,18,Good,Medium,Medium
banana,1720,790775,74.8,0.62,0.65,0.0,5.0,0.97,35,15,5,85,10,chilled,frozen,Perforated PE film,50,7000,18,Good,Medium,Medium
banana,1720,790775,74.8,0.62,0.65,0.0,5.0,0.97,35,15,-18,90,180,frozen,normal,Perforated PE film,50,7000,18,Good,Medium,Medium
banana,1720,790775,74.8,0.62,0.65,0.0,5.0,0.97,35,15,-18,90,180,frozen,refrigerated,Perforated PE film,50,7000,18,Good,Medium,Medium
banana,1720,790775,74.8,0.62,0.65,0.0,5.0,0.97,35,15,-18,90,180,frozen,frozen,Perforated PE film,50,7000,18,Good,Medium,Medium
banana,1721,790795,72.2,0.44,0.7,0.0,5.0,0.97,35,15,25,60,5,ambient,normal,Perforated PE film,50,7000,18,Good,Medium,Medium
banana,1721,790795,72.2,0.44,0.7,0.0,5.0,0.97,35,15,25,60,5,ambient,refrigerated,Perforated PE film,50,7000,18,Good,Medium,Medium
banana,1721,790795,72.2,0.44,0.7,0.0,5.0,0.97,35,15,25,60,3,ambient,frozen,Perforated PE film,50,7000,18,Good,Medium,Medium
banana,1721,790795,72.2,0.44,0.7,0.0,5.0,0.97,35,15,5,85,7,chilled,normal,Perforated PE film,50,7000,18,Good,Medium,Medium
banana,1721,790795,72.2,0.44,0.7,0.0,5.0,0.97,35,15,5,85,21,chilled,refrigerated,Perforated PE film,50,7000,18,Good,Medium,Medium
banana,1721,790795,72.2,0.44,0.7,0.0,5.0,0.97,35,15,5,85,10,chilled,frozen,Perforated PE film,50,7000,18,Good,Medium,Medium
banana,1721,790795,72.2,0.44,0.7,0.0,5.0,0.97,35,15,-18,90,60,frozen,normal,Perforated PE film,50,7000,18,Good,Medium,Medium
banana,1721,790795,72.2,0.44,0.7,0.0,5.0,0.97,35,15,-18,90,180,frozen,refrigerated,Perforated PE film,50,7000,18,Good,Medium,Medium
banana,1721,790795,72.2,0.44,0.7,0.0,5.0,0.97,35,15,-18,90,30,frozen,frozen,Perforated PE film,50,7000,18,Good,Medium,Medium
banana,1722,790816,76.0,0.1,0.65,0.0,5.0,0.97,35,15,25,60,14,ambient,normal,Perforated PE film,50,7000,18,Good,Medium,Medium
banana,1722,790816,76.0,0.1,0.65,0.0,5.0,0.97,35,15,25,60,5,ambient,refrigerated,Perforated PE film,50,7000,18,Good,Medium,Medium
banana,1722,790816,76.0,0.1,0.65,0.0,5.0,0.97,35,15,25,60,3,ambient,frozen,Perforated PE film,50,7000,18,Good,Medium,Medium
banana,1722,790816,76.0,0.1,0.65,0.0,5.0,0.97,35,15,5,85,21,chilled,normal,Perforated PE film,50,7000,18,Good,Medium,Medium
banana,1722,790816,76.0,0.1,0.65,0.0,5.0,0.97,35,15,5,85,10,chilled,refrigerated,Perforated PE film,50,7000,18,Good,Medium,Medium
banana,1722,790816,76.0,0.1,0.65,0.0,5.0,0.97,35,15,5,85,21,chilled,frozen,Perforated PE film,50,7000,18,Good,Medium,Medium
banana,1722,790816,76.0,0.1,0.65,0.0,5.0,0.97,35,15,-18,90,90,frozen,normal,Perforated PE film,50,7000,18,Good,Medium,Medium
banana,1722,790816,76.0,0.1,0.65,0.0,5.0,0.97,35,15,-18,90,180,frozen,refrigerated,Perforated PE film,50,7000,18,Good,Medium,Medium
banana,1722,790816,76.0,0.1,0.65,0.0,5.0,0.97,35,15,-18,90,180,frozen,frozen,Perforated PE film,50,7000,18,Good,Medium,Medium
banana,1725,790867,76.4,0.15,0.67,0.0,5.0,0.97,35,15,25,60,14,ambient,normal,Perforated PE film,50,7000,18,Good,Medium,Medium
banana,1725,790867,76.4,0.15,0.67,0.0,5.0,0.97,35,15,25,60,10,ambient,refrigerated,Perforated PE film,50,7000,18,Good,Medium,Medium
banana,1725,790867,76.4,0.15,0.67,0.0,5.0,0.97,35,15,25,60,5,ambient,frozen,Perforated PE film,50,7000,18,Good,Medium,Medium
banana,1725,790867,76.4,0.15,0.67,0.0,5.0,0.97,35,15,5,85,21,chilled,normal,Perforated PE film,50,7000,18,Good,Medium,Medium
banana,1725,790867,76.4,0.15,0.67,0.0,5.0,0.97,35,15,5,85,21,chilled,refrigerated,Perforated PE film,50,7000,18,Good,Medium,Medium
banana,1725,790867,76.4,0.15,0.67,0.0,5.0,0.97,35,15,5,85,14,chilled,frozen,Perforated PE film,50,7000,18,Good,Medium,Medium
banana,1725,790867,76.4,0.15,0.67,0.0,5.0,0.97,35,15,-18,90,60,frozen,normal,Perforated PE film,50,7000,18,Good,Medium,Medium
banana,1725,790867,76.4,0.15,0.67,0.0,5.0,0.97,35,15,-18,90,90,frozen,refrigerated,Perforated PE film,50,7000,18,Good,Medium,Medium
banana,1725,790867,76.4,0.15,0.67,0.0,5.0,0.97,35,15,-18,90,180,frozen,frozen,Perforated PE film,50,7000,18,Good,Medium,Medium
banana,1729,790937,76.3,0.0,0.65,0.0,5.0,0.97,35,15,25,60,5,ambient,normal,Perforated PE film,50,7000,18,Good,Medium,Medium
banana,1729,790937,76.3,0.0,0.65,0.0,5.0,0.97,35,15,25,60,7,ambient,refrigerated,Perforated PE film,50,7000,18,Good,Medium,Medium
banana,1729,790937,76.3,0.0,0.65,0.0,5.0,0.97,35,15,25,60,10,ambient,frozen,Perforated PE film,50,7000,18,Good,Medium,Medium
banana,1729,790937,76.3,0.0,0.65,0.0,5.0,0.97,35,15,5,85,7,chilled,normal,Perforated PE film,50,7000,18,Good,Medium,Medium
banana,1729,790937,76.3,0.0,0.65,0.0,5.0,0.97,35,15,5,85,14,chilled,refrigerated,Perforated PE film,50,7000,18,Good,Medium,Medium
banana,1729,790937,76.3,0.0,0.65,0.0,5.0,0.97,35,15,5,85,10,chilled,frozen,Perforated PE film,50,7000,18,Good,Medium,Medium
banana,1729,790937,76.3,0.0,0.65,0.0,5.0,0.97,35,15,-18,90,90,frozen,normal,Perforated PE film,50,7000,18,Good,Medium,Medium
banana,1729,790937,76.3,0.0,0.65,0.0,5.0,0.97,35,15,-18,90,90,frozen,refrigerated,Perforated PE film,50,7000,18,Good,Medium,Medium
banana,1729,790937,76.3,0.0,0.65,0.0,5.0,0.97,35,15,-18,90,90,frozen,frozen,Perforated PE film,50,7000,18,Good,Medium,Medium
banana,1731,790973,74.4,0.0,0.65,0.0,5.0,0.97,35,15,25,60,14,ambient,normal,Perforated PE film,50,7000,18,Good,Medium,Medium
banana,1731,790973,74.4,0.0,0.65,0.0,5.0,0.97,35,15,25,60,3,ambient,refrigerated,Perforated PE film,50,7000,18,Good,Medium,Medium
banana,1731,790973,74.4,0.0,0.65,0.0,5.0,0.97,35,15,25,60,5,ambient,frozen,Perforated PE film,50,7000,18,Good,Medium,Medium
banana,1731,790973,74.4,0.0,0.65,0.0,5.0,0.97,35,15,5,85,10,chilled,normal,Perforated PE film,50,7000,18,Good,Medium,Medium
banana,1731,790973,74.4,0.0,0.65,0.0,5.0,0.97,35,15,5,85,10,chilled,refrigerated,Perforated PE film,50,7000,18,Good,Medium,Medium
banana,1731,790973,74.4,0.0,0.65,0.0,5.0,0.97,35,15,5,85,21,chilled,frozen,Perforated PE film,50,7000,18,Good,Medium,Medium
banana,1731,790973,74.4,0.0,0.65,0.0,5.0,0.97,35,15,-18,90,60,frozen,normal,Perforated PE film,50,7000,18,Good,Medium,Medium
banana,1731,790973,74.4,0.0,0.65,0.0,5.0,0.97,35,15,-18,90,60,frozen,refrigerated,Perforated PE film,50,7000,18,Good,Medium,Medium
banana,1731,790973,74.4,0.0,0.65,0.0,5.0,0.97,35,15,-18,90,30,frozen,frozen,Perforated PE film,50,7000,18,Good,Medium,Medium
banana,1777,1105074,74.8,0.62,0.65,0.0,5.0,0.97,35,15,25,60,10,ambient,normal,Perforated PE film,50,7000,18,Good,Medium,Medium
banana,1777,1105074,74.8,0.62,0.65,0.0,5.0,0.97,35,15,25,60,10,ambient,refrigerated,Perforated PE film,50,7000,18,Good,Medium,Medium
banana,1777,1105074,74.8,0.62,0.65,0.0,5.0,0.97,35,15,25,60,7,ambient,frozen,Perforated PE film,50,7000,18,Good,Medium,Medium
banana,1777,1105074,74.8,0.62,0.65,0.0,5.0,0.97,35,15,5,85,30,chilled,normal,Perforated PE film,50,7000,18,Good,Medium,Medium
banana,1777,1105074,74.8,0.62,0.65,0.0,5.0,0.97,35,15,5,85,21,chilled,refrigerated,Perforated PE film,50,7000,18,Good,Medium,Medium
banana,1777,1105074,74.8,0.62,0.65,0.0,5.0,0.97,35,15,5,85,21,chilled,frozen,Perforated PE film,50,7000,18,Good,Medium,Medium
banana,1777,1105074,74.8,0.62,0.65,0.0,5.0,0.97,35,15,-18,90,30,frozen,normal,Perforated PE film,50,7000,18,Good,Medium,Medium
banana,1777,1105074,74.8,0.62,0.65,0.0,5.0,0.97,35,15,-18,90,60,frozen,refrigerated,Perforated PE film,50,7000,18,Good,Medium,Medium
banana,1777,1105074,74.8,0.62,0.65,0.0,5.0,0.97,35,15,-18,90,180,frozen,frozen,Perforated PE film,50,7000,18,Good,Medium,Medium
banana,1780,1105135,72.2,0.44,0.7,0.0,5.0,0.97,35,15,25,60,10,ambient,normal,Perforated PE film,50,7000,18,Good,Medium,Medium
banana,1780,1105135,72.2,0.44,0.7,0.0,5.0,0.97,35,15,25,60,14,ambient,refrigerated,Perforated PE film,50,7000,18,Good,Medium,Medium
banana,1780,1105135,72.2,0.44,0.7,0.0,5.0,0.97,35,15,25,60,3,ambient,frozen,Perforated PE film,50,7000,18,Good,Medium,Medium
banana,1780,1105135,72.2,0.44,0.7,0.0,5.0,0.97,35,15,5,85,30,chilled,normal,Perforated PE film,50,7000,18,Good,Medium,Medium
banana,1780,1105135,72.2,0.44,0.7,0.0,5.0,0.97,35,15,5,85,21,chilled,refrigerated,Perforated PE film,50,7000,18,Good,Medium,Medium
banana,1780,1105135,72.2,0.44,0.7,0.0,5.0,0.97,35,15,5,85,21,chilled,frozen,Perforated PE film,50,7000,18,Good,Medium,Medium
banana,1780,1105135,72.2,0.44,0.7,0.0,5.0,0.97,35,15,-18,90,30,frozen,normal,Perforated PE film,50,7000,18,Good,Medium,Medium
banana,1780,1105135,72.2,0.44,0.7,0.0,5.0,0.97,35,15,-18,90,90,frozen,refrigerated,Perforated PE film,50,7000,18,Good,Medium,Medium
banana,1780,1105135,72.2,0.44,0.7,0.0,5.0,0.97,35,15,-18,90,90,frozen,frozen,Perforated PE film,50,7000,18,Good,Medium,Medium
banana,1781,1105158,76.4,0.15,0.67,0.0,5.0,0.97,35,15,25,60,10,ambient,normal,Perforated PE film,50,7000,18,Good,Medium,Medium
banana,1781,1105158,76.4,0.15,0.67,0.0,5.0,0.97,35,15,25,60,10,ambient,refrigerated,Perforated PE film,50,7000,18,Good,Medium,Medium
banana,1781,1105158,76.4,0.15,0.67,0.0,5.0,0.97,35,15,25,60,14,ambient,frozen,Perforated PE film,50,7000,18,Good,Medium,Medium
banana,1781,1105158,76.4,0.15,0.67,0.0,5.0,0.97,35,15,5,85,30,chilled,normal,Perforated PE film,50,7000,18,Good,Medium,Medium
banana,1781,1105158,76.4,0.15,0.67,0.0,5.0,0.97,35,15,5,85,30,chilled,refrigerated,Perforated PE film,50,7000,18,Good,Medium,Medium
banana,1781,1105158,76.4,0.15,0.67,0.0,5.0,0.97,35,15,5,85,10,chilled,frozen,Perforated PE film,50,7000,18,Good,Medium,Medium
banana,1781,1105158,76.4,0.15,0.67,0.0,5.0,0.97,35,15,-18,90,180,frozen,normal,Perforated PE film,50,7000,18,Good,Medium,Medium
banana,1781,1105158,76.4,0.15,0.67,0.0,5.0,0.97,35,15,-18,90,60,frozen,refrigerated,Perforated PE film,50,7000,18,Good,Medium,Medium
banana,1781,1105158,76.4,0.15,0.67,0.0,5.0,0.97,35,15,-18,90,90,frozen,frozen,Perforated PE film,50,7000,18,Good,Medium,Medium
banana,1782,1105180,76.0,0.1,0.65,0.0,5.0,0.97,35,15,25,60,10,ambient,normal,Perforated PE film,50,7000,18,Good,Medium,Medium
banana,1782,1105180,76.0,0.1,0.65,0.0,5.0,0.97,35,15,25,60,10,ambient,refrigerated,Perforated PE film,50,7000,18,Good,Medium,Medium
banana,1782,1105180,76.0,0.1,0.65,0.0,5.0,0.97,35,15,25,60,3,ambient,frozen,Perforated PE film,50,7000,18,Good,Medium,Medium
banana,1782,1105180,76.0,0.1,0.65,0.0,5.0,0.97,35,15,5,85,21,chilled,normal,Perforated PE film,50,7000,18,Good,Medium,Medium
banana,1782,1105180,76.0,0.1,0.65,0.0,5.0,0.97,35,15,5,85,14,chilled,refrigerated,Perforated PE film,50,7000,18,Good,Medium,Medium
banana,1782,1105180,76.0,0.1,0.65,0.0,5.0,0.97,35,15,5,85,21,chilled,frozen,Perforated PE film,50,7000,18,Good,Medium,Medium
banana,1782,1105180,76.0,0.1,0.65,0.0,5.0,0.97,35,15,-18,90,60,frozen,normal,Perforated PE film,50,7000,18,Good,Medium,Medium
banana,1782,1105180,76.0,0.1,0.65,0.0,5.0,0.97,35,15,-18,90,180,frozen,refrigerated,Perforated PE film,50,7000,18,Good,Medium,Medium
banana,1782,1105180,76.0,0.1,0.65,0.0,5.0,0.97,35,15,-18,90,60,frozen,frozen,Perforated PE film,50,7000,18,Good,Medium,Medium
banana,1783,1105202,76.3,0.0,0.65,0.0,5.0,0.97,35,15,25,60,14,ambient,normal,Perforated PE film,50,7000,18,Good,Medium,Medium
banana,1783,1105202,76.3,0.0,0.65,0.0,5.0,0.97,35,15,25,60,14,ambient,refrigerated,Perforated PE film,50,7000,18,Good,Medium,Medium
banana,1783,1105202,76.3,0.0,0.65,0.0,5.0,0.97,35,15,25,60,3,ambient,frozen,Perforated PE film,50,7000,18,Good,Medium,Medium
banana,1783,1105202,76.3,0.0,0.65,0.0,5.0,0.97,35,15,5,85,21,chilled,normal,Perforated PE film,50,7000,18,Good,Medium,Medium
banana,1783,1105202,76.3,0.0,0.65,0.0,5.0,0.97,35,15,5,85,30,chilled,refrigerated,Perforated PE film,50,7000,18,Good,Medium,Medium
banana,1783,1105202,76.3,0.0,0.65,0.0,5.0,0.97,35,15,5,85,30,chilled,frozen,Perforated PE film,50,7000,18,Good,Medium,Medium
banana,1783,1105202,76.3,0.0,0.65,0.0,5.0,0.97,35,15,-18,90,30,frozen,normal,Perforated PE film,50,7000,18,Good,Medium,Medium
banana,1783,1105202,76.3,0.0,0.65,0.0,5.0,0.97,35,15,-18,90,30,frozen,refrigerated,Perforated PE film,50,7000,18,Good,Medium,Medium
banana,1783,1105202,76.3,0.0,0.65,0.0,5.0,0.97,35,15,-18,90,180,frozen,frozen,Perforated PE film,50,7000,18,Good,Medium,Medium
banana,1787,1105274,74.4,0.0,0.65,0.0,5.0,0.97,35,15,25,60,5,ambient,normal,Perforated PE film,50,7000,18,Good,Medium,Medium
banana,1787,1105274,74.4,0.0,0.65,0.0,5.0,0.97,35,15,25,60,10,ambient,refrigerated,Perforated PE film,50,7000,18,Good,Medium,Medium
banana,1787,1105274,74.4,0.0,0.65,0.0,5.0,0.97,35,15,25,60,5,ambient,frozen,Perforated PE film,50,7000,18,Good,Medium,Medium
banana,1787,1105274,74.4,0.0,0.65,0.0,5.0,0.97,35,15,5,85,7,chilled,normal,Perforated PE film,50,7000,18,Good,Medium,Medium
banana,1787,1105274,74.4,0.0,0.65,0.0,5.0,0.97,35,15,5,85,14,chilled,refrigerated,Perforated PE film,50,7000,18,Good,Medium,Medium
banana,1787,1105274,74.4,0.0,0.65,0.0,5.0,0.97,35,15,5,85,21,chilled,frozen,Perforated PE film,50,7000,18,Good,Medium,Medium
banana,1787,1105274,74.4,0.0,0.65,0.0,5.0,0.97,35,15,-18,90,90,frozen,normal,Perforated PE film,50,7000,18,Good,Medium,Medium
banana,1787,1105274,74.4,0.0,0.65,0.0,5.0,0.97,35,15,-18,90,60,frozen,refrigerated,Perforated PE film,50,7000,18,Good,Medium,Medium
banana,1787,1105274,74.4,0.0,0.65,0.0,5.0,0.97,35,15,-18,90,180,frozen,frozen,Perforated PE film,50,7000,18,Good,Medium,Medium
banana,1710,790760,,,,,5.0,0.97,35,15,25,60,7,ambient,normal,Perforated PE film,50,7000,18,Good,Medium,Medium
banana,1710,790760,,,,,5.0,0.97,35,15,25,60,7,ambient,refrigerated,Perforated PE film,50,7000,18,Good,Medium,Medium
banana,1710,790760,,,,,5.0,0.97,35,15,25,60,10,ambient,frozen,Perforated PE film,50,7000,18,Good,Medium,Medium
banana,1710,790760,,,,,5.0,0.97,35,15,5,85,14,chilled,normal,Perforated PE film,50,7000,18,Good,Medium,Medium
banana,1710,790760,,,,,5.0,0.97,35,15,5,85,21,chilled,refrigerated,Perforated PE film,50,7000,18,Good,Medium,Medium
banana,1710,790760,,,,,5.0,0.97,35,15,5,85,14,chilled,frozen,Perforated PE film,50,7000,18,Good,Medium,Medium
banana,1710,790760,,,,,5.0,0.97,35,15,-18,90,30,frozen,normal,Perforated PE film,50,7000,18,Good,Medium,Medium
banana,1710,790760,,,,,5.0,0.97,35,15,-18,90,180,frozen,refrigerated,Perforated PE film,50,7000,18,Good,Medium,Medium
banana,1710,790760,,,,,5.0,0.97,35,15,-18,90,30,frozen,frozen,Perforated PE film,50,7000,18,Good,Medium,Medium
banana,1712,790763,,,,,5.0,0.97,35,15,25,60,14,ambient,normal,Perforated PE film,50,7000,18,Good,Medium,Medium
banana,1712,790763,,,,,5.0,0.97,35,15,25,60,3,ambient,refrigerated,Perforated PE film,50,7000,18,Good,Medium,Medium
banana,1712,790763,,,,,5.0,0.97,35,15,25,60,7,ambient,frozen,Perforated PE film,50,7000,18,Good,Medium,Medium
banana,1712,790763,,,,,5.0,0.97,35,15,5,85,10,chilled,normal,Perforated PE film,50,7000,18,Good,Medium,Medium
banana,1712,790763,,,,,5.0,0.97,35,15,5,85,7,chilled,refrigerated,Perforated PE film,50,7000,18,Good,Medium,Medium
banana,1712,790763,,,,,5.0,0.97,35,15,5,85,7,chilled,frozen,Perforated PE film,50,7000,18,Good,Medium,Medium
banana,1712,790763,,,,,5.0,0.97,35,15,-18,90,30,frozen,normal,Perforated PE film,50,7000,18,Good,Medium,Medium
banana,1712,790763,,,,,5.0,0.97,35,15,-18,90,60,frozen,refrigerated,Perforated PE film,50,7000,18,Good,Medium,Medium
banana,1712,790763,,,,,5.0,0.97,35,15,-18,90,60,frozen,frozen,Perforated PE film,50,7000,18,Good,Medium,Medium
banana,1723,790836,75.2,0.14,0.69,,5.0,0.97,35,15,25,60,3,ambient,normal,Perforated PE film,50,7000,18,Good,Medium,Medium
banana,1723,790836,75.2,0.14,0.69,,5.0,0.97,35,15,25,60,14,ambient,refrigerated,Perforated PE film,50,7000,18,Good,Medium,Medium
banana,1723,790836,75.2,0.14,0.69,,5.0,0.97,35,15,25,60,5,ambient,frozen,Perforated PE film,50,7000,18,Good,Medium,Medium
banana,1723,790836,75.2,0.14,0.69,,5.0,0.97,35,15,5,85,10,chilled,normal,Perforated PE film,50,7000,18,Good,Medium,Medium
banana,1723,790836,75.2,0.14,0.69,,5.0,0.97,35,15,5,85,10,chilled,refrigerated,Perforated PE film,50,7000,18,Good,Medium,Medium
banana,1723,790836,75.2,0.14,0.69,,5.0,0.97,35,15,5,85,21,chilled,frozen,Perforated PE film,50,7000,18,Good,Medium,Medium
banana,1723,790836,75.2,0.14,0.69,,5.0,0.97,35,15,-18,90,30,frozen,normal,Perforated PE film,50,7000,18,Good,Medium,Medium
banana,1723,790836,75.2,0.14,0.69,,5.0,0.97,35,15,-18,90,60,frozen,refrigerated,Perforated PE film,50,7000,18,Good,Medium,Medium
banana,1723,790836,75.2,0.14,0.69,,5.0,0.97,35,15,-18,90,180,frozen,frozen,Perforated PE film,50,7000,18,Good,Medium,Medium
banana,1724,790853,75.6,0.71,0.71,,5.0,0.97,35,15,25,60,7,ambient,normal,Perforated PE film,50,7000,18,Good,Medium,Medium
banana,1724,790853,75.6,0.71,0.71,,5.0,0.97,35,15,25,60,7,ambient,refrigerated,Perforated PE film,50,7000,18,Good,Medium,Medium
banana,1724,790853,75.6,0.71,0.71,,5.0,0.97,35,15,25,60,5,ambient,frozen,Perforated PE film,50,7000,18,Good,Medium,Medium
banana,1724,790853,75.6,0.71,0.71,,5.0,0.97,35,15,5,85,30,chilled,normal,Perforated PE film,50,7000,18,Good,Medium,Medium
banana,1724,790853,75.6,0.71,0.71,,5.0,0.97,35,15,5,85,30,chilled,refrigerated,Perforated PE film,50,7000,18,Good,Medium,Medium
banana,1724,790853,75.6,0.71,0.71,,5.0,0.97,35,15,5,85,7,chilled,frozen,Perforated PE film,50,7000,18,Good,Medium,Medium
banana,1724,790853,75.6,0.71,0.71,,5.0,0.97,35,15,-18,90,60,frozen,normal,Perforated PE film,50,7000,18,Good,Medium,Medium
banana,1724,790853,75.6,0.71,0.71,,5.0,0.97,35,15,-18,90,90,frozen,refrigerated,Perforated PE film,50,7000,18,Good,Medium,Medium
banana,1724,790853,75.6,0.71,0.71,,5.0,0.97,35,15,-18,90,30,frozen,frozen,Perforated PE film,50,7000,18,Good,Medium,Medium
banana,1726,790887,75.0,0.11,0.76,,5.0,0.97,35,15,25,60,14,ambient,normal,Perforated PE film,50,7000,18,Good,Medium,Medium
banana,1726,790887,75.0,0.11,0.76,,5.0,0.97,35,15,25,60,3,ambient,refrigerated,Perforated PE film,50,7000,18,Good,Medium,Medium
banana,1726,790887,75.0,0.11,0.76,,5.0,0.97,35,15,25,60,7,ambient,frozen,Perforated PE film,50,7000,18,Good,Medium,Medium
banana,1726,790887,75.0,0.11,0.76,,5.0,0.97,35,15,5,85,30,chilled,normal,Perforated PE film,50,7000,18,Good,Medium,Medium
banana,1726,790887,75.0,0.11,0.76,,5.0,0.97,35,15,5,85,21,chilled,refrigerated,Perforated PE film,50,7000,18,Good,Medium,Medium
banana,1726,790887,75.0,0.11,0.76,,5.0,0.97,35,15,5,85,21,chilled,frozen,Perforated PE film,50,7000,18,Good,Medium,Medium
banana,1726,790887,75.0,0.11,0.76,,5.0,0.97,35,15,-18,90,60,frozen,normal,Perforated PE film,50,7000,18,Good,Medium,Medium
banana,1726,790887,75.0,0.11,0.76,,5.0,0.97,35,15,-18,90,30,frozen,refrigerated,Perforated PE film,50,7000,18,Good,Medium,Medium
banana,1726,790887,75.0,0.11,0.76,,5.0,0.97,35,15,-18,90,60,frozen,frozen,Perforated PE film,50,7000,18,Good,Medium,Medium
banana,1727,790901,75.0,0.1,0.75,,5.0,0.97,35,15,25,60,3,ambient,normal,Perforated PE film,50,7000,18,Good,Medium,Medium
banana,1727,790901,75.0,0.1,0.75,,5.0,0.97,35,15,25,60,7,ambient,refrigerated,Perforated PE film,50,7000,18,Good,Medium,Medium
banana,1727,790901,75.0,0.1,0.75,,5.0,0.97,35,15,25,60,14,ambient,frozen,Perforated PE film,50,7000,18,Good,Medium,Medium
banana,1727,790901,75.0,0.1,0.75,,5.0,0.97,35,15,5,85,7,chilled,normal,Perforated PE film,50,7000,18,Good,Medium,Medium
banana,1727,790901,75.0,0.1,0.75,,5.0,0.97,35,15,5,85,30,chilled,refrigerated,Perforated PE film,50,7000,18,Good,Medium,Medium
banana,1727,790901,75.0,0.1,0.75,,5.0,0.97,35,15,5,85,7,chilled,frozen,Perforated PE film,50,7000,18,Good,Medium,Medium
banana,1727,790901,75.0,0.1,0.75,,5.0,0.97,35,15,-18,90,90,frozen,normal,Perforated PE film,50,7000,18,Good,Medium,Medium
banana,1727,790901,75.0,0.1,0.75,,5.0,0.97,35,15,-18,90,180,frozen,refrigerated,Perforated PE film,50,7000,18,Good,Medium,Medium
banana,1727,790901,75.0,0.1,0.75,,5.0,0.97,35,15,-18,90,90,frozen,frozen,Perforated PE film,50,7000,18,Good,Medium,Medium
banana,1728,790919,75.3,0.43,0.81,,5.0,0.97,35,15,25,60,3,ambient,normal,Perforated PE film,50,7000,18,Good,Medium,Medium
banana,1728,790919,75.3,0.43,0.81,,5.0,0.97,35,15,25,60,14,ambient,refrigerated,Perforated PE film,50,7000,18,Good,Medium,Medium
banana,1728,790919,75.3,0.43,0.81,,5.0,0.97,35,15,25,60,7,ambient,frozen,Perforated PE film,50,7000,18,Good,Medium,Medium
banana,1728,790919,75.3,0.43,0.81,,5.0,0.97,35,15,5,85,7,chilled,normal,Perforated PE film,50,7000,18,Good,Medium,Medium
banana,1728,790919,75.3,0.43,0.81,,5.0,0.97,35,15,5,85,21,chilled,refrigerated,Perforated PE film,50,7000,18,Good,Medium,Medium
banana,1728,790919,75.3,0.43,0.81,,5.0,0.97,35,15,5,85,21,chilled,frozen,Perforated PE film,50,7000,18,Good,Medium,Medium
banana,1728,790919,75.3,0.43,0.81,,5.0,0.97,35,15,-18,90,30,frozen,normal,Perforated PE film,50,7000,18,Good,Medium,Medium
banana,1728,790919,75.3,0.43,0.81,,5.0,0.97,35,15,-18,90,180,frozen,refrigerated,Perforated PE film,50,7000,18,Good,Medium,Medium
banana,1728,790919,75.3,0.43,0.81,,5.0,0.97,35,15,-18,90,90,frozen,frozen,Perforated PE film,50,7000,18,Good,Medium,Medium
banana,1730,790955,77.0,0.72,0.73,,5.0,0.97,35,15,25,60,10,ambient,normal,Perforated PE film,50,7000,18,Good,Medium,Medium
banana,1730,790955,77.0,0.72,0.73,,5.0,0.97,35,15,25,60,5,ambient,refrigerated,Perforated PE film,50,7000,18,Good,Medium,Medium
banana,1730,790955,77.0,0.72,0.73,,5.0,0.97,35,15,25,60,10,ambient,frozen,Perforated PE film,50,7000,18,Good,Medium,Medium
banana,1730,790955,77.0,0.72,0.73,,5.0,0.97,35,15,5,85,10,chilled,normal,Perforated PE film,50,7000,18,Good,Medium,Medium
banana,1730,790955,77.0,0.72,0.73,,5.0,0.97,35,15,5,85,30,chilled,refrigerated,Perforated PE film,50,7000,18,Good,Medium,Medium
banana,1730,790955,77.0,0.72,0.73,,5.0,0.97,35,15,5,85,14,chilled,frozen,Perforated PE film,50,7000,18,Good,Medium,Medium
banana,1730,790955,77.0,0.72,0.73,,5.0,0.97,35,15,-18,90,180,frozen,normal,Perforated PE film,50,7000,18,Good,Medium,Medium
banana,1730,790955,77.0,0.72,0.73,,5.0,0.97,35,15,-18,90,180,frozen,refrigerated,Perforated PE film,50,7000,18,Good,Medium,Medium
banana,1730,790955,77.0,0.72,0.73,,5.0,0.97,35,15,-18,90,180,frozen,frozen,Perforated PE film,50,7000,18,Good,Medium,Medium
banana,1778,1105096,75.0,0.1,0.75,,5.0,0.97,35,15,25,60,14,ambient,normal,Perforated PE film,50,7000,18,Good,Medium,Medium
banana,1778,1105096,75.0,0.1,0.75,,5.0,0.97,35,15,25,60,7,ambient,refrigerated,Perforated PE film,50,7000,18,Good,Medium,Medium
banana,1778,1105096,75.0,0.1,0.75,,5.0,0.97,35,15,25,60,7,ambient,frozen,Perforated PE film,50,7000,18,Good,Medium,Medium
banana,1778,1105096,75.0,0.1,0.75,,5.0,0.97,35,15,5,85,10,chilled,normal,Perforated PE film,50,7000,18,Good,Medium,Medium
banana,1778,1105096,75.0,0.1,0.75,,5.0,0.97,35,15,5,85,7,chilled,refrigerated,Perforated PE film,50,7000,18,Good,Medium,Medium
banana,1778,1105096,75.0,0.1,0.75,,5.0,0.97,35,15,5,85,14,chilled,frozen,Perforated PE film,50,7000,18,Good,Medium,Medium
banana,1778,1105096,75.0,0.1,0.75,,5.0,0.97,35,15,-18,90,180,frozen,normal,Perforated PE film,50,7000,18,Good,Medium,Medium
banana,1778,1105096,75.0,0.1,0.75,,5.0,0.97,35,15,-18,90,60,frozen,refrigerated,Perforated PE film,50,7000,18,Good,Medium,Medium
banana,1778,1105096,75.0,0.1,0.75,,5.0,0.97,35,15,-18,90,180,frozen,frozen,Perforated PE film,50,7000,18,Good,Medium,Medium
banana,1779,1105116,75.2,0.14,0.69,,5.0,0.97,35,15,25,60,14,ambient,normal,Perforated PE film,50,7000,18,Good,Medium,Medium
banana,1779,1105116,75.2,0.14,0.69,,5.0,0.97,35,15,25,60,14,ambient,refrigerated,Perforated PE film,50,7000,18,Good,Medium,Medium
banana,1779,1105116,75.2,0.14,0.69,,5.0,0.97,35,15,25,60,10,ambient,frozen,Perforated PE film,50,7000,18,Good,Medium,Medium
banana,1779,1105116,75.2,0.14,0.69,,5.0,0.97,35,15,5,85,14,chilled,normal,Perforated PE film,50,7000,18,Good,Medium,Medium
banana,1779,1105116,75.2,0.14,0.69,,5.0,0.97,35,15,5,85,7,chilled,refrigerated,Perforated PE film,50,7000,18,Good,Medium,Medium
banana,1779,1105116,75.2,0.14,0.69,,5.0,0.97,35,15,5,85,21,chilled,frozen,Perforated PE film,50,7000,18,Good,Medium,Medium
banana,1779,1105116,75.2,0.14,0.69,,5.0,0.97,35,15,-18,90,90,frozen,normal,Perforated PE film,50,7000,18,Good,Medium,Medium
banana,1779,1105116,75.2,0.14,0.69,,5.0,0.97,35,15,-18,90,60,frozen,refrigerated,Perforated PE film,50,7000,18,Good,Medium,Medium
banana,1779,1105116,75.2,0.14,0.69,,5.0,0.97,35,15,-18,90,180,frozen,frozen,Perforated PE film,50,7000,18,Good,Medium,Medium
banana,1784,1105222,75.3,0.43,0.81,,5.0,0.97,35,15,25,60,5,ambient,normal,Perforated PE film,50,7000,18,Good,Medium,Medium
banana,1784,1105222,75.3,0.43,0.81,,5.0,0.97,35,15,25,60,7,ambient,refrigerated,Perforated PE film,50,7000,18,Good,Medium,Medium
banana,1784,1105222,75.3,0.43,0.81,,5.0,0.97,35,15,25,60,7,ambient,frozen,Perforated PE film,50,7000,18,Good,Medium,Medium
banana,1784,1105222,75.3,0.43,0.81,,5.0,0.97,35,15,5,85,14,chilled,normal,Perforated PE film,50,7000,18,Good,Medium,Medium
banana,1784,1105222,75.3,0.43,0.81,,5.0,0.97,35,15,5,85,14,chilled,refrigerated,Perforated PE film,50,7000,18,Good,Medium,Medium
banana,1784,1105222,75.3,0.43,0.81,,5.0,0.97,35,15,5,85,30,chilled,frozen,Perforated PE film,50,7000,18,Good,Medium,Medium
banana,1784,1105222,75.3,0.43,0.81,,5.0,0.97,35,15,-18,90,90,frozen,normal,Perforated PE film,50,7000,18,Good,Medium,Medium
banana,1784,1105222,75.3,0.43,0.81,,5.0,0.97,35,15,-18,90,30,frozen,refrigerated,Perforated PE film,50,7000,18,Good,Medium,Medium
banana,1784,1105222,75.3,0.43,0.81,,5.0,0.97,35,15,-18,90,60,frozen,frozen,Perforated PE film,50,7000,18,Good,Medium,Medium
banana,1785,1105242,75.0,0.11,0.76,,5.0,0.97,35,15,25,60,3,ambient,normal,Perforated PE film,50,7000,18,Good,Medium,Medium
banana,1785,1105242,75.0,0.11,0.76,,5.0,0.97,35,15,25,60,5,ambient,refrigerated,Perforated PE film,50,7000,18,Good,Medium,Medium
banana,1785,1105242,75.0,0.11,0.76,,5.0,0.97,35,15,25,60,10,ambient,frozen,Perforated PE film,50,7000,18,Good,Medium,Medium
banana,1785,1105242,75.0,0.11,0.76,,5.0,0.97,35,15,5,85,21,chilled,normal,Perforated PE film,50,7000,18,Good,Medium,Medium
banana,1785,1105242,75.0,0.11,0.76,,5.0,0.97,35,15,5,85,30,chilled,refrigerated,Perforated PE film,50,7000,18,Good,Medium,Medium
banana,1785,1105242,75.0,0.11,0.76,,5.0,0.97,35,15,5,85,10,chilled,frozen,Perforated PE film,50,7000,18,Good,Medium,Medium
banana,1785,1105242,75.0,0.11,0.76,,5.0,0.97,35,15,-18,90,180,frozen,normal,Perforated PE film,50,7000,18,Good,Medium,Medium
banana,1785,1105242,75.0,0.11,0.76,,5.0,0.97,35,15,-18,90,180,frozen,refrigerated,Perforated PE film,50,7000,18,Good,Medium,Medium
banana,1785,1105242,75.0,0.11,0.76,,5.0,0.97,35,15,-18,90,180,frozen,frozen,Perforated PE film,50,7000,18,Good,Medium,Medium
banana,1786,1105258,75.6,0.71,0.71,,5.0,0.97,35,15,25,60,3,ambient,normal,Perforated PE film,50,7000,18,Good,Medium,Medium
banana,1786,1105258,75.6,0.71,0.71,,5.0,0.97,35,15,25,60,3,ambient,refrigerated,Perforated PE film,50,7000,18,Good,Medium,Medium
banana,1786,1105258,75.6,0.71,0.71,,5.0,0.97,35,15,25,60,7,ambient,frozen,Perforated PE film,50,7000,18,Good,Medium,Medium
banana,1786,1105258,75.6,0.71,0.71,,5.0,0.97,35,15,5,85,10,chilled,normal,Perforated PE film,50,7000,18,Good,Medium,Medium
banana,1786,1105258,75.6,0.71,0.71,,5.0,0.97,35,15,5,85,21,chilled,refrigerated,Perforated PE film,50,7000,18,Good,Medium,Medium
banana,1786,1105258,75.6,0.71,0.71,,5.0,0.97,35,15,5,85,10,chilled,frozen,Perforated PE film,50,7000,18,Good,Medium,Medium
banana,1786,1105258,75.6,0.71,0.71,,5.0,0.97,35,15,-18,90,90,frozen,normal,Perforated PE film,50,7000,18,Good,Medium,Medium
banana,1786,1105258,75.6,0.71,0.71,,5.0,0.97,35,15,-18,90,90,frozen,refrigerated,Perforated PE film,50,7000,18,Good,Medium,Medium
banana,1786,1105258,75.6,0.71,0.71,,5.0,0.97,35,15,-18,90,180,frozen,frozen,Perforated PE film,50,7000,18,Good,Medium,Medium
banana,1788,1105294,77.0,0.72,0.73,,5.0,0.97,35,15,25,60,14,ambient,normal,Perforated PE film,50,7000,18,Good,Medium,Medium
banana,1788,1105294,77.0,0.72,0.73,,5.0,0.97,35,15,25,60,14,ambient,refrigerated,Perforated PE film,50,7000,18,Good,Medium,Medium
banana,1788,1105294,77.0,0.72,0.73,,5.0,0.97,35,15,25,60,7,ambient,frozen,Perforated PE film,50,7000,18,Good,Medium,Medium
banana,1788,1105294,77.0,0.72,0.73,,5.0,0.97,35,15,5,85,21,chilled,normal,Perforated PE film,50,7000,18,Good,Medium,Medium
banana,1788,1105294,77.0,0.72,0.73,,5.0,0.97,35,15,5,85,30,chilled,refrigerated,Perforated PE film,50,7000,18,Good,Medium,Medium
banana,1788,1105294,77.0,0.72,0.73,,5.0,0.97,35,15,5,85,14,chilled,frozen,Perforated PE film,50,7000,18,Good,Medium,Medium
banana,1788,1105294,77.0,0.72,0.73,,5.0,0.97,35,15,-18,90,90,frozen,normal,Perforated PE film,50,7000,18,Good,Medium,Medium
banana,1788,1105294,77.0,0.72,0.73,,5.0,0.97,35,15,-18,90,180,frozen,refrigerated,Perforated PE film,50,7000,18,Good,Medium,Medium
banana,1788,1105294,77.0,0.72,0.73,,5.0,0.97,35,15,-18,90,90,frozen,frozen,Perforated PE film,50,7000,18,Good,Medium,Medium
banana,1708,790755,,,,,5.0,0.97,35,15,25,60,7,ambient,normal,Perforated PE film,50,7000,18,Good,Medium,Medium
banana,1708,790755,,,,,5.0,0.97,35,15,25,60,7,ambient,refrigerated,Perforated PE film,50,7000,18,Good,Medium,Medium
banana,1708,790755,,,,,5.0,0.97,35,15,25,60,5,ambient,frozen,Perforated PE film,50,7000,18,Good,Medium,Medium
banana,1708,790755,,,,,5.0,0.97,35,15,5,85,7,chilled,normal,Perforated PE film,50,7000,18,Good,Medium,Medium
banana,1708,790755,,,,,5.0,0.97,35,15,5,85,10,chilled,refrigerated,Perforated PE film,50,7000,18,Good,Medium,Medium
banana,1708,790755,,,,,5.0,0.97,35,15,5,85,14,chilled,frozen,Perforated PE film,50,7000,18,Good,Medium,Medium
banana,1708,790755,,,,,5.0,0.97,35,15,-18,90,30,frozen,normal,Perforated PE film,50,7000,18,Good,Medium,Medium
banana,1708,790755,,,,,5.0,0.97,35,15,-18,90,60,frozen,refrigerated,Perforated PE film,50,7000,18,Good,Medium,Medium
banana,1708,790755,,,,,5.0,0.97,35,15,-18,90,60,frozen,frozen,Perforated PE film,50,7000,18,Good,Medium,Medium
bread,472,325810,33.0,5.4,2.52,530.0,5.5,0.94,5,0,25,60,5,ambient,normal,LDPE film,40,2000,8,Excellent,Medium,Medium
bread,472,325810,33.0,5.4,2.52,530.0,5.5,0.94,5,0,25,60,10,ambient,refrigerated,LDPE film,40,2000,8,Excellent,Medium,Medium
bread,472,325810,33.0,5.4,2.52,530.0,5.5,0.94,5,0,25,60,7,ambient,frozen,LDPE film,40,2000,8,Excellent,Medium,Medium
bread,472,325810,33.0,5.4,2.52,530.0,5.5,0.94,5,0,5,85,30,chilled,normal,LDPE film,40,2000,8,Excellent,Medium,Medium
bread,472,325810,33.0,5.4,2.52,530.0,5.5,0.94,5,0,5,85,30,chilled,refrigerated,LDPE film,40,2000,8,Excellent,Medium,Medium
bread,472,325810,33.0,5.4,2.52,530.0,5.5,0.94,5,0,5,85,30,chilled,frozen,LDPE film,40,2000,8,Excellent,Medium,Medium
bread,472,325810,33.0,5.4,2.52,530.0,5.5,0.94,5,0,-18,90,90,frozen,normal,LDPE film,40,2000,8,Excellent,Medium,Medium
bread,472,325810,33.0,5.4,2.52,530.0,5.5,0.94,5,0,-18,90,30,frozen,refrigerated,LDPE film,40,2000,8,Excellent,Medium,Medium
bread,472,325810,33.0,5.4,2.52,530.0,5.5,0.94,5,0,-18,90,60,frozen,frozen,LDPE film,40,2000,8,Excellent,Medium,Medium
bread,471,325795,34.4,5.2,2.39,482.0,5.5,0.94,5,0,25,60,7,ambient,normal,LDPE film,40,2000,8,Excellent,Medium,Medium
bread,471,325795,34.4,5.2,2.39,482.0,5.5,0.94,5,0,25,60,5,ambient,refrigerated,LDPE film,40,2000,8,Excellent,Medium,Medium
bread,471,325795,34.4,5.2,2.39,482.0,5.5,0.94,5,0,25,60,7,ambient,frozen,LDPE film,40,2000,8,Excellent,Medium,Medium
bread,471,325795,34.4,5.2,2.39,482.0,5.5,0.94,5,0,5,85,10,chilled,normal,LDPE film,40,2000,8,Excellent,Medium,Medium
bread,471,325795,34.4,5.2,2.39,482.0,5.5,0.94,5,0,5,85,14,chilled,refrigerated,LDPE film,40,2000,8,Excellent,Medium,Medium
bread,471,325795,34.4,5.2,2.39,482.0,5.5,0.94,5,0,5,85,7,chilled,frozen,LDPE film,40,2000,8,Excellent,Medium,Medium
bread,471,325795,34.4,5.2,2.39,482.0,5.5,0.94,5,0,-18,90,60,frozen,normal,LDPE film,40,2000,8,Excellent,Medium,Medium
bread,471,325795,34.4,5.2,2.39,482.0,5.5,0.94,5,0,-18,90,90,frozen,refrigerated,LDPE film,40,2000,8,Excellent,Medium,Medium
bread,471,325795,34.4,5.2,2.39,482.0,5.5,0.94,5,0,-18,90,30,frozen,frozen,LDPE film,40,2000,8,Excellent,Medium,Medium
bread,473,325825,33.0,5.3,2.48,525.0,5.5,0.94,5,0,25,60,3,ambient,normal,LDPE film,40,2000,8,Excellent,Medium,Medium
bread,473,325825,33.0,5.3,2.48,525.0,5.5,0.94,5,0,25,60,14,ambient,refrigerated,LDPE film,40,2000,8,Excellent,Medium,Medium
bread,473,325825,33.0,5.3,2.48,525.0,5.5,0.94,5,0,25,60,7,ambient,frozen,LDPE film,40,2000,8,Excellent,Medium,Medium
bread,473,325825,33.0,5.3,2.48,525.0,5.5,0.94,5,0,5,85,10,chilled,normal,LDPE film,40,2000,8,Excellent,Medium,Medium
bread,473,325825,33.0,5.3,2.48,525.0,5.5,0.94,5,0,5,85,21,chilled,refrigerated,LDPE film,40,2000,8,Excellent,Medium,Medium
bread,473,325825,33.0,5.3,2.48,525.0,5.5,0.94,5,0,5,85,7,chilled,frozen,LDPE film,40,2000,8,Excellent,Medium,Medium
bread,473,325825,33.0,5.3,2.48,525.0,5.5,0.94,5,0,-18,90,30,frozen,normal,LDPE film,40,2000,8,Excellent,Medium,Medium
bread,473,325825,33.0,5.3,2.48,525.0,5.5,0.94,5,0,-18,90,90,frozen,refrigerated,LDPE film,40,2000,8,Excellent,Medium,Medium
bread,473,325825,33.0,5.3,2.48,525.0,5.5,0.94,5,0,-18,90,180,frozen,frozen,LDPE film,40,2000,8,Excellent,Medium,Medium
bread,475,325856,35.9,3.6,2.61,333.0,5.5,0.94,5,0,25,60,10,ambient,normal,LDPE film,40,2000,8,Excellent,Medium,Medium
bread,475,325856,35.9,3.6,2.61,333.0,5.5,0.94,5,0,25,60,10,ambient,refrigerated,LDPE film,40,2000,8,Excellent,Medium,Medium
bread,475,325856,35.9,3.6,2.61,333.0,5.5,0.94,5,0,25,60,7,ambient,frozen,LDPE film,40,2000,8,Excellent,Medium,Medium
bread,475,325856,35.9,3.6,2.61,333.0,5.5,0.94,5,0,5,85,10,chilled,normal,LDPE film,40,2000,8,Excellent,Medium,Medium
bread,475,325856,35.9,3.6,2.61,333.0,5.5,0.94,5,0,5,85,7,chilled,refrigerated,LDPE film,40,2000,8,Excellent,Medium,Medium
bread,475,325856,35.9,3.6,2.61,333.0,5.5,0.94,5,0,5,85,14,chilled,frozen,LDPE film,40,2000,8,Excellent,Medium,Medium
bread,475,325856,35.9,3.6,2.61,333.0,5.5,0.94,5,0,-18,90,180,frozen,normal,LDPE film,40,2000,8,Excellent,Medium,Medium
bread,475,325856,35.9,3.6,2.61,333.0,5.5,0.94,5,0,-18,90,30,frozen,refrigerated,LDPE film,40,2000,8,Excellent,Medium,Medium
bread,475,325856,35.9,3.6,2.61,333.0,5.5,0.94,5,0,-18,90,30,frozen,frozen,LDPE film,40,2000,8,Excellent,Medium,Medium
bread,474,325841,34.9,4.0,2.88,405.0,5.5,0.94,5,0,25,60,10,ambient,normal,LDPE film,40,2000,8,Excellent,Medium,Medium
bread,474,325841,34.9,4.0,2.88,405.0,5.5,0.94,5,0,25,60,10,ambient,refrigerated,LDPE film,40,2000,8,Excellent,Medium,Medium
bread,474,325841,34.9,4.0,2.88,405.0,5.5,0.94,5,0,25,60,3,ambient,frozen,LDPE film,40,2000,8,Excellent,Medium,Medium
bread,474,325841,34.9,4.0,2.88,405.0,5.5,0.94,5,0,5,85,30,chilled,normal,LDPE film,40,2000,8,Excellent,Medium,Medium
bread,474,325841,34.9,4.0,2.88,405.0,5.5,0.94,5,0,5,85,7,chilled,refrigerated,LDPE film,40,2000,8,Excellent,Medium,Medium
bread,474,325841,34.9,4.0,2.88,405.0,5.5,0.94,5,0,5,85,10,chilled,frozen,LDPE film,40,2000,8,Excellent,Medium,Medium
bread,474,325841,34.9,4.0,2.88,405.0,5.5,0.94,5,0,-18,90,60,frozen,normal,LDPE film,40,2000,8,Excellent,Medium,Medium
bread,474,325841,34.9,4.0,2.88,405.0,5.5,0.94,5,0,-18,90,90,frozen,refrigerated,LDPE film,40,2000,8,Excellent,Medium,Medium
bread,474,325841,34.9,4.0,2.88,405.0,5.5,0.94,5,0,-18,90,30,frozen,frozen,LDPE film,40,2000,8,Excellent,Medium,Medium
bread,461,325725,38.8,2.4,1.59,431.0,5.5,0.94,5,0,25,60,5,ambient,normal,LDPE film,40,2000,8,Excellent,Medium,Medium
bread,461,325725,38.8,2.4,1.59,431.0,5.5,0.94,5,0,25,60,3,ambient,refrigerated,LDPE film,40,2000,8,Excellent,Medium,Medium
bread,461,325725,38.8,2.4,1.59,431.0,5.5,0.94,5,0,25,60,14,ambient,frozen,LDPE film,40,2000,8,Excellent,Medium,Medium
bread,461,325725,38.8,2.4,1.59,431.0,5.5,0.94,5,0,5,85,21,chilled,normal,LDPE film,40,2000,8,Excellent,Medium,Medium
bread,461,325725,38.8,2.4,1.59,431.0,5.5,0.94,5,0,5,85,30,chilled,refrigerated,LDPE film,40,2000,8,Excellent,Medium,Medium
bread,461,325725,38.8,2.4,1.59,431.0,5.5,0.94,5,0,5,85,30,chilled,frozen,LDPE film,40,2000,8,Excellent,Medium,Medium
bread,461,325725,38.8,2.4,1.59,431.0,5.5,0.94,5,0,-18,90,60,frozen,normal,LDPE film,40,2000,8,Excellent,Medium,Medium
bread,461,325725,38.8,2.4,1.59,431.0,5.5,0.94,5,0,-18,90,180,frozen,refrigerated,LDPE film,40,2000,8,Excellent,Medium,Medium
bread,461,325725,38.8,2.4,1.59,431.0,5.5,0.94,5,0,-18,90,180,frozen,frozen,LDPE film,40,2000,8,Excellent,Medium,Medium
bread,460,325718,41.1,2.9,1.93,555.0,5.5,0.94,5,0,25,60,10,ambient,normal,LDPE film,40,2000,8,Excellent,Medium,Medium
bread,460,325718,41.1,2.9,1.93,555.0,5.5,0.94,5,0,25,60,7,ambient,refrigerated,LDPE film,40,2000,8,Excellent,Medium,Medium
bread,460,325718,41.1,2.9,1.93,555.0,5.5,0.94,5,0,25,60,14,ambient,frozen,LDPE film,40,2000,8,Excellent,Medium,Medium
bread,460,325718,41.1,2.9,1.93,555.0,5.5,0.94,5,0,5,85,21,chilled,normal,LDPE film,40,2000,8,Excellent,Medium,Medium
bread,460,325718,41.1,2.9,1.93,555.0,5.5,0.94,5,0,5,85,14,chilled,refrigerated,LDPE film,40,2000,8,Excellent,Medium,Medium
bread,460,325718,41.1,2.9,1.93,555.0,5.5,0.94,5,0,5,85,30,chilled,frozen,LDPE film,40,2000,8,Excellent,Medium,Medium
bread,460,325718,41.1,2.9,1.93,555.0,5.5,0.94,5,0,-18,90,30,frozen,normal,LDPE film,40,2000,8,Excellent,Medium,Medium
bread,460,325718,41.1,2.9,1.93,555.0,5.5,0.94,5,0,-18,90,30,frozen,refrigerated,LDPE film,40,2000,8,Excellent,Medium,Medium
bread,460,325718,41.1,2.9,1.93,555.0,5.5,0.94,5,0,-18,90,60,frozen,frozen,LDPE film,40,2000,8,Excellent,Medium,Medium
bread,469,325781,34.9,3.4,2.2,500.0,5.5,0.94,5,0,25,60,5,ambient,normal,LDPE film,40,2000,8,Excellent,Medium,Medium
bread,469,325781,34.9,3.4,2.2,500.0,5.5,0.94,5,0,25,60,7,ambient,refrigerated,LDPE film,40,2000,8,Excellent,Medium,Medium
bread,469,325781,34.9,3.4,2.2,500.0,5.5,0.94,5,0,25,60,3,ambient,frozen,LDPE film,40,2000,8,Excellent,Medium,Medium
bread,469,325781,34.9,3.4,2.2,500.0,5.5,0.94,5,0,5,85,10,chilled,normal,LDPE film,40,2000,8,Excellent,Medium,Medium
bread,469,325781,34.9,3.4,2.2,500.0,5.5,0.94,5,0,5,85,10,chilled,refrigerated,LDPE film,40,2000,8,Excellent,Medium,Medium
bread,469,325781,34.9,3.4,2.2,500.0,5.5,0.94,5,0,5,85,10,chilled,frozen,LDPE film,40,2000,8,Excellent,Medium,Medium
bread,469,325781,34.9,3.4,2.2,500.0,5.5,0.94,5,0,-18,90,30,frozen,normal,LDPE film,40,2000,8,Excellent,Medium,Medium
bread,469,325781,34.9,3.4,2.2,500.0,5.5,0.94,5,0,-18,90,60,frozen,refrigerated,LDPE film,40,2000,8,Excellent,Medium,Medium
bread,469,325781,34.9,3.4,2.2,500.0,5.5,0.94,5,0,-18,90,30,frozen,frozen,LDPE film,40,2000,8,Excellent,Medium,Medium
bread,464,325746,37.7,2.3,1.74,471.0,5.5,0.94,5,0,25,60,10,ambient,normal,LDPE film,40,2000,8,Excellent,Medium,Medium
bread,464,325746,37.7,2.3,1.74,471.0,5.5,0.94,5,0,25,60,10,ambient,refrigerated,LDPE film,40,2000,8,Excellent,Medium,Medium
bread,464,325746,37.7,2.3,1.74,471.0,5.5,0.94,5,0,25,60,14,ambient,frozen,LDPE film,40,2000,8,Excellent,Medium,Medium
bread,464,325746,37.7,2.3,1.74,471.0,5.5,0.94,5,0,5,85,21,chilled,normal,LDPE film,40,2000,8,Excellent,Medium,Medium
bread,464,325746,37.7,2.3,1.74,471.0,5.5,0.94,5,0,5,85,14,chilled,refrigerated,LDPE film,40,2000,8,Excellent,Medium,Medium
bread,464,325746,37.7,2.3,1.74,471.0,5.5,0.94,5,0,5,85,7,chilled,frozen,LDPE film,40,2000,8,Excellent,Medium,Medium
bread,464,325746,37.7,2.3,1.74,471.0,5.5,0.94,5,0,-18,90,60,frozen,normal,LDPE film,40,2000,8,Excellent,Medium,Medium
bread,464,325746,37.7,2.3,1.74,471.0,5.5,0.94,5,0,-18,90,90,frozen,refrigerated,LDPE film,40,2000,8,Excellent,Medium,Medium
bread,464,325746,37.7,2.3,1.74,471.0,5.5,0.94,5,0,-18,90,90,frozen,frozen,LDPE film,40,2000,8,Excellent,Medium,Medium
bread,467,325767,34.0,3.2,1.96,528.0,5.5,0.94,5,0,25,60,10,ambient,normal,LDPE film,40,2000,8,Excellent,Medium,Medium
bread,467,325767,34.0,3.2,1.96,528.0,5.5,0.94,5,0,25,60,3,ambient,refrigerated,LDPE film,40,2000,8,Excellent,Medium,Medium
bread,467,325767,34.0,3.2,1.96,528.0,5.5,0.94,5,0,25,60,5,ambient,frozen,LDPE film,40,2000,8,Excellent,Medium,Medium
bread,467,325767,34.0,3.2,1.96,528.0,5.5,0.94,5,0,5,85,14,chilled,normal,LDPE film,40,2000,8,Excellent,Medium,Medium
bread,467,325767,34.0,3.2,1.96,528.0,5.5,0.94,5,0,5,85,30,chilled,refrigerated,LDPE film,40,2000,8,Excellent,Medium,Medium
bread,467,325767,34.0,3.2,1.96,528.0,5.5,0.94,5,0,5,85,10,chilled,frozen,LDPE film,40,2000,8,Excellent,Medium,Medium
bread,467,325767,34.0,3.2,1.96,528.0,5.5,0.94,5,0,-18,90,180,frozen,normal,LDPE film,40,2000,8,Excellent,Medium,Medium
bread,467,325767,34.0,3.2,1.96,528.0,5.5,0.94,5,0,-18,90,30,frozen,refrigerated,LDPE film,40,2000,8,Excellent,Medium,Medium
bread,467,325767,34.0,3.2,1.96,528.0,5.5,0.94,5,0,-18,90,60,frozen,frozen,LDPE film,40,2000,8,Excellent,Medium,Medium
bread,465,325753,34.6,3.2,1.87,474.0,5.5,0.94,5,0,25,60,5,ambient,normal,LDPE film,40,2000,8,Excellent,Medium,Medium
bread,465,325753,34.6,3.2,1.87,474.0,5.5,0.94,5,0,25,60,7,ambient,refrigerated,LDPE film,40,2000,8,Excellent,Medium,Medium
bread,465,325753,34.6,3.2,1.87,474.0,5.5,0.94,5,0,25,60,5,ambient,frozen,LDPE film,40,2000,8,Excellent,Medium,Medium
bread,465,325753,34.6,3.2,1.87,474.0,5.5,0.94,5,0,5,85,7,chilled,normal,LDPE film,40,2000,8,Excellent,Medium,Medium
bread,465,325753,34.6,3.2,1.87,474.0,5.5,0.94,5,0,5,85,7,chilled,refrigerated,LDPE film,40,2000,8,Excellent,Medium,Medium
bread,465,325753,34.6,3.2,1.87,474.0,5.5,0.94,5,0,5,85,10,chilled,frozen,LDPE film,40,2000,8,Excellent,Medium,Medium
bread,465,325753,34.6,3.2,1.87,474.0,5.5,0.94,5,0,-18,90,90,frozen,normal,LDPE film,40,2000,8,Excellent,Medium,Medium
bread,465,325753,34.6,3.2,1.87,474.0,5.5,0.94,5,0,-18,90,90,frozen,refrigerated,LDPE film,40,2000,8,Excellent,Medium,Medium
bread,465,325753,34.6,3.2,1.87,474.0,5.5,0.94,5,0,-18,90,180,frozen,frozen,LDPE film,40,2000,8,Excellent,Medium,Medium
bread,457,325689,,,,,5.5,0.94,5,0,25,60,3,ambient,normal,LDPE film,40,2000,8,Excellent,Medium,Medium
bread,457,325689,,,,,5.5,0.94,5,0,25,60,10,ambient,refrigerated,LDPE film,40,2000,8,Excellent,Medium,Medium
bread,457,325689,,,,,5.5,0.94,5,0,25,60,7,ambient,frozen,LDPE film,40,2000,8,Excellent,Medium,Medium
bread,457,325689,,,,,5.5,0.94,5,0,5,85,21,chilled,normal,LDPE film,40,2000,8,Excellent,Medium,Medium
bread,457,325689,,,,,5.5,0.94,5,0,5,85,14,chilled,refrigerated,LDPE film,40,2000,8,Excellent,Medium,Medium
bread,457,325689,,,,,5.5,0.94,5,0,5,85,30,chilled,frozen,LDPE film,40,2000,8,Excellent,Medium,Medium
bread,457,325689,,,,,5.5,0.94,5,0,-18,90,180,frozen,normal,LDPE film,40,2000,8,Excellent,Medium,Medium
bread,457,325689,,,,,5.5,0.94,5,0,-18,90,180,frozen,refrigerated,LDPE film,40,2000,8,Excellent,Medium,Medium
bread,457,325689,,,,,5.5,0.94,5,0,-18,90,30,frozen,frozen,LDPE film,40,2000,8,Excellent,Medium,Medium
bread,468,325774,34.5,3.3,1.72,410.0,5.5,0.94,5,0,25,60,14,ambient,normal,LDPE film,40,2000,8,Excellent,Medium,Medium
bread,468,325774,34.5,3.3,1.72,410.0,5.5,0.94,5,0,25,60,3,ambient,refrigerated,LDPE film,40,2000,8,Excellent,Medium,Medium
bread,468,325774,34.5,3.3,1.72,410.0,5.5,0.94,5,0,25,60,10,ambient,frozen,LDPE film,40,2000,8,Excellent,Medium,Medium
bread,468,325774,34.5,3.3,1.72,410.0,5.5,0.94,5,0,5,85,14,chilled,normal,LDPE film,40,2000,8,Excellent,Medium,Medium
bread,468,325774,34.5,3.3,1.72,410.0,5.5,0.94,5,0,5,85,30,chilled,refrigerated,LDPE film,40,2000,8,Excellent,Medium,Medium
bread,468,325774,34.5,3.3,1.72,410.0,5.5,0.94,5,0,5,85,14,chilled,frozen,LDPE film,40,2000,8,Excellent,Medium,Medium
bread,468,325774,34.5,3.3,1.72,410.0,5.5,0.94,5,0,-18,90,30,frozen,normal,LDPE film,40,2000,8,Excellent,Medium,Medium
bread,468,325774,34.5,3.3,1.72,410.0,5.5,0.94,5,0,-18,90,30,frozen,refrigerated,LDPE film,40,2000,8,Excellent,Medium,Medium
bread,468,325774,34.5,3.3,1.72,410.0,5.5,0.94,5,0,-18,90,60,frozen,frozen,LDPE film,40,2000,8,Excellent,Medium,Medium
bread,463,325739,36.8,3.3,2.19,552.0,5.5,0.94,5,0,25,60,14,ambient,normal,LDPE film,40,2000,8,Excellent,Medium,Medium
bread,463,325739,36.8,3.3,2.19,552.0,5.5,0.94,5,0,25,60,14,ambient,refrigerated,LDPE film,40,2000,8,Excellent,Medium,Medium
bread,463,325739,36.8,3.3,2.19,552.0,5.5,0.94,5,0,25,60,3,ambient,frozen,LDPE film,40,2000,8,Excellent,Medium,Medium
bread,463,325739,36.8,3.3,2.19,552.0,5.5,0.94,5,0,5,85,14,chilled,normal,LDPE film,40,2000,8,Excellent,Medium,Medium
bread,463,325739,36.8,3.3,2.19,552.0,5.5,0.94,5,0,5,85,30,chilled,refrigerated,LDPE film,40,2000,8,Excellent,Medium,Medium
bread,463,325739,36.8,3.3,2.19,552.0,5.5,0.94,5,0,5,85,7,chilled,frozen,LDPE film,40,2000,8,Excellent,Medium,Medium
bread,463,325739,36.8,3.3,2.19,552.0,5.5,0.94,5,0,-18,90,60,frozen,normal,LDPE film,40,2000,8,Excellent,Medium,Medium
bread,463,325739,36.8,3.3,2.19,552.0,5.5,0.94,5,0,-18,90,180,frozen,refrigerated,LDPE film,40,2000,8,Excellent,Medium,Medium
bread,463,325739,36.8,3.3,2.19,552.0,5.5,0.94,5,0,-18,90,180,frozen,frozen,LDPE film,40,2000,8,Excellent,Medium,Medium
bread,470,325788,35.3,3.1,1.68,465.0,5.5,0.94,5,0,25,60,7,ambient,normal,LDPE film,40,2000,8,Excellent,Medium,Medium
bread,470,325788,35.3,3.1,1.68,465.0,5.5,0.94,5,0,25,60,5,ambient,refrigerated,LDPE film,40,2000,8,Excellent,Medium,Medium
bread,470,325788,35.3,3.1,1.68,465.0,5.5,0.94,5,0,25,60,14,ambient,frozen,LDPE film,40,2000,8,Excellent,Medium,Medium
bread,470,325788,35.3,3.1,1.68,465.0,5.5,0.94,5,0,5,85,21,chilled,normal,LDPE film,40,2000,8,Excellent,Medium,Medium
bread,470,325788,35.3,3.1,1.68,465.0,5.5,0.94,5,0,5,85,21,chilled,refrigerated,LDPE film,40,2000,8,Excellent,Medium,Medium
bread,470,325788,35.3,3.1,1.68,465.0,5.5,0.94,5,0,5,85,7,chilled,frozen,LDPE film,40,2000,8,Excellent,Medium,Medium
bread,470,325788,35.3,3.1,1.68,465.0,5.5,0.94,5,0,-18,90,180,frozen,normal,LDPE film,40,2000,8,Excellent,Medium,Medium
bread,470,325788,35.3,3.1,1.68,465.0,5.5,0.94,5,0,-18,90,90,frozen,refrigerated,LDPE film,40,2000,8,Excellent,Medium,Medium
bread,470,325788,35.3,3.1,1.68,465.0,5.5,0.94,5,0,-18,90,180,frozen,frozen,LDPE film,40,2000,8,Excellent,Medium,Medium
bread,466,325760,36.2,2.6,1.96,477.0,5.5,0.94,5,0,25,60,7,ambient,normal,LDPE film,40,2000,8,Excellent,Medium,Medium
bread,466,325760,36.2,2.6,1.96,477.0,5.5,0.94,5,0,25,60,7,ambient,refrigerated,LDPE film,40,2000,8,Excellent,Medium,Medium
bread,466,325760,36.2,2.6,1.96,477.0,5.5,0.94,5,0,25,60,3,ambient,frozen,LDPE film,40,2000,8,Excellent,Medium,Medium
bread,466,325760,36.2,2.6,1.96,477.0,5.5,0.94,5,0,5,85,10,chilled,normal,LDPE film,40,2000,8,Excellent,Medium,Medium
bread,466,325760,36.2,2.6,1.96,477.0,5.5,0.94,5,0,5,85,14,chilled,refrigerated,LDPE film,40,2000,8,Excellent,Medium,Medium
bread,466,325760,36.2,2.6,1.96,477.0,5.5,0.94,5,0,5,85,21,chilled,frozen,LDPE film,40,2000,8,Excellent,Medium,Medium
bread,466,325760,36.2,2.6,1.96,477.0,5.5,0.94,5,0,-18,90,180,frozen,normal,LDPE film,40,2000,8,Excellent,Medium,Medium
bread,466,325760,36.2,2.6,1.96,477.0,5.5,0.94,5,0,-18,90,90,frozen,refrigerated,LDPE film,40,2000,8,Excellent,Medium,Medium
bread,466,325760,36.2,2.6,1.96,477.0,5.5,0.94,5,0,-18,90,180,frozen,frozen,LDPE film,40,2000,8,Excellent,Medium,Medium
bread,462,325732,36.4,4.3,1.91,499.0,5.5,0.94,5,0,25,60,14,ambient,normal,LDPE film,40,2000,8,Excellent,Medium,Medium
bread,462,325732,36.4,4.3,1.91,499.0,5.5,0.94,5,0,25,60,3,ambient,refrigerated,LDPE film,40,2000,8,Excellent,Medium,Medium
bread,462,325732,36.4,4.3,1.91,499.0,5.5,0.94,5,0,25,60,10,ambient,frozen,LDPE film,40,2000,8,Excellent,Medium,Medium
bread,462,325732,36.4,4.3,1.91,499.0,5.5,0.94,5,0,5,85,7,chilled,normal,LDPE film,40,2000,8,Excellent,Medium,Medium
bread,462,325732,36.4,4.3,1.91,499.0,5.5,0.94,5,0,5,85,14,chilled,refrigerated,LDPE film,40,2000,8,Excellent,Medium,Medium
bread,462,325732,36.4,4.3,1.91,499.0,5.5,0.94,5,0,5,85,14,chilled,frozen,LDPE film,40,2000,8,Excellent,Medium,Medium
bread,462,325732,36.4,4.3,1.91,499.0,5.5,0.94,5,0,-18,90,90,frozen,normal,LDPE film,40,2000,8,Excellent,Medium,Medium
bread,462,325732,36.4,4.3,1.91,499.0,5.5,0.94,5,0,-18,90,30,frozen,refrigerated,LDPE film,40,2000,8,Excellent,Medium,Medium
bread,462,325732,36.4,4.3,1.91,499.0,5.5,0.94,5,0,-18,90,180,frozen,frozen,LDPE film,40,2000,8,Excellent,Medium,Medium
bread,458,325698,,,,,5.5,0.94,5,0,25,60,14,ambient,normal,LDPE film,40,2000,8,Excellent,Medium,Medium
bread,458,325698,,,,,5.5,0.94,5,0,25,60,3,ambient,refrigerated,LDPE film,40,2000,8,Excellent,Medium,Medium
bread,458,325698,,,,,5.5,0.94,5,0,25,60,14,ambient,frozen,LDPE film,40,2000,8,Excellent,Medium,Medium
bread,458,325698,,,,,5.5,0.94,5,0,5,85,21,chilled,normal,LDPE film,40,2000,8,Excellent,Medium,Medium
bread,458,325698,,,,,5.5,0.94,5,0,5,85,21,chilled,refrigerated,LDPE film,40,2000,8,Excellent,Medium,Medium
bread,458,325698,,,,,5.5,0.94,5,0,5,85,7,chilled,frozen,LDPE film,40,2000,8,Excellent,Medium,Medium
bread,458,325698,,,,,5.5,0.94,5,0,-18,90,60,frozen,normal,LDPE film,40,2000,8,Excellent,Medium,Medium
bread,458,325698,,,,,5.5,0.94,5,0,-18,90,90,frozen,refrigerated,LDPE film,40,2000,8,Excellent,Medium,Medium
bread,458,325698,,,,,5.5,0.94,5,0,-18,90,180,frozen,frozen,LDPE film,40,2000,8,Excellent,Medium,Medium
bread,456,325679,,,,,5.5,0.94,5,0,25,60,10,ambient,normal,LDPE film,40,2000,8,Excellent,Medium,Medium
bread,456,325679,,,,,5.5,0.94,5,0,25,60,3,ambient,refrigerated,LDPE film,40,2000,8,Excellent,Medium,Medium
bread,456,325679,,,,,5.5,0.94,5,0,25,60,5,ambient,frozen,LDPE film,40,2000,8,Excellent,Medium,Medium
bread,456,325679,,,,,5.5,0.94,5,0,5,85,14,chilled,normal,LDPE film,40,2000,8,Excellent,Medium,Medium
bread,456,325679,,,,,5.5,0.94,5,0,5,85,30,chilled,refrigerated,LDPE film,40,2000,8,Excellent,Medium,Medium
bread,456,325679,,,,,5.5,0.94,5,0,5,85,10,chilled,frozen,LDPE film,40,2000,8,Excellent,Medium,Medium
bread,456,325679,,,,,5.5,0.94,5,0,-18,90,90,frozen,normal,LDPE film,40,2000,8,Excellent,Medium,Medium
bread,456,325679,,,,,5.5,0.94,5,0,-18,90,180,frozen,refrigerated,LDPE film,40,2000,8,Excellent,Medium,Medium
bread,456,325679,,,,,5.5,0.94,5,0,-18,90,180,frozen,frozen,LDPE film,40,2000,8,Excellent,Medium,Medium
bread,459,325708,,,,,5.5,0.94,5,0,25,60,3,ambient,normal,LDPE film,40,2000,8,Excellent,Medium,Medium
bread,459,325708,,,,,5.5,0.94,5,0,25,60,3,ambient,refrigerated,LDPE film,40,2000,8,Excellent,Medium,Medium
bread,459,325708,,,,,5.5,0.94,5,0,25,60,14,ambient,frozen,LDPE film,40,2000,8,Excellent,Medium,Medium
bread,459,325708,,,,,5.5,0.94,5,0,5,85,10,chilled,normal,LDPE film,40,2000,8,Excellent,Medium,Medium
bread,459,325708,,,,,5.5,0.94,5,0,5,85,10,chilled,refrigerated,LDPE film,40,2000,8,Excellent,Medium,Medium
bread,459,325708,,,,,5.5,0.94,5,0,5,85,14,chilled,frozen,LDPE film,40,2000,8,Excellent,Medium,Medium
bread,459,325708,,,,,5.5,0.94,5,0,-18,90,30,frozen,normal,LDPE film,40,2000,8,Excellent,Medium,Medium
bread,459,325708,,,,,5.5,0.94,5,0,-18,90,180,frozen,refrigerated,LDPE film,40,2000,8,Excellent,Medium,Medium
bread,459,325708,,,,,5.5,0.94,5,0,-18,90,30,frozen,frozen,LDPE film,40,2000,8,Excellent,Medium,Medium
bread,454,325659,,,,,5.5,0.94,5,0,25,60,5,ambient,normal,LDPE film,40,2000,8,Excellent,Medium,Medium
bread,454,325659,,,,,5.5,0.94,5,0,25,60,3,ambient,refrigerated,LDPE film,40,2000,8,Excellent,Medium,Medium
bread,454,325659,,,,,5.5,0.94,5,0,25,60,10,ambient,frozen,LDPE film,40,2000,8,Excellent,Medium,Medium
bread,454,325659,,,,,5.5,0.94,5,0,5,85,7,chilled,normal,LDPE film,40,2000,8,Excellent,Medium,Medium
bread,454,325659,,,,,5.5,0.94,5,0,5,85,10,chilled,refrigerated,LDPE film,40,2000,8,Excellent,Medium,Medium
bread,454,325659,,,,,5.5,0.94,5,0,5,85,21,chilled,frozen,LDPE film,40,2000,8,Excellent,Medium,Medium
bread,454,325659,,,,,5.5,0.94,5,0,-18,90,90,frozen,normal,LDPE film,40,2000,8,Excellent,Medium,Medium
bread,454,325659,,,,,5.5,0.94,5,0,-18,90,90,frozen,refrigerated,LDPE film,40,2000,8,Excellent,Medium,Medium
bread,454,325659,,,,,5.5,0.94,5,0,-18,90,180,frozen,frozen,LDPE film,40,2000,8,Excellent,Medium,Medium
bread,455,325669,,,,,5.5,0.94,5,0,25,60,10,ambient,normal,LDPE film,40,2000,8,Excellent,Medium,Medium
bread,455,325669,,,,,5.5,0.94,5,0,25,60,10,ambient,refrigerated,LDPE film,40,2000,8,Excellent,Medium,Medium
bread,455,325669,,,,,5.5,0.94,5,0,25,60,5,ambient,frozen,LDPE film,40,2000,8,Excellent,Medium,Medium
bread,455,325669,,,,,5.5,0.94,5,0,5,85,21,chilled,normal,LDPE film,40,2000,8,Excellent,Medium,Medium
bread,455,325669,,,,,5.5,0.94,5,0,5,85,30,chilled,refrigerated,LDPE film,40,2000,8,Excellent,Medium,Medium
bread,455,325669,,,,,5.5,0.94,5,0,5,85,10,chilled,frozen,LDPE film,40,2000,8,Excellent,Medium,Medium
bread,455,325669,,,,,5.5,0.94,5,0,-18,90,180,frozen,normal,LDPE film,40,2000,8,Excellent,Medium,Medium
bread,455,325669,,,,,5.5,0.94,5,0,-18,90,60,frozen,refrigerated,LDPE film,40,2000,8,Excellent,Medium,Medium
bread,455,325669,,,,,5.5,0.94,5,0,-18,90,60,frozen,frozen,LDPE film,40,2000,8,Excellent,Medium,Medium
bread,1279,335185,40.2,3.22,1.95,545.0,5.5,0.94,5,0,25,60,3,ambient,normal,LDPE film,40,2000,8,Excellent,Medium,Medium
bread,1279,335185,40.2,3.22,1.95,545.0,5.5,0.94,5,0,25,60,7,ambient,refrigerated,LDPE film,40,2000,8,Excellent,Medium,Medium
bread,1279,335185,40.2,3.22,1.95,545.0,5.5,0.94,5,0,25,60,10,ambient,frozen,LDPE film,40,2000,8,Excellent,Medium,Medium
bread,1279,335185,40.2,3.22,1.95,545.0,5.5,0.94,5,0,5,85,14,chilled,normal,LDPE film,40,2000,8,Excellent,Medium,Medium
bread,1279,335185,40.2,3.22,1.95,545.0,5.5,0.94,5,0,5,85,30,chilled,refrigerated,LDPE film,40,2000,8,Excellent,Medium,Medium
bread,1279,335185,40.2,3.22,1.95,545.0,5.5,0.94,5,0,5,85,14,chilled,frozen,LDPE film,40,2000,8,Excellent,Medium,Medium
bread,1279,335185,40.2,3.22,1.95,545.0,5.5,0.94,5,0,-18,90,30,frozen,normal,LDPE film,40,2000,8,Excellent,Medium,Medium
bread,1279,335185,40.2,3.22,1.95,545.0,5.5,0.94,5,0,-18,90,90,frozen,refrigerated,LDPE film,40,2000,8,Excellent,Medium,Medium
bread,1279,335185,40.2,3.22,1.95,545.0,5.5,0.94,5,0,-18,90,90,frozen,frozen,LDPE film,40,2000,8,Excellent,Medium,Medium
bread,1275,335122,40.3,3.52,2.34,428.0,5.5,0.94,5,0,25,60,14,ambient,normal,LDPE film,40,2000,8,Excellent,Medium,Medium
bread,1275,335122,40.3,3.52,2.34,428.0,5.5,0.94,5,0,25,60,14,ambient,refrigerated,LDPE film,40,2000,8,Excellent,Medium,Medium
bread,1275,335122,40.3,3.52,2.34,428.0,5.5,0.94,5,0,25,60,10,ambient,frozen,LDPE film,40,2000,8,Excellent,Medium,Medium
bread,1275,335122,40.3,3.52,2.34,428.0,5.5,0.94,5,0,5,85,10,chilled,normal,LDPE film,40,2000,8,Excellent,Medium,Medium
bread,1275,335122,40.3,3.52,2.34,428.0,5.5,0.94,5,0,5,85,21,chilled,refrigerated,LDPE film,40,2000,8,Excellent,Medium,Medium
bread,1275,335122,40.3,3.52,2.34,428.0,5.5,0.94,5,0,5,85,30,chilled,frozen,LDPE film,40,2000,8,Excellent,Medium,Medium
bread,1275,335122,40.3,3.52,2.34,428.0,5.5,0.94,5,0,-18,90,180,frozen,normal,LDPE film,40,2000,8,Excellent,Medium,Medium
bread,1275,335122,40.3,3.52,2.34,428.0,5.5,0.94,5,0,-18,90,90,frozen,refrigerated,LDPE film,40,2000,8,Excellent,Medium,Medium
bread,1275,335122,40.3,3.52,2.34,428.0,5.5,0.94,5,0,-18,90,90,frozen,frozen,LDPE film,40,2000,8,Excellent,Medium,Medium
bread,1277,335153,40.0,3.34,2.29,442.0,5.5,0.94,5,0,25,60,14,ambient,normal,LDPE film,40,2000,8,Excellent,Medium,Medium
bread,1277,335153,40.0,3.34,2.29,442.0,5.5,0.94,5,0,25,60,14,ambient,refrigerated,LDPE film,40,2000,8,Excellent,Medium,Medium
bread,1277,335153,40.0,3.34,2.29,442.0,5.5,0.94,5,0,25,60,10,ambient,frozen,LDPE film,40,2000,8,Excellent,Medium,Medium
bread,1277,335153,40.0,3.34,2.29,442.0,5.5,0.94,5,0,5,85,21,chilled,normal,LDPE film,40,2000,8,Excellent,Medium,Medium
bread,1277,335153,40.0,3.34,2.29,442.0,5.5,0.94,5,0,5,85,14,chilled,refrigerated,LDPE film,40,2000,8,Excellent,Medium,Medium
bread,1277,335153,40.0,3.34,2.29,442.0,5.5,0.94,5,0,5,85,10,chilled,frozen,LDPE film,40,2000,8,Excellent,Medium,Medium
bread,1277,335153,40.0,3.34,2.29,442.0,5.5,0.94,5,0,-18,90,60,frozen,normal,LDPE film,40,2000,8,Excellent,Medium,Medium
bread,1277,335153,40.0,3.34,2.29,442.0,5.5,0.94,5,0,-18,90,180,frozen,refrigerated,LDPE film,40,2000,8,Excellent,Medium,Medium
bread,1277,335153,40.0,3.34,2.29,442.0,5.5,0.94,5,0,-18,90,60,frozen,frozen,LDPE film,40,2000,8,Excellent,Medium,Medium
bread,1276,335137,39.7,3.15,2.49,417.0,5.5,0.94,5,0,25,60,10,ambient,normal,LDPE film,40,2000,8,Excellent,Medium,Medium
bread,1276,335137,39.7,3.15,2.49,417.0,5.5,0.94,5,0,25,60,3,ambient,refrigerated,LDPE film,40,2000,8,Excellent,Medium,Medium
bread,1276,335137,39.7,3.15,2.49,417.0,5.5,0.94,5,0,25,60,7,ambient,frozen,LDPE film,40,2000,8,Excellent,Medium,Medium
bread,1276,335137,39.7,3.15,2.49,417.0,5.5,0.94,5,0,5,85,21,chilled,normal,LDPE film,40,2000,8,Excellent,Medium,Medium
bread,1276,335137,39.7,3.15,2.49,417.0,5.5,0.94,5,0,5,85,21,chilled,refrigerated,LDPE film,40,2000,8,Excellent,Medium,Medium
bread,1276,335137,39.7,3.15,2.49,417.0,5.5,0.94,5,0,5,85,21,chilled,frozen,LDPE film,40,2000,8,Excellent,Medium,Medium
bread,1276,335137,39.7,3.15,2.49,417.0,5.5,0.94,5,0,-18,90,60,frozen,normal,LDPE film,40,2000,8,Excellent,Medium,Medium
bread,1276,335137,39.7,3.15,2.49,417.0,5.5,0.94,5,0,-18,90,180,frozen,refrigerated,LDPE film,40,2000,8,Excellent,Medium,Medium
bread,1276,335137,39.7,3.15,2.49,417.0,5.5,0.94,5,0,-18,90,30,frozen,frozen,LDPE film,40,2000,8,Excellent,Medium,Medium
bread,1278,335169,38.8,3.62,2.68,516.0,5.5,0.94,5,0,25,60,5,ambient,normal,LDPE film,40,2000,8,Excellent,Medium,Medium
bread,1278,335169,38.8,3.62,2.68,516.0,5.5,0.94,5,0,25,60,14,ambient,refrigerated,LDPE film,40,2000,8,Excellent,Medium,Medium
bread,1278,335169,38.8,3.62,2.68,516.0,5.5,0.94,5,0,25,60,14,ambient,frozen,LDPE film,40,2000,8,Excellent,Medium,Medium
bread,1278,335169,38.8,3.62,2.68,516.0,5.5,0.94,5,0,5,85,14,chilled,normal,LDPE film,40,2000,8,Excellent,Medium,Medium
bread,1278,335169,38.8,3.62,2.68,516.0,5.5,0.94,5,0,5,85,7,chilled,refrigerated,LDPE film,40,2000,8,Excellent,Medium,Medium
bread,1278,335169,38.8,3.62,2.68,516.0,5.5,0.94,5,0,5,85,21,chilled,frozen,LDPE film,40,2000,8,Excellent,Medium,Medium
bread,1278,335169,38.8,3.62,2.68,516.0,5.5,0.94,5,0,-18,90,30,frozen,normal,LDPE film,40,2000,8,Excellent,Medium,Medium
bread,1278,335169,38.8,3.62,2.68,516.0,5.5,0.94,5,0,-18,90,180,frozen,refrigerated,LDPE film,40,2000,8,Excellent,Medium,Medium
bread,1278,335169,38.8,3.62,2.68,516.0,5.5,0.94,5,0,-18,90,30,frozen,frozen,LDPE film,40,2000,8,Excellent,Medium,Medium
bread,1274,335117,38.4,4.0,2.27,436.0,5.5,0.94,5,0,25,60,5,ambient,normal,LDPE film,40,2000,8,Excellent,Medium,Medium
bread,1274,335117,38.4,4.0,2.27,436.0,5.5,0.94,5,0,25,60,10,ambient,refrigerated,LDPE film,40,2000,8,Excellent,Medium,Medium
bread,1274,335117,38.4,4.0,2.27,436.0,5.5,0.94,5,0,25,60,5,ambient,frozen,LDPE film,40,2000,8,Excellent,Medium,Medium
bread,1274,335117,38.4,4.0,2.27,436.0,5.5,0.94,5,0,5,85,7,chilled,normal,LDPE film,40,2000,8,Excellent,Medium,Medium
bread,1274,335117,38.4,4.0,2.27,436.0,5.5,0.94,5,0,5,85,21,chilled,refrigerated,LDPE film,40,2000,8,Excellent,Medium,Medium
bread,1274,335117,38.4,4.0,2.27,436.0,5.5,0.94,5,0,5,85,14,chilled,frozen,LDPE film,40,2000,8,Excellent,Medium,Medium
bread,1274,335117,38.4,4.0,2.27,436.0,5.5,0.94,5,0,-18,90,90,frozen,normal,LDPE film,40,2000,8,Excellent,Medium,Medium
bread,1274,335117,38.4,4.0,2.27,436.0,5.5,0.94,5,0,-18,90,180,frozen,refrigerated,LDPE film,40,2000,8,Excellent,Medium,Medium
bread,1274,335117,38.4,4.0,2.27,436.0,5.5,0.94,5,0,-18,90,30,frozen,frozen,LDPE film,40,2000,8,Excellent,Medium,Medium
bread,1280,335202,37.7,3.89,2.48,464.0,5.5,0.94,5,0,25,60,7,ambient,normal,LDPE film,40,2000,8,Excellent,Medium,Medium
bread,1280,335202,37.7,3.89,2.48,464.0,5.5,0.94,5,0,25,60,14,ambient,refrigerated,LDPE film,40,2000,8,Excellent,Medium,Medium
bread,1280,335202,37.7,3.89,2.48,464.0,5.5,0.94,5,0,25,60,10,ambient,frozen,LDPE film,40,2000,8,Excellent,Medium,Medium
bread,1280,335202,37.7,3.89,2.48,464.0,5.5,0.94,5,0,5,85,14,chilled,normal,LDPE film,40,2000,8,Excellent,Medium,Medium
bread,1280,335202,37.7,3.89,2.48,464.0,5.5,0.94,5,0,5,85,21,chilled,refrigerated,LDPE film,40,2000,8,Excellent,Medium,Medium
bread,1280,335202,37.7,3.89,2.48,464.0,5.5,0.94,5,0,5,85,30,chilled,frozen,LDPE film,40,2000,8,Excellent,Medium,Medium
bread,1280,335202,37.7,3.89,2.48,464.0,5.5,0.94,5,0,-18,90,30,frozen,normal,LDPE film,40,2000,8,Excellent,Medium,Medium
bread,1280,335202,37.7,3.89,2.48,464.0,5.5,0.94,5,0,-18,90,30,frozen,refrigerated,LDPE film,40,2000,8,Excellent,Medium,Medium
bread,1280,335202,37.7,3.89,2.48,464.0,5.5,0.94,5,0,-18,90,60,frozen,frozen,LDPE film,40,2000,8,Excellent,Medium,Medium
bread,1273,335110,37.7,3.4,2.48,536.0,5.5,0.94,5,0,25,60,7,ambient,normal,LDPE film,40,2000,8,Excellent,Medium,Medium
bread,1273,335110,37.7,3.4,2.48,536.0,5.5,0.94,5,0,25,60,5,ambient,refrigerated,LDPE film,40,2000,8,Excellent,Medium,Medium
bread,1273,335110,37.7,3.4,2.48,536.0,5.5,0.94,5,0,25,60,3,ambient,frozen,LDPE film,40,2000,8,Excellent,Medium,Medium
bread,1273,335110,37.7,3.4,2.48,536.0,5.5,0.94,5,0,5,85,21,chilled,normal,LDPE film,40,2000,8,Excellent,Medium,Medium
bread,1273,335110,37.7,3.4,2.48,536.0,5.5,0.94,5,0,5,85,7,chilled,refrigerated,LDPE film,40,2000,8,Excellent,Medium,Medium
bread,1273,335110,37.7,3.4,2.48,536.0,5.5,0.94,5,0,5,85,7,chilled,frozen,LDPE film,40,2000,8,Excellent,Medium,Medium
bread,1273,335110,37.7,3.4,2.48,536.0,5.5,0.94,5,0,-18,90,180,frozen,normal,LDPE film,40,2000,8,Excellent,Medium,Medium
bread,1273,335110,37.7,3.4,2.48,536.0,5.5,0.94,5,0,-18,90,60,frozen,refrigerated,LDPE film,40,2000,8,Excellent,Medium,Medium
bread,1273,335110,37.7,3.4,2.48,536.0,5.5,0.94,5,0,-18,90,90,frozen,frozen,LDPE film,40,2000,8,Excellent,Medium,Medium
bread,1282,335224,36.5,3.56,1.95,255.0,5.5,0.94,5,0,25,60,3,ambient,normal,LDPE film,40,2000,8,Excellent,Medium,Medium
bread,1282,335224,36.5,3.56,1.95,255.0,5.5,0.94,5,0,25,60,3,ambient,refrigerated,LDPE film,40,2000,8,Excellent,Medium,Medium
bread,1282,335224,36.5,3.56,1.95,255.0,5.5,0.94,5,0,25,60,7,ambient,frozen,LDPE film,40,2000,8,Excellent,Medium,Medium
bread,1282,335224,36.5,3.56,1.95,255.0,5.5,0.94,5,0,5,85,7,chilled,normal,LDPE film,40,2000,8,Excellent,Medium,Medium
bread,1282,335224,36.5,3.56,1.95,255.0,5.5,0.94,5,0,5,85,14,chilled,refrigerated,LDPE film,40,2000,8,Excellent,Medium,Medium
bread,1282,335224,36.5,3.56,1.95,255.0,5.5,0.94,5,0,5,85,14,chilled,frozen,LDPE film,40,2000,8,Excellent,Medium,Medium
bread,1282,335224,36.5,3.56,1.95,255.0,5.5,0.94,5,0,-18,90,90,frozen,normal,LDPE film,40,2000,8,Excellent,Medium,Medium
bread,1282,335224,36.5,3.56,1.95,255.0,5.5,0.94,5,0,-18,90,180,frozen,refrigerated,LDPE film,40,2000,8,Excellent,Medium,Medium
bread,1282,335224,36.5,3.56,1.95,255.0,5.5,0.94,5,0,-18,90,60,frozen,frozen,LDPE film,40,2000,8,Excellent,Medium,Medium
bread,1281,335208,37.4,3.78,2.67,457.0,5.5,0.94,5,0,25,60,5,ambient,normal,LDPE film,40,2000,8,Excellent,Medium,Medium
bread,1281,335208,37.4,3.78,2.67,457.0,5.5,0.94,5,0,25,60,14,ambient,refrigerated,LDPE film,40,2000,8,Excellent,Medium,Medium
bread,1281,335208,37.4,3.78,2.67,457.0,5.5,0.94,5,0,25,60,10,ambient,frozen,LDPE film,40,2000,8,Excellent,Medium,Medium
bread,1281,335208,37.4,3.78,2.67,457.0,5.5,0.94,5,0,5,85,30,chilled,normal,LDPE film,40,2000,8,Excellent,Medium,Medium
bread,1281,335208,37.4,3.78,2.67,457.0,5.5,0.94,5,0,5,85,10,chilled,refrigerated,LDPE film,40,2000,8,Excellent,Medium,Medium
bread,1281,335208,37.4,3.78,2.67,457.0,5.5,0.94,5,0,5,85,10,chilled,frozen,LDPE film,40,2000,8,Excellent,Medium,Medium
bread,1281,335208,37.4,3.78,2.67,457.0,5.5,0.94,5,0,-18,90,60,frozen,normal,LDPE film,40,2000,8,Excellent,Medium,Medium
bread,1281,335208,37.4,3.78,2.67,457.0,5.5,0.94,5,0,-18,90,30,frozen,refrigerated,LDPE film,40,2000,8,Excellent,Medium,Medium
bread,1281,335208,37.4,3.78,2.67,457.0,5.5,0.94,5,0,-18,90,180,frozen,frozen,LDPE film,40,2000,8,Excellent,Medium,Medium
cheese,415,325181,,,,1770.0,5.2,0.9,0,0,25,60,14,ambient,normal,PET/PE laminate,80,100,3,Excellent,High,High
cheese,415,325181,,,,1770.0,5.2,0.9,0,0,25,60,5,ambient,refrigerated,PET/PE laminate,80,100,3,Excellent,High,High
cheese,415,325181,,,,1770.0,5.2,0.9,0,0,25,60,10,ambient,frozen,PET/PE laminate,80,100,3,Excellent,High,High
cheese,415,325181,,,,1770.0,5.2,0.9,0,0,5,85,30,chilled,normal,PET/PE laminate,80,100,3,Excellent,High,High
cheese,415,325181,,,,1770.0,5.2,0.9,0,0,5,85,10,chilled,refrigerated,PET/PE laminate,80,100,3,Excellent,High,High
cheese,415,325181,,,,1770.0,5.2,0.9,0,0,5,85,10,chilled,frozen,PET/PE laminate,80,100,3,Excellent,High,High
cheese,415,325181,,,,1770.0,5.2,0.9,0,0,-18,90,180,frozen,normal,PET/PE laminate,80,100,3,Excellent,High,High
cheese,415,325181,,,,1770.0,5.2,0.9,0,0,-18,90,90,frozen,refrigerated,PET/PE laminate,80,100,3,Excellent,High,High
cheese,415,325181,,,,1770.0,5.2,0.9,0,0,-18,90,180,frozen,frozen,PET/PE laminate,80,100,3,Excellent,High,High
cheese,408,325153,,,,1760.0,5.2,0.9,0,0,25,60,7,ambient,normal,PET/PE laminate,80,100,3,Excellent,High,High
cheese,408,325153,,,,1760.0,5.2,0.9,0,0,25,60,3,ambient,refrigerated,PET/PE laminate,80,100,3,Excellent,High,High
cheese,408,325153,,,,1760.0,5.2,0.9,0,0,25,60,10,ambient,frozen,PET/PE laminate,80,100,3,Excellent,High,High
cheese,408,325153,,,,1760.0,5.2,0.9,0,0,5,85,14,chilled,normal,PET/PE laminate,80,100,3,Excellent,High,High
cheese,408,325153,,,,1760.0,5.2,0.9,0,0,5,85,30,chilled,refrigerated,PET/PE laminate,80,100,3,Excellent,High,High
cheese,408,325153,,,,1760.0,5.2,0.9,0,0,5,85,10,chilled,frozen,PET/PE laminate,80,100,3,Excellent,High,High
cheese,408,325153,,,,1760.0,5.2,0.9,0,0,-18,90,30,frozen,normal,PET/PE laminate,80,100,3,Excellent,High,High
cheese,408,325153,,,,1760.0,5.2,0.9,0,0,-18,90,180,frozen,refrigerated,PET/PE laminate,80,100,3,Excellent,High,High
cheese,408,325153,,,,1760.0,5.2,0.9,0,0,-18,90,90,frozen,frozen,PET/PE laminate,80,100,3,Excellent,High,High
cheese,416,325186,,,,1890.0,5.2,0.9,0,0,25,60,14,ambient,normal,PET/PE laminate,80,100,3,Excellent,High,High
cheese,416,325186,,,,1890.0,5.2,0.9,0,0,25,60,7,ambient,refrigerated,PET/PE laminate,80,100,3,Excellent,High,High
cheese,416,325186,,,,1890.0,5.2,0.9,0,0,25,60,10,ambient,frozen,PET/PE laminate,80,100,3,Excellent,High,High
cheese,416,325186,,,,1890.0,5.2,0.9,0,0,5,85,14,chilled,normal,PET/PE laminate,80,100,3,Excellent,High,High
cheese,416,325186,,,,1890.0,5.2,0.9,0,0,5,85,21,chilled,refrigerated,PET/PE laminate,80,100,3,Excellent,High,High
cheese,416,325186,,,,1890.0,5.2,0.9,0,0,5,85,14,chilled,frozen,PET/PE laminate,80,100,3,Excellent,High,High
cheese,416,325186,,,,1890.0,5.2,0.9,0,0,-18,90,60,frozen,normal,PET/PE laminate,80,100,3,Excellent,High,High
cheese,416,325186,,,,1890.0,5.2,0.9,0,0,-18,90,180,frozen,refrigerated,PET/PE laminate,80,100,3,Excellent,High,High
cheese,416,325186,,,,1890.0,5.2,0.9,0,0,-18,90,180,frozen,frozen,PET/PE laminate,80,100,3,Excellent,High,High
cheese,403,325119,39.7,30.9,7.39,1590.0,5.2,0.9,0,0,25,60,3,ambient,normal,PET/PE laminate,80,100,3,Excellent,High,High
cheese,403,325119,39.7,30.9,7.39,1590.0,5.2,0.9,0,0,25,60,5,ambient,refrigerated,PET/PE laminate,80,100,3,Excellent,High,High
cheese,403,325119,39.7,30.9,7.39,1590.0,5.2,0.9,0,0,25,60,10,ambient,frozen,PET/PE laminate,80,100,3,Excellent,High,High
cheese,403,325119,39.7,30.9,7.39,1590.0,5.2,0.9,0,0,5,85,30,chilled,normal,PET/PE laminate,80,100,3,Excellent,High,High
cheese,403,325119,39.7,30.9,7.39,1590.0,5.2,0.9,0,0,5,85,14,chilled,refrigerated,PET/PE laminate,80,100,3,Excellent,High,High
cheese,403,325119,39.7,30.9,7.39,1590.0,5.2,0.9,0,0,5,85,30,chilled,frozen,PET/PE laminate,80,100,3,Excellent,High,High
cheese,403,325119,39.7,30.9,7.39,1590.0,5.2,0.9,0,0,-18,90,90,frozen,normal,PET/PE laminate,80,100,3,Excellent,High,High
cheese,403,325119,39.7,30.9,7.39,1590.0,5.2,0.9,0,0,-18,90,90,frozen,refrigerated,PET/PE laminate,80,100,3,Excellent,High,High
cheese,403,325119,39.7,30.9,7.39,1590.0,5.2,0.9,0,0,-18,90,30,frozen,frozen,PET/PE laminate,80,100,3,Excellent,High,High
cheese,397,325061,39.6,31.2,7.13,1750.0,5.2,0.9,0,0,25,60,10,ambient,normal,PET/PE laminate,80,100,3,Excellent,High,High
cheese,397,325061,39.6,31.2,7.13,1750.0,5.2,0.9,0,0,25,60,7,ambient,refrigerated,PET/PE laminate,80,100,3,Excellent,High,High
cheese,397,325061,39.6,31.2,7.13,1750.0,5.2,0.9,0,0,25,60,3,ambient,frozen,PET/PE laminate,80,100,3,Excellent,High,High
cheese,397,325061,39.6,31.2,7.13,1750.0,5.2,0.9,0,0,5,85,30,chilled,normal,PET/PE laminate,80,100,3,Excellent,High,High
cheese,397,325061,39.6,31.2,7.13,1750.0,5.2,0.9,0,0,5,85,7,chilled,refrigerated,PET/PE laminate,80,100,3,Excellent,High,High
cheese,397,325061,39.6,31.2,7.13,1750.0,5.2,0.9,0,0,5,85,30,chilled,frozen,PET/PE laminate,80,100,3,Excellent,High,High
cheese,397,325061,39.6,31.2,7.13,1750.0,5.2,0.9,0,0,-18,90,180,frozen,normal,PET/PE laminate,80,100,3,Excellent,High,High
cheese,397,325061,39.6,31.2,7.13,1750.0,5.2,0.9,0,0,-18,90,90,frozen,refrigerated,PET/PE laminate,80,100,3,Excellent,High,High
cheese,397,325061,39.6,31.2,7.13,1750.0,5.2,0.9,0,0,-18,90,60,frozen,frozen,PET/PE laminate,80,100,3,Excellent,High,High
cheese,396,325046,39.4,31.0,7.3,1700.0,5.2,0.9,0,0,25,60,14,ambient,normal,PET/PE laminate,80,100,3,Excellent,High,High
cheese,396,325046,39.4,31.0,7.3,1700.0,5.2,0.9,0,0,25,60,7,ambient,refrigerated,PET/PE laminate,80,100,3,Excellent,High,High
cheese,396,325046,39.4,31.0,7.3,1700.0,5.2,0.9,0,0,25,60,5,ambient,frozen,PET/PE laminate,80,100,3,Excellent,High,High
cheese,396,325046,39.4,31.0,7.3,1700.0,5.2,0.9,0,0,5,85,10,chilled,normal,PET/PE laminate,80,100,3,Excellent,High,High
cheese,396,325046,39.4,31.0,7.3,1700.0,5.2,0.9,0,0,5,85,30,chilled,refrigerated,PET/PE laminate,80,100,3,Excellent,High,High
cheese,396,325046,39.4,31.0,7.3,1700.0,5.2,0.9,0,0,5,85,14,chilled,frozen,PET/PE laminate,80,100,3,Excellent,High,High
cheese,396,325046,39.4,31.0,7.3,1700.0,5.2,0.9,0,0,-18,90,60,frozen,normal,PET/PE laminate,80,100,3,Excellent,High,High
cheese,396,325046,39.4,31.0,7.3,1700.0,5.2,0.9,0,0,-18,90,30,frozen,refrigerated,PET/PE laminate,80,100,3,Excellent,High,High
cheese,396,325046,39.4,31.0,7.3,1700.0,5.2,0.9,0,0,-18,90,30,frozen,frozen,PET/PE laminate,80,100,3,Excellent,High,High
cheese,401,325107,39.8,31.0,6.81,1690.0,5.2,0.9,0,0,25,60,7,ambient,normal,PET/PE laminate,80,100,3,Excellent,High,High
cheese,401,325107,39.8,31.0,6.81,1690.0,5.2,0.9,0,0,25,60,10,ambient,refrigerated,PET/PE laminate,80,100,3,Excellent,High,High
cheese,401,325107,39.8,31.0,6.81,1690.0,5.2,0.9,0,0,25,60,3,ambient,frozen,PET/PE laminate,80,100,3,Excellent,High,High
cheese,401,325107,39.8,31.0,6.81,1690.0,5.2,0.9,0,0,5,85,30,chilled,normal,PET/PE laminate,80,100,3,Excellent,High,High
cheese,401,325107,39.8,31.0,6.81,1690.0,5.2,0.9,0,0,5,85,14,chilled,refrigerated,PET/PE laminate,80,100,3,Excellent,High,High
cheese,401,325107,39.8,31.0,6.81,1690.0,5.2,0.9,0,0,5,85,10,chilled,frozen,PET/PE laminate,80,100,3,Excellent,High,High
cheese,401,325107,39.8,31.0,6.81,1690.0,5.2,0.9,0,0,-18,90,30,frozen,normal,PET/PE laminate,80,100,3,Excellent,High,High
cheese,401,325107,39.8,31.0,6.81,1690.0,5.2,0.9,0,0,-18,90,90,frozen,refrigerated,PET/PE laminate,80,100,3,Excellent,High,High
cheese,401,325107,39.8,31.0,6.81,1690.0,5.2,0.9,0,0,-18,90,90,frozen,frozen,PET/PE laminate,80,100,3,Excellent,High,High
cheese,400,325101,40.1,30.8,7.25,1720.0,5.2,0.9,0,0,25,60,10,ambient,normal,PET/PE laminate,80,100,3,Excellent,High,High
cheese,400,325101,40.1,30.8,7.25,1720.0,5.2,0.9,0,0,25,60,5,ambient,refrigerated,PET/PE laminate,80,100,3,Excellent,High,High
cheese,400,325101,40.1,30.8,7.25,1720.0,5.2,0.9,0,0,25,60,5,ambient,frozen,PET/PE laminate,80,100,3,Excellent,High,High
cheese,400,325101,40.1,30.8,7.25,1720.0,5.2,0.9,0,0,5,85,10,chilled,normal,PET/PE laminate,80,100,3,Excellent,High,High
cheese,400,325101,40.1,30.8,7.25,1720.0,5.2,0.9,0,0,5,85,30,chilled,refrigerated,PET/PE laminate,80,100,3,Excellent,High,High
cheese,400,325101,40.1,30.8,7.25,1720.0,5.2,0.9,0,0,5,85,14,chilled,frozen,PET/PE laminate,80,100,3,Excellent,High,High
cheese,400,325101,40.1,30.8,7.25,1720.0,5.2,0.9,0,0,-18,90,90,frozen,normal,PET/PE laminate,80,100,3,Excellent,High,High
cheese,400,325101,40.1,30.8,7.25,1720.0,5.2,0.9,0,0,-18,90,60,frozen,refrigerated,PET/PE laminate,80,100,3,Excellent,High,High
cheese,400,325101,40.1,30.8,7.25,1720.0,5.2,0.9,0,0,-18,90,90,frozen,frozen,PET/PE laminate,80,100,3,Excellent,High,High
cheese,406,325138,39.7,30.7,7.46,1670.0,5.2,0.9,0,0,25,60,10,ambient,normal,PET/PE laminate,80,100,3,Excellent,High,High
cheese,406,325138,39.7,30.7,7.46,1670.0,5.2,0.9,0,0,25,60,7,ambient,refrigerated,PET/PE laminate,80,100,3,Excellent,High,High
cheese,406,325138,39.7,30.7,7.46,1670.0,5.2,0.9,0,0,25,60,7,ambient,frozen,PET/PE laminate,80,100,3,Excellent,High,High
cheese,406,325138,39.7,30.7,7.46,1670.0,5.2,0.9,0,0,5,85,7,chilled,normal,PET/PE laminate,80,100,3,Excellent,High,High
cheese,406,325138,39.7,30.7,7.46,1670.0,5.2,0.9,0,0,5,85,21,chilled,refrigerated,PET/PE laminate,80,100,3,Excellent,High,High
cheese,406,325138,39.7,30.7,7.46,1670.0,5.2,0.9,0,0,5,85,7,chilled,frozen,PET/PE laminate,80,100,3,Excellent,High,High
cheese,406,325138,39.7,30.7,7.46,1670.0,5.2,0.9,0,0,-18,90,60,frozen,normal,PET/PE laminate,80,100,3,Excellent,High,High
cheese,406,325138,39.7,30.7,7.46,1670.0,5.2,0.9,0,0,-18,90,60,frozen,refrigerated,PET/PE laminate,80,100,3,Excellent,High,High
cheese,406,325138,39.7,30.7,7.46,1670.0,5.2,0.9,0,0,-18,90,180,frozen,frozen,PET/PE laminate,80,100,3,Excellent,High,High
cheese,404,325129,,,,1420.0,5.2,0.9,0,0,25,60,14,ambient,normal,PET/PE laminate,80,100,3,Excellent,High,High
cheese,404,325129,,,,1420.0,5.2,0.9,0,0,25,60,7,ambient,refrigerated,PET/PE laminate,80,100,3,Excellent,High,High
cheese,404,325129,,,,1420.0,5.2,0.9,0,0,25,60,3,ambient,frozen,PET/PE laminate,80,100,3,Excellent,High,High
cheese,404,325129,,,,1420.0,5.2,0.9,0,0,5,85,21,chilled,normal,PET/PE laminate,80,100,3,Excellent,High,High
cheese,404,325129,,,,1420.0,5.2,0.9,0,0,5,85,7,chilled,refrigerated,PET/PE laminate,80,100,3,Excellent,High,High
cheese,404,325129,,,,1420.0,5.2,0.9,0,0,5,85,14,chilled,frozen,PET/PE laminate,80,100,3,Excellent,High,High
cheese,404,325129,,,,1420.0,5.2,0.9,0,0,-18,90,30,frozen,normal,PET/PE laminate,80,100,3,Excellent,High,High
cheese,404,325129,,,,1420.0,5.2,0.9,0,0,-18,90,180,frozen,refrigerated,PET/PE laminate,80,100,3,Excellent,High,High
cheese,404,325129,,,,1420.0,5.2,0.9,0,0,-18,90,90,frozen,frozen,PET/PE laminate,80,100,3,Excellent,High,High
cheese,407,325148,39.3,29.8,4.59,1270.0,5.2,0.9,0,0,25,60,7,ambient,normal,PET/PE laminate,80,100,3,Excellent,High,High
cheese,407,325148,39.3,29.8,4.59,1270.0,5.2,0.9,0,0,25,60,14,ambient,refrigerated,PET/PE laminate,80,100,3,Excellent,High,High
cheese,407,325148,39.3,29.8,4.59,1270.0,5.2,0.9,0,0,25,60,10,ambient,frozen,PET/PE laminate,80,100,3,Excellent,High,High
cheese,407,325148,39.3,29.8,4.59,1270.0,5.2,0.9,0,0,5,85,14,chilled,normal,PET/PE laminate,80,100,3,Excellent,High,High
cheese,407,325148,39.3,29.8,4.59,1270.0,5.2,0.9,0,0,5,85,7,chilled,refrigerated,PET/PE laminate,80,100,3,Excellent,High,High
cheese,407,325148,39.3,29.8,4.59,1270.0,5.2,0.9,0,0,5,85,10,chilled,frozen,PET/PE laminate,80,100,3,Excellent,High,High
cheese,407,325148,39.3,29.8,4.59,1270.0,5.2,0.9,0,0,-18,90,180,frozen,normal,PET/PE laminate,80,100,3,Excellent,High,High
cheese,407,325148,39.3,29.8,4.59,1270.0,5.2,0.9,0,0,-18,90,30,frozen,refrigerated,PET/PE laminate,80,100,3,Excellent,High,High
cheese,407,325148,39.3,29.8,4.59,1270.0,5.2,0.9,0,0,-18,90,90,frozen,frozen,PET/PE laminate,80,100,3,Excellent,High,High
cheese,398,325075,38.4,31.0,5.68,1620.0,5.2,0.9,0,0,25,60,14,ambient,normal,PET/PE laminate,80,100,3,Excellent,High,High
cheese,398,325075,38.4,31.0,5.68,1620.0,5.2,0.9,0,0,25,60,5,ambient,refrigerated,PET/PE laminate,80,100,3,Excellent,High,High
cheese,398,325075,38.4,31.0,5.68,1620.0,5.2,0.9,0,0,25,60,3,ambient,frozen,PET/PE laminate,80,100,3,Excellent,High,High
cheese,398,325075,38.4,31.0,5.68,1620.0,5.2,0.9,0,0,5,85,21,chilled,normal,PET/PE laminate,80,100,3,Excellent,High,High
cheese,398,325075,38.4,31.0,5.68,1620.0,5.2,0.9,0,0,5,85,14,chilled,refrigerated,PET/PE laminate,80,100,3,Excellent,High,High
cheese,398,325075,38.4,31.0,5.68,1620.0,5.2,0.9,0,0,5,85,21,chilled,frozen,PET/PE laminate,80,100,3,Excellent,High,High
cheese,398,325075,38.4,31.0,5.68,1620.0,5.2,0.9,0,0,-18,90,30,frozen,normal,PET/PE laminate,80,100,3,Excellent,High,High
cheese,398,325075,38.4,31.0,5.68,1620.0,5.2,0.9,0,0,-18,90,60,frozen,refrigerated,PET/PE laminate,80,100,3,Excellent,High,High
cheese,398,325075,38.4,31.0,5.68,1620.0,5.2,0.9,0,0,-18,90,30,frozen,frozen,PET/PE laminate,80,100,3,Excellent,High,High
cheese,405,325133,39.0,30.1,7.08,,5.2,0.9,0,0,25,60,3,ambient,normal,PET/PE laminate,80,100,3,Excellent,High,High
cheese,405,325133,39.0,30.1,7.08,,5.2,0.9,0,0,25,60,7,ambient,refrigerated,PET/PE laminate,80,100,3,Excellent,High,High
cheese,405,325133,39.0,30.1,7.08,,5.2,0.9,0,0,25,60,10,ambient,frozen,PET/PE laminate,80,100,3,Excellent,High,High
cheese,405,325133,39.0,30.1,7.08,,5.2,0.9,0,0,5,85,7,chilled,normal,PET/PE laminate,80,100,3,Excellent,High,High
cheese,405,325133,39.0,30.1,7.08,,5.2,0.9,0,0,5,85,7,chilled,refrigerated,PET/PE laminate,80,100,3,Excellent,High,High
cheese,405,325133,39.0,30.1,7.08,,5.2,0.9,0,0,5,85,10,chilled,frozen,PET/PE laminate,80,100,3,Excellent,High,High
cheese,405,325133,39.0,30.1,7.08,,5.2,0.9,0,0,-18,90,60,frozen,normal,PET/PE laminate,80,100,3,Excellent,High,High
cheese,405,325133,39.0,30.1,7.08,,5.2,0.9,0,0,-18,90,180,frozen,refrigerated,PET/PE laminate,80,100,3,Excellent,High,High
cheese,405,325133,39.0,30.1,7.08,,5.2,0.9,0,0,-18,90,180,frozen,frozen,PET/PE laminate,80,100,3,Excellent,High,High
cheese,409,325157,,,,1520.0,5.2,0.9,0,0,25,60,7,ambient,normal,PET/PE laminate,80,100,3,Excellent,High,High
cheese,409,325157,,,,1520.0,5.2,0.9,0,0,25,60,14,ambient,refrigerated,PET/PE laminate,80,100,3,Excellent,High,High
cheese,409,325157,,,,1520.0,5.2,0.9,0,0,25,60,10,ambient,frozen,PET/PE laminate,80,100,3,Excellent,High,High
cheese,409,325157,,,,1520.0,5.2,0.9,0,0,5,85,30,chilled,normal,PET/PE laminate,80,100,3,Excellent,High,High
cheese,409,325157,,,,1520.0,5.2,0.9,0,0,5,85,10,chilled,refrigerated,PET/PE laminate,80,100,3,Excellent,High,High
cheese,409,325157,,,,1520.0,5.2,0.9,0,0,5,85,21,chilled,frozen,PET/PE laminate,80,100,3,Excellent,High,High
cheese,409,325157,,,,1520.0,5.2,0.9,0,0,-18,90,30,frozen,normal,PET/PE laminate,80,100,3,Excellent,High,High
cheese,409,325157,,,,1520.0,5.2,0.9,0,0,-18,90,180,frozen,refrigerated,PET/PE laminate,80,100,3,Excellent,High,High
cheese,409,325157,,,,1520.0,5.2,0.9,0,0,-18,90,180,frozen,frozen,PET/PE laminate,80,100,3,Excellent,High,High
cheese,413,325173,,,,1530.0,5.2,0.9,0,0,25,60,7,ambient,normal,PET/PE laminate,80,100,3,Excellent,High,High
cheese,413,325173,,,,1530.0,5.2,0.9,0,0,25,60,3,ambient,refrigerated,PET/PE laminate,80,100,3,Excellent,High,High
cheese,413,325173,,,,1530.0,5.2,0.9,0,0,25,60,7,ambient,frozen,PET/PE laminate,80,100,3,Excellent,High,High
cheese,413,325173,,,,1530.0,5.2,0.9,0,0,5,85,10,chilled,normal,PET/PE laminate,80,100,3,Excellent,High,High
cheese,413,325173,,,,1530.0,5.2,0.9,0,0,5,85,21,chilled,refrigerated,PET/PE laminate,80,100,3,Excellent,High,High
cheese,413,325173,,,,1530.0,5.2,0.9,0,0,5,85,21,chilled,frozen,PET/PE laminate,80,100,3,Excellent,High,High
cheese,413,325173,,,,1530.0,5.2,0.9,0,0,-18,90,60,frozen,normal,PET/PE laminate,80,100,3,Excellent,High,High
cheese,413,325173,,,,1530.0,5.2,0.9,0,0,-18,90,90,frozen,refrigerated,PET/PE laminate,80,100,3,Excellent,High,High
cheese,413,325173,,,,1530.0,5.2,0.9,0,0,-18,90,30,frozen,frozen,PET/PE laminate,80,100,3,Excellent,High,High
cheese,417,325190,,,,1570.0,5.2,0.9,0,0,25,60,7,ambient,normal,PET/PE laminate,80,100,3,Excellent,High,High
cheese,417,325190,,,,1570.0,5.2,0.9,0,0,25,60,14,ambient,refrigerated,PET/PE laminate,80,100,3,Excellent,High,High
cheese,417,325190,,,,1570.0,5.2,0.9,0,0,25,60,7,ambient,frozen,PET/PE laminate,80,100,3,Excellent,High,High
cheese,417,325190,,,,1570.0,5.2,0.9,0,0,5,85,7,chilled,normal,PET/PE laminate,80,100,3,Excellent,High,High
cheese,417,325190,,,,1570.0,5.2,0.9,0,0,5,85,21,chilled,refrigerated,PET/PE laminate,80,100,3,Excellent,High,High
cheese,417,325190,,,,1570.0,5.2,0.9,0,0,5,85,14,chilled,frozen,PET/PE laminate,80,100,3,Excellent,High,High
cheese,417,325190,,,,1570.0,5.2,0.9,0,0,-18,90,60,frozen,normal,PET/PE laminate,80,100,3,Excellent,High,High
cheese,417,325190,,,,1570.0,5.2,0.9,0,0,-18,90,30,frozen,refrigerated,PET/PE laminate,80,100,3,Excellent,High,High
cheese,417,325190,,,,1570.0,5.2,0.9,0,0,-18,90,180,frozen,frozen,PET/PE laminate,80,100,3,Excellent,High,High
cheese,414,325177,,,,1700.0,5.2,0.9,0,0,25,60,3,ambient,normal,PET/PE laminate,80,100,3,Excellent,High,High
cheese,414,325177,,,,1700.0,5.2,0.9,0,0,25,60,5,ambient,refrigerated,PET/PE laminate,80,100,3,Excellent,High,High
cheese,414,325177,,,,1700.0,5.2,0.9,0,0,25,60,14,ambient,frozen,PET/PE laminate,80,100,3,Excellent,High,High
cheese,414,325177,,,,1700.0,5.2,0.9,0,0,5,85,7,chilled,normal,PET/PE laminate,80,100,3,Excellent,High,High
cheese,414,325177,,,,1700.0,5.2,0.9,0,0,5,85,7,chilled,refrigerated,PET/PE laminate,80,100,3,Excellent,High,High
cheese,414,325177,,,,1700.0,5.2,0.9,0,0,5,85,14,chilled,frozen,PET/PE laminate,80,100,3,Excellent,High,High
cheese,414,325177,,,,1700.0,5.2,0.9,0,0,-18,90,60,frozen,normal,PET/PE laminate,80,100,3,Excellent,High,High
cheese,414,325177,,,,1700.0,5.2,0.9,0,0,-18,90,60,frozen,refrigerated,PET/PE laminate,80,100,3,Excellent,High,High
cheese,414,325177,,,,1700.0,5.2,0.9,0,0,-18,90,60,frozen,frozen,PET/PE laminate,80,100,3,Excellent,High,High
cheese,412,325169,,,,1860.0,5.2,0.9,0,0,25,60,3,ambient,normal,PET/PE laminate,80,100,3,Excellent,High,High
cheese,412,325169,,,,1860.0,5.2,0.9,0,0,25,60,14,ambient,refrigerated,PET/PE laminate,80,100,3,Excellent,High,High
cheese,412,325169,,,,1860.0,5.2,0.9,0,0,25,60,5,ambient,frozen,PET/PE laminate,80,100,3,Excellent,High,High
cheese,412,325169,,,,1860.0,5.2,0.9,0,0,5,85,30,chilled,normal,PET/PE laminate,80,100,3,Excellent,High,High
cheese,412,325169,,,,1860.0,5.2,0.9,0,0,5,85,10,chilled,refrigerated,PET/PE laminate,80,100,3,Excellent,High,High
cheese,412,325169,,,,1860.0,5.2,0.9,0,0,5,85,10,chilled,frozen,PET/PE laminate,80,100,3,Excellent,High,High
cheese,412,325169,,,,1860.0,5.2,0.9,0,0,-18,90,90,frozen,normal,PET/PE laminate,80,100,3,Excellent,High,High
cheese,412,325169,,,,1860.0,5.2,0.9,0,0,-18,90,60,frozen,refrigerated,PET/PE laminate,80,100,3,Excellent,High,High
cheese,412,325169,,,,1860.0,5.2,0.9,0,0,-18,90,30,frozen,frozen,PET/PE laminate,80,100,3,Excellent,High,High
cheese,418,325194,,,,1740.0,5.2,0.9,0,0,25,60,7,ambient,normal,PET/PE laminate,80,100,3,Excellent,High,High
cheese,418,325194,,,,1740.0,5.2,0.9,0,0,25,60,5,ambient,refrigerated,PET/PE laminate,80,100,3,Excellent,High,High
cheese,418,325194,,,,1740.0,5.2,0.9,0,0,25,60,5,ambient,frozen,PET/PE laminate,80,100,3,Excellent,High,High
cheese,418,325194,,,,1740.0,5.2,0.9,0,0,5,85,30,chilled,normal,PET/PE laminate,80,100,3,Excellent,High,High
cheese,418,325194,,,,1740.0,5.2,0.9,0,0,5,85,14,chilled,refrigerated,PET/PE laminate,80,100,3,Excellent,High,High
cheese,418,325194,,,,1740.0,5.2,0.9,0,0,5,85,10,chilled,frozen,PET/PE laminate,80,100,3,Excellent,High,High
cheese,418,325194,,,,1740.0,5.2,0.9,0,0,-18,90,30,frozen,normal,PET/PE laminate,80,100,3,Excellent,High,High
cheese,418,325194,,,,1740.0,5.2,0.9,0,0,-18,90,30,frozen,refrigerated,PET/PE laminate,80,100,3,Excellent,High,High
cheese,418,325194,,,,1740.0,5.2,0.9,0,0,-18,90,60,frozen,frozen,PET/PE laminate,80,100,3,Excellent,High,High
cheese,395,325037,39.5,30.2,5.92,,5.2,0.9,0,0,25,60,3,ambient,normal,PET/PE laminate,80,100,3,Excellent,High,High
cheese,395,325037,39.5,30.2,5.92,,5.2,0.9,0,0,25,60,7,ambient,refrigerated,PET/PE laminate,80,100,3,Excellent,High,High
cheese,395,325037,39.5,30.2,5.92,,5.2,0.9,0,0,25,60,5,ambient,frozen,PET/PE laminate,80,100,3,Excellent,High,High
cheese,395,325037,39.5,30.2,5.92,,5.2,0.9,0,0,5,85,30,chilled,normal,PET/PE laminate,80,100,3,Excellent,High,High
cheese,395,325037,39.5,30.2,5.92,,5.2,0.9,0,0,5,85,14,chilled,refrigerated,PET/PE laminate,80,100,3,Excellent,High,High
cheese,395,325037,39.5,30.2,5.92,,5.2,0.9,0,0,5,85,7,chilled,frozen,PET/PE laminate,80,100,3,Excellent,High,High
cheese,395,325037,39.5,30.2,5.92,,5.2,0.9,0,0,-18,90,60,frozen,normal,PET/PE laminate,80,100,3,Excellent,High,High
cheese,395,325037,39.5,30.2,5.92,,5.2,0.9,0,0,-18,90,90,frozen,refrigerated,PET/PE laminate,80,100,3,Excellent,High,High
cheese,395,325037,39.5,30.2,5.92,,5.2,0.9,0,0,-18,90,30,frozen,frozen,PET/PE laminate,80,100,3,Excellent,High,High
cheese,402,325114,40.4,30.6,5.93,,5.2,0.9,0,0,25,60,5,ambient,normal,PET/PE laminate,80,100,3,Excellent,High,High
cheese,402,325114,40.4,30.6,5.93,,5.2,0.9,0,0,25,60,10,ambient,refrigerated,PET/PE laminate,80,100,3,Excellent,High,High
cheese,402,325114,40.4,30.6,5.93,,5.2,0.9,0,0,25,60,14,ambient,frozen,PET/PE laminate,80,100,3,Excellent,High,High
cheese,402,325114,40.4,30.6,5.93,,5.2,0.9,0,0,5,85,7,chilled,normal,PET/PE laminate,80,100,3,Excellent,High,High
cheese,402,325114,40.4,30.6,5.93,,5.2,0.9,0,0,5,85,7,chilled,refrigerated,PET/PE laminate,80,100,3,Excellent,High,High
cheese,402,325114,40.4,30.6,5.93,,5.2,0.9,0,0,5,85,21,chilled,frozen,PET/PE laminate,80,100,3,Excellent,High,High
cheese,402,325114,40.4,30.6,5.93,,5.2,0.9,0,0,-18,90,180,frozen,normal,PET/PE laminate,80,100,3,Excellent,High,High
cheese,402,325114,40.4,30.6,5.93,,5.2,0.9,0,0,-18,90,90,frozen,refrigerated,PET/PE laminate,80,100,3,Excellent,High,High
cheese,402,325114,40.4,30.6,5.93,,5.2,0.9,0,0,-18,90,30,frozen,frozen,PET/PE laminate,80,100,3,Excellent,High,High
cheese,411,325164,39.2,30.1,7.04,,5.2,0.9,0,0,25,60,10,ambient,normal,PET/PE laminate,80,100,3,Excellent,High,High
cheese,411,325164,39.2,30.1,7.04,,5.2,0.9,0,0,25,60,14,ambient,refrigerated,PET/PE laminate,80,100,3,Excellent,High,High
cheese,411,325164,39.2,30.1,7.04,,5.2,0.9,0,0,25,60,5,ambient,frozen,PET/PE laminate,80,100,3,Excellent,High,High
cheese,411,325164,39.2,30.1,7.04,,5.2,0.9,0,0,5,85,30,chilled,normal,PET/PE laminate,80,100,3,Excellent,High,High
cheese,411,325164,39.2,30.1,7.04,,5.2,0.9,0,0,5,85,7,chilled,refrigerated,PET/PE laminate,80,100,3,Excellent,High,High
cheese,411,325164,39.2,30.1,7.04,,5.2,0.9,0,0,5,85,30,chilled,frozen,PET/PE laminate,80,100,3,Excellent,High,High
cheese,411,325164,39.2,30.1,7.04,,5.2,0.9,0,0,-18,90,90,frozen,normal,PET/PE laminate,80,100,3,Excellent,High,High
cheese,411,325164,39.2,30.1,7.04,,5.2,0.9,0,0,-18,90,180,frozen,refrigerated,PET/PE laminate,80,100,3,Excellent,High,High
cheese,411,325164,39.2,30.1,7.04,,5.2,0.9,0,0,-18,90,30,frozen,frozen,PET/PE laminate,80,100,3,Excellent,High,High
cheese,399,325096,40.8,30.0,6.12,,5.2,0.9,0,0,25,60,3,ambient,normal,PET/PE laminate,80,100,3,Excellent,High,High
cheese,399,325096,40.8,30.0,6.12,,5.2,0.9,0,0,25,60,10,ambient,refrigerated,PET/PE laminate,80,100,3,Excellent,High,High
cheese,399,325096,40.8,30.0,6.12,,5.2,0.9,0,0,25,60,10,ambient,frozen,PET/PE laminate,80,100,3,Excellent,High,High
cheese,399,325096,40.8,30.0,6.12,,5.2,0.9,0,0,5,85,21,chilled,normal,PET/PE laminate,80,100,3,Excellent,High,High
cheese,399,325096,40.8,30.0,6.12,,5.2,0.9,0,0,5,85,7,chilled,refrigerated,PET/PE laminate,80,100,3,Excellent,High,High
cheese,399,325096,40.8,30.0,6.12,,5.2,0.9,0,0,5,85,21,chilled,frozen,PET/PE laminate,80,100,3,Excellent,High,High
cheese,399,325096,40.8,30.0,6.12,,5.2,0.9,0,0,-18,90,180,frozen,normal,PET/PE laminate,80,100,3,Excellent,High,High
cheese,399,325096,40.8,30.0,6.12,,5.2,0.9,0,0,-18,90,30,frozen,refrigerated,PET/PE laminate,80,100,3,Excellent,High,High
cheese,399,325096,40.8,30.0,6.12,,5.2,0.9,0,0,-18,90,30,frozen,frozen,PET/PE laminate,80,100,3,Excellent,High,High
cheese,410,325161,,,,1800.0,5.2,0.9,0,0,25,60,7,ambient,normal,PET/PE laminate,80,100,3,Excellent,High,High
cheese,410,325161,,,,1800.0,5.2,0.9,0,0,25,60,14,ambient,refrigerated,PET/PE laminate,80,100,3,Excellent,High,High
cheese,410,325161,,,,1800.0,5.2,0.9,0,0,25,60,5,ambient,frozen,PET/PE laminate,80,100,3,Excellent,High,High
cheese,410,325161,,,,1800.0,5.2,0.9,0,0,5,85,7,chilled,normal,PET/PE laminate,80,100,3,Excellent,High,High
cheese,410,325161,,,,1800.0,5.2,0.9,0,0,5,85,10,chilled,refrigerated,PET/PE laminate,80,100,3,Excellent,High,High
cheese,410,325161,,,,1800.0,5.2,0.9,0,0,5,85,14,chilled,frozen,PET/PE laminate,80,100,3,Excellent,High,High
cheese,410,325161,,,,1800.0,5.2,0.9,0,0,-18,90,90,frozen,normal,PET/PE laminate,80,100,3,Excellent,High,High
cheese,410,325161,,,,1800.0,5.2,0.9,0,0,-18,90,180,frozen,refrigerated,PET/PE laminate,80,100,3,Excellent,High,High
cheese,410,325161,,,,1800.0,5.2,0.9,0,0,-18,90,90,frozen,frozen,PET/PE laminate,80,100,3,Excellent,High,High
cheese,227,323295,72.3,11.2,1.4,84.0,5.2,0.9,0,0,25,60,10,ambient,normal,PET/PE laminate,80,100,3,Excellent,High,High
cheese,227,323295,72.3,11.2,1.4,84.0,5.2,0.9,0,0,25,60,14,ambient,refrigerated,PET/PE laminate,80,100,3,Excellent,High,High
cheese,227,323295,72.3,11.2,1.4,84.0,5.2,0.9,0,0,25,60,14,ambient,frozen,PET/PE laminate,80,100,3,Excellent,High,High
cheese,227,323295,72.3,11.2,1.4,84.0,5.2,0.9,0,0,5,85,21,chilled,normal,PET/PE laminate,80,100,3,Excellent,High,High
cheese,227,323295,72.3,11.2,1.4,84.0,5.2,0.9,0,0,5,85,7,chilled,refrigerated,PET/PE laminate,80,100,3,Excellent,High,High
cheese,227,323295,72.3,11.2,1.4,84.0,5.2,0.9,0,0,5,85,7,chilled,frozen,PET/PE laminate,80,100,3,Excellent,High,High
cheese,227,323295,72.3,11.2,1.4,84.0,5.2,0.9,0,0,-18,90,60,frozen,normal,PET/PE laminate,80,100,3,Excellent,High,High
cheese,227,323295,72.3,11.2,1.4,84.0,5.2,0.9,0,0,-18,90,180,frozen,refrigerated,PET/PE laminate,80,100,3,Excellent,High,High
cheese,227,323295,72.3,11.2,1.4,84.0,5.2,0.9,0,0,-18,90,180,frozen,frozen,PET/PE laminate,80,100,3,Excellent,High,High
cheese,229,323311,72.4,11.2,1.38,94.0,5.2,0.9,0,0,25,60,5,ambient,normal,PET/PE laminate,80,100,3,Excellent,High,High
cheese,229,323311,72.4,11.2,1.38,94.0,5.2,0.9,0,0,25,60,10,ambient,refrigerated,PET/PE laminate,80,100,3,Excellent,High,High
cheese,229,323311,72.4,11.2,1.38,94.0,5.2,0.9,0,0,25,60,7,ambient,frozen,PET/PE laminate,80,100,3,Excellent,High,High
cheese,229,323311,72.4,11.2,1.38,94.0,5.2,0.9,0,0,5,85,21,chilled,normal,PET/PE laminate,80,100,3,Excellent,High,High
cheese,229,323311,72.4,11.2,1.38,94.0,5.2,0.9,0,0,5,85,21,chilled,refrigerated,PET/PE laminate,80,100,3,Excellent,High,High
cheese,229,323311,72.4,11.2,1.38,94.0,5.2,0.9,0,0,5,85,21,chilled,frozen,PET/PE laminate,80,100,3,Excellent,High,High
cheese,229,323311,72.4,11.2,1.38,94.0,5.2,0.9,0,0,-18,90,30,frozen,normal,PET/PE laminate,80,100,3,Excellent,High,High
cheese,229,323311,72.4,11.2,1.38,94.0,5.2,0.9,0,0,-18,90,90,frozen,refrigerated,PET/PE laminate,80,100,3,Excellent,High,High
cheese,229,323311,72.4,11.2,1.38,94.0,5.2,0.9,0,0,-18,90,180,frozen,frozen,PET/PE laminate,80,100,3,Excellent,High,High
cheese,230,323326,72.6,11.3,1.35,91.0,5.2,0.9,0,0,25,60,7,ambient,normal,PET/PE laminate,80,100,3,Excellent,High,High
cheese,230,323326,72.6,11.3,1.35,91.0,5.2,0.9,0,0,25,60,7,ambient,refrigerated,PET/PE laminate,80,100,3,Excellent,High,High
cheese,230,323326,72.6,11.3,1.35,91.0,5.2,0.9,0,0,25,60,7,ambient,frozen,PET/PE laminate,80,100,3,Excellent,High,High
cheese,230,323326,72.6,11.3,1.35,91.0,5.2,0.9,0,0,5,85,10,chilled,normal,PET/PE laminate,80,100,3,Excellent,High,High
cheese,230,323326,72.6,11.3,1.35,91.0,5.2,0.9,0,0,5,85,21,chilled,refrigerated,PET/PE laminate,80,100,3,Excellent,High,High
cheese,230,323326,72.6,11.3,1.35,91.0,5.2,0.9,0,0,5,85,7,chilled,frozen,PET/PE laminate,80,100,3,Excellent,High,High
cheese,230,323326,72.6,11.3,1.35,91.0,5.2,0.9,0,0,-18,90,30,frozen,normal,PET/PE laminate,80,100,3,Excellent,High,High
cheese,230,323326,72.6,11.3,1.35,91.0,5.2,0.9,0,0,-18,90,30,frozen,refrigerated,PET/PE laminate,80,100,3,Excellent,High,High
cheese,230,323326,72.6,11.3,1.35,91.0,5.2,0.9,0,0,-18,90,30,frozen,frozen,PET/PE laminate,80,100,3,Excellent,High,High
cheese,237,323425,72.9,10.85,1.39,90.0,5.2,0.9,0,0,25,60,10,ambient,normal,PET/PE laminate,80,100,3,Excellent,High,High
cheese,237,323425,72.9,10.85,1.39,90.0,5.2,0.9,0,0,25,60,3,ambient,refrigerated,PET/PE laminate,80,100,3,Excellent,High,High
cheese,237,323425,72.9,10.85,1.39,90.0,5.2,0.9,0,0,25,60,7,ambient,frozen,PET/PE laminate,80,100,3,Excellent,High,High
cheese,237,323425,72.9,10.85,1.39,90.0,5.2,0.9,0,0,5,85,10,chilled,normal,PET/PE laminate,80,100,3,Excellent,High,High
cheese,237,323425,72.9,10.85,1.39,90.0,5.2,0.9,0,0,5,85,30,chilled,refrigerated,PET/PE laminate,80,100,3,Excellent,High,High
cheese,237,323425,72.9,10.85,1.39,90.0,5.2,0.9,0,0,5,85,7,chilled,frozen,PET/PE laminate,80,100,3,Excellent,High,High
cheese,237,323425,72.9,10.85,1.39,90.0,5.2,0.9,0,0,-18,90,90,frozen,normal,PET/PE laminate,80,100,3,Excellent,High,High
cheese,237,323425,72.9,10.85,1.39,90.0,5.2,0.9,0,0,-18,90,30,frozen,refrigerated,PET/PE laminate,80,100,3,Excellent,High,High
cheese,237,323425,72.9,10.85,1.39,90.0,5.2,0.9,0,0,-18,90,180,frozen,frozen,PET/PE laminate,80,100,3,Excellent,High,High
cheese,234,323378,72.6,11.9,1.2,109.0,5.2,0.9,0,0,25,60,7,ambient,normal,PET/PE laminate,80,100,3,Excellent,High,High
cheese,234,323378,72.6,11.9,1.2,109.0,5.2,0.9,0,0,25,60,10,ambient,refrigerated,PET/PE laminate,80,100,3,Excellent,High,High
cheese,234,323378,72.6,11.9,1.2,109.0,5.2,0.9,0,0,25,60,3,ambient,frozen,PET/PE laminate,80,100,3,Excellent,High,High
cheese,234,323378,72.6,11.9,1.2,109.0,5.2,0.9,0,0,5,85,14,chilled,normal,PET/PE laminate,80,100,3,Excellent,High,High
cheese,234,323378,72.6,11.9,1.2,109.0,5.2,0.9,0,0,5,85,30,chilled,refrigerated,PET/PE laminate,80,100,3,Excellent,High,High
cheese,234,323378,72.6,11.9,1.2,109.0,5.2,0.9,0,0,5,85,14,chilled,frozen,PET/PE laminate,80,100,3,Excellent,High,High
cheese,234,323378,72.6,11.9,1.2,109.0,5.2,0.9,0,0,-18,90,90,frozen,normal,PET/PE laminate,80,100,3,Excellent,High,High
cheese,234,323378,72.6,11.9,1.2,109.0,5.2,0.9,0,0,-18,90,30,frozen,refrigerated,PET/PE laminate,80,100,3,Excellent,High,High
cheese,234,323378,72.6,11.9,1.2,109.0,5.2,0.9,0,0,-18,90,60,frozen,frozen,PET/PE laminate,80,100,3,Excellent,High,High
cheese,231,323342,72.7,11.5,1.51,161.0,5.2,0.9,0,0,25,60,5,ambient,normal,PET/PE laminate,80,100,3,Excellent,High,High
cheese,231,323342,72.7,11.5,1.51,161.0,5.2,0.9,0,0,25,60,10,ambient,refrigerated,PET/PE laminate,80,100,3,Excellent,High,High
cheese,231,323342,72.7,11.5,1.51,161.0,5.2,0.9,0,0,25,60,5,ambient,frozen,PET/PE laminate,80,100,3,Excellent,High,High
cheese,231,323342,72.7,11.5,1.51,161.0,5.2,0.9,0,0,5,85,7,chilled,normal,PET/PE laminate,80,100,3,Excellent,High,High
cheese,231,323342,72.7,11.5,1.51,161.0,5.2,0.9,0,0,5,85,14,chilled,refrigerated,PET/PE laminate,80,100,3,Excellent,High,High
cheese,231,323342,72.7,11.5,1.51,161.0,5.2,0.9,0,0,5,85,30,chilled,frozen,PET/PE laminate,80,100,3,Excellent,High,High
cheese,231,323342,72.7,11.5,1.51,161.0,5.2,0.9,0,0,-18,90,90,frozen,normal,PET/PE laminate,80,100,3,Excellent,High,High
cheese,231,323342,72.7,11.5,1.51,161.0,5.2,0.9,0,0,-18,90,30,frozen,refrigerated,PET/PE laminate,80,100,3,Excellent,High,High
cheese,231,323342,72.7,11.5,1.51,161.0,5.2,0.9,0,0,-18,90,90,frozen,frozen,PET/PE laminate,80,100,3,Excellent,High,High
cheese,228,323304,75.1,8.2,1.25,98.0,5.2,0.9,0,0,25,60,14,ambient,normal,PET/PE laminate,80,100,3,Excellent,High,High
cheese,228,323304,75.1,8.2,1.25,98.0,5.2,0.9,0,0,25,60,5,ambient,refrigerated,PET/PE laminate,80,100,3,Excellent,High,High
cheese,228,323304,75.1,8.2,1.25,98.0,5.2,0.9,0,0,25,60,10,ambient,frozen,PET/PE laminate,80,100,3,Excellent,High,High
cheese,228,323304,75.1,8.2,1.25,98.0,5.2,0.9,0,0,5,85,30,chilled,normal,PET/PE laminate,80,100,3,Excellent,High,High
cheese,228,323304,75.1,8.2,1.25,98.0,5.2,0.9,0,0,5,85,30,chilled,refrigerated,PET/PE laminate,80,100,3,Excellent,High,High
cheese,228,323304,75.1,8.2,1.25,98.0,5.2,0.9,0,0,5,85,30,chilled,frozen,PET/PE laminate,80,100,3,Excellent,High,High
cheese,228,323304,75.1,8.2,1.25,98.0,5.2,0.9,0,0,-18,90,30,frozen,normal,PET/PE laminate,80,100,3,Excellent,High,High
cheese,228,323304,75.1,8.2,1.25,98.0,5.2,0.9,0,0,-18,90,90,frozen,refrigerated,PET/PE laminate,80,100,3,Excellent,High,High
cheese,228,323304,75.1,8.2,1.25,98.0,5.2,0.9,0,0,-18,90,30,frozen,frozen,PET/PE laminate,80,100,3,Excellent,High,High
cheese,232,323361,72.4,11.5,1.77,121.0,5.2,0.9,0,0,25,60,5,ambient,normal,PET/PE laminate,80,100,3,Excellent,High,High
cheese,232,323361,72.4,11.5,1.77,121.0,5.2,0.9,0,0,25,60,7,ambient,refrigerated,PET/PE laminate,80,100,3,Excellent,High,High
cheese,232,323361,72.4,11.5,1.77,121.0,5.2,0.9,0,0,25,60,7,ambient,frozen,PET/PE laminate,80,100,3,Excellent,High,High
cheese,232,323361,72.4,11.5,1.77,121.0,5.2,0.9,0,0,5,85,14,chilled,normal,PET/PE laminate,80,100,3,Excellent,High,High
cheese,232,323361,72.4,11.5,1.77,121.0,5.2,0.9,0,0,5,85,14,chilled,refrigerated,PET/PE laminate,80,100,3,Excellent,High,High
cheese,232,323361,72.4,11.5,1.77,121.0,5.2,0.9,0,0,5,85,7,chilled,frozen,PET/PE laminate,80,100,3,Excellent,High,High
cheese,232,323361,72.4,11.5,1.77,121.0,5.2,0.9,0,0,-18,90,60,frozen,normal,PET/PE laminate,80,100,3,Excellent,High,High
cheese,232,323361,72.4,11.5,1.77,121.0,5.2,0.9,0,0,-18,90,60,frozen,refrigerated,PET/PE laminate,80,100,3,Excellent,High,High
cheese,232,323361,72.4,11.5,1.77,121.0,5.2,0.9,0,0,-18,90,180,frozen,frozen,PET/PE laminate,80,100,3,Excellent,High,High
cheese,233,323370,72.1,12.6,1.29,113.0,5.2,0.9,0,0,25,60,3,ambient,normal,PET/PE laminate,80,100,3,Excellent,High,High
cheese,233,323370,72.1,12.6,1.29,113.0,5.2,0.9,0,0,25,60,5,ambient,refrigerated,PET/PE laminate,80,100,3,Excellent,High,High
cheese,233,323370,72.1,12.6,1.29,113.0,5.2,0.9,0,0,25,60,3,ambient,frozen,PET/PE laminate,80,100,3,Excellent,High,High
cheese,233,323370,72.1,12.6,1.29,113.0,5.2,0.9,0,0,5,85,7,chilled,normal,PET/PE laminate,80,100,3,Excellent,High,High
cheese,233,323370,72.1,12.6,1.29,113.0,5.2,0.9,0,0,5,85,30,chilled,refrigerated,PET/PE laminate,80,100,3,Excellent,High,High
cheese,233,323370,72.1,12.6,1.29,113.0,5.2,0.9,0,0,5,85,10,chilled,frozen,PET/PE laminate,80,100,3,Excellent,High,High
cheese,233,323370,72.1,12.6,1.29,113.0,5.2,0.9,0,0,-18,90,180,frozen,normal,PET/PE laminate,80,100,3,Excellent,High,High
cheese,233,323370,72.1,12.6,1.29,113.0,5.2,0.9,0,0,-18,90,180,frozen,refrigerated,PET/PE laminate,80,100,3,Excellent,High,High
cheese,233,323370,72.1,12.6,1.29,113.0,5.2,0.9,0,0,-18,90,180,frozen,frozen,PET/PE laminate,80,100,3,Excellent,High,High
cheese,235,323393,74.2,10.1,1.16,101.0,5.2,0.9,0,0,25,60,7,ambient,normal,PET/PE laminate,80,100,3,Excellent,High,High
cheese,235,323393,74.2,10.1,1.16,101.0,5.2,0.9,0,0,25,60,5,ambient,refrigerated,PET/PE laminate,80,100,3,Excellent,High,High
cheese,235,323393,74.2,10.1,1.16,101.0,5.2,0.9,0,0,25,60,7,ambient,frozen,PET/PE laminate,80,100,3,Excellent,High,High
cheese,235,323393,74.2,10.1,1.16,101.0,5.2,0.9,0,0,5,85,14,chilled,normal,PET/PE laminate,80,100,3,Excellent,High,High
cheese,235,323393,74.2,10.1,1.16,101.0,5.2,0.9,0,0,5,85,14,chilled,refrigerated,PET/PE laminate,80,100,3,Excellent,High,High
cheese,235,323393,74.2,10.1,1.16,101.0,5.2,0.9,0,0,5,85,30,chilled,frozen,PET/PE laminate,80,100,3,Excellent,High,High
cheese,235,323393,74.2,10.1,1.16,101.0,5.2,0.9,0,0,-18,90,30,frozen,normal,PET/PE laminate,80,100,3,Excellent,High,High
cheese,235,323393,74.2,10.1,1.16,101.0,5.2,0.9,0,0,-18,90,30,frozen,refrigerated,PET/PE laminate,80,100,3,Excellent,High,High
cheese,235,323393,74.2,10.1,1.16,101.0,5.2,0.9,0,0,-18,90,60,frozen,frozen,PET/PE laminate,80,100,3,Excellent,High,High
cheese,236,323408,72.8,11.2,1.23,98.0,5.2,0.9,0,0,25,60,5,ambient,normal,PET/PE laminate,80,100,3,Excellent,High,High
cheese,236,323408,72.8,11.2,1.23,98.0,5.2,0.9,0,0,25,60,14,ambient,refrigerated,PET/PE laminate,80,100,3,Excellent,High,High
cheese,236,323408,72.8,11.2,1.23,98.0,5.2,0.9,0,0,25,60,3,ambient,frozen,PET/PE laminate,80,100,3,Excellent,High,High
cheese,236,323408,72.8,11.2,1.23,98.0,5.2,0.9,0,0,5,85,7,chilled,normal,PET/PE laminate,80,100,3,Excellent,High,High
cheese,236,323408,72.8,11.2,1.23,98.0,5.2,0.9,0,0,5,85,14,chilled,refrigerated,PET/PE laminate,80,100,3,Excellent,High,High
cheese,236,323408,72.8,11.2,1.23,98.0,5.2,0.9,0,0,5,85,21,chilled,frozen,PET/PE laminate,80,100,3,Excellent,High,High
cheese,236,323408,72.8,11.2,1.23,98.0,5.2,0.9,0,0,-18,90,180,frozen,normal,PET/PE laminate,80,100,3,Excellent,High,High
cheese,236,323408,72.8,11.2,1.23,98.0,5.2,0.9,0,0,-18,90,180,frozen,refrigerated,PET/PE laminate,80,100,3,Excellent,High,High
cheese,236,323408,72.8,11.2,1.23,98.0,5.2,0.9,0,0,-18,90,180,frozen,frozen,PET/PE laminate,80,100,3,Excellent,High,High
cheese,1322,747055,39.8,31.2,5.52,1630.0,5.2,0.9,0,0,25,60,10,ambient,normal,PET/PE laminate,80,100,3,Excellent,High,High
cheese,1322,747055,39.8,31.2,5.52,1630.0,5.2,0.9,0,0,25,60,7,ambient,refrigerated,PET/PE laminate,80,100,3,Excellent,High,High
cheese,1322,747055,39.8,31.2,5.52,1630.0,5.2,0.9,0,0,25,60,5,ambient,frozen,PET/PE laminate,80,100,3,Excellent,High,High
cheese,1322,747055,39.8,31.2,5.52,1630.0,5.2,0.9,0,0,5,85,30,chilled,normal,PET/PE laminate,80,100,3,Excellent,High,High
cheese,1322,747055,39.8,31.2,5.52,1630.0,5.2,0.9,0,0,5,85,7,chilled,refrigerated,PET/PE laminate,80,100,3,Excellent,High,High
cheese,1322,747055,39.8,31.2,5.52,1630.0,5.2,0.9,0,0,5,85,14,chilled,frozen,PET/PE laminate,80,100,3,Excellent,High,High
cheese,1322,747055,39.8,31.2,5.52,1630.0,5.2,0.9,0,0,-18,90,180,frozen,normal,PET/PE laminate,80,100,3,Excellent,High,High
cheese,1322,747055,39.8,31.2,5.52,1630.0,5.2,0.9,0,0,-18,90,30,frozen,refrigerated,PET/PE laminate,80,100,3,Excellent,High,High
cheese,1322,747055,39.8,31.2,5.52,1630.0,5.2,0.9,0,0,-18,90,90,frozen,frozen,PET/PE laminate,80,100,3,Excellent,High,High
cheese,1324,747068,39.4,31.6,5.64,1600.0,5.2,0.9,0,0,25,60,14,ambient,normal,PET/PE laminate,80,100,3,Excellent,High,High
cheese,1324,747068,39.4,31.6,5.64,1600.0,5.2,0.9,0,0,25,60,10,ambient,refrigerated,PET/PE laminate,80,100,3,Excellent,High,High
cheese,1324,747068,39.4,31.6,5.64,1600.0,5.2,0.9,0,0,25,60,14,ambient,frozen,PET/PE laminate,80,100,3,Excellent,High,High
cheese,1324,747068,39.4,31.6,5.64,1600.0,5.2,0.9,0,0,5,85,14,chilled,normal,PET/PE laminate,80,100,3,Excellent,High,High
cheese,1324,747068,39.4,31.6,5.64,1600.0,5.2,0.9,0,0,5,85,7,chilled,refrigerated,PET/PE laminate,80,100,3,Excellent,High,High
cheese,1324,747068,39.4,31.6,5.64,1600.0,5.2,0.9,0,0,5,85,10,chilled,frozen,PET/PE laminate,80,100,3,Excellent,High,High
cheese,1324,747068,39.4,31.6,5.64,1600.0,5.2,0.9,0,0,-18,90,180,frozen,normal,PET/PE laminate,80,100,3,Excellent,High,High
cheese,1324,747068,39.4,31.6,5.64,1600.0,5.2,0.9,0,0,-18,90,30,frozen,refrigerated,PET/PE laminate,80,100,3,Excellent,High,High
cheese,1324,747068,39.4,31.6,5.64,1600.0,5.2,0.9,0,0,-18,90,30,frozen,frozen,PET/PE laminate,80,100,3,Excellent,High,High
cheese,1325,747075,39.0,31.5,5.69,1610.0,5.2,0.9,0,0,25,60,5,ambient,normal,PET/PE laminate,80,100,3,Excellent,High,High
cheese,1325,747075,39.0,31.5,5.69,1610.0,5.2,0.9,0,0,25,60,7,ambient,refrigerated,PET/PE laminate,80,100,3,Excellent,High,High
cheese,1325,747075,39.0,31.5,5.69,1610.0,5.2,0.9,0,0,25,60,5,ambient,frozen,PET/PE laminate,80,100,3,Excellent,High,High
cheese,1325,747075,39.0,31.5,5.69,1610.0,5.2,0.9,0,0,5,85,10,chilled,normal,PET/PE laminate,80,100,3,Excellent,High,High
cheese,1325,747075,39.0,31.5,5.69,1610.0,5.2,0.9,0,0,5,85,14,chilled,refrigerated,PET/PE laminate,80,100,3,Excellent,High,High
cheese,1325,747075,39.0,31.5,5.69,1610.0,5.2,0.9,0,0,5,85,14,chilled,frozen,PET/PE laminate,80,100,3,Excellent,High,High
cheese,1325,747075,39.0,31.5,5.69,1610.0,5.2,0.9,0,0,-18,90,90,frozen,normal,PET/PE laminate,80,100,3,Excellent,High,High
cheese,1325,747075,39.0,31.5,5.69,1610.0,5.2,0.9,0,0,-18,90,30,frozen,refrigerated,PET/PE laminate,80,100,3,Excellent,High,High
cheese,1325,747075,39.0,31.5,5.69,1610.0,5.2,0.9,0,0,-18,90,30,frozen,frozen,PET/PE laminate,80,100,3,Excellent,High,High
cheese,1326,747082,39.6,31.2,5.41,1590.0,5.2,0.9,0,0,25,60,10,ambient,normal,PET/PE laminate,80,100,3,Excellent,High,High
cheese,1326,747082,39.6,31.2,5.41,1590.0,5.2,0.9,0,0,25,60,10,ambient,refrigerated,PET/PE laminate,80,100,3,Excellent,High,High
cheese,1326,747082,39.6,31.2,5.41,1590.0,5.2,0.9,0,0,25,60,5,ambient,frozen,PET/PE laminate,80,100,3,Excellent,High,High
cheese,1326,747082,39.6,31.2,5.41,1590.0,5.2,0.9,0,0,5,85,10,chilled,normal,PET/PE laminate,80,100,3,Excellent,High,High
cheese,1326,747082,39.6,31.2,5.41,1590.0,5.2,0.9,0,0,5,85,21,chilled,refrigerated,PET/PE laminate,80,100,3,Excellent,High,High
cheese,1326,747082,39.6,31.2,5.41,1590.0,5.2,0.9,0,0,5,85,30,chilled,frozen,PET/PE laminate,80,100,3,Excellent,High,High
cheese,1326,747082,39.6,31.2,5.41,1590.0,5.2,0.9,0,0,-18,90,60,frozen,normal,PET/PE laminate,80,100,3,Excellent,High,High
cheese,1326,747082,39.6,31.2,5.41,1590.0,5.2,0.9,0,0,-18,90,90,frozen,refrigerated,PET/PE laminate,80,100,3,Excellent,High,High
cheese,1326,747082,39.6,31.2,5.41,1590.0,5.2,0.9,0,0,-18,90,30,frozen,frozen,PET/PE laminate,80,100,3,Excellent,High,High
cheese,1330,747109,39.2,31.3,5.56,1610.0,5.2,0.9,0,0,25,60,10,ambient,normal,PET/PE laminate,80,100,3,Excellent,High,High
cheese,1330,747109,39.2,31.3,5.56,1610.0,5.2,0.9,0,0,25,60,3,ambient,refrigerated,PET/PE laminate,80,100,3,Excellent,High,High
cheese,1330,747109,39.2,31.3,5.56,1610.0,5.2,0.9,0,0,25,60,10,ambient,frozen,PET/PE laminate,80,100,3,Excellent,High,High
cheese,1330,747109,39.2,31.3,5.56,1610.0,5.2,0.9,0,0,5,85,7,chilled,normal,PET/PE laminate,80,100,3,Excellent,High,High
cheese,1330,747109,39.2,31.3,5.56,1610.0,5.2,0.9,0,0,5,85,21,chilled,refrigerated,PET/PE laminate,80,100,3,Excellent,High,High
cheese,1330,747109,39.2,31.3,5.56,1610.0,5.2,0.9,0,0,5,85,7,chilled,frozen,PET/PE laminate,80,100,3,Excellent,High,High
cheese,1330,747109,39.2,31.3,5.56,1610.0,5.2,0.9,0,0,-18,90,90,frozen,normal,PET/PE laminate,80,100,3,Excellent,High,High
cheese,1330,747109,39.2,31.3,5.56,1610.0,5.2,0.9,0,0,-18,90,180,frozen,refrigerated,PET/PE laminate,80,100,3,Excellent,High,High
cheese,1330,747109,39.2,31.3,5.56,1610.0,5.2,0.9,0,0,-18,90,180,frozen,frozen,PET/PE laminate,80,100,3,Excellent,High,High
cheese,593,327960,35.7,36.6,3.51,640.0,5.2,0.9,0,0,25,60,10,ambient,normal,PET/PE laminate,80,100,3,Excellent,High,High
cheese,593,327960,35.7,36.6,3.51,640.0,5.2,0.9,0,0,25,60,7,ambient,refrigerated,PET/PE laminate,80,100,3,Excellent,High,High
cheese,593,327960,35.7,36.6,3.51,640.0,5.2,0.9,0,0,25,60,3,ambient,frozen,PET/PE laminate,80,100,3,Excellent,High,High
cheese,593,327960,35.7,36.6,3.51,640.0,5.2,0.9,0,0,5,85,21,chilled,normal,PET/PE laminate,80,100,3,Excellent,High,High
cheese,593,327960,35.7,36.6,3.51,640.0,5.2,0.9,0,0,5,85,7,chilled,refrigerated,PET/PE laminate,80,100,3,Excellent,High,High
cheese,593,327960,35.7,36.6,3.51,640.0,5.2,0.9,0,0,5,85,14,chilled,frozen,PET/PE laminate,80,100,3,Excellent,High,High
cheese,593,327960,35.7,36.6,3.51,640.0,5.2,0.9,0,0,-18,90,60,frozen,normal,PET/PE laminate,80,100,3,Excellent,High,High
cheese,593,327960,35.7,36.6,3.51,640.0,5.2,0.9,0,0,-18,90,180,frozen,refrigerated,PET/PE laminate,80,100,3,Excellent,High,High
cheese,593,327960,35.7,36.6,3.51,640.0,5.2,0.9,0,0,-18,90,90,frozen,frozen,PET/PE laminate,80,100,3,Excellent,High,High
cheese,592,327948,35.7,37.6,3.59,650.0,5.2,0.9,0,0,25,60,3,ambient,normal,PET/PE laminate,80,100,3,Excellent,High,High
cheese,592,327948,35.7,37.6,3.59,650.0,5.2,0.9,0,0,25,60,10,ambient,refrigerated,PET/PE laminate,80,100,3,Excellent,High,High
cheese,592,327948,35.7,37.6,3.59,650.0,5.2,0.9,0,0,25,60,3,ambient,frozen,PET/PE laminate,80,100,3,Excellent,High,High
cheese,592,327948,35.7,37.6,3.59,650.0,5.2,0.9,0,0,5,85,10,chilled,normal,PET/PE laminate,80,100,3,Excellent,High,High
cheese,592,327948,35.7,37.6,3.59,650.0,5.2,0.9,0,0,5,85,21,chilled,refrigerated,PET/PE laminate,80,100,3,Excellent,High,High
cheese,592,327948,35.7,37.6,3.59,650.0,5.2,0.9,0,0,5,85,30,chilled,frozen,PET/PE laminate,80,100,3,Excellent,High,High
cheese,592,327948,35.7,37.6,3.59,650.0,5.2,0.9,0,0,-18,90,180,frozen,normal,PET/PE laminate,80,100,3,Excellent,High,High
cheese,592,327948,35.7,37.6,3.59,650.0,5.2,0.9,0,0,-18,90,30,frozen,refrigerated,PET/PE laminate,80,100,3,Excellent,High,High
cheese,592,327948,35.7,37.6,3.59,650.0,5.2,0.9,0,0,-18,90,180,frozen,frozen,PET/PE laminate,80,100,3,Excellent,High,High
cheese,594,327980,36.3,36.0,3.53,619.0,5.2,0.9,0,0,25,60,7,ambient,normal,PET/PE laminate,80,100,3,Excellent,High,High
cheese,594,327980,36.3,36.0,3.53,619.0,5.2,0.9,0,0,25,60,7,ambient,refrigerated,PET/PE laminate,80,100,3,Excellent,High,High
cheese,594,327980,36.3,36.0,3.53,619.0,5.2,0.9,0,0,25,60,5,ambient,frozen,PET/PE laminate,80,100,3,Excellent,High,High
cheese,594,327980,36.3,36.0,3.53,619.0,5.2,0.9,0,0,5,85,14,chilled,normal,PET/PE laminate,80,100,3,Excellent,High,High
cheese,594,327980,36.3,36.0,3.53,619.0,5.2,0.9,0,0,5,85,10,chilled,refrigerated,PET/PE laminate,80,100,3,Excellent,High,High
cheese,594,327980,36.3,36.0,3.53,619.0,5.2,0.9,0,0,5,85,7,chilled,frozen,PET/PE laminate,80,100,3,Excellent,High,High
cheese,594,327980,36.3,36.0,3.53,619.0,5.2,0.9,0,0,-18,90,30,frozen,normal,PET/PE laminate,80,100,3,Excellent,High,High
cheese,594,327980,36.3,36.0,3.53,619.0,5.2,0.9,0,0,-18,90,60,frozen,refrigerated,PET/PE laminate,80,100,3,Excellent,High,High
cheese,594,327980,36.3,36.0,3.53,619.0,5.2,0.9,0,0,-18,90,90,frozen,frozen,PET/PE laminate,80,100,3,Excellent,High,High
cheese,590,327924,34.8,35.9,3.64,608.0,5.2,0.9,0,0,25,60,7,ambient,normal,PET/PE laminate,80,100,3,Excellent,High,High
cheese,590,327924,34.8,35.9,3.64,608.0,5.2,0.9,0,0,25,60,5,ambient,refrigerated,PET/PE laminate,80,100,3,Excellent,High,High
cheese,590,327924,34.8,35.9,3.64,608.0,5.2,0.9,0,0,25,60,5,ambient,frozen,PET/PE laminate,80,100,3,Excellent,High,High
cheese,590,327924,34.8,35.9,3.64,608.0,5.2,0.9,0,0,5,85,7,chilled,normal,PET/PE laminate,80,100,3,Excellent,High,High
cheese,590,327924,34.8,35.9,3.64,608.0,5.2,0.9,0,0,5,85,10,chilled,refrigerated,PET/PE laminate,80,100,3,Excellent,High,High
cheese,590,327924,34.8,35.9,3.64,608.0,5.2,0.9,0,0,5,85,14,chilled,frozen,PET/PE laminate,80,100,3,Excellent,High,High
cheese,590,327924,34.8,35.9,3.64,608.0,5.2,0.9,0,0,-18,90,60,frozen,normal,PET/PE laminate,80,100,3,Excellent,High,High
cheese,590,327924,34.8,35.9,3.64,608.0,5.2,0.9,0,0,-18,90,60,frozen,refrigerated,PET/PE laminate,80,100,3,Excellent,High,High
cheese,590,327924,34.8,35.9,3.64,608.0,5.2,0.9,0,0,-18,90,60,frozen,frozen,PET/PE laminate,80,100,3,Excellent,High,High
cheese,596,328008,38.2,33.7,3.42,587.0,5.2,0.9,0,0,25,60,3,ambient,normal,PET/PE laminate,80,100,3,Excellent,High,High
cheese,596,328008,38.2,33.7,3.42,587.0,5.2,0.9,0,0,25,60,5,ambient,refrigerated,PET/PE laminate,80,100,3,Excellent,High,High
cheese,596,328008,38.2,33.7,3.42,587.0,5.2,0.9,0,0,25,60,10,ambient,frozen,PET/PE laminate,80,100,3,Excellent,High,High
cheese,596,328008,38.2,33.7,3.42,587.0,5.2,0.9,0,0,5,85,21,chilled,normal,PET/PE laminate,80,100,3,Excellent,High,High
cheese,596,328008,38.2,33.7,3.42,587.0,5.2,0.9,0,0,5,85,30,chilled,refrigerated,PET/PE laminate,80,100,3,Excellent,High,High
cheese,596,328008,38.2,33.7,3.42,587.0,5.2,0.9,0,0,5,85,30,chilled,frozen,PET/PE laminate,80,100,3,Excellent,High,High
cheese,596,328008,38.2,33.7,3.42,587.0,5.2,0.9,0,0,-18,90,180,frozen,normal,PET/PE laminate,80,100,3,Excellent,High,High
cheese,596,328008,38.2,33.7,3.42,587.0,5.2,0.9,0,0,-18,90,90,frozen,refrigerated,PET/PE laminate,80,100,3,Excellent,High,High
cheese,596,328008,38.2,33.7,3.42,587.0,5.2,0.9,0,0,-18,90,90,frozen,frozen,PET/PE laminate,80,100,3,Excellent,High,High
cheese,600,328070,35.8,33.7,3.66,650.0,5.2,0.9,0,0,25,60,5,ambient,normal,PET/PE laminate,80,100,3,Excellent,High,High
cheese,600,328070,35.8,33.7,3.66,650.0,5.2,0.9,0,0,25,60,10,ambient,refrigerated,PET/PE laminate,80,100,3,Excellent,High,High
cheese,600,328070,35.8,33.7,3.66,650.0,5.2,0.9,0,0,25,60,3,ambient,frozen,PET/PE laminate,80,100,3,Excellent,High,High
cheese,600,328070,35.8,33.7,3.66,650.0,5.2,0.9,0,0,5,85,21,chilled,normal,PET/PE laminate,80,100,3,Excellent,High,High
cheese,600,328070,35.8,33.7,3.66,650.0,5.2,0.9,0,0,5,85,21,chilled,refrigerated,PET/PE laminate,80,100,3,Excellent,High,High
cheese,600,328070,35.8,33.7,3.66,650.0,5.2,0.9,0,0,5,85,14,chilled,frozen,PET/PE laminate,80,100,3,Excellent,High,High
cheese,600,328070,35.8,33.7,3.66,650.0,5.2,0.9,0,0,-18,90,90,frozen,normal,PET/PE laminate,80,100,3,Excellent,High,High
cheese,600,328070,35.8,33.7,3.66,650.0,5.2,0.9,0,0,-18,90,30,frozen,refrigerated,PET/PE laminate,80,100,3,Excellent,High,High
cheese,600,328070,35.8,33.7,3.66,650.0,5.2,0.9,0,0,-18,90,90,frozen,frozen,PET/PE laminate,80,100,3,Excellent,High,High
cheese,601,328094,37.0,33.3,3.72,671.0,5.2,0.9,0,0,25,60,14,ambient,normal,PET/PE laminate,80,100,3,Excellent,High,High
cheese,601,328094,37.0,33.3,3.72,671.0,5.2,0.9,0,0,25,60,3,ambient,refrigerated,PET/PE laminate,80,100,3,Excellent,High,High
cheese,601,328094,37.0,33.3,3.72,671.0,5.2,0.9,0,0,25,60,7,ambient,frozen,PET/PE laminate,80,100,3,Excellent,High,High
cheese,601,328094,37.0,33.3,3.72,671.0,5.2,0.9,0,0,5,85,21,chilled,normal,PET/PE laminate,80,100,3,Excellent,High,High
cheese,601,328094,37.0,33.3,3.72,671.0,5.2,0.9,0,0,5,85,21,chilled,refrigerated,PET/PE laminate,80,100,3,Excellent,High,High
cheese,601,328094,37.0,33.3,3.72,671.0,5.2,0.9,0,0,5,85,7,chilled,frozen,PET/PE laminate,80,100,3,Excellent,High,High
cheese,601,328094,37.0,33.3,3.72,671.0,5.2,0.9,0,0,-18,90,30,frozen,normal,PET/PE laminate,80,100,3,Excellent,High,High
cheese,601,328094,37.0,33.3,3.72,671.0,5.2,0.9,0,0,-18,90,90,frozen,refrigerated,PET/PE laminate,80,100,3,Excellent,High,High
cheese,601,328094,37.0,33.3,3.72,671.0,5.2,0.9,0,0,-18,90,90,frozen,frozen,PET/PE laminate,80,100,3,Excellent,High,High
cheese,595,327998,34.7,33.6,3.77,640.0,5.2,0.9,0,0,25,60,3,ambient,normal,PET/PE laminate,80,100,3,Excellent,High,High
cheese,595,327998,34.7,33.6,3.77,640.0,5.2,0.9,0,0,25,60,3,ambient,refrigerated,PET/PE laminate,80,100,3,Excellent,High,High
cheese,595,327998,34.7,33.6,3.77,640.0,5.2,0.9,0,0,25,60,14,ambient,frozen,PET/PE laminate,80,100,3,Excellent,High,High
cheese,595,327998,34.7,33.6,3.77,640.0,5.2,0.9,0,0,5,85,30,chilled,normal,PET/PE laminate,80,100,3,Excellent,High,High
cheese,595,327998,34.7,33.6,3.77,640.0,5.2,0.9,0,0,5,85,30,chilled,refrigerated,PET/PE laminate,80,100,3,Excellent,High,High
cheese,595,327998,34.7,33.6,3.77,640.0,5.2,0.9,0,0,5,85,21,chilled,frozen,PET/PE laminate,80,100,3,Excellent,High,High
cheese,595,327998,34.7,33.6,3.77,640.0,5.2,0.9,0,0,-18,90,180,frozen,normal,PET/PE laminate,80,100,3,Excellent,High,High
cheese,595,327998,34.7,33.6,3.77,640.0,5.2,0.9,0,0,-18,90,30,frozen,refrigerated,PET/PE laminate,80,100,3,Excellent,High,High
cheese,595,327998,34.7,33.6,3.77,640.0,5.2,0.9,0,0,-18,90,180,frozen,frozen,PET/PE laminate,80,100,3,Excellent,High,High
cheese,597,328020,32.8,37.3,3.74,636.0,5.2,0.9,0,0,25,60,14,ambient,normal,PET/PE laminate,80,100,3,Excellent,High,High
cheese,597,328020,32.8,37.3,3.74,636.0,5.2,0.9,0,0,25,60,5,ambient,refrigerated,PET/PE laminate,80,100,3,Excellent,High,High
cheese,597,328020,32.8,37.3,3.74,636.0,5.2,0.9,0,0,25,60,7,ambient,frozen,PET/PE laminate,80,100,3,Excellent,High,High
cheese,597,328020,32.8,37.3,3.74,636.0,5.2,0.9,0,0,5,85,30,chilled,normal,PET/PE laminate,80,100,3,Excellent,High,High
cheese,597,328020,32.8,37.3,3.74,636.0,5.2,0.9,0,0,5,85,21,chilled,refrigerated,PET/PE laminate,80,100,3,Excellent,High,High
cheese,597,328020,32.8,37.3,3.74,636.0,5.2,0.9,0,0,5,85,30,chilled,frozen,PET/PE laminate,80,100,3,Excellent,High,High
cheese,597,328020,32.8,37.3,3.74,636.0,5.2,0.9,0,0,-18,90,60,frozen,normal,PET/PE laminate,80,100,3,Excellent,High,High
cheese,597,328020,32.8,37.3,3.74,636.0,5.2,0.9,0,0,-18,90,30,frozen,refrigerated,PET/PE laminate,80,100,3,Excellent,High,High
cheese,597,328020,32.8,37.3,3.74,636.0,5.2,0.9,0,0,-18,90,180,frozen,frozen,PET/PE laminate,80,100,3,Excellent,High,High
cheese,591,327936,33.0,36.2,3.72,686.0,5.2,0.9,0,0,25,60,3,ambient,normal,PET/PE laminate,80,100,3,Excellent,High,High
cheese,591,327936,33.0,36.2,3.72,686.0,5.2,0.9,0,0,25,60,7,ambient,refrigerated,PET/PE laminate,80,100,3,Excellent,High,High
cheese,591,327936,33.0,36.2,3.72,686.0,5.2,0.9,0,0,25,60,3,ambient,frozen,PET/PE laminate,80,100,3,Excellent,High,High
cheese,591,327936,33.0,36.2,3.72,686.0,5.2,0.9,0,0,5,85,30,chilled,normal,PET/PE laminate,80,100,3,Excellent,High,High
cheese,591,327936,33.0,36.2,3.72,686.0,5.2,0.9,0,0,5,85,10,chilled,refrigerated,PET/PE laminate,80,100,3,Excellent,High,High
cheese,591,327936,33.0,36.2,3.72,686.0,5.2,0.9,0,0,5,85,7,chilled,frozen,PET/PE laminate,80,100,3,Excellent,High,High
cheese,591,327936,33.0,36.2,3.72,686.0,5.2,0.9,0,0,-18,90,60,frozen,normal,PET/PE laminate,80,100,3,Excellent,High,High
cheese,591,327936,33.0,36.2,3.72,686.0,5.2,0.9,0,0,-18,90,180,frozen,refrigerated,PET/PE laminate,80,100,3,Excellent,High,High
cheese,591,327936,33.0,36.2,3.72,686.0,5.2,0.9,0,0,-18,90,180,frozen,frozen,PET/PE laminate,80,100,3,Excellent,High,High
cheese,599,328057,35.1,33.4,3.68,619.0,5.2,0.9,0,0,25,60,14,ambient,normal,PET/PE laminate,80,100,3,Excellent,High,High
cheese,599,328057,35.1,33.4,3.68,619.0,5.2,0.9,0,0,25,60,14,ambient,refrigerated,PET/PE laminate,80,100,3,Excellent,High,High
cheese,599,328057,35.1,33.4,3.68,619.0,5.2,0.9,0,0,25,60,14,ambient,frozen,PET/PE laminate,80,100,3,Excellent,High,High
cheese,599,328057,35.1,33.4,3.68,619.0,5.2,0.9,0,0,5,85,10,chilled,normal,PET/PE laminate,80,100,3,Excellent,High,High
cheese,599,328057,35.1,33.4,3.68,619.0,5.2,0.9,0,0,5,85,14,chilled,refrigerated,PET/PE laminate,80,100,3,Excellent,High,High
cheese,599,328057,35.1,33.4,3.68,619.0,5.2,0.9,0,0,5,85,14,chilled,frozen,PET/PE laminate,80,100,3,Excellent,High,High
cheese,599,328057,35.1,33.4,3.68,619.0,5.2,0.9,0,0,-18,90,90,frozen,normal,PET/PE laminate,80,100,3,Excellent,High,High
cheese,599,328057,35.1,33.4,3.68,619.0,5.2,0.9,0,0,-18,90,180,frozen,refrigerated,PET/PE laminate,80,100,3,Excellent,High,High
cheese,599,328057,35.1,33.4,3.68,619.0,5.2,0.9,0,0,-18,90,180,frozen,frozen,PET/PE laminate,80,100,3,Excellent,High,High
cheese,607,328191,36.0,33.3,3.83,674.0,5.2,0.9,0,0,25,60,7,ambient,normal,PET/PE laminate,80,100,3,Excellent,High,High
cheese,607,328191,36.0,33.3,3.83,674.0,5.2,0.9,0,0,25,60,14,ambient,refrigerated,PET/PE laminate,80,100,3,Excellent,High,High
cheese,607,328191,36.0,33.3,3.83,674.0,5.2,0.9,0,0,25,60,3,ambient,frozen,PET/PE laminate,80,100,3,Excellent,High,High
cheese,607,328191,36.0,33.3,3.83,674.0,5.2,0.9,0,0,5,85,14,chilled,normal,PET/PE laminate,80,100,3,Excellent,High,High
cheese,607,328191,36.0,33.3,3.83,674.0,5.2,0.9,0,0,5,85,7,chilled,refrigerated,PET/PE laminate,80,100,3,Excellent,High,High
cheese,607,328191,36.0,33.3,3.83,674.0,5.2,0.9,0,0,5,85,14,chilled,frozen,PET/PE laminate,80,100,3,Excellent,High,High
cheese,607,328191,36.0,33.3,3.83,674.0,5.2,0.9,0,0,-18,90,30,frozen,normal,PET/PE laminate,80,100,3,Excellent,High,High
cheese,607,328191,36.0,33.3,3.83,674.0,5.2,0.9,0,0,-18,90,180,frozen,refrigerated,PET/PE laminate,80,100,3,Excellent,High,High
cheese,607,328191,36.0,33.3,3.83,674.0,5.2,0.9,0,0,-18,90,90,frozen,frozen,PET/PE laminate,80,100,3,Excellent,High,High
cheese,605,328153,35.1,33.5,3.79,699.0,5.2,0.9,0,0,25,60,7,ambient,normal,PET/PE laminate,80,100,3,Excellent,High,High
cheese,605,328153,35.1,33.5,3.79,699.0,5.2,0.9,0,0,25,60,14,ambient,refrigerated,PET/PE laminate,80,100,3,Excellent,High,High
cheese,605,328153,35.1,33.5,3.79,699.0,5.2,0.9,0,0,25,60,5,ambient,frozen,PET/PE laminate,80,100,3,Excellent,High,High
cheese,605,328153,35.1,33.5,3.79,699.0,5.2,0.9,0,0,5,85,14,chilled,normal,PET/PE laminate,80,100,3,Excellent,High,High
cheese,605,328153,35.1,33.5,3.79,699.0,5.2,0.9,0,0,5,85,7,chilled,refrigerated,PET/PE laminate,80,100,3,Excellent,High,High
cheese,605,328153,35.1,33.5,3.79,699.0,5.2,0.9,0,0,5,85,30,chilled,frozen,PET/PE laminate,80,100,3,Excellent,High,High
cheese,605,328153,35.1,33.5,3.79,699.0,5.2,0.9,0,0,-18,90,60,frozen,normal,PET/PE laminate,80,100,3,Excellent,High,High
cheese,605,328153,35.1,33.5,3.79,699.0,5.2,0.9,0,0,-18,90,90,frozen,refrigerated,PET/PE laminate,80,100,3,Excellent,High,High
cheese,605,328153,35.1,33.5,3.79,699.0,5.2,0.9,0,0,-18,90,90,frozen,frozen,PET/PE laminate,80,100,3,Excellent,High,High
cheese,603,328122,37.1,32.9,3.69,662.0,5.2,0.9,0,0,25,60,10,ambient,normal,PET/PE laminate,80,100,3,Excellent,High,High
cheese,603,328122,37.1,32.9,3.69,662.0,5.2,0.9,0,0,25,60,5,ambient,refrigerated,PET/PE laminate,80,100,3,Excellent,High,High
cheese,603,328122,37.1,32.9,3.69,662.0,5.2,0.9,0,0,25,60,14,ambient,frozen,PET/PE laminate,80,100,3,Excellent,High,High
cheese,603,328122,37.1,32.9,3.69,662.0,5.2,0.9,0,0,5,85,7,chilled,normal,PET/PE laminate,80,100,3,Excellent,High,High
cheese,603,328122,37.1,32.9,3.69,662.0,5.2,0.9,0,0,5,85,14,chilled,refrigerated,PET/PE laminate,80,100,3,Excellent,High,High
cheese,603,328122,37.1,32.9,3.69,662.0,5.2,0.9,0,0,5,85,30,chilled,frozen,PET/PE laminate,80,100,3,Excellent,High,High
cheese,603,328122,37.1,32.9,3.69,662.0,5.2,0.9,0,0,-18,90,180,frozen,normal,PET/PE laminate,80,100,3,Excellent,High,High
cheese,603,328122,37.1,32.9,3.69,662.0,5.2,0.9,0,0,-18,90,90,frozen,refrigerated,PET/PE laminate,80,100,3,Excellent,High,High
cheese,603,328122,37.1,32.9,3.69,662.0,5.2,0.9,0,0,-18,90,60,frozen,frozen,PET/PE laminate,80,100,3,Excellent,High,High
cheese,604,328130,37.1,32.8,3.76,648.0,5.2,0.9,0,0,25,60,14,ambient,normal,PET/PE laminate,80,100,3,Excellent,High,High
cheese,604,328130,37.1,32.8,3.76,648.0,5.2,0.9,0,0,25,60,3,ambient,refrigerated,PET/PE laminate,80,100,3,Excellent,High,High
cheese,604,328130,37.1,32.8,3.76,648.0,5.2,0.9,0,0,25,60,10,ambient,frozen,PET/PE laminate,80,100,3,Excellent,High,High
cheese,604,328130,37.1,32.8,3.76,648.0,5.2,0.9,0,0,5,85,30,chilled,normal,PET/PE laminate,80,100,3,Excellent,High,High
cheese,604,328130,37.1,32.8,3.76,648.0,5.2,0.9,0,0,5,85,14,chilled,refrigerated,PET/PE laminate,80,100,3,Excellent,High,High
cheese,604,328130,37.1,32.8,3.76,648.0,5.2,0.9,0,0,5,85,7,chilled,frozen,PET/PE laminate,80,100,3,Excellent,High,High
cheese,604,328130,37.1,32.8,3.76,648.0,5.2,0.9,0,0,-18,90,90,frozen,normal,PET/PE laminate,80,100,3,Excellent,High,High
cheese,604,328130,37.1,32.8,3.76,648.0,5.2,0.9,0,0,-18,90,90,frozen,refrigerated,PET/PE laminate,80,100,3,Excellent,High,High
cheese,604,328130,37.1,32.8,3.76,648.0,5.2,0.9,0,0,-18,90,60,frozen,frozen,PET/PE laminate,80,100,3,Excellent,High,High
cheese,606,328175,35.2,32.9,3.84,693.0,5.2,0.9,0,0,25,60,5,ambient,normal,PET/PE laminate,80,100,3,Excellent,High,High
cheese,606,328175,35.2,32.9,3.84,693.0,5.2,0.9,0,0,25,60,7,ambient,refrigerated,PET/PE laminate,80,100,3,Excellent,High,High
cheese,606,328175,35.2,32.9,3.84,693.0,5.2,0.9,0,0,25,60,10,ambient,frozen,PET/PE laminate,80,100,3,Excellent,High,High
cheese,606,328175,35.2,32.9,3.84,693.0,5.2,0.9,0,0,5,85,10,chilled,normal,PET/PE laminate,80,100,3,Excellent,High,High
cheese,606,328175,35.2,32.9,3.84,693.0,5.2,0.9,0,0,5,85,10,chilled,refrigerated,PET/PE laminate,80,100,3,Excellent,High,High
cheese,606,328175,35.2,32.9,3.84,693.0,5.2,0.9,0,0,5,85,10,chilled,frozen,PET/PE laminate,80,100,3,Excellent,High,High
cheese,606,328175,35.2,32.9,3.84,693.0,5.2,0.9,0,0,-18,90,60,frozen,normal,PET/PE laminate,80,100,3,Excellent,High,High
cheese,606,328175,35.2,32.9,3.84,693.0,5.2,0.9,0,0,-18,90,30,frozen,refrigerated,PET/PE laminate,80,100,3,Excellent,High,High
cheese,606,328175,35.2,32.9,3.84,693.0,5.2,0.9,0,0,-18,90,90,frozen,frozen,PET/PE laminate,80,100,3,Excellent,High,High
cheese,602,328114,36.4,34.9,3.65,682.0,5.2,0.9,0,0,25,60,3,ambient,normal,PET/PE laminate,80,100,3,Excellent,High,High
cheese,602,328114,36.4,34.9,3.65,682.0,5.2,0.9,0,0,25,60,14,ambient,refrigerated,PET/PE laminate,80,100,3,Excellent,High,High
cheese,602,328114,36.4,34.9,3.65,682.0,5.2,0.9,0,0,25,60,14,ambient,frozen,PET/PE laminate,80,100,3,Excellent,High,High
cheese,602,328114,36.4,34.9,3.65,682.0,5.2,0.9,0,0,5,85,30,chilled,normal,PET/PE laminate,80,100,3,Excellent,High,High
cheese,602,328114,36.4,34.9,3.65,682.0,5.2,0.9,0,0,5,85,7,chilled,refrigerated,PET/PE laminate,80,100,3,Excellent,High,High
cheese,602,328114,36.4,34.9,3.65,682.0,5.2,0.9,0,0,5,85,14,chilled,frozen,PET/PE laminate,80,100,3,Excellent,High,High
cheese,602,328114,36.4,34.9,3.65,682.0,5.2,0.9,0,0,-18,90,60,frozen,normal,PET/PE laminate,80,100,3,Excellent,High,High
cheese,602,328114,36.4,34.9,3.65,682.0,5.2,0.9,0,0,-18,90,180,frozen,refrigerated,PET/PE laminate,80,100,3,Excellent,High,High
cheese,602,328114,36.4,34.9,3.65,682.0,5.2,0.9,0,0,-18,90,60,frozen,frozen,PET/PE laminate,80,100,3,Excellent,High,High
cheese,598,328045,34.9,34.6,3.44,644.0,5.2,0.9,0,0,25,60,5,ambient,normal,PET/PE laminate,80,100,3,Excellent,High,High
cheese,598,328045,34.9,34.6,3.44,644.0,5.2,0.9,0,0,25,60,5,ambient,refrigerated,PET/PE laminate,80,100,3,Excellent,High,High
cheese,598,328045,34.9,34.6,3.44,644.0,5.2,0.9,0,0,25,60,14,ambient,frozen,PET/PE laminate,80,100,3,Excellent,High,High
cheese,598,328045,34.9,34.6,3.44,644.0,5.2,0.9,0,0,5,85,10,chilled,normal,PET/PE laminate,80,100,3,Excellent,High,High
cheese,598,328045,34.9,34.6,3.44,644.0,5.2,0.9,0,0,5,85,21,chilled,refrigerated,PET/PE laminate,80,100,3,Excellent,High,High
cheese,598,328045,34.9,34.6,3.44,644.0,5.2,0.9,0,0,5,85,7,chilled,frozen,PET/PE laminate,80,100,3,Excellent,High,High
cheese,598,328045,34.9,34.6,3.44,644.0,5.2,0.9,0,0,-18,90,180,frozen,normal,PET/PE laminate,80,100,3,Excellent,High,High
cheese,598,328045,34.9,34.6,3.44,644.0,5.2,0.9,0,0,-18,90,90,frozen,refrigerated,PET/PE laminate,80,100,3,Excellent,High,High
cheese,598,328045,34.9,34.6,3.44,644.0,5.2,0.9,0,0,-18,90,60,frozen,frozen,PET/PE laminate,80,100,3,Excellent,High,High
cheese,624,328454,37.2,34.9,3.44,671.0,5.2,0.9,0,0,25,60,10,ambient,normal,PET/PE laminate,80,100,3,Excellent,High,High
cheese,624,328454,37.2,34.9,3.44,671.0,5.2,0.9,0,0,25,60,14,ambient,refrigerated,PET/PE laminate,80,100,3,Excellent,High,High
cheese,624,328454,37.2,34.9,3.44,671.0,5.2,0.9,0,0,25,60,7,ambient,frozen,PET/PE laminate,80,100,3,Excellent,High,High
cheese,624,328454,37.2,34.9,3.44,671.0,5.2,0.9,0,0,5,85,21,chilled,normal,PET/PE laminate,80,100,3,Excellent,High,High
cheese,624,328454,37.2,34.9,3.44,671.0,5.2,0.9,0,0,5,85,10,chilled,refrigerated,PET/PE laminate,80,100,3,Excellent,High,High
cheese,624,328454,37.2,34.9,3.44,671.0,5.2,0.9,0,0,5,85,30,chilled,frozen,PET/PE laminate,80,100,3,Excellent,High,High
cheese,624,328454,37.2,34.9,3.44,671.0,5.2,0.9,0,0,-18,90,60,frozen,normal,PET/PE laminate,80,100,3,Excellent,High,High
cheese,624,328454,37.2,34.9,3.44,671.0,5.2,0.9,0,0,-18,90,90,frozen,refrigerated,PET/PE laminate,80,100,3,Excellent,High,High
cheese,624,328454,37.2,34.9,3.44,671.0,5.2,0.9,0,0,-18,90,180,frozen,frozen,PET/PE laminate,80,100,3,Excellent,High,High
cheese,627,328508,38.8,33.0,3.65,668.0,5.2,0.9,0,0,25,60,5,ambient,normal,PET/PE laminate,80,100,3,Excellent,High,High
cheese,627,328508,38.8,33.0,3.65,668.0,5.2,0.9,0,0,25,60,7,ambient,refrigerated,PET/PE laminate,80,100,3,Excellent,High,High
cheese,627,328508,38.8,33.0,3.65,668.0,5.2,0.9,0,0,25,60,14,ambient,frozen,PET/PE laminate,80,100,3,Excellent,High,High
cheese,627,328508,38.8,33.0,3.65,668.0,5.2,0.9,0,0,5,85,21,chilled,normal,PET/PE laminate,80,100,3,Excellent,High,High
cheese,627,328508,38.8,33.0,3.65,668.0,5.2,0.9,0,0,5,85,21,chilled,refrigerated,PET/PE laminate,80,100,3,Excellent,High,High
cheese,627,328508,38.8,33.0,3.65,668.0,5.2,0.9,0,0,5,85,14,chilled,frozen,PET/PE laminate,80,100,3,Excellent,High,High
cheese,627,328508,38.8,33.0,3.65,668.0,5.2,0.9,0,0,-18,90,180,frozen,normal,PET/PE laminate,80,100,3,Excellent,High,High
cheese,627,328508,38.8,33.0,3.65,668.0,5.2,0.9,0,0,-18,90,180,frozen,refrigerated,PET/PE laminate,80,100,3,Excellent,High,High
cheese,627,328508,38.8,33.0,3.65,668.0,5.2,0.9,0,0,-18,90,60,frozen,frozen,PET/PE laminate,80,100,3,Excellent,High,High
cheese,622,328432,39.9,33.1,3.69,725.0,5.2,0.9,0,0,25,60,5,ambient,normal,PET/PE laminate,80,100,3,Excellent,High,High
cheese,622,328432,39.9,33.1,3.69,725.0,5.2,0.9,0,0,25,60,14,ambient,refrigerated,PET/PE laminate,80,100,3,Excellent,High,High
cheese,622,328432,39.9,33.1,3.69,725.0,5.2,0.9,0,0,25,60,5,ambient,frozen,PET/PE laminate,80,100,3,Excellent,High,High
cheese,622,328432,39.9,33.1,3.69,725.0,5.2,0.9,0,0,5,85,14,chilled,normal,PET/PE laminate,80,100,3,Excellent,High,High
cheese,622,328432,39.9,33.1,3.69,725.0,5.2,0.9,0,0,5,85,7,chilled,refrigerated,PET/PE laminate,80,100,3,Excellent,High,High
cheese,622,328432,39.9,33.1,3.69,725.0,5.2,0.9,0,0,5,85,21,chilled,frozen,PET/PE laminate,80,100,3,Excellent,High,High
cheese,622,328432,39.9,33.1,3.69,725.0,5.2,0.9,0,0,-18,90,90,frozen,normal,PET/PE laminate,80,100,3,Excellent,High,High
cheese,622,328432,39.9,33.1,3.69,725.0,5.2,0.9,0,0,-18,90,30,frozen,refrigerated,PET/PE laminate,80,100,3,Excellent,High,High
cheese,622,328432,39.9,33.1,3.69,725.0,5.2,0.9,0,0,-18,90,30,frozen,frozen,PET/PE laminate,80,100,3,Excellent,High,High
cheese,629,328541,39.1,33.6,3.58,,5.2,0.9,0,0,25,60,7,ambient,normal,PET/PE laminate,80,100,3,Excellent,High,High
cheese,629,328541,39.1,33.6,3.58,,5.2,0.9,0,0,25,60,3,ambient,refrigerated,PET/PE laminate,80,100,3,Excellent,High,High
cheese,629,328541,39.1,33.6,3.58,,5.2,0.9,0,0,25,60,5,ambient,frozen,PET/PE laminate,80,100,3,Excellent,High,High
cheese,629,328541,39.1,33.6,3.58,,5.2,0.9,0,0,5,85,14,chilled,normal,PET/PE laminate,80,100,3,Excellent,High,High
cheese,629,328541,39.1,33.6,3.58,,5.2,0.9,0,0,5,85,21,chilled,refrigerated,PET/PE laminate,80,100,3,Excellent,High,High
cheese,629,328541,39.1,33.6,3.58,,5.2,0.9,0,0,5,85,30,chilled,frozen,PET/PE laminate,80,100,3,Excellent,High,High
cheese,629,328541,39.1,33.6,3.58,,5.2,0.9,0,0,-18,90,60,frozen,normal,PET/PE laminate,80,100,3,Excellent,High,High
cheese,629,328541,39.1,33.6,3.58,,5.2,0.9,0,0,-18,90,180,frozen,refrigerated,PET/PE laminate,80,100,3,Excellent,High,High
cheese,629,328541,39.1,33.6,3.58,,5.2,0.9,0,0,-18,90,30,frozen,frozen,PET/PE laminate,80,100,3,Excellent,High,High
cheese,626,328490,38.0,34.8,3.7,689.0,5.2,0.9,0,0,25,60,5,ambient,normal,PET/PE laminate,80,100,3,Excellent,High,High
cheese,626,328490,38.0,34.8,3.7,689.0,5.2,0.9,0,0,25,60,10,ambient,refrigerated,PET/PE laminate,80,100,3,Excellent,High,High
cheese,626,328490,38.0,34.8,3.7,689.0,5.2,0.9,0,0,25,60,7,ambient,frozen,PET/PE laminate,80,100,3,Excellent,High,High
cheese,626,328490,38.0,34.8,3.7,689.0,5.2,0.9,0,0,5,85,7,chilled,normal,PET/PE laminate,80,100,3,Excellent,High,High
cheese,626,328490,38.0,34.8,3.7,689.0,5.2,0.9,0,0,5,85,21,chilled,refrigerated,PET/PE laminate,80,100,3,Excellent,High,High
cheese,626,328490,38.0,34.8,3.7,689.0,5.2,0.9,0,0,5,85,7,chilled,frozen,PET/PE laminate,80,100,3,Excellent,High,High
cheese,626,328490,38.0,34.8,3.7,689.0,5.2,0.9,0,0,-18,90,180,frozen,normal,PET/PE laminate,80,100,3,Excellent,High,High
cheese,626,328490,38.0,34.8,3.7,689.0,5.2,0.9,0,0,-18,90,90,frozen,refrigerated,PET/PE laminate,80,100,3,Excellent,High,High
cheese,626,328490,38.0,34.8,3.7,689.0,5.2,0.9,0,0,-18,90,60,frozen,frozen,PET/PE laminate,80,100,3,Excellent,High,High
cheese,631,328559,,,,,5.2,0.9,0,0,25,60,10,ambient,normal,PET/PE laminate,80,100,3,Excellent,High,High
cheese,631,328559,,,,,5.2,0.9,0,0,25,60,3,ambient,refrigerated,PET/PE laminate,80,100,3,Excellent,High,High
cheese,631,328559,,,,,5.2,0.9,0,0,25,60,7,ambient,frozen,PET/PE laminate,80,100,3,Excellent,High,High
cheese,631,328559,,,,,5.2,0.9,0,0,5,85,10,chilled,normal,PET/PE laminate,80,100,3,Excellent,High,High
cheese,631,328559,,,,,5.2,0.9,0,0,5,85,7,chilled,refrigerated,PET/PE laminate,80,100,3,Excellent,High,High
cheese,631,328559,,,,,5.2,0.9,0,0,5,85,14,chilled,frozen,PET/PE laminate,80,100,3,Excellent,High,High
cheese,631,328559,,,,,5.2,0.9,0,0,-18,90,30,frozen,normal,PET/PE laminate,80,100,3,Excellent,High,High
cheese,631,328559,,,,,5.2,0.9,0,0,-18,90,90,frozen,refrigerated,PET/PE laminate,80,100,3,Excellent,High,High
cheese,631,328559,,,,,5.2,0.9,0,0,-18,90,60,frozen,frozen,PET/PE laminate,80,100,3,Excellent,High,High
cheese,625,328472,39.2,33.5,3.69,673.0,5.2,0.9,0,0,25,60,5,ambient,normal,PET/PE laminate,80,100,3,Excellent,High,High
cheese,625,328472,39.2,33.5,3.69,673.0,5.2,0.9,0,0,25,60,3,ambient,refrigerated,PET/PE laminate,80,100,3,Excellent,High,High
cheese,625,328472,39.2,33.5,3.69,673.0,5.2,0.9,0,0,25,60,7,ambient,frozen,PET/PE laminate,80,100,3,Excellent,High,High
cheese,625,328472,39.2,33.5,3.69,673.0,5.2,0.9,0,0,5,85,21,chilled,normal,PET/PE laminate,80,100,3,Excellent,High,High
cheese,625,328472,39.2,33.5,3.69,673.0,5.2,0.9,0,0,5,85,10,chilled,refrigerated,PET/PE laminate,80,100,3,Excellent,High,High
cheese,625,328472,39.2,33.5,3.69,673.0,5.2,0.9,0,0,5,85,21,chilled,frozen,PET/PE laminate,80,100,3,Excellent,High,High
cheese,625,328472,39.2,33.5,3.69,673.0,5.2,0.9,0,0,-18,90,180,frozen,normal,PET/PE laminate,80,100,3,Excellent,High,High
cheese,625,328472,39.2,33.5,3.69,673.0,5.2,0.9,0,0,-18,90,30,frozen,refrigerated,PET/PE laminate,80,100,3,Excellent,High,High
cheese,625,328472,39.2,33.5,3.69,673.0,5.2,0.9,0,0,-18,90,30,frozen,frozen,PET/PE laminate,80,100,3,Excellent,High,High
cheese,618,328358,38.2,32.5,3.61,607.0,5.2,0.9,0,0,25,60,3,ambient,normal,PET/PE laminate,80,100,3,Excellent,High,High
cheese,618,328358,38.2,32.5,3.61,607.0,5.2,0.9,0,0,25,60,7,ambient,refrigerated,PET/PE laminate,80,100,3,Excellent,High,High
cheese,618,328358,38.2,32.5,3.61,607.0,5.2,0.9,0,0,25,60,5,ambient,frozen,PET/PE laminate,80,100,3,Excellent,High,High
cheese,618,328358,38.2,32.5,3.61,607.0,5.2,0.9,0,0,5,85,10,chilled,normal,PET/PE laminate,80,100,3,Excellent,High,High
cheese,618,328358,38.2,32.5,3.61,607.0,5.2,0.9,0,0,5,85,30,chilled,refrigerated,PET/PE laminate,80,100,3,Excellent,High,High
cheese,618,328358,38.2,32.5,3.61,607.0,5.2,0.9,0,0,5,85,30,chilled,frozen,PET/PE laminate,80,100,3,Excellent,High,High
cheese,618,328358,38.2,32.5,3.61,607.0,5.2,0.9,0,0,-18,90,180,frozen,normal,PET/PE laminate,80,100,3,Excellent,High,High
cheese,618,328358,38.2,32.5,3.61,607.0,5.2,0.9,0,0,-18,90,30,frozen,refrigerated,PET/PE laminate,80,100,3,Excellent,High,High
cheese,618,328358,38.2,32.5,3.61,607.0,5.2,0.9,0,0,-18,90,90,frozen,frozen,PET/PE laminate,80,100,3,Excellent,High,High
cheese,609,328227,38.1,32.7,3.45,575.0,5.2,0.9,0,0,25,60,5,ambient,normal,PET/PE laminate,80,100,3,Excellent,High,High
cheese,609,328227,38.1,32.7,3.45,575.0,5.2,0.9,0,0,25,60,7,ambient,refrigerated,PET/PE laminate,80,100,3,Excellent,High,High
cheese,609,328227,38.1,32.7,3.45,575.0,5.2,0.9,0,0,25,60,3,ambient,frozen,PET/PE laminate,80,100,3,Excellent,High,High
cheese,609,328227,38.1,32.7,3.45,575.0,5.2,0.9,0,0,5,85,7,chilled,normal,PET/PE laminate,80,100,3,Excellent,High,High
cheese,609,328227,38.1,32.7,3.45,575.0,5.2,0.9,0,0,5,85,10,chilled,refrigerated,PET/PE laminate,80,100,3,Excellent,High,High
cheese,609,328227,38.1,32.7,3.45,575.0,5.2,0.9,0,0,5,85,21,chilled,frozen,PET/PE laminate,80,100,3,Excellent,High,High
cheese,609,328227,38.1,32.7,3.45,575.0,5.2,0.9,0,0,-18,90,180,frozen,normal,PET/PE laminate,80,100,3,Excellent,High,High
cheese,609,328227,38.1,32.7,3.45,575.0,5.2,0.9,0,0,-18,90,30,frozen,refrigerated,PET/PE laminate,80,100,3,Excellent,High,High
cheese,609,328227,38.1,32.7,3.45,575.0,5.2,0.9,0,0,-18,90,30,frozen,frozen,PET/PE laminate,80,100,3,Excellent,High,High
cheese,614,328326,37.0,33.6,3.78,647.0,5.2,0.9,0,0,25,60,10,ambient,normal,PET/PE laminate,80,100,3,Excellent,High,High
cheese,614,328326,37.0,33.6,3.78,647.0,5.2,0.9,0,0,25,60,14,ambient,refrigerated,PET/PE laminate,80,100,3,Excellent,High,High
cheese,614,328326,37.0,33.6,3.78,647.0,5.2,0.9,0,0,25,60,14,ambient,frozen,PET/PE laminate,80,100,3,Excellent,High,High
cheese,614,328326,37.0,33.6,3.78,647.0,5.2,0.9,0,0,5,85,7,chilled,normal,PET/PE laminate,80,100,3,Excellent,High,High
cheese,614,328326,37.0,33.6,3.78,647.0,5.2,0.9,0,0,5,85,30,chilled,refrigerated,PET/PE laminate,80,100,3,Excellent,High,High
cheese,614,328326,37.0,33.6,3.78,647.0,5.2,0.9,0,0,5,85,30,chilled,frozen,PET/PE laminate,80,100,3,Excellent,High,High
cheese,614,328326,37.0,33.6,3.78,647.0,5.2,0.9,0,0,-18,90,60,frozen,normal,PET/PE laminate,80,100,3,Excellent,High,High
cheese,614,328326,37.0,33.6,3.78,647.0,5.2,0.9,0,0,-18,90,60,frozen,refrigerated,PET/PE laminate,80,100,3,Excellent,High,High
cheese,614,328326,37.0,33.6,3.78,647.0,5.2,0.9,0,0,-18,90,90,frozen,frozen,PET/PE laminate,80,100,3,Excellent,High,High
cheese,615,328335,37.6,33.7,3.72,,5.2,0.9,0,0,25,60,10,ambient,normal,PET/PE laminate,80,100,3,Excellent,High,High
cheese,615,328335,37.6,33.7,3.72,,5.2,0.9,0,0,25,60,3,ambient,refrigerated,PET/PE laminate,80,100,3,Excellent,High,High
cheese,615,328335,37.6,33.7,3.72,,5.2,0.9,0,0,25,60,14,ambient,frozen,PET/PE laminate,80,100,3,Excellent,High,High
cheese,615,328335,37.6,33.7,3.72,,5.2,0.9,0,0,5,85,14,chilled,normal,PET/PE laminate,80,100,3,Excellent,High,High
cheese,615,328335,37.6,33.7,3.72,,5.2,0.9,0,0,5,85,10,chilled,refrigerated,PET/PE laminate,80,100,3,Excellent,High,High
cheese,615,328335,37.6,33.7,3.72,,5.2,0.9,0,0,5,85,30,chilled,frozen,PET/PE laminate,80,100,3,Excellent,High,High
cheese,615,328335,37.6,33.7,3.72,,5.2,0.9,0,0,-18,90,180,frozen,normal,PET/PE laminate,80,100,3,Excellent,High,High
cheese,615,328335,37.6,33.7,3.72,,5.2,0.9,0,0,-18,90,60,frozen,refrigerated,PET/PE laminate,80,100,3,Excellent,High,High
cheese,615,328335,37.6,33.7,3.72,,5.2,0.9,0,0,-18,90,30,frozen,frozen,PET/PE laminate,80,100,3,Excellent,High,High
cheese,619,328376,,,,702.0,5.2,0.9,0,0,25,60,14,ambient,normal,PET/PE laminate,80,100,3,Excellent,High,High
cheese,619,328376,,,,702.0,5.2,0.9,0,0,25,60,7,ambient,refrigerated,PET/PE laminate,80,100,3,Excellent,High,High
cheese,619,328376,,,,702.0,5.2,0.9,0,0,25,60,3,ambient,frozen,PET/PE laminate,80,100,3,Excellent,High,High
cheese,619,328376,,,,702.0,5.2,0.9,0,0,5,85,30,chilled,normal,PET/PE laminate,80,100,3,Excellent,High,High
cheese,619,328376,,,,702.0,5.2,0.9,0,0,5,85,30,chilled,refrigerated,PET/PE laminate,80,100,3,Excellent,High,High
cheese,619,328376,,,,702.0,5.2,0.9,0,0,5,85,30,chilled,frozen,PET/PE laminate,80,100,3,Excellent,High,High
cheese,619,328376,,,,702.0,5.2,0.9,0,0,-18,90,30,frozen,normal,PET/PE laminate,80,100,3,Excellent,High,High
cheese,619,328376,,,,702.0,5.2,0.9,0,0,-18,90,180,frozen,refrigerated,PET/PE laminate,80,100,3,Excellent,High,High
cheese,619,328376,,,,702.0,5.2,0.9,0,0,-18,90,180,frozen,frozen,PET/PE laminate,80,100,3,Excellent,High,High
cheese,621,328413,36.5,32.8,3.7,615.0,5.2,0.9,0,0,25,60,3,ambient,normal,PET/PE laminate,80,100,3,Excellent,High,High
cheese,621,328413,36.5,32.8,3.7,615.0,5.2,0.9,0,0,25,60,10,ambient,refrigerated,PET/PE laminate,80,100,3,Excellent,High,High
cheese,621,328413,36.5,32.8,3.7,615.0,5.2,0.9,0,0,25,60,7,ambient,frozen,PET/PE laminate,80,100,3,Excellent,High,High
cheese,621,328413,36.5,32.8,3.7,615.0,5.2,0.9,0,0,5,85,14,chilled,normal,PET/PE laminate,80,100,3,Excellent,High,High
cheese,621,328413,36.5,32.8,3.7,615.0,5.2,0.9,0,0,5,85,7,chilled,refrigerated,PET/PE laminate,80,100,3,Excellent,High,High
cheese,621,328413,36.5,32.8,3.7,615.0,5.2,0.9,0,0,5,85,14,chilled,frozen,PET/PE laminate,80,100,3,Excellent,High,High
cheese,621,328413,36.5,32.8,3.7,615.0,5.2,0.9,0,0,-18,90,30,frozen,normal,PET/PE laminate,80,100,3,Excellent,High,High
cheese,621,328413,36.5,32.8,3.7,615.0,5.2,0.9,0,0,-18,90,90,frozen,refrigerated,PET/PE laminate,80,100,3,Excellent,High,High
cheese,621,328413,36.5,32.8,3.7,615.0,5.2,0.9,0,0,-18,90,60,frozen,frozen,PET/PE laminate,80,100,3,Excellent,High,High
cheese,620,328394,37.2,32.1,3.7,623.0,5.2,0.9,0,0,25,60,3,ambient,normal,PET/PE laminate,80,100,3,Excellent,High,High
cheese,620,328394,37.2,32.1,3.7,623.0,5.2,0.9,0,0,25,60,14,ambient,refrigerated,PET/PE laminate,80,100,3,Excellent,High,High
cheese,620,328394,37.2,32.1,3.7,623.0,5.2,0.9,0,0,25,60,7,ambient,frozen,PET/PE laminate,80,100,3,Excellent,High,High
cheese,620,328394,37.2,32.1,3.7,623.0,5.2,0.9,0,0,5,85,10,chilled,normal,PET/PE laminate,80,100,3,Excellent,High,High
cheese,620,328394,37.2,32.1,3.7,623.0,5.2,0.9,0,0,5,85,7,chilled,refrigerated,PET/PE laminate,80,100,3,Excellent,High,High
cheese,620,328394,37.2,32.1,3.7,623.0,5.2,0.9,0,0,5,85,14,chilled,frozen,PET/PE laminate,80,100,3,Excellent,High,High
cheese,620,328394,37.2,32.1,3.7,623.0,5.2,0.9,0,0,-18,90,90,frozen,normal,PET/PE laminate,80,100,3,Excellent,High,High
cheese,620,328394,37.2,32.1,3.7,623.0,5.2,0.9,0,0,-18,90,60,frozen,refrigerated,PET/PE laminate,80,100,3,Excellent,High,High
cheese,620,328394,37.2,32.1,3.7,623.0,5.2,0.9,0,0,-18,90,180,frozen,frozen,PET/PE laminate,80,100,3,Excellent,High,High
cheese,610,328248,36.2,34.1,3.87,636.0,5.2,0.9,0,0,25,60,10,ambient,normal,PET/PE laminate,80,100,3,Excellent,High,High
cheese,610,328248,36.2,34.1,3.87,636.0,5.2,0.9,0,0,25,60,5,ambient,refrigerated,PET/PE laminate,80,100,3,Excellent,High,High
cheese,610,328248,36.2,34.1,3.87,636.0,5.2,0.9,0,0,25,60,5,ambient,frozen,PET/PE laminate,80,100,3,Excellent,High,High
cheese,610,328248,36.2,34.1,3.87,636.0,5.2,0.9,0,0,5,85,7,chilled,normal,PET/PE laminate,80,100,3,Excellent,High,High
cheese,610,328248,36.2,34.1,3.87,636.0,5.2,0.9,0,0,5,85,21,chilled,refrigerated,PET/PE laminate,80,100,3,Excellent,High,High
cheese,610,328248,36.2,34.1,3.87,636.0,5.2,0.9,0,0,5,85,7,chilled,frozen,PET/PE laminate,80,100,3,Excellent,High,High
cheese,610,328248,36.2,34.1,3.87,636.0,5.2,0.9,0,0,-18,90,90,frozen,normal,PET/PE laminate,80,100,3,Excellent,High,High
cheese,610,328248,36.2,34.1,3.87,636.0,5.2,0.9,0,0,-18,90,60,frozen,refrigerated,PET/PE laminate,80,100,3,Excellent,High,High
cheese,610,328248,36.2,34.1,3.87,636.0,5.2,0.9,0,0,-18,90,30,frozen,frozen,PET/PE laminate,80,100,3,Excellent,High,High
cheese,613,328305,36.2,35.1,3.58,615.0,5.2,0.9,0,0,25,60,5,ambient,normal,PET/PE laminate,80,100,3,Excellent,High,High
cheese,613,328305,36.2,35.1,3.58,615.0,5.2,0.9,0,0,25,60,3,ambient,refrigerated,PET/PE laminate,80,100,3,Excellent,High,High
cheese,613,328305,36.2,35.1,3.58,615.0,5.2,0.9,0,0,25,60,7,ambient,frozen,PET/PE laminate,80,100,3,Excellent,High,High
cheese,613,328305,36.2,35.1,3.58,615.0,5.2,0.9,0,0,5,85,14,chilled,normal,PET/PE laminate,80,100,3,Excellent,High,High
cheese,613,328305,36.2,35.1,3.58,615.0,5.2,0.9,0,0,5,85,30,chilled,refrigerated,PET/PE laminate,80,100,3,Excellent,High,High
cheese,613,328305,36.2,35.1,3.58,615.0,5.2,0.9,0,0,5,85,21,chilled,frozen,PET/PE laminate,80,100,3,Excellent,High,High
cheese,613,328305,36.2,35.1,3.58,615.0,5.2,0.9,0,0,-18,90,180,frozen,normal,PET/PE laminate,80,100,3,Excellent,High,High
cheese,613,328305,36.2,35.1,3.58,615.0,5.2,0.9,0,0,-18,90,90,frozen,refrigerated,PET/PE laminate,80,100,3,Excellent,High,High
cheese,613,328305,36.2,35.1,3.58,615.0,5.2,0.9,0,0,-18,90,30,frozen,frozen,PET/PE laminate,80,100,3,Excellent,High,High
cheese,616,328344,36.0,34.6,3.71,628.0,5.2,0.9,0,0,25,60,5,ambient,normal,PET/PE laminate,80,100,3,Excellent,High,High
cheese,616,328344,36.0,34.6,3.71,628.0,5.2,0.9,0,0,25,60,7,ambient,refrigerated,PET/PE laminate,80,100,3,Excellent,High,High
cheese,616,328344,36.0,34.6,3.71,628.0,5.2,0.9,0,0,25,60,7,ambient,frozen,PET/PE laminate,80,100,3,Excellent,High,High
cheese,616,328344,36.0,34.6,3.71,628.0,5.2,0.9,0,0,5,85,7,chilled,normal,PET/PE laminate,80,100,3,Excellent,High,High
cheese,616,328344,36.0,34.6,3.71,628.0,5.2,0.9,0,0,5,85,14,chilled,refrigerated,PET/PE laminate,80,100,3,Excellent,High,High
cheese,616,328344,36.0,34.6,3.71,628.0,5.2,0.9,0,0,5,85,14,chilled,frozen,PET/PE laminate,80,100,3,Excellent,High,High
cheese,616,328344,36.0,34.6,3.71,628.0,5.2,0.9,0,0,-18,90,30,frozen,normal,PET/PE laminate,80,100,3,Excellent,High,High
cheese,616,328344,36.0,34.6,3.71,628.0,5.2,0.9,0,0,-18,90,90,frozen,refrigerated,PET/PE laminate,80,100,3,Excellent,High,High
cheese,616,328344,36.0,34.6,3.71,628.0,5.2,0.9,0,0,-18,90,180,frozen,frozen,PET/PE laminate,80,100,3,Excellent,High,High
cheese,611,328266,36.7,32.7,3.8,657.0,5.2,0.9,0,0,25,60,10,ambient,normal,PET/PE laminate,80,100,3,Excellent,High,High
cheese,611,328266,36.7,32.7,3.8,657.0,5.2,0.9,0,0,25,60,10,ambient,refrigerated,PET/PE laminate,80,100,3,Excellent,High,High
cheese,611,328266,36.7,32.7,3.8,657.0,5.2,0.9,0,0,25,60,10,ambient,frozen,PET/PE laminate,80,100,3,Excellent,High,High
cheese,611,328266,36.7,32.7,3.8,657.0,5.2,0.9,0,0,5,85,14,chilled,normal,PET/PE laminate,80,100,3,Excellent,High,High
cheese,611,328266,36.7,32.7,3.8,657.0,5.2,0.9,0,0,5,85,10,chilled,refrigerated,PET/PE laminate,80,100,3,Excellent,High,High
cheese,611,328266,36.7,32.7,3.8,657.0,5.2,0.9,0,0,5,85,21,chilled,frozen,PET/PE laminate,80,100,3,Excellent,High,High
cheese,611,328266,36.7,32.7,3.8,657.0,5.2,0.9,0,0,-18,90,180,frozen,normal,PET/PE laminate,80,100,3,Excellent,High,High
cheese,611,328266,36.7,32.7,3.8,657.0,5.2,0.9,0,0,-18,90,90,frozen,refrigerated,PET/PE laminate,80,100,3,Excellent,High,High
cheese,611,328266,36.7,32.7,3.8,657.0,5.2,0.9,0,0,-18,90,90,frozen,frozen,PET/PE laminate,80,100,3,Excellent,High,High
cheese,617,328351,36.3,33.9,3.59,,5.2,0.9,0,0,25,60,3,ambient,normal,PET/PE laminate,80,100,3,Excellent,High,High
cheese,617,328351,36.3,33.9,3.59,,5.2,0.9,0,0,25,60,10,ambient,refrigerated,PET/PE laminate,80,100,3,Excellent,High,High
cheese,617,328351,36.3,33.9,3.59,,5.2,0.9,0,0,25,60,3,ambient,frozen,PET/PE laminate,80,100,3,Excellent,High,High
cheese,617,328351,36.3,33.9,3.59,,5.2,0.9,0,0,5,85,21,chilled,normal,PET/PE laminate,80,100,3,Excellent,High,High
cheese,617,328351,36.3,33.9,3.59,,5.2,0.9,0,0,5,85,30,chilled,refrigerated,PET/PE laminate,80,100,3,Excellent,High,High
cheese,617,328351,36.3,33.9,3.59,,5.2,0.9,0,0,5,85,10,chilled,frozen,PET/PE laminate,80,100,3,Excellent,High,High
cheese,617,328351,36.3,33.9,3.59,,5.2,0.9,0,0,-18,90,90,frozen,normal,PET/PE laminate,80,100,3,Excellent,High,High
cheese,617,328351,36.3,33.9,3.59,,5.2,0.9,0,0,-18,90,90,frozen,refrigerated,PET/PE laminate,80,100,3,Excellent,High,High
cheese,617,328351,36.3,33.9,3.59,,5.2,0.9,0,0,-18,90,30,frozen,frozen,PET/PE laminate,80,100,3,Excellent,High,High
cheese,608,328208,36.5,33.1,3.9,743.0,5.2,0.9,0,0,25,60,3,ambient,normal,PET/PE laminate,80,100,3,Excellent,High,High
cheese,608,328208,36.5,33.1,3.9,743.0,5.2,0.9,0,0,25,60,7,ambient,refrigerated,PET/PE laminate,80,100,3,Excellent,High,High
cheese,608,328208,36.5,33.1,3.9,743.0,5.2,0.9,0,0,25,60,7,ambient,frozen,PET/PE laminate,80,100,3,Excellent,High,High
cheese,608,328208,36.5,33.1,3.9,743.0,5.2,0.9,0,0,5,85,14,chilled,normal,PET/PE laminate,80,100,3,Excellent,High,High
cheese,608,328208,36.5,33.1,3.9,743.0,5.2,0.9,0,0,5,85,21,chilled,refrigerated,PET/PE laminate,80,100,3,Excellent,High,High
cheese,608,328208,36.5,33.1,3.9,743.0,5.2,0.9,0,0,5,85,30,chilled,frozen,PET/PE laminate,80,100,3,Excellent,High,High
cheese,608,328208,36.5,33.1,3.9,743.0,5.2,0.9,0,0,-18,90,180,frozen,normal,PET/PE laminate,80,100,3,Excellent,High,High
cheese,608,328208,36.5,33.1,3.9,743.0,5.2,0.9,0,0,-18,90,60,frozen,refrigerated,PET/PE laminate,80,100,3,Excellent,High,High
cheese,608,328208,36.5,33.1,3.9,743.0,5.2,0.9,0,0,-18,90,180,frozen,frozen,PET/PE laminate,80,100,3,Excellent,High,High
cheese,612,328286,35.6,32.9,3.73,599.0,5.2,0.9,0,0,25,60,7,ambient,normal,PET/PE laminate,80,100,3,Excellent,High,High
cheese,612,328286,35.6,32.9,3.73,599.0,5.2,0.9,0,0,25,60,10,ambient,refrigerated,PET/PE laminate,80,100,3,Excellent,High,High
cheese,612,328286,35.6,32.9,3.73,599.0,5.2,0.9,0,0,25,60,3,ambient,frozen,PET/PE laminate,80,100,3,Excellent,High,High
cheese,612,328286,35.6,32.9,3.73,599.0,5.2,0.9,0,0,5,85,14,chilled,normal,PET/PE laminate,80,100,3,Excellent,High,High
cheese,612,328286,35.6,32.9,3.73,599.0,5.2,0.9,0,0,5,85,30,chilled,refrigerated,PET/PE laminate,80,100,3,Excellent,High,High
cheese,612,328286,35.6,32.9,3.73,599.0,5.2,0.9,0,0,5,85,21,chilled,frozen,PET/PE laminate,80,100,3,Excellent,High,High
cheese,612,328286,35.6,32.9,3.73,599.0,5.2,0.9,0,0,-18,90,90,frozen,normal,PET/PE laminate,80,100,3,Excellent,High,High
cheese,612,328286,35.6,32.9,3.73,599.0,5.2,0.9,0,0,-18,90,30,frozen,refrigerated,PET/PE laminate,80,100,3,Excellent,High,High
cheese,612,328286,35.6,32.9,3.73,599.0,5.2,0.9,0,0,-18,90,30,frozen,frozen,PET/PE laminate,80,100,3,Excellent,High,High
cheese,635,328601,36.0,34.0,3.66,685.0,5.2,0.9,0,0,25,60,10,ambient,normal,PET/PE laminate,80,100,3,Excellent,High,High
cheese,635,328601,36.0,34.0,3.66,685.0,5.2,0.9,0,0,25,60,7,ambient,refrigerated,PET/PE laminate,80,100,3,Excellent,High,High
cheese,635,328601,36.0,34.0,3.66,685.0,5.2,0.9,0,0,25,60,14,ambient,frozen,PET/PE laminate,80,100,3,Excellent,High,High
cheese,635,328601,36.0,34.0,3.66,685.0,5.2,0.9,0,0,5,85,10,chilled,normal,PET/PE laminate,80,100,3,Excellent,High,High
cheese,635,328601,36.0,34.0,3.66,685.0,5.2,0.9,0,0,5,85,7,chilled,refrigerated,PET/PE laminate,80,100,3,Excellent,High,High
cheese,635,328601,36.0,34.0,3.66,685.0,5.2,0.9,0,0,5,85,10,chilled,frozen,PET/PE laminate,80,100,3,Excellent,High,High
cheese,635,328601,36.0,34.0,3.66,685.0,5.2,0.9,0,0,-18,90,180,frozen,normal,PET/PE laminate,80,100,3,Excellent,High,High
cheese,635,328601,36.0,34.0,3.66,685.0,5.2,0.9,0,0,-18,90,30,frozen,refrigerated,PET/PE laminate,80,100,3,Excellent,High,High
cheese,635,328601,36.0,34.0,3.66,685.0,5.2,0.9,0,0,-18,90,60,frozen,frozen,PET/PE laminate,80,100,3,Excellent,High,High
cheese,628,328529,37.0,34.1,3.78,690.0,5.2,0.9,0,0,25,60,3,ambient,normal,PET/PE laminate,80,100,3,Excellent,High,High
cheese,628,328529,37.0,34.1,3.78,690.0,5.2,0.9,0,0,25,60,5,ambient,refrigerated,PET/PE laminate,80,100,3,Excellent,High,High
cheese,628,328529,37.0,34.1,3.78,690.0,5.2,0.9,0,0,25,60,7,ambient,frozen,PET/PE laminate,80,100,3,Excellent,High,High
cheese,628,328529,37.0,34.1,3.78,690.0,5.2,0.9,0,0,5,85,14,chilled,normal,PET/PE laminate,80,100,3,Excellent,High,High
cheese,628,328529,37.0,34.1,3.78,690.0,5.2,0.9,0,0,5,85,21,chilled,refrigerated,PET/PE laminate,80,100,3,Excellent,High,High
cheese,628,328529,37.0,34.1,3.78,690.0,5.2,0.9,0,0,5,85,30,chilled,frozen,PET/PE laminate,80,100,3,Excellent,High,High
cheese,628,328529,37.0,34.1,3.78,690.0,5.2,0.9,0,0,-18,90,30,frozen,normal,PET/PE laminate,80,100,3,Excellent,High,High
cheese,628,328529,37.0,34.1,3.78,690.0,5.2,0.9,0,0,-18,90,60,frozen,refrigerated,PET/PE laminate,80,100,3,Excellent,High,High
cheese,628,328529,37.0,34.1,3.78,690.0,5.2,0.9,0,0,-18,90,180,frozen,frozen,PET/PE laminate,80,100,3,Excellent,High,High
cheese,632,328567,36.9,34.7,3.45,630.0,5.2,0.9,0,0,25,60,7,ambient,normal,PET/PE laminate,80,100,3,Excellent,High,High
cheese,632,328567,36.9,34.7,3.45,630.0,5.2,0.9,0,0,25,60,7,ambient,refrigerated,PET/PE laminate,80,100,3,Excellent,High,High
cheese,632,328567,36.9,34.7,3.45,630.0,5.2,0.9,0,0,25,60,10,ambient,frozen,PET/PE laminate,80,100,3,Excellent,High,High
cheese,632,328567,36.9,34.7,3.45,630.0,5.2,0.9,0,0,5,85,7,chilled,normal,PET/PE laminate,80,100,3,Excellent,High,High
cheese,632,328567,36.9,34.7,3.45,630.0,5.2,0.9,0,0,5,85,30,chilled,refrigerated,PET/PE laminate,80,100,3,Excellent,High,High
cheese,632,328567,36.9,34.7,3.45,630.0,5.2,0.9,0,0,5,85,10,chilled,frozen,PET/PE laminate,80,100,3,Excellent,High,High
cheese,632,328567,36.9,34.7,3.45,630.0,5.2,0.9,0,0,-18,90,90,frozen,normal,PET/PE laminate,80,100,3,Excellent,High,High
cheese,632,328567,36.9,34.7,3.45,630.0,5.2,0.9,0,0,-18,90,180,frozen,refrigerated,PET/PE laminate,80,100,3,Excellent,High,High
cheese,632,328567,36.9,34.7,3.45,630.0,5.2,0.9,0,0,-18,90,90,frozen,frozen,PET/PE laminate,80,100,3,Excellent,High,High
cheese,623,328442,36.4,35.0,3.74,,5.2,0.9,0,0,25,60,7,ambient,normal,PET/PE laminate,80,100,3,Excellent,High,High
cheese,623,328442,36.4,35.0,3.74,,5.2,0.9,0,0,25,60,5,ambient,refrigerated,PET/PE laminate,80,100,3,Excellent,High,High
cheese,623,328442,36.4,35.0,3.74,,5.2,0.9,0,0,25,60,3,ambient,frozen,PET/PE laminate,80,100,3,Excellent,High,High
cheese,623,328442,36.4,35.0,3.74,,5.2,0.9,0,0,5,85,7,chilled,normal,PET/PE laminate,80,100,3,Excellent,High,High
cheese,623,328442,36.4,35.0,3.74,,5.2,0.9,0,0,5,85,10,chilled,refrigerated,PET/PE laminate,80,100,3,Excellent,High,High
cheese,623,328442,36.4,35.0,3.74,,5.2,0.9,0,0,5,85,21,chilled,frozen,PET/PE laminate,80,100,3,Excellent,High,High
cheese,623,328442,36.4,35.0,3.74,,5.2,0.9,0,0,-18,90,180,frozen,normal,PET/PE laminate,80,100,3,Excellent,High,High
cheese,623,328442,36.4,35.0,3.74,,5.2,0.9,0,0,-18,90,30,frozen,refrigerated,PET/PE laminate,80,100,3,Excellent,High,High
cheese,623,328442,36.4,35.0,3.74,,5.2,0.9,0,0,-18,90,90,frozen,frozen,PET/PE laminate,80,100,3,Excellent,High,High
cheese,633,328585,,,,699.0,5.2,0.9,0,0,25,60,7,ambient,normal,PET/PE laminate,80,100,3,Excellent,High,High
cheese,633,328585,,,,699.0,5.2,0.9,0,0,25,60,10,ambient,refrigerated,PET/PE laminate,80,100,3,Excellent,High,High
cheese,633,328585,,,,699.0,5.2,0.9,0,0,25,60,5,ambient,frozen,PET/PE laminate,80,100,3,Excellent,High,High
cheese,633,328585,,,,699.0,5.2,0.9,0,0,5,85,30,chilled,normal,PET/PE laminate,80,100,3,Excellent,High,High
cheese,633,328585,,,,699.0,5.2,0.9,0,0,5,85,14,chilled,refrigerated,PET/PE laminate,80,100,3,Excellent,High,High
cheese,633,328585,,,,699.0,5.2,0.9,0,0,5,85,21,chilled,frozen,PET/PE laminate,80,100,3,Excellent,High,High
cheese,633,328585,,,,699.0,5.2,0.9,0,0,-18,90,60,frozen,normal,PET/PE laminate,80,100,3,Excellent,High,High
cheese,633,328585,,,,699.0,5.2,0.9,0,0,-18,90,30,frozen,refrigerated,PET/PE laminate,80,100,3,Excellent,High,High
cheese,633,328585,,,,699.0,5.2,0.9,0,0,-18,90,60,frozen,frozen,PET/PE laminate,80,100,3,Excellent,High,High
cheese,634,328594,36.9,34.2,3.77,,5.2,0.9,0,0,25,60,3,ambient,normal,PET/PE laminate,80,100,3,Excellent,High,High
cheese,634,328594,36.9,34.2,3.77,,5.2,0.9,0,0,25,60,10,ambient,refrigerated,PET/PE laminate,80,100,3,Excellent,High,High
cheese,634,328594,36.9,34.2,3.77,,5.2,0.9,0,0,25,60,5,ambient,frozen,PET/PE laminate,80,100,3,Excellent,High,High
cheese,634,328594,36.9,34.2,3.77,,5.2,0.9,0,0,5,85,21,chilled,normal,PET/PE laminate,80,100,3,Excellent,High,High
cheese,634,328594,36.9,34.2,3.77,,5.2,0.9,0,0,5,85,7,chilled,refrigerated,PET/PE laminate,80,100,3,Excellent,High,High
cheese,634,328594,36.9,34.2,3.77,,5.2,0.9,0,0,5,85,14,chilled,frozen,PET/PE laminate,80,100,3,Excellent,High,High
cheese,634,328594,36.9,34.2,3.77,,5.2,0.9,0,0,-18,90,90,frozen,normal,PET/PE laminate,80,100,3,Excellent,High,High
cheese,634,328594,36.9,34.2,3.77,,5.2,0.9,0,0,-18,90,30,frozen,refrigerated,PET/PE laminate,80,100,3,Excellent,High,High
cheese,634,328594,36.9,34.2,3.77,,5.2,0.9,0,0,-18,90,90,frozen,frozen,PET/PE laminate,80,100,3,Excellent,High,High
cheese,636,328620,37.8,33.6,3.84,732.0,5.2,0.9,0,0,25,60,7,ambient,normal,PET/PE laminate,80,100,3,Excellent,High,High
cheese,636,328620,37.8,33.6,3.84,732.0,5.2,0.9,0,0,25,60,5,ambient,refrigerated,PET/PE laminate,80,100,3,Excellent,High,High
cheese,636,328620,37.8,33.6,3.84,732.0,5.2,0.9,0,0,25,60,5,ambient,frozen,PET/PE laminate,80,100,3,Excellent,High,High
cheese,636,328620,37.8,33.6,3.84,732.0,5.2,0.9,0,0,5,85,14,chilled,normal,PET/PE laminate,80,100,3,Excellent,High,High
cheese,636,328620,37.8,33.6,3.84,732.0,5.2,0.9,0,0,5,85,30,chilled,refrigerated,PET/PE laminate,80,100,3,Excellent,High,High
cheese,636,328620,37.8,33.6,3.84,732.0,5.2,0.9,0,0,5,85,10,chilled,frozen,PET/PE laminate,80,100,3,Excellent,High,High
cheese,636,328620,37.8,33.6,3.84,732.0,5.2,0.9,0,0,-18,90,30,frozen,normal,PET/PE laminate,80,100,3,Excellent,High,High
cheese,636,328620,37.8,33.6,3.84,732.0,5.2,0.9,0,0,-18,90,60,frozen,refrigerated,PET/PE laminate,80,100,3,Excellent,High,High
cheese,636,328620,37.8,33.6,3.84,732.0,5.2,0.9,0,0,-18,90,60,frozen,frozen,PET/PE laminate,80,100,3,Excellent,High,High
cheese,630,328549,37.1,33.1,3.52,584.0,5.2,0.9,0,0,25,60,5,ambient,normal,PET/PE laminate,80,100,3,Excellent,High,High
cheese,630,328549,37.1,33.1,3.52,584.0,5.2,0.9,0,0,25,60,10,ambient,refrigerated,PET/PE laminate,80,100,3,Excellent,High,High
cheese,630,328549,37.1,33.1,3.52,584.0,5.2,0.9,0,0,25,60,3,ambient,frozen,PET/PE laminate,80,100,3,Excellent,High,High
cheese,630,328549,37.1,33.1,3.52,584.0,5.2,0.9,0,0,5,85,14,chilled,normal,PET/PE laminate,80,100,3,Excellent,High,High
cheese,630,328549,37.1,33.1,3.52,584.0,5.2,0.9,0,0,5,85,30,chilled,refrigerated,PET/PE laminate,80,100,3,Excellent,High,High
cheese,630,328549,37.1,33.1,3.52,584.0,5.2,0.9,0,0,5,85,30,chilled,frozen,PET/PE laminate,80,100,3,Excellent,High,High
cheese,630,328549,37.1,33.1,3.52,584.0,5.2,0.9,0,0,-18,90,90,frozen,normal,PET/PE laminate,80,100,3,Excellent,High,High
cheese,630,328549,37.1,33.1,3.52,584.0,5.2,0.9,0,0,-18,90,180,frozen,refrigerated,PET/PE laminate,80,100,3,Excellent,High,High
cheese,630,328549,37.1,33.1,3.52,584.0,5.2,0.9,0,0,-18,90,60,frozen,frozen,PET/PE laminate,80,100,3,Excellent,High,High
cheese,743,329768,37.3,23.6,7.14,1770.0,5.2,0.9,0,0,25,60,14,ambient,normal,PET/PE laminate,80,100,3,Excellent,High,High
cheese,743,329768,37.3,23.6,7.14,1770.0,5.2,0.9,0,0,25,60,3,ambient,refrigerated,PET/PE laminate,80,100,3,Excellent,High,High
cheese,743,329768,37.3,23.6,7.14,1770.0,5.2,0.9,0,0,25,60,3,ambient,frozen,PET/PE laminate,80,100,3,Excellent,High,High
cheese,743,329768,37.3,23.6,7.14,1770.0,5.2,0.9,0,0,5,85,14,chilled,normal,PET/PE laminate,80,100,3,Excellent,High,High
cheese,743,329768,37.3,23.6,7.14,1770.0,5.2,0.9,0,0,5,85,21,chilled,refrigerated,PET/PE laminate,80,100,3,Excellent,High,High
cheese,743,329768,37.3,23.6,7.14,1770.0,5.2,0.9,0,0,5,85,21,chilled,frozen,PET/PE laminate,80,100,3,Excellent,High,High
cheese,743,329768,37.3,23.6,7.14,1770.0,5.2,0.9,0,0,-18,90,180,frozen,normal,PET/PE laminate,80,100,3,Excellent,High,High
cheese,743,329768,37.3,23.6,7.14,1770.0,5.2,0.9,0,0,-18,90,180,frozen,refrigerated,PET/PE laminate,80,100,3,Excellent,High,High
cheese,743,329768,37.3,23.6,7.14,1770.0,5.2,0.9,0,0,-18,90,30,frozen,frozen,PET/PE laminate,80,100,3,Excellent,High,High
cheese,740,329717,43.2,23.8,6.82,1770.0,5.2,0.9,0,0,25,60,5,ambient,normal,PET/PE laminate,80,100,3,Excellent,High,High
cheese,740,329717,43.2,23.8,6.82,1770.0,5.2,0.9,0,0,25,60,7,ambient,refrigerated,PET/PE laminate,80,100,3,Excellent,High,High
cheese,740,329717,43.2,23.8,6.82,1770.0,5.2,0.9,0,0,25,60,3,ambient,frozen,PET/PE laminate,80,100,3,Excellent,High,High
cheese,740,329717,43.2,23.8,6.82,1770.0,5.2,0.9,0,0,5,85,21,chilled,normal,PET/PE laminate,80,100,3,Excellent,High,High
cheese,740,329717,43.2,23.8,6.82,1770.0,5.2,0.9,0,0,5,85,21,chilled,refrigerated,PET/PE laminate,80,100,3,Excellent,High,High
cheese,740,329717,43.2,23.8,6.82,1770.0,5.2,0.9,0,0,5,85,30,chilled,frozen,PET/PE laminate,80,100,3,Excellent,High,High
cheese,740,329717,43.2,23.8,6.82,1770.0,5.2,0.9,0,0,-18,90,90,frozen,normal,PET/PE laminate,80,100,3,Excellent,High,High
cheese,740,329717,43.2,23.8,6.82,1770.0,5.2,0.9,0,0,-18,90,60,frozen,refrigerated,PET/PE laminate,80,100,3,Excellent,High,High
cheese,740,329717,43.2,23.8,6.82,1770.0,5.2,0.9,0,0,-18,90,60,frozen,frozen,PET/PE laminate,80,100,3,Excellent,High,High
cheese,741,329734,44.0,23.6,6.48,1560.0,5.2,0.9,0,0,25,60,5,ambient,normal,PET/PE laminate,80,100,3,Excellent,High,High
cheese,741,329734,44.0,23.6,6.48,1560.0,5.2,0.9,0,0,25,60,10,ambient,refrigerated,PET/PE laminate,80,100,3,Excellent,High,High
cheese,741,329734,44.0,23.6,6.48,1560.0,5.2,0.9,0,0,25,60,14,ambient,frozen,PET/PE laminate,80,100,3,Excellent,High,High
cheese,741,329734,44.0,23.6,6.48,1560.0,5.2,0.9,0,0,5,85,7,chilled,normal,PET/PE laminate,80,100,3,Excellent,High,High
cheese,741,329734,44.0,23.6,6.48,1560.0,5.2,0.9,0,0,5,85,7,chilled,refrigerated,PET/PE laminate,80,100,3,Excellent,High,High
cheese,741,329734,44.0,23.6,6.48,1560.0,5.2,0.9,0,0,5,85,30,chilled,frozen,PET/PE laminate,80,100,3,Excellent,High,High
cheese,741,329734,44.0,23.6,6.48,1560.0,5.2,0.9,0,0,-18,90,60,frozen,normal,PET/PE laminate,80,100,3,Excellent,High,High
cheese,741,329734,44.0,23.6,6.48,1560.0,5.2,0.9,0,0,-18,90,90,frozen,refrigerated,PET/PE laminate,80,100,3,Excellent,High,High
cheese,741,329734,44.0,23.6,6.48,1560.0,5.2,0.9,0,0,-18,90,60,frozen,frozen,PET/PE laminate,80,100,3,Excellent,High,High
cheese,744,329783,44.5,24.0,6.64,1760.0,5.2,0.9,0,0,25,60,5,ambient,normal,PET/PE laminate,80,100,3,Excellent,High,High
cheese,744,329783,44.5,24.0,6.64,1760.0,5.2,0.9,0,0,25,60,7,ambient,refrigerated,PET/PE laminate,80,100,3,Excellent,High,High
cheese,744,329783,44.5,24.0,6.64,1760.0,5.2,0.9,0,0,25,60,5,ambient,frozen,PET/PE laminate,80,100,3,Excellent,High,High
cheese,744,329783,44.5,24.0,6.64,1760.0,5.2,0.9,0,0,5,85,14,chilled,normal,PET/PE laminate,80,100,3,Excellent,High,High
cheese,744,329783,44.5,24.0,6.64,1760.0,5.2,0.9,0,0,5,85,30,chilled,refrigerated,PET/PE laminate,80,100,3,Excellent,High,High
cheese,744,329783,44.5,24.0,6.64,1760.0,5.2,0.9,0,0,5,85,14,chilled,frozen,PET/PE laminate,80,100,3,Excellent,High,High
cheese,744,329783,44.5,24.0,6.64,1760.0,5.2,0.9,0,0,-18,90,30,frozen,normal,PET/PE laminate,80,100,3,Excellent,High,High
cheese,744,329783,44.5,24.0,6.64,1760.0,5.2,0.9,0,0,-18,90,90,frozen,refrigerated,PET/PE laminate,80,100,3,Excellent,High,High
cheese,744,329783,44.5,24.0,6.64,1760.0,5.2,0.9,0,0,-18,90,60,frozen,frozen,PET/PE laminate,80,100,3,Excellent,High,High
cheese,745,329806,42.2,26.3,7.21,2060.0,5.2,0.9,0,0,25,60,14,ambient,normal,PET/PE laminate,80,100,3,Excellent,High,High
cheese,745,329806,42.2,26.3,7.21,2060.0,5.2,0.9,0,0,25,60,7,ambient,refrigerated,PET/PE laminate,80,100,3,Excellent,High,High
cheese,745,329806,42.2,26.3,7.21,2060.0,5.2,0.9,0,0,25,60,5,ambient,frozen,PET/PE laminate,80,100,3,Excellent,High,High
cheese,745,329806,42.2,26.3,7.21,2060.0,5.2,0.9,0,0,5,85,14,chilled,normal,PET/PE laminate,80,100,3,Excellent,High,High
cheese,745,329806,42.2,26.3,7.21,2060.0,5.2,0.9,0,0,5,85,30,chilled,refrigerated,PET/PE laminate,80,100,3,Excellent,High,High
cheese,745,329806,42.2,26.3,7.21,2060.0,5.2,0.9,0,0,5,85,30,chilled,frozen,PET/PE laminate,80,100,3,Excellent,High,High
cheese,745,329806,42.2,26.3,7.21,2060.0,5.2,0.9,0,0,-18,90,30,frozen,normal,PET/PE laminate,80,100,3,Excellent,High,High
cheese,745,329806,42.2,26.3,7.21,2060.0,5.2,0.9,0,0,-18,90,60,frozen,refrigerated,PET/PE laminate,80,100,3,Excellent,High,High
cheese,745,329806,42.2,26.3,7.21,2060.0,5.2,0.9,0,0,-18,90,60,frozen,frozen,PET/PE laminate,80,100,3,Excellent,High,High
cheese,742,329751,41.9,24.8,7.28,1930.0,5.2,0.9,0,0,25,60,5,ambient,normal,PET/PE laminate,80,100,3,Excellent,High,High
cheese,742,329751,41.9,24.8,7.28,1930.0,5.2,0.9,0,0,25,60,14,ambient,refrigerated,PET/PE laminate,80,100,3,Excellent,High,High
cheese,742,329751,41.9,24.8,7.28,1930.0,5.2,0.9,0,0,25,60,14,ambient,frozen,PET/PE laminate,80,100,3,Excellent,High,High
cheese,742,329751,41.9,24.8,7.28,1930.0,5.2,0.9,0,0,5,85,14,chilled,normal,PET/PE laminate,80,100,3,Excellent,High,High
cheese,742,329751,41.9,24.8,7.28,1930.0,5.2,0.9,0,0,5,85,30,chilled,refrigerated,PET/PE laminate,80,100,3,Excellent,High,High
cheese,742,329751,41.9,24.8,7.28,1930.0,5.2,0.9,0,0,5,85,7,chilled,frozen,PET/PE laminate,80,100,3,Excellent,High,High
cheese,742,329751,41.9,24.8,7.28,1930.0,5.2,0.9,0,0,-18,90,30,frozen,normal,PET/PE laminate,80,100,3,Excellent,High,High
cheese,742,329751,41.9,24.8,7.28,1930.0,5.2,0.9,0,0,-18,90,30,frozen,refrigerated,PET/PE laminate,80,100,3,Excellent,High,High
cheese,742,329751,41.9,24.8,7.28,1930.0,5.2,0.9,0,0,-18,90,30,frozen,frozen,PET/PE laminate,80,100,3,Excellent,High,High
cheese,2343,2259876,67.81825,11.706625,2.278,449.48125,5.2,0.9,0,0,25,60,14,ambient,normal,PET/PE laminate,80,100,3,Excellent,High,High
cheese,2343,2259876,67.81825,11.706625,2.278,449.48125,5.2,0.9,0,0,25,60,7,ambient,refrigerated,PET/PE laminate,80,100,3,Excellent,High,High
cheese,2343,2259876,67.81825,11.706625,2.278,449.48125,5.2,0.9,0,0,25,60,5,ambient,frozen,PET/PE laminate,80,100,3,Excellent,High,High
cheese,2343,2259876,67.81825,11.706625,2.278,449.48125,5.2,0.9,0,0,5,85,30,chilled,normal,PET/PE laminate,80,100,3,Excellent,High,High
cheese,2343,2259876,67.81825,11.706625,2.278,449.48125,5.2,0.9,0,0,5,85,21,chilled,refrigerated,PET/PE laminate,80,100,3,Excellent,High,High
cheese,2343,2259876,67.81825,11.706625,2.278,449.48125,5.2,0.9,0,0,5,85,30,chilled,frozen,PET/PE laminate,80,100,3,Excellent,High,High
cheese,2343,2259876,67.81825,11.706625,2.278,449.48125,5.2,0.9,0,0,-18,90,30,frozen,normal,PET/PE laminate,80,100,3,Excellent,High,High
cheese,2343,2259876,67.81825,11.706625,2.278,449.48125,5.2,0.9,0,0,-18,90,180,frozen,refrigerated,PET/PE laminate,80,100,3,Excellent,High,High
cheese,2343,2259876,67.81825,11.706625,2.278,449.48125,5.2,0.9,0,0,-18,90,90,frozen,frozen,PET/PE laminate,80,100,3,Excellent,High,High
cheese,689,329346,49.4,20.8,3.65,725.0,5.2,0.9,0,0,25,60,7,ambient,normal,PET/PE laminate,80,100,3,Excellent,High,High
cheese,689,329346,49.4,20.8,3.65,725.0,5.2,0.9,0,0,25,60,10,ambient,refrigerated,PET/PE laminate,80,100,3,Excellent,High,High
cheese,689,329346,49.4,20.8,3.65,725.0,5.2,0.9,0,0,25,60,5,ambient,frozen,PET/PE laminate,80,100,3,Excellent,High,High
cheese,689,329346,49.4,20.8,3.65,725.0,5.2,0.9,0,0,5,85,21,chilled,normal,PET/PE laminate,80,100,3,Excellent,High,High
cheese,689,329346,49.4,20.8,3.65,725.0,5.2,0.9,0,0,5,85,14,chilled,refrigerated,PET/PE laminate,80,100,3,Excellent,High,High
cheese,689,329346,49.4,20.8,3.65,725.0,5.2,0.9,0,0,5,85,21,chilled,frozen,PET/PE laminate,80,100,3,Excellent,High,High
cheese,689,329346,49.4,20.8,3.65,725.0,5.2,0.9,0,0,-18,90,30,frozen,normal,PET/PE laminate,80,100,3,Excellent,High,High
cheese,689,329346,49.4,20.8,3.65,725.0,5.2,0.9,0,0,-18,90,30,frozen,refrigerated,PET/PE laminate,80,100,3,Excellent,High,High
cheese,689,329346,49.4,20.8,3.65,725.0,5.2,0.9,0,0,-18,90,60,frozen,frozen,PET/PE laminate,80,100,3,Excellent,High,High
cheese,685,329295,50.4,20.3,4.15,750.0,5.2,0.9,0,0,25,60,10,ambient,normal,PET/PE laminate,80,100,3,Excellent,High,High
cheese,685,329295,50.4,20.3,4.15,750.0,5.2,0.9,0,0,25,60,10,ambient,refrigerated,PET/PE laminate,80,100,3,Excellent,High,High
cheese,685,329295,50.4,20.3,4.15,750.0,5.2,0.9,0,0,25,60,10,ambient,frozen,PET/PE laminate,80,100,3,Excellent,High,High
cheese,685,329295,50.4,20.3,4.15,750.0,5.2,0.9,0,0,5,85,21,chilled,normal,PET/PE laminate,80,100,3,Excellent,High,High
cheese,685,329295,50.4,20.3,4.15,750.0,5.2,0.9,0,0,5,85,10,chilled,refrigerated,PET/PE laminate,80,100,3,Excellent,High,High
cheese,685,329295,50.4,20.3,4.15,750.0,5.2,0.9,0,0,5,85,14,chilled,frozen,PET/PE laminate,80,100,3,Excellent,High,High
cheese,685,329295,50.4,20.3,4.15,750.0,5.2,0.9,0,0,-18,90,60,frozen,normal,PET/PE laminate,80,100,3,Excellent,High,High
cheese,685,329295,50.4,20.3,4.15,750.0,5.2,0.9,0,0,-18,90,90,frozen,refrigerated,PET/PE laminate,80,100,3,Excellent,High,High
cheese,685,329295,50.4,20.3,4.15,750.0,5.2,0.9,0,0,-18,90,90,frozen,frozen,PET/PE laminate,80,100,3,Excellent,High,High
cheese,687,329316,50.9,20.5,4.17,777.0,5.2,0.9,0,0,25,60,7,ambient,normal,PET/PE laminate,80,100,3,Excellent,High,High
cheese,687,329316,50.9,20.5,4.17,777.0,5.2,0.9,0,0,25,60,10,ambient,refrigerated,PET/PE laminate,80,100,3,Excellent,High,High
cheese,687,329316,50.9,20.5,4.17,777.0,5.2,0.9,0,0,25,60,5,ambient,frozen,PET/PE laminate,80,100,3,Excellent,High,High
cheese,687,329316,50.9,20.5,4.17,777.0,5.2,0.9,0,0,5,85,14,chilled,normal,PET/PE laminate,80,100,3,Excellent,High,High
cheese,687,329316,50.9,20.5,4.17,777.0,5.2,0.9,0,0,5,85,30,chilled,refrigerated,PET/PE laminate,80,100,3,Excellent,High,High
cheese,687,329316,50.9,20.5,4.17,777.0,5.2,0.9,0,0,5,85,30,chilled,frozen,PET/PE laminate,80,100,3,Excellent,High,High
cheese,687,329316,50.9,20.5,4.17,777.0,5.2,0.9,0,0,-18,90,30,frozen,normal,PET/PE laminate,80,100,3,Excellent,High,High
cheese,687,329316,50.9,20.5,4.17,777.0,5.2,0.9,0,0,-18,90,90,frozen,refrigerated,PET/PE laminate,80,100,3,Excellent,High,High
cheese,687,329316,50.9,20.5,4.17,777.0,5.2,0.9,0,0,-18,90,60,frozen,frozen,PET/PE laminate,80,100,3,Excellent,High,High
cheese,683,329271,50.5,20.2,3.87,662.0,5.2,0.9,0,0,25,60,10,ambient,normal,PET/PE laminate,80,100,3,Excellent,High,High
cheese,683,329271,50.5,20.2,3.87,662.0,5.2,0.9,0,0,25,60,3,ambient,refrigerated,PET/PE laminate,80,100,3,Excellent,High,High
cheese,683,329271,50.5,20.2,3.87,662.0,5.2,0.9,0,0,25,60,7,ambient,frozen,PET/PE laminate,80,100,3,Excellent,High,High
cheese,683,329271,50.5,20.2,3.87,662.0,5.2,0.9,0,0,5,85,21,chilled,normal,PET/PE laminate,80,100,3,Excellent,High,High
cheese,683,329271,50.5,20.2,3.87,662.0,5.2,0.9,0,0,5,85,10,chilled,refrigerated,PET/PE laminate,80,100,3,Excellent,High,High
cheese,683,329271,50.5,20.2,3.87,662.0,5.2,0.9,0,0,5,85,10,chilled,frozen,PET/PE laminate,80,100,3,Excellent,High,High
cheese,683,329271,50.5,20.2,3.87,662.0,5.2,0.9,0,0,-18,90,30,frozen,normal,PET/PE laminate,80,100,3,Excellent,High,High
cheese,683,329271,50.5,20.2,3.87,662.0,5.2,0.9,0,0,-18,90,30,frozen,refrigerated,PET/PE laminate,80,100,3,Excellent,High,High
cheese,683,329271,50.5,20.2,3.87,662.0,5.2,0.9,0,0,-18,90,90,frozen,frozen,PET/PE laminate,80,100,3,Excellent,High,High
cheese,684,329279,50.4,20.4,3.93,694.0,5.2,0.9,0,0,25,60,10,ambient,normal,PET/PE laminate,80,100,3,Excellent,High,High
cheese,684,329279,50.4,20.4,3.93,694.0,5.2,0.9,0,0,25,60,14,ambient,refrigerated,PET/PE laminate,80,100,3,Excellent,High,High
cheese,684,329279,50.4,20.4,3.93,694.0,5.2,0.9,0,0,25,60,10,ambient,frozen,PET/PE laminate,80,100,3,Excellent,High,High
cheese,684,329279,50.4,20.4,3.93,694.0,5.2,0.9,0,0,5,85,10,chilled,normal,PET/PE laminate,80,100,3,Excellent,High,High
cheese,684,329279,50.4,20.4,3.93,694.0,5.2,0.9,0,0,5,85,10,chilled,refrigerated,PET/PE laminate,80,100,3,Excellent,High,High
cheese,684,329279,50.4,20.4,3.93,694.0,5.2,0.9,0,0,5,85,14,chilled,frozen,PET/PE laminate,80,100,3,Excellent,High,High
cheese,684,329279,50.4,20.4,3.93,694.0,5.2,0.9,0,0,-18,90,90,frozen,normal,PET/PE laminate,80,100,3,Excellent,High,High
cheese,684,329279,50.4,20.4,3.93,694.0,5.2,0.9,0,0,-18,90,60,frozen,refrigerated,PET/PE laminate,80,100,3,Excellent,High,High
cheese,684,329279,50.4,20.4,3.93,694.0,5.2,0.9,0,0,-18,90,60,frozen,frozen,PET/PE laminate,80,100,3,Excellent,High,High
cheese,680,329232,50.7,19.7,3.92,690.0,5.2,0.9,0,0,25,60,10,ambient,normal,PET/PE laminate,80,100,3,Excellent,High,High
cheese,680,329232,50.7,19.7,3.92,690.0,5.2,0.9,0,0,25,60,14,ambient,refrigerated,PET/PE laminate,80,100,3,Excellent,High,High
cheese,680,329232,50.7,19.7,3.92,690.0,5.2,0.9,0,0,25,60,10,ambient,frozen,PET/PE laminate,80,100,3,Excellent,High,High
cheese,680,329232,50.7,19.7,3.92,690.0,5.2,0.9,0,0,5,85,21,chilled,normal,PET/PE laminate,80,100,3,Excellent,High,High
cheese,680,329232,50.7,19.7,3.92,690.0,5.2,0.9,0,0,5,85,14,chilled,refrigerated,PET/PE laminate,80,100,3,Excellent,High,High
cheese,680,329232,50.7,19.7,3.92,690.0,5.2,0.9,0,0,5,85,21,chilled,frozen,PET/PE laminate,80,100,3,Excellent,High,High
cheese,680,329232,50.7,19.7,3.92,690.0,5.2,0.9,0,0,-18,90,30,frozen,normal,PET/PE laminate,80,100,3,Excellent,High,High
cheese,680,329232,50.7,19.7,3.92,690.0,5.2,0.9,0,0,-18,90,30,frozen,refrigerated,PET/PE laminate,80,100,3,Excellent,High,High
cheese,680,329232,50.7,19.7,3.92,690.0,5.2,0.9,0,0,-18,90,180,frozen,frozen,PET/PE laminate,80,100,3,Excellent,High,High
cheese,679,329224,50.8,20.0,4.11,781.0,5.2,0.9,0,0,25,60,14,ambient,normal,PET/PE laminate,80,100,3,Excellent,High,High
cheese,679,329224,50.8,20.0,4.11,781.0,5.2,0.9,0,0,25,60,10,ambient,refrigerated,PET/PE laminate,80,100,3,Excellent,High,High
cheese,679,329224,50.8,20.0,4.11,781.0,5.2,0.9,0,0,25,60,5,ambient,frozen,PET/PE laminate,80,100,3,Excellent,High,High
cheese,679,329224,50.8,20.0,4.11,781.0,5.2,0.9,0,0,5,85,10,chilled,normal,PET/PE laminate,80,100,3,Excellent,High,High
cheese,679,329224,50.8,20.0,4.11,781.0,5.2,0.9,0,0,5,85,30,chilled,refrigerated,PET/PE laminate,80,100,3,Excellent,High,High
cheese,679,329224,50.8,20.0,4.11,781.0,5.2,0.9,0,0,5,85,14,chilled,frozen,PET/PE laminate,80,100,3,Excellent,High,High
cheese,679,329224,50.8,20.0,4.11,781.0,5.2,0.9,0,0,-18,90,30,frozen,normal,PET/PE laminate,80,100,3,Excellent,High,High
cheese,679,329224,50.8,20.0,4.11,781.0,5.2,0.9,0,0,-18,90,30,frozen,refrigerated,PET/PE laminate,80,100,3,Excellent,High,High
cheese,679,329224,50.8,20.0,4.11,781.0,5.2,0.9,0,0,-18,90,90,frozen,frozen,PET/PE laminate,80,100,3,Excellent,High,High
cheese,675,329174,49.1,19.8,3.0,506.0,5.2,0.9,0,0,25,60,10,ambient,normal,PET/PE laminate,80,100,3,Excellent,High,High
cheese,675,329174,49.1,19.8,3.0,506.0,5.2,0.9,0,0,25,60,14,ambient,refrigerated,PET/PE laminate,80,100,3,Excellent,High,High
cheese,675,329174,49.1,19.8,3.0,506.0,5.2,0.9,0,0,25,60,10,ambient,frozen,PET/PE laminate,80,100,3,Excellent,High,High
cheese,675,329174,49.1,19.8,3.0,506.0,5.2,0.9,0,0,5,85,14,chilled,normal,PET/PE laminate,80,100,3,Excellent,High,High
cheese,675,329174,49.1,19.8,3.0,506.0,5.2,0.9,0,0,5,85,30,chilled,refrigerated,PET/PE laminate,80,100,3,Excellent,High,High
cheese,675,329174,49.1,19.8,3.0,506.0,5.2,0.9,0,0,5,85,7,chilled,frozen,PET/PE laminate,80,100,3,Excellent,High,High
cheese,675,329174,49.1,19.8,3.0,506.0,5.2,0.9,0,0,-18,90,30,frozen,normal,PET/PE laminate,80,100,3,Excellent,High,High
cheese,675,329174,49.1,19.8,3.0,506.0,5.2,0.9,0,0,-18,90,180,frozen,refrigerated,PET/PE laminate,80,100,3,Excellent,High,High
cheese,675,329174,49.1,19.8,3.0,506.0,5.2,0.9,0,0,-18,90,60,frozen,frozen,PET/PE laminate,80,100,3,Excellent,High,High
cheese,671,329131,50.1,20.3,3.83,733.0,5.2,0.9,0,0,25,60,7,ambient,normal,PET/PE laminate,80,100,3,Excellent,High,High
cheese,671,329131,50.1,20.3,3.83,733.0,5.2,0.9,0,0,25,60,7,ambient,refrigerated,PET/PE laminate,80,100,3,Excellent,High,High
cheese,671,329131,50.1,20.3,3.83,733.0,5.2,0.9,0,0,25,60,10,ambient,frozen,PET/PE laminate,80,100,3,Excellent,High,High
cheese,671,329131,50.1,20.3,3.83,733.0,5.2,0.9,0,0,5,85,14,chilled,normal,PET/PE laminate,80,100,3,Excellent,High,High
cheese,671,329131,50.1,20.3,3.83,733.0,5.2,0.9,0,0,5,85,7,chilled,refrigerated,PET/PE laminate,80,100,3,Excellent,High,High
cheese,671,329131,50.1,20.3,3.83,733.0,5.2,0.9,0,0,5,85,21,chilled,frozen,PET/PE laminate,80,100,3,Excellent,High,High
cheese,671,329131,50.1,20.3,3.83,733.0,5.2,0.9,0,0,-18,90,30,frozen,normal,PET/PE laminate,80,100,3,Excellent,High,High
cheese,671,329131,50.1,20.3,3.83,733.0,5.2,0.9,0,0,-18,90,60,frozen,refrigerated,PET/PE laminate,80,100,3,Excellent,High,High
cheese,671,329131,50.1,20.3,3.83,733.0,5.2,0.9,0,0,-18,90,90,frozen,frozen,PET/PE laminate,80,100,3,Excellent,High,High
cheese,677,329198,50.1,19.7,3.82,728.0,5.2,0.9,0,0,25,60,14,ambient,normal,PET/PE laminate,80,100,3,Excellent,High,High
cheese,677,329198,50.1,19.7,3.82,728.0,5.2,0.9,0,0,25,60,7,ambient,refrigerated,PET/PE laminate,80,100,3,Excellent,High,High
cheese,677,329198,50.1,19.7,3.82,728.0,5.2,0.9,0,0,25,60,3,ambient,frozen,PET/PE laminate,80,100,3,Excellent,High,High
cheese,677,329198,50.1,19.7,3.82,728.0,5.2,0.9,0,0,5,85,21,chilled,normal,PET/PE laminate,80,100,3,Excellent,High,High
cheese,677,329198,50.1,19.7,3.82,728.0,5.2,0.9,0,0,5,85,30,chilled,refrigerated,PET/PE laminate,80,100,3,Excellent,High,High
cheese,677,329198,50.1,19.7,3.82,728.0,5.2,0.9,0,0,5,85,21,chilled,frozen,PET/PE laminate,80,100,3,Excellent,High,High
cheese,677,329198,50.1,19.7,3.82,728.0,5.2,0.9,0,0,-18,90,90,frozen,normal,PET/PE laminate,80,100,3,Excellent,High,High
cheese,677,329198,50.1,19.7,3.82,728.0,5.2,0.9,0,0,-18,90,30,frozen,refrigerated,PET/PE laminate,80,100,3,Excellent,High,High
cheese,677,329198,50.1,19.7,3.82,728.0,5.2,0.9,0,0,-18,90,60,frozen,frozen,PET/PE laminate,80,100,3,Excellent,High,High
cheese,674,329160,49.6,20.5,3.56,665.0,5.2,0.9,0,0,25,60,3,ambient,normal,PET/PE laminate,80,100,3,Excellent,High,High
cheese,674,329160,49.6,20.5,3.56,665.0,5.2,0.9,0,0,25,60,10,ambient,refrigerated,PET/PE laminate,80,100,3,Excellent,High,High
cheese,674,329160,49.6,20.5,3.56,665.0,5.2,0.9,0,0,25,60,7,ambient,frozen,PET/PE laminate,80,100,3,Excellent,High,High
cheese,674,329160,49.6,20.5,3.56,665.0,5.2,0.9,0,0,5,85,14,chilled,normal,PET/PE laminate,80,100,3,Excellent,High,High
cheese,674,329160,49.6,20.5,3.56,665.0,5.2,0.9,0,0,5,85,30,chilled,refrigerated,PET/PE laminate,80,100,3,Excellent,High,High
cheese,674,329160,49.6,20.5,3.56,665.0,5.2,0.9,0,0,5,85,14,chilled,frozen,PET/PE laminate,80,100,3,Excellent,High,High
cheese,674,329160,49.6,20.5,3.56,665.0,5.2,0.9,0,0,-18,90,60,frozen,normal,PET/PE laminate,80,100,3,Excellent,High,High
cheese,674,329160,49.6,20.5,3.56,665.0,5.2,0.9,0,0,-18,90,60,frozen,refrigerated,PET/PE laminate,80,100,3,Excellent,High,High
cheese,674,329160,49.6,20.5,3.56,665.0,5.2,0.9,0,0,-18,90,180,frozen,frozen,PET/PE laminate,80,100,3,Excellent,High,High
cheese,681,329240,48.6,21.0,3.43,624.0,5.2,0.9,0,0,25,60,14,ambient,normal,PET/PE laminate,80,100,3,Excellent,High,High
cheese,681,329240,48.6,21.0,3.43,624.0,5.2,0.9,0,0,25,60,3,ambient,refrigerated,PET/PE laminate,80,100,3,Excellent,High,High
cheese,681,329240,48.6,21.0,3.43,624.0,5.2,0.9,0,0,25,60,3,ambient,frozen,PET/PE laminate,80,100,3,Excellent,High,High
cheese,681,329240,48.6,21.0,3.43,624.0,5.2,0.9,0,0,5,85,7,chilled,normal,PET/PE laminate,80,100,3,Excellent,High,High
cheese,681,329240,48.6,21.0,3.43,624.0,5.2,0.9,0,0,5,85,10,chilled,refrigerated,PET/PE laminate,80,100,3,Excellent,High,High
cheese,681,329240,48.6,21.0,3.43,624.0,5.2,0.9,0,0,5,85,14,chilled,frozen,PET/PE laminate,80,100,3,Excellent,High,High
cheese,681,329240,48.6,21.0,3.43,624.0,5.2,0.9,0,0,-18,90,180,frozen,normal,PET/PE laminate,80,100,3,Excellent,High,High
cheese,681,329240,48.6,21.0,3.43,624.0,5.2,0.9,0,0,-18,90,180,frozen,refrigerated,PET/PE laminate,80,100,3,Excellent,High,High
cheese,681,329240,48.6,21.0,3.43,624.0,5.2,0.9,0,0,-18,90,60,frozen,frozen,PET/PE laminate,80,100,3,Excellent,High,High
cheese,682,329255,49.5,20.4,3.61,731.0,5.2,0.9,0,0,25,60,14,ambient,normal,PET/PE laminate,80,100,3,Excellent,High,High
cheese,682,329255,49.5,20.4,3.61,731.0,5.2,0.9,0,0,25,60,14,ambient,refrigerated,PET/PE laminate,80,100,3,Excellent,High,High
cheese,682,329255,49.5,20.4,3.61,731.0,5.2,0.9,0,0,25,60,5,ambient,frozen,PET/PE laminate,80,100,3,Excellent,High,High
cheese,682,329255,49.5,20.4,3.61,731.0,5.2,0.9,0,0,5,85,14,chilled,normal,PET/PE laminate,80,100,3,Excellent,High,High
cheese,682,329255,49.5,20.4,3.61,731.0,5.2,0.9,0,0,5,85,30,chilled,refrigerated,PET/PE laminate,80,100,3,Excellent,High,High
cheese,682,329255,49.5,20.4,3.61,731.0,5.2,0.9,0,0,5,85,14,chilled,frozen,PET/PE laminate,80,100,3,Excellent,High,High
cheese,682,329255,49.5,20.4,3.61,731.0,5.2,0.9,0,0,-18,90,60,frozen,normal,PET/PE laminate,80,100,3,Excellent,High,High
cheese,682,329255,49.5,20.4,3.61,731.0,5.2,0.9,0,0,-18,90,180,frozen,refrigerated,PET/PE laminate,80,100,3,Excellent,High,High
cheese,682,329255,49.5,20.4,3.61,731.0,5.2,0.9,0,0,-18,90,90,frozen,frozen,PET/PE laminate,80,100,3,Excellent,High,High
cheese,678,329216,50.1,20.9,3.72,740.0,5.2,0.9,0,0,25,60,14,ambient,normal,PET/PE laminate,80,100,3,Excellent,High,High
cheese,678,329216,50.1,20.9,3.72,740.0,5.2,0.9,0,0,25,60,7,ambient,refrigerated,PET/PE laminate,80,100,3,Excellent,High,High
cheese,678,329216,50.1,20.9,3.72,740.0,5.2,0.9,0,0,25,60,14,ambient,frozen,PET/PE laminate,80,100,3,Excellent,High,High
cheese,678,329216,50.1,20.9,3.72,740.0,5.2,0.9,0,0,5,85,30,chilled,normal,PET/PE laminate,80,100,3,Excellent,High,High
cheese,678,329216,50.1,20.9,3.72,740.0,5.2,0.9,0,0,5,85,30,chilled,refrigerated,PET/PE laminate,80,100,3,Excellent,High,High
cheese,678,329216,50.1,20.9,3.72,740.0,5.2,0.9,0,0,5,85,21,chilled,frozen,PET/PE laminate,80,100,3,Excellent,High,High
cheese,678,329216,50.1,20.9,3.72,740.0,5.2,0.9,0,0,-18,90,90,frozen,normal,PET/PE laminate,80,100,3,Excellent,High,High
cheese,678,329216,50.1,20.9,3.72,740.0,5.2,0.9,0,0,-18,90,180,frozen,refrigerated,PET/PE laminate,80,100,3,Excellent,High,High
cheese,678,329216,50.1,20.9,3.72,740.0,5.2,0.9,0,0,-18,90,30,frozen,frozen,PET/PE laminate,80,100,3,Excellent,High,High
cheese,673,329147,47.8,21.8,3.92,785.0,5.2,0.9,0,0,25,60,7,ambient,normal,PET/PE laminate,80,100,3,Excellent,High,High
cheese,673,329147,47.8,21.8,3.92,785.0,5.2,0.9,0,0,25,60,7,ambient,refrigerated,PET/PE laminate,80,100,3,Excellent,High,High
cheese,673,329147,47.8,21.8,3.92,785.0,5.2,0.9,0,0,25,60,3,ambient,frozen,PET/PE laminate,80,100,3,Excellent,High,High
cheese,673,329147,47.8,21.8,3.92,785.0,5.2,0.9,0,0,5,85,21,chilled,normal,PET/PE laminate,80,100,3,Excellent,High,High
cheese,673,329147,47.8,21.8,3.92,785.0,5.2,0.9,0,0,5,85,30,chilled,refrigerated,PET/PE laminate,80,100,3,Excellent,High,High
cheese,673,329147,47.8,21.8,3.92,785.0,5.2,0.9,0,0,5,85,14,chilled,frozen,PET/PE laminate,80,100,3,Excellent,High,High
cheese,673,329147,47.8,21.8,3.92,785.0,5.2,0.9,0,0,-18,90,30,frozen,normal,PET/PE laminate,80,100,3,Excellent,High,High
cheese,673,329147,47.8,21.8,3.92,785.0,5.2,0.9,0,0,-18,90,180,frozen,refrigerated,PET/PE laminate,80,100,3,Excellent,High,High
cheese,673,329147,47.8,21.8,3.92,785.0,5.2,0.9,0,0,-18,90,90,frozen,frozen,PET/PE laminate,80,100,3,Excellent,High,High
cheese,676,329189,49.1,21.6,3.71,735.0,5.2,0.9,0,0,25,60,14,ambient,normal,PET/PE laminate,80,100,3,Excellent,High,High
cheese,676,329189,49.1,21.6,3.71,735.0,5.2,0.9,0,0,25,60,14,ambient,refrigerated,PET/PE laminate,80,100,3,Excellent,High,High
cheese,676,329189,49.1,21.6,3.71,735.0,5.2,0.9,0,0,25,60,5,ambient,frozen,PET/PE laminate,80,100,3,Excellent,High,High
cheese,676,329189,49.1,21.6,3.71,735.0,5.2,0.9,0,0,5,85,7,chilled,normal,PET/PE laminate,80,100,3,Excellent,High,High
cheese,676,329189,49.1,21.6,3.71,735.0,5.2,0.9,0,0,5,85,30,chilled,refrigerated,PET/PE laminate,80,100,3,Excellent,High,High
cheese,676,329189,49.1,21.6,3.71,735.0,5.2,0.9,0,0,5,85,21,chilled,frozen,PET/PE laminate,80,100,3,Excellent,High,High
cheese,676,329189,49.1,21.6,3.71,735.0,5.2,0.9,0,0,-18,90,60,frozen,normal,PET/PE laminate,80,100,3,Excellent,High,High
cheese,676,329189,49.1,21.6,3.71,735.0,5.2,0.9,0,0,-18,90,180,frozen,refrigerated,PET/PE laminate,80,100,3,Excellent,High,High
cheese,676,329189,49.1,21.6,3.71,735.0,5.2,0.9,0,0,-18,90,60,frozen,frozen,PET/PE laminate,80,100,3,Excellent,High,High
cheese,672,329138,49.3,21.4,3.67,710.0,5.2,0.9,0,0,25,60,5,ambient,normal,PET/PE laminate,80,100,3,Excellent,High,High
cheese,672,329138,49.3,21.4,3.67,710.0,5.2,0.9,0,0,25,60,3,ambient,refrigerated,PET/PE laminate,80,100,3,Excellent,High,High
cheese,672,329138,49.3,21.4,3.67,710.0,5.2,0.9,0,0,25,60,14,ambient,frozen,PET/PE laminate,80,100,3,Excellent,High,High
cheese,672,329138,49.3,21.4,3.67,710.0,5.2,0.9,0,0,5,85,7,chilled,normal,PET/PE laminate,80,100,3,Excellent,High,High
cheese,672,329138,49.3,21.4,3.67,710.0,5.2,0.9,0,0,5,85,10,chilled,refrigerated,PET/PE laminate,80,100,3,Excellent,High,High
cheese,672,329138,49.3,21.4,3.67,710.0,5.2,0.9,0,0,5,85,7,chilled,frozen,PET/PE laminate,80,100,3,Excellent,High,High
cheese,672,329138,49.3,21.4,3.67,710.0,5.2,0.9,0,0,-18,90,180,frozen,normal,PET/PE laminate,80,100,3,Excellent,High,High
cheese,672,329138,49.3,21.4,3.67,710.0,5.2,0.9,0,0,-18,90,90,frozen,refrigerated,PET/PE laminate,80,100,3,Excellent,High,High
cheese,672,329138,49.3,21.4,3.67,710.0,5.2,0.9,0,0,-18,90,180,frozen,frozen,PET/PE laminate,80,100,3,Excellent,High,High
cheese,690,329359,50.1,21.5,3.9,,5.2,0.9,0,0,25,60,5,ambient,normal,PET/PE laminate,80,100,3,Excellent,High,High
cheese,690,329359,50.1,21.5,3.9,,5.2,0.9,0,0,25,60,10,ambient,refrigerated,PET/PE laminate,80,100,3,Excellent,High,High
cheese,690,329359,50.1,21.5,3.9,,5.2,0.9,0,0,25,60,5,ambient,frozen,PET/PE laminate,80,100,3,Excellent,High,High
cheese,690,329359,50.1,21.5,3.9,,5.2,0.9,0,0,5,85,21,chilled,normal,PET/PE laminate,80,100,3,Excellent,High,High
cheese,690,329359,50.1,21.5,3.9,,5.2,0.9,0,0,5,85,30,chilled,refrigerated,PET/PE laminate,80,100,3,Excellent,High,High
cheese,690,329359,50.1,21.5,3.9,,5.2,0.9,0,0,5,85,30,chilled,frozen,PET/PE laminate,80,100,3,Excellent,High,High
cheese,690,329359,50.1,21.5,3.9,,5.2,0.9,0,0,-18,90,180,frozen,normal,PET/PE laminate,80,100,3,Excellent,High,High
cheese,690,329359,50.1,21.5,3.9,,5.2,0.9,0,0,-18,90,30,frozen,refrigerated,PET/PE laminate,80,100,3,Excellent,High,High
cheese,690,329359,50.1,21.5,3.9,,5.2,0.9,0,0,-18,90,60,frozen,frozen,PET/PE laminate,80,100,3,Excellent,High,High
cheese,686,329309,50.6,19.1,4.16,940.0,5.2,0.9,0,0,25,60,14,ambient,normal,PET/PE laminate,80,100,3,Excellent,High,High
cheese,686,329309,50.6,19.1,4.16,940.0,5.2,0.9,0,0,25,60,5,ambient,refrigerated,PET/PE laminate,80,100,3,Excellent,High,High
cheese,686,329309,50.6,19.1,4.16,940.0,5.2,0.9,0,0,25,60,14,ambient,frozen,PET/PE laminate,80,100,3,Excellent,High,High
cheese,686,329309,50.6,19.1,4.16,940.0,5.2,0.9,0,0,5,85,14,chilled,normal,PET/PE laminate,80,100,3,Excellent,High,High
cheese,686,329309,50.6,19.1,4.16,940.0,5.2,0.9,0,0,5,85,21,chilled,refrigerated,PET/PE laminate,80,100,3,Excellent,High,High
cheese,686,329309,50.6,19.1,4.16,940.0,5.2,0.9,0,0,5,85,30,chilled,frozen,PET/PE laminate,80,100,3,Excellent,High,High
cheese,686,329309,50.6,19.1,4.16,940.0,5.2,0.9,0,0,-18,90,180,frozen,normal,PET/PE laminate,80,100,3,Excellent,High,High
cheese,686,329309,50.6,19.1,4.16,940.0,5.2,0.9,0,0,-18,90,90,frozen,refrigerated,PET/PE laminate,80,100,3,Excellent,High,High
cheese,686,329309,50.6,19.1,4.16,940.0,5.2,0.9,0,0,-18,90,60,frozen,frozen,PET/PE laminate,80,100,3,Excellent,High,High
cheese,688,329331,50.4,19.0,3.94,629.0,5.2,0.9,0,0,25,60,10,ambient,normal,PET/PE laminate,80,100,3,Excellent,High,High
cheese,688,329331,50.4,19.0,3.94,629.0,5.2,0.9,0,0,25,60,14,ambient,refrigerated,PET/PE laminate,80,100,3,Excellent,High,High
cheese,688,329331,50.4,19.0,3.94,629.0,5.2,0.9,0,0,25,60,7,ambient,frozen,PET/PE laminate,80,100,3,Excellent,High,High
cheese,688,329331,50.4,19.0,3.94,629.0,5.2,0.9,0,0,5,85,30,chilled,normal,PET/PE laminate,80,100,3,Excellent,High,High
cheese,688,329331,50.4,19.0,3.94,629.0,5.2,0.9,0,0,5,85,14,chilled,refrigerated,PET/PE laminate,80,100,3,Excellent,High,High
cheese,688,329331,50.4,19.0,3.94,629.0,5.2,0.9,0,0,5,85,14,chilled,frozen,PET/PE laminate,80,100,3,Excellent,High,High
cheese,688,329331,50.4,19.0,3.94,629.0,5.2,0.9,0,0,-18,90,180,frozen,normal,PET/PE laminate,80,100,3,Excellent,High,High
cheese,688,329331,50.4,19.0,3.94,629.0,5.2,0.9,0,0,-18,90,60,frozen,refrigerated,PET/PE laminate,80,100,3,Excellent,High,High
cheese,688,329331,50.4,19.0,3.94,629.0,5.2,0.9,0,0,-18,90,60,frozen,frozen,PET/PE laminate,80,100,3,Excellent,High,High
cheese,486,326004,38.0,30.9,2.89,181.0,5.2,0.9,0,0,25,60,7,ambient,normal,PET/PE laminate,80,100,3,Excellent,High,High
cheese,486,326004,38.0,30.9,2.89,181.0,5.2,0.9,0,0,25,60,14,ambient,refrigerated,PET/PE laminate,80,100,3,Excellent,High,High
cheese,486,326004,38.0,30.9,2.89,181.0,5.2,0.9,0,0,25,60,7,ambient,frozen,PET/PE laminate,80,100,3,Excellent,High,High
cheese,486,326004,38.0,30.9,2.89,181.0,5.2,0.9,0,0,5,85,10,chilled,normal,PET/PE laminate,80,100,3,Excellent,High,High
cheese,486,326004,38.0,30.9,2.89,181.0,5.2,0.9,0,0,5,85,14,chilled,refrigerated,PET/PE laminate,80,100,3,Excellent,High,High
cheese,486,326004,38.0,30.9,2.89,181.0,5.2,0.9,0,0,5,85,14,chilled,frozen,PET/PE laminate,80,100,3,Excellent,High,High
cheese,486,326004,38.0,30.9,2.89,181.0,5.2,0.9,0,0,-18,90,60,frozen,normal,PET/PE laminate,80,100,3,Excellent,High,High
cheese,486,326004,38.0,30.9,2.89,181.0,5.2,0.9,0,0,-18,90,180,frozen,refrigerated,PET/PE laminate,80,100,3,Excellent,High,High
cheese,486,326004,38.0,30.9,2.89,181.0,5.2,0.9,0,0,-18,90,90,frozen,frozen,PET/PE laminate,80,100,3,Excellent,High,High
cheese,489,326030,37.15,31.0,2.83,154.0,5.2,0.9,0,0,25,60,10,ambient,normal,PET/PE laminate,80,100,3,Excellent,High,High
cheese,489,326030,37.15,31.0,2.83,154.0,5.2,0.9,0,0,25,60,7,ambient,refrigerated,PET/PE laminate,80,100,3,Excellent,High,High
cheese,489,326030,37.15,31.0,2.83,154.0,5.2,0.9,0,0,25,60,14,ambient,frozen,PET/PE laminate,80,100,3,Excellent,High,High
cheese,489,326030,37.15,31.0,2.83,154.0,5.2,0.9,0,0,5,85,14,chilled,normal,PET/PE laminate,80,100,3,Excellent,High,High
cheese,489,326030,37.15,31.0,2.83,154.0,5.2,0.9,0,0,5,85,14,chilled,refrigerated,PET/PE laminate,80,100,3,Excellent,High,High
cheese,489,326030,37.15,31.0,2.83,154.0,5.2,0.9,0,0,5,85,7,chilled,frozen,PET/PE laminate,80,100,3,Excellent,High,High
cheese,489,326030,37.15,31.0,2.83,154.0,5.2,0.9,0,0,-18,90,180,frozen,normal,PET/PE laminate,80,100,3,Excellent,High,High
cheese,489,326030,37.15,31.0,2.83,154.0,5.2,0.9,0,0,-18,90,180,frozen,refrigerated,PET/PE laminate,80,100,3,Excellent,High,High
cheese,489,326030,37.15,31.0,2.83,154.0,5.2,0.9,0,0,-18,90,90,frozen,frozen,PET/PE laminate,80,100,3,Excellent,High,High
cheese,487,326010,37.6,30.85,3.06,199.0,5.2,0.9,0,0,25,60,5,ambient,normal,PET/PE laminate,80,100,3,Excellent,High,High
cheese,487,326010,37.6,30.85,3.06,199.0,5.2,0.9,0,0,25,60,7,ambient,refrigerated,PET/PE laminate,80,100,3,Excellent,High,High
cheese,487,326010,37.6,30.85,3.06,199.0,5.2,0.9,0,0,25,60,3,ambient,frozen,PET/PE laminate,80,100,3,Excellent,High,High
cheese,487,326010,37.6,30.85,3.06,199.0,5.2,0.9,0,0,5,85,14,chilled,normal,PET/PE laminate,80,100,3,Excellent,High,High
cheese,487,326010,37.6,30.85,3.06,199.0,5.2,0.9,0,0,5,85,7,chilled,refrigerated,PET/PE laminate,80,100,3,Excellent,High,High
cheese,487,326010,37.6,30.85,3.06,199.0,5.2,0.9,0,0,5,85,14,chilled,frozen,PET/PE laminate,80,100,3,Excellent,High,High
cheese,487,326010,37.6,30.85,3.06,199.0,5.2,0.9,0,0,-18,90,180,frozen,normal,PET/PE laminate,80,100,3,Excellent,High,High
cheese,487,326010,37.6,30.85,3.06,199.0,5.2,0.9,0,0,-18,90,90,frozen,refrigerated,PET/PE laminate,80,100,3,Excellent,High,High
cheese,487,326010,37.6,30.85,3.06,199.0,5.2,0.9,0,0,-18,90,180,frozen,frozen,PET/PE laminate,80,100,3,Excellent,High,High
cheese,484,325993,38.0,31.0,2.89,158.0,5.2,0.9,0,0,25,60,5,ambient,normal,PET/PE laminate,80,100,3,Excellent,High,High
cheese,484,325993,38.0,31.0,2.89,158.0,5.2,0.9,0,0,25,60,5,ambient,refrigerated,PET/PE laminate,80,100,3,Excellent,High,High
cheese,484,325993,38.0,31.0,2.89,158.0,5.2,0.9,0,0,25,60,14,ambient,frozen,PET/PE laminate,80,100,3,Excellent,High,High
cheese,484,325993,38.0,31.0,2.89,158.0,5.2,0.9,0,0,5,85,14,chilled,normal,PET/PE laminate,80,100,3,Excellent,High,High
cheese,484,325993,38.0,31.0,2.89,158.0,5.2,0.9,0,0,5,85,30,chilled,refrigerated,PET/PE laminate,80,100,3,Excellent,High,High
cheese,484,325993,38.0,31.0,2.89,158.0,5.2,0.9,0,0,5,85,14,chilled,frozen,PET/PE laminate,80,100,3,Excellent,High,High
cheese,484,325993,38.0,31.0,2.89,158.0,5.2,0.9,0,0,-18,90,60,frozen,normal,PET/PE laminate,80,100,3,Excellent,High,High
cheese,484,325993,38.0,31.0,2.89,158.0,5.2,0.9,0,0,-18,90,30,frozen,refrigerated,PET/PE laminate,80,100,3,Excellent,High,High
cheese,484,325993,38.0,31.0,2.89,158.0,5.2,0.9,0,0,-18,90,60,frozen,frozen,PET/PE laminate,80,100,3,Excellent,High,High
cheese,491,326057,37.5,30.35,2.99,175.0,5.2,0.9,0,0,25,60,5,ambient,normal,PET/PE laminate,80,100,3,Excellent,High,High
cheese,491,326057,37.5,30.35,2.99,175.0,5.2,0.9,0,0,25,60,3,ambient,refrigerated,PET/PE laminate,80,100,3,Excellent,High,High
cheese,491,326057,37.5,30.35,2.99,175.0,5.2,0.9,0,0,25,60,14,ambient,frozen,PET/PE laminate,80,100,3,Excellent,High,High
cheese,491,326057,37.5,30.35,2.99,175.0,5.2,0.9,0,0,5,85,10,chilled,normal,PET/PE laminate,80,100,3,Excellent,High,High
cheese,491,326057,37.5,30.35,2.99,175.0,5.2,0.9,0,0,5,85,10,chilled,refrigerated,PET/PE laminate,80,100,3,Excellent,High,High
cheese,491,326057,37.5,30.35,2.99,175.0,5.2,0.9,0,0,5,85,7,chilled,frozen,PET/PE laminate,80,100,3,Excellent,High,High
cheese,491,326057,37.5,30.35,2.99,175.0,5.2,0.9,0,0,-18,90,30,frozen,normal,PET/PE laminate,80,100,3,Excellent,High,High
cheese,491,326057,37.5,30.35,2.99,175.0,5.2,0.9,0,0,-18,90,180,frozen,refrigerated,PET/PE laminate,80,100,3,Excellent,High,High
cheese,491,326057,37.5,30.35,2.99,175.0,5.2,0.9,0,0,-18,90,90,frozen,frozen,PET/PE laminate,80,100,3,Excellent,High,High
cheese,485,325998,37.8,31.4,2.91,179.0,5.2,0.9,0,0,25,60,10,ambient,normal,PET/PE laminate,80,100,3,Excellent,High,High
cheese,485,325998,37.8,31.4,2.91,179.0,5.2,0.9,0,0,25,60,3,ambient,refrigerated,PET/PE laminate,80,100,3,Excellent,High,High
cheese,485,325998,37.8,31.4,2.91,179.0,5.2,0.9,0,0,25,60,5,ambient,frozen,PET/PE laminate,80,100,3,Excellent,High,High
cheese,485,325998,37.8,31.4,2.91,179.0,5.2,0.9,0,0,5,85,7,chilled,normal,PET/PE laminate,80,100,3,Excellent,High,High
cheese,485,325998,37.8,31.4,2.91,179.0,5.2,0.9,0,0,5,85,30,chilled,refrigerated,PET/PE laminate,80,100,3,Excellent,High,High
cheese,485,325998,37.8,31.4,2.91,179.0,5.2,0.9,0,0,5,85,10,chilled,frozen,PET/PE laminate,80,100,3,Excellent,High,High
cheese,485,325998,37.8,31.4,2.91,179.0,5.2,0.9,0,0,-18,90,180,frozen,normal,PET/PE laminate,80,100,3,Excellent,High,High
cheese,485,325998,37.8,31.4,2.91,179.0,5.2,0.9,0,0,-18,90,180,frozen,refrigerated,PET/PE laminate,80,100,3,Excellent,High,High
cheese,485,325998,37.8,31.4,2.91,179.0,5.2,0.9,0,0,-18,90,180,frozen,frozen,PET/PE laminate,80,100,3,Excellent,High,High
cheese,488,326024,37.9,30.7,3.18,248.0,5.2,0.9,0,0,25,60,5,ambient,normal,PET/PE laminate,80,100,3,Excellent,High,High
cheese,488,326024,37.9,30.7,3.18,248.0,5.2,0.9,0,0,25,60,7,ambient,refrigerated,PET/PE laminate,80,100,3,Excellent,High,High
cheese,488,326024,37.9,30.7,3.18,248.0,5.2,0.9,0,0,25,60,7,ambient,frozen,PET/PE laminate,80,100,3,Excellent,High,High
cheese,488,326024,37.9,30.7,3.18,248.0,5.2,0.9,0,0,5,85,14,chilled,normal,PET/PE laminate,80,100,3,Excellent,High,High
cheese,488,326024,37.9,30.7,3.18,248.0,5.2,0.9,0,0,5,85,7,chilled,refrigerated,PET/PE laminate,80,100,3,Excellent,High,High
cheese,488,326024,37.9,30.7,3.18,248.0,5.2,0.9,0,0,5,85,7,chilled,frozen,PET/PE laminate,80,100,3,Excellent,High,High
cheese,488,326024,37.9,30.7,3.18,248.0,5.2,0.9,0,0,-18,90,60,frozen,normal,PET/PE laminate,80,100,3,Excellent,High,High
cheese,488,326024,37.9,30.7,3.18,248.0,5.2,0.9,0,0,-18,90,30,frozen,refrigerated,PET/PE laminate,80,100,3,Excellent,High,High
cheese,488,326024,37.9,30.7,3.18,248.0,5.2,0.9,0,0,-18,90,60,frozen,frozen,PET/PE laminate,80,100,3,Excellent,High,High
cheese,494,326100,36.8,31.55,2.81,144.0,5.2,0.9,0,0,25,60,10,ambient,normal,PET/PE laminate,80,100,3,Excellent,High,High
cheese,494,326100,36.8,31.55,2.81,144.0,5.2,0.9,0,0,25,60,5,ambient,refrigerated,PET/PE laminate,80,100,3,Excellent,High,High
cheese,494,326100,36.8,31.55,2.81,144.0,5.2,0.9,0,0,25,60,3,ambient,frozen,PET/PE laminate,80,100,3,Excellent,High,High
cheese,494,326100,36.8,31.55,2.81,144.0,5.2,0.9,0,0,5,85,21,chilled,normal,PET/PE laminate,80,100,3,Excellent,High,High
cheese,494,326100,36.8,31.55,2.81,144.0,5.2,0.9,0,0,5,85,21,chilled,refrigerated,PET/PE laminate,80,100,3,Excellent,High,High
cheese,494,326100,36.8,31.55,2.81,144.0,5.2,0.9,0,0,5,85,10,chilled,frozen,PET/PE laminate,80,100,3,Excellent,High,High
cheese,494,326100,36.8,31.55,2.81,144.0,5.2,0.9,0,0,-18,90,90,frozen,normal,PET/PE laminate,80,100,3,Excellent,High,High
cheese,494,326100,36.8,31.55,2.81,144.0,5.2,0.9,0,0,-18,90,30,frozen,refrigerated,PET/PE laminate,80,100,3,Excellent,High,High
cheese,494,326100,36.8,31.55,2.81,144.0,5.2,0.9,0,0,-18,90,30,frozen,frozen,PET/PE laminate,80,100,3,Excellent,High,High
cheese,493,326082,37.25,29.65,3.16,246.0,5.2,0.9,0,0,25,60,7,ambient,normal,PET/PE laminate,80,100,3,Excellent,High,High
cheese,493,326082,37.25,29.65,3.16,246.0,5.2,0.9,0,0,25,60,14,ambient,refrigerated,PET/PE laminate,80,100,3,Excellent,High,High
cheese,493,326082,37.25,29.65,3.16,246.0,5.2,0.9,0,0,25,60,14,ambient,frozen,PET/PE laminate,80,100,3,Excellent,High,High
cheese,493,326082,37.25,29.65,3.16,246.0,5.2,0.9,0,0,5,85,7,chilled,normal,PET/PE laminate,80,100,3,Excellent,High,High
cheese,493,326082,37.25,29.65,3.16,246.0,5.2,0.9,0,0,5,85,14,chilled,refrigerated,PET/PE laminate,80,100,3,Excellent,High,High
cheese,493,326082,37.25,29.65,3.16,246.0,5.2,0.9,0,0,5,85,14,chilled,frozen,PET/PE laminate,80,100,3,Excellent,High,High
cheese,493,326082,37.25,29.65,3.16,246.0,5.2,0.9,0,0,-18,90,180,frozen,normal,PET/PE laminate,80,100,3,Excellent,High,High
cheese,493,326082,37.25,29.65,3.16,246.0,5.2,0.9,0,0,-18,90,180,frozen,refrigerated,PET/PE laminate,80,100,3,Excellent,High,High
cheese,493,326082,37.25,29.65,3.16,246.0,5.2,0.9,0,0,-18,90,60,frozen,frozen,PET/PE laminate,80,100,3,Excellent,High,High
cheese,495,326114,37.5,31.950000000000003,2.81,170.0,5.2,0.9,0,0,25,60,14,ambient,normal,PET/PE laminate,80,100,3,Excellent,High,High
cheese,495,326114,37.5,31.950000000000003,2.81,170.0,5.2,0.9,0,0,25,60,10,ambient,refrigerated,PET/PE laminate,80,100,3,Excellent,High,High
cheese,495,326114,37.5,31.950000000000003,2.81,170.0,5.2,0.9,0,0,25,60,7,ambient,frozen,PET/PE laminate,80,100,3,Excellent,High,High
cheese,495,326114,37.5,31.950000000000003,2.81,170.0,5.2,0.9,0,0,5,85,10,chilled,normal,PET/PE laminate,80,100,3,Excellent,High,High
cheese,495,326114,37.5,31.950000000000003,2.81,170.0,5.2,0.9,0,0,5,85,7,chilled,refrigerated,PET/PE laminate,80,100,3,Excellent,High,High
cheese,495,326114,37.5,31.950000000000003,2.81,170.0,5.2,0.9,0,0,5,85,14,chilled,frozen,PET/PE laminate,80,100,3,Excellent,High,High
cheese,495,326114,37.5,31.950000000000003,2.81,170.0,5.2,0.9,0,0,-18,90,60,frozen,normal,PET/PE laminate,80,100,3,Excellent,High,High
cheese,495,326114,37.5,31.950000000000003,2.81,170.0,5.2,0.9,0,0,-18,90,180,frozen,refrigerated,PET/PE laminate,80,100,3,Excellent,High,High
cheese,495,326114,37.5,31.950000000000003,2.81,170.0,5.2,0.9,0,0,-18,90,90,frozen,frozen,PET/PE laminate,80,100,3,Excellent,High,High
cheese,490,326051,38.0,30.3,3.06,161.0,5.2,0.9,0,0,25,60,5,ambient,normal,PET/PE laminate,80,100,3,Excellent,High,High
cheese,490,326051,38.0,30.3,3.06,161.0,5.2,0.9,0,0,25,60,3,ambient,refrigerated,PET/PE laminate,80,100,3,Excellent,High,High
cheese,490,326051,38.0,30.3,3.06,161.0,5.2,0.9,0,0,25,60,7,ambient,frozen,PET/PE laminate,80,100,3,Excellent,High,High
cheese,490,326051,38.0,30.3,3.06,161.0,5.2,0.9,0,0,5,85,14,chilled,normal,PET/PE laminate,80,100,3,Excellent,High,High
cheese,490,326051,38.0,30.3,3.06,161.0,5.2,0.9,0,0,5,85,30,chilled,refrigerated,PET/PE laminate,80,100,3,Excellent,High,High
cheese,490,326051,38.0,30.3,3.06,161.0,5.2,0.9,0,0,5,85,10,chilled,frozen,PET/PE laminate,80,100,3,Excellent,High,High
cheese,490,326051,38.0,30.3,3.06,161.0,5.2,0.9,0,0,-18,90,60,frozen,normal,PET/PE laminate,80,100,3,Excellent,High,High
cheese,490,326051,38.0,30.3,3.06,161.0,5.2,0.9,0,0,-18,90,180,frozen,refrigerated,PET/PE laminate,80,100,3,Excellent,High,High
cheese,490,326051,38.0,30.3,3.06,161.0,5.2,0.9,0,0,-18,90,180,frozen,frozen,PET/PE laminate,80,100,3,Excellent,High,High
cheese,492,326076,38.2,32.1,3.03,204.0,5.2,0.9,0,0,25,60,14,ambient,normal,PET/PE laminate,80,100,3,Excellent,High,High
cheese,492,326076,38.2,32.1,3.03,204.0,5.2,0.9,0,0,25,60,7,ambient,refrigerated,PET/PE laminate,80,100,3,Excellent,High,High
cheese,492,326076,38.2,32.1,3.03,204.0,5.2,0.9,0,0,25,60,3,ambient,frozen,PET/PE laminate,80,100,3,Excellent,High,High
cheese,492,326076,38.2,32.1,3.03,204.0,5.2,0.9,0,0,5,85,21,chilled,normal,PET/PE laminate,80,100,3,Excellent,High,High
cheese,492,326076,38.2,32.1,3.03,204.0,5.2,0.9,0,0,5,85,7,chilled,refrigerated,PET/PE laminate,80,100,3,Excellent,High,High
cheese,492,326076,38.2,32.1,3.03,204.0,5.2,0.9,0,0,5,85,10,chilled,frozen,PET/PE laminate,80,100,3,Excellent,High,High
cheese,492,326076,38.2,32.1,3.03,204.0,5.2,0.9,0,0,-18,90,60,frozen,normal,PET/PE laminate,80,100,3,Excellent,High,High
cheese,492,326076,38.2,32.1,3.03,204.0,5.2,0.9,0,0,-18,90,180,frozen,refrigerated,PET/PE laminate,80,100,3,Excellent,High,High
cheese,492,326076,38.2,32.1,3.03,204.0,5.2,0.9,0,0,-18,90,90,frozen,frozen,PET/PE laminate,80,100,3,Excellent,High,High
cheese,641,328679,81.7,2.2,1.24,277.0,5.2,0.9,0,0,25,60,5,ambient,normal,PET/PE laminate,80,100,3,Excellent,High,High
cheese,641,328679,81.7,2.2,1.24,277.0,5.2,0.9,0,0,25,60,3,ambient,refrigerated,PET/PE laminate,80,100,3,Excellent,High,High
cheese,641,328679,81.7,2.2,1.24,277.0,5.2,0.9,0,0,25,60,7,ambient,frozen,PET/PE laminate,80,100,3,Excellent,High,High
cheese,641,328679,81.7,2.2,1.24,277.0,5.2,0.9,0,0,5,85,21,chilled,normal,PET/PE laminate,80,100,3,Excellent,High,High
cheese,641,328679,81.7,2.2,1.24,277.0,5.2,0.9,0,0,5,85,10,chilled,refrigerated,PET/PE laminate,80,100,3,Excellent,High,High
cheese,641,328679,81.7,2.2,1.24,277.0,5.2,0.9,0,0,5,85,21,chilled,frozen,PET/PE laminate,80,100,3,Excellent,High,High
cheese,641,328679,81.7,2.2,1.24,277.0,5.2,0.9,0,0,-18,90,90,frozen,normal,PET/PE laminate,80,100,3,Excellent,High,High
cheese,641,328679,81.7,2.2,1.24,277.0,5.2,0.9,0,0,-18,90,90,frozen,refrigerated,PET/PE laminate,80,100,3,Excellent,High,High
cheese,641,328679,81.7,2.2,1.24,277.0,5.2,0.9,0,0,-18,90,90,frozen,frozen,PET/PE laminate,80,100,3,Excellent,High,High
cheese,637,328638,81.9,1.87,1.24,270.0,5.2,0.9,0,0,25,60,14,ambient,normal,PET/PE laminate,80,100,3,Excellent,High,High
cheese,637,328638,81.9,1.87,1.24,270.0,5.2,0.9,0,0,25,60,14,ambient,refrigerated,PET/PE laminate,80,100,3,Excellent,High,High
cheese,637,328638,81.9,1.87,1.24,270.0,5.2,0.9,0,0,25,60,3,ambient,frozen,PET/PE laminate,80,100,3,Excellent,High,High
cheese,637,328638,81.9,1.87,1.24,270.0,5.2,0.9,0,0,5,85,14,chilled,normal,PET/PE laminate,80,100,3,Excellent,High,High
cheese,637,328638,81.9,1.87,1.24,270.0,5.2,0.9,0,0,5,85,14,chilled,refrigerated,PET/PE laminate,80,100,3,Excellent,High,High
cheese,637,328638,81.9,1.87,1.24,270.0,5.2,0.9,0,0,5,85,10,chilled,frozen,PET/PE laminate,80,100,3,Excellent,High,High
cheese,637,328638,81.9,1.87,1.24,270.0,5.2,0.9,0,0,-18,90,30,frozen,normal,PET/PE laminate,80,100,3,Excellent,High,High
cheese,637,328638,81.9,1.87,1.24,270.0,5.2,0.9,0,0,-18,90,30,frozen,refrigerated,PET/PE laminate,80,100,3,Excellent,High,High
cheese,637,328638,81.9,1.87,1.24,270.0,5.2,0.9,0,0,-18,90,180,frozen,frozen,PET/PE laminate,80,100,3,Excellent,High,High
cheese,638,328646,81.8,2.2,1.29,276.0,5.2,0.9,0,0,25,60,7,ambient,normal,PET/PE laminate,80,100,3,Excellent,High,High
cheese,638,328646,81.8,2.2,1.29,276.0,5.2,0.9,0,0,25,60,5,ambient,refrigerated,PET/PE laminate,80,100,3,Excellent,High,High
cheese,638,328646,81.8,2.2,1.29,276.0,5.2,0.9,0,0,25,60,10,ambient,frozen,PET/PE laminate,80,100,3,Excellent,High,High
cheese,638,328646,81.8,2.2,1.29,276.0,5.2,0.9,0,0,5,85,30,chilled,normal,PET/PE laminate,80,100,3,Excellent,High,High
cheese,638,328646,81.8,2.2,1.29,276.0,5.2,0.9,0,0,5,85,14,chilled,refrigerated,PET/PE laminate,80,100,3,Excellent,High,High
cheese,638,328646,81.8,2.2,1.29,276.0,5.2,0.9,0,0,5,85,7,chilled,frozen,PET/PE laminate,80,100,3,Excellent,High,High
cheese,638,328646,81.8,2.2,1.29,276.0,5.2,0.9,0,0,-18,90,90,frozen,normal,PET/PE laminate,80,100,3,Excellent,High,High
cheese,638,328646,81.8,2.2,1.29,276.0,5.2,0.9,0,0,-18,90,90,frozen,refrigerated,PET/PE laminate,80,100,3,Excellent,High,High
cheese,638,328646,81.8,2.2,1.29,276.0,5.2,0.9,0,0,-18,90,60,frozen,frozen,PET/PE laminate,80,100,3,Excellent,High,High
cheese,642,328695,81.6,2.08,1.23,267.0,5.2,0.9,0,0,25,60,5,ambient,normal,PET/PE laminate,80,100,3,Excellent,High,High
cheese,642,328695,81.6,2.08,1.23,267.0,5.2,0.9,0,0,25,60,5,ambient,refrigerated,PET/PE laminate,80,100,3,Excellent,High,High
cheese,642,328695,81.6,2.08,1.23,267.0,5.2,0.9,0,0,25,60,10,ambient,frozen,PET/PE laminate,80,100,3,Excellent,High,High
cheese,642,328695,81.6,2.08,1.23,267.0,5.2,0.9,0,0,5,85,10,chilled,normal,PET/PE laminate,80,100,3,Excellent,High,High
cheese,642,328695,81.6,2.08,1.23,267.0,5.2,0.9,0,0,5,85,21,chilled,refrigerated,PET/PE laminate,80,100,3,Excellent,High,High
cheese,642,328695,81.6,2.08,1.23,267.0,5.2,0.9,0,0,5,85,30,chilled,frozen,PET/PE laminate,80,100,3,Excellent,High,High
cheese,642,328695,81.6,2.08,1.23,267.0,5.2,0.9,0,0,-18,90,90,frozen,normal,PET/PE laminate,80,100,3,Excellent,High,High
cheese,642,328695,81.6,2.08,1.23,267.0,5.2,0.9,0,0,-18,90,180,frozen,refrigerated,PET/PE laminate,80,100,3,Excellent,High,High
cheese,642,328695,81.6,2.08,1.23,267.0,5.2,0.9,0,0,-18,90,180,frozen,frozen,PET/PE laminate,80,100,3,Excellent,High,High
cheese,640,328660,81.0,2.27,1.1,360.0,5.2,0.9,0,0,25,60,14,ambient,normal,PET/PE laminate,80,100,3,Excellent,High,High
cheese,640,328660,81.0,2.27,1.1,360.0,5.2,0.9,0,0,25,60,5,ambient,refrigerated,PET/PE laminate,80,100,3,Excellent,High,High
cheese,640,328660,81.0,2.27,1.1,360.0,5.2,0.9,0,0,25,60,5,ambient,frozen,PET/PE laminate,80,100,3,Excellent,High,High
cheese,640,328660,81.0,2.27,1.1,360.0,5.2,0.9,0,0,5,85,30,chilled,normal,PET/PE laminate,80,100,3,Excellent,High,High
cheese,640,328660,81.0,2.27,1.1,360.0,5.2,0.9,0,0,5,85,7,chilled,refrigerated,PET/PE laminate,80,100,3,Excellent,High,High
cheese,640,328660,81.0,2.27,1.1,360.0,5.2,0.9,0,0,5,85,30,chilled,frozen,PET/PE laminate,80,100,3,Excellent,High,High
cheese,640,328660,81.0,2.27,1.1,360.0,5.2,0.9,0,0,-18,90,180,frozen,normal,PET/PE laminate,80,100,3,Excellent,High,High
cheese,640,328660,81.0,2.27,1.1,360.0,5.2,0.9,0,0,-18,90,90,frozen,refrigerated,PET/PE laminate,80,100,3,Excellent,High,High
cheese,640,328660,81.0,2.27,1.1,360.0,5.2,0.9,0,0,-18,90,30,frozen,frozen,PET/PE laminate,80,100,3,Excellent,High,High
cheese,651,328809,80.7,2.31,1.27,420.0,5.2,0.9,0,0,25,60,14,ambient,normal,PET/PE laminate,80,100,3,Excellent,High,High
cheese,651,328809,80.7,2.31,1.27,420.0,5.2,0.9,0,0,25,60,3,ambient,refrigerated,PET/PE laminate,80,100,3,Excellent,High,High
cheese,651,328809,80.7,2.31,1.27,420.0,5.2,0.9,0,0,25,60,3,ambient,frozen,PET/PE laminate,80,100,3,Excellent,High,High
cheese,651,328809,80.7,2.31,1.27,420.0,5.2,0.9,0,0,5,85,30,chilled,normal,PET/PE laminate,80,100,3,Excellent,High,High
cheese,651,328809,80.7,2.31,1.27,420.0,5.2,0.9,0,0,5,85,30,chilled,refrigerated,PET/PE laminate,80,100,3,Excellent,High,High
cheese,651,328809,80.7,2.31,1.27,420.0,5.2,0.9,0,0,5,85,10,chilled,frozen,PET/PE laminate,80,100,3,Excellent,High,High
cheese,651,328809,80.7,2.31,1.27,420.0,5.2,0.9,0,0,-18,90,60,frozen,normal,PET/PE laminate,80,100,3,Excellent,High,High
cheese,651,328809,80.7,2.31,1.27,420.0,5.2,0.9,0,0,-18,90,60,frozen,refrigerated,PET/PE laminate,80,100,3,Excellent,High,High
cheese,651,328809,80.7,2.31,1.27,420.0,5.2,0.9,0,0,-18,90,90,frozen,frozen,PET/PE laminate,80,100,3,Excellent,High,High
cheese,648,328769,80.7,2.23,1.22,346.0,5.2,0.9,0,0,25,60,14,ambient,normal,PET/PE laminate,80,100,3,Excellent,High,High
cheese,648,328769,80.7,2.23,1.22,346.0,5.2,0.9,0,0,25,60,10,ambient,refrigerated,PET/PE laminate,80,100,3,Excellent,High,High
cheese,648,328769,80.7,2.23,1.22,346.0,5.2,0.9,0,0,25,60,3,ambient,frozen,PET/PE laminate,80,100,3,Excellent,High,High
cheese,648,328769,80.7,2.23,1.22,346.0,5.2,0.9,0,0,5,85,10,chilled,normal,PET/PE laminate,80,100,3,Excellent,High,High
cheese,648,328769,80.7,2.23,1.22,346.0,5.2,0.9,0,0,5,85,30,chilled,refrigerated,PET/PE laminate,80,100,3,Excellent,High,High
cheese,648,328769,80.7,2.23,1.22,346.0,5.2,0.9,0,0,5,85,21,chilled,frozen,PET/PE laminate,80,100,3,Excellent,High,High
cheese,648,328769,80.7,2.23,1.22,346.0,5.2,0.9,0,0,-18,90,30,frozen,normal,PET/PE laminate,80,100,3,Excellent,High,High
cheese,648,328769,80.7,2.23,1.22,346.0,5.2,0.9,0,0,-18,90,180,frozen,refrigerated,PET/PE laminate,80,100,3,Excellent,High,High
cheese,648,328769,80.7,2.23,1.22,346.0,5.2,0.9,0,0,-18,90,30,frozen,frozen,PET/PE laminate,80,100,3,Excellent,High,High
cheese,646,328736,80.30000000000001,2.21,1.06,345.0,5.2,0.9,0,0,25,60,10,ambient,normal,PET/PE laminate,80,100,3,Excellent,High,High
cheese,646,328736,80.30000000000001,2.21,1.06,345.0,5.2,0.9,0,0,25,60,5,ambient,refrigerated,PET/PE laminate,80,100,3,Excellent,High,High
cheese,646,328736,80.30000000000001,2.21,1.06,345.0,5.2,0.9,0,0,25,60,14,ambient,frozen,PET/PE laminate,80,100,3,Excellent,High,High
cheese,646,328736,80.30000000000001,2.21,1.06,345.0,5.2,0.9,0,0,5,85,21,chilled,normal,PET/PE laminate,80,100,3,Excellent,High,High
cheese,646,328736,80.30000000000001,2.21,1.06,345.0,5.2,0.9,0,0,5,85,21,chilled,refrigerated,PET/PE laminate,80,100,3,Excellent,High,High
cheese,646,328736,80.30000000000001,2.21,1.06,345.0,5.2,0.9,0,0,5,85,30,chilled,frozen,PET/PE laminate,80,100,3,Excellent,High,High
cheese,646,328736,80.30000000000001,2.21,1.06,345.0,5.2,0.9,0,0,-18,90,30,frozen,normal,PET/PE laminate,80,100,3,Excellent,High,High
cheese,646,328736,80.30000000000001,2.21,1.06,345.0,5.2,0.9,0,0,-18,90,180,frozen,refrigerated,PET/PE laminate,80,100,3,Excellent,High,High
cheese,646,328736,80.30000000000001,2.21,1.06,345.0,5.2,0.9,0,0,-18,90,90,frozen,frozen,PET/PE laminate,80,100,3,Excellent,High,High
cheese,647,328751,80.6,2.4,1.32,331.0,5.2,0.9,0,0,25,60,3,ambient,normal,PET/PE laminate,80,100,3,Excellent,High,High
cheese,647,328751,80.6,2.4,1.32,331.0,5.2,0.9,0,0,25,60,10,ambient,refrigerated,PET/PE laminate,80,100,3,Excellent,High,High
cheese,647,328751,80.6,2.4,1.32,331.0,5.2,0.9,0,0,25,60,7,ambient,frozen,PET/PE laminate,80,100,3,Excellent,High,High
cheese,647,328751,80.6,2.4,1.32,331.0,5.2,0.9,0,0,5,85,7,chilled,normal,PET/PE laminate,80,100,3,Excellent,High,High
cheese,647,328751,80.6,2.4,1.32,331.0,5.2,0.9,0,0,5,85,10,chilled,refrigerated,PET/PE laminate,80,100,3,Excellent,High,High
cheese,647,328751,80.6,2.4,1.32,331.0,5.2,0.9,0,0,5,85,30,chilled,frozen,PET/PE laminate,80,100,3,Excellent,High,High
cheese,647,328751,80.6,2.4,1.32,331.0,5.2,0.9,0,0,-18,90,30,frozen,normal,PET/PE laminate,80,100,3,Excellent,High,High
cheese,647,328751,80.6,2.4,1.32,331.0,5.2,0.9,0,0,-18,90,30,frozen,refrigerated,PET/PE laminate,80,100,3,Excellent,High,High
cheese,647,328751,80.6,2.4,1.32,331.0,5.2,0.9,0,0,-18,90,180,frozen,frozen,PET/PE laminate,80,100,3,Excellent,High,High
cheese,644,328721,80.4,2.11,1.19,305.0,5.2,0.9,0,0,25,60,7,ambient,normal,PET/PE laminate,80,100,3,Excellent,High,High
cheese,644,328721,80.4,2.11,1.19,305.0,5.2,0.9,0,0,25,60,3,ambient,refrigerated,PET/PE laminate,80,100,3,Excellent,High,High
cheese,644,328721,80.4,2.11,1.19,305.0,5.2,0.9,0,0,25,60,14,ambient,frozen,PET/PE laminate,80,100,3,Excellent,High,High
cheese,644,328721,80.4,2.11,1.19,305.0,5.2,0.9,0,0,5,85,7,chilled,normal,PET/PE laminate,80,100,3,Excellent,High,High
cheese,644,328721,80.4,2.11,1.19,305.0,5.2,0.9,0,0,5,85,7,chilled,refrigerated,PET/PE laminate,80,100,3,Excellent,High,High
cheese,644,328721,80.4,2.11,1.19,305.0,5.2,0.9,0,0,5,85,21,chilled,frozen,PET/PE laminate,80,100,3,Excellent,High,High
cheese,644,328721,80.4,2.11,1.19,305.0,5.2,0.9,0,0,-18,90,30,frozen,normal,PET/PE laminate,80,100,3,Excellent,High,High
cheese,644,328721,80.4,2.11,1.19,305.0,5.2,0.9,0,0,-18,90,90,frozen,refrigerated,PET/PE laminate,80,100,3,Excellent,High,High
cheese,644,328721,80.4,2.11,1.19,305.0,5.2,0.9,0,0,-18,90,180,frozen,frozen,PET/PE laminate,80,100,3,Excellent,High,High
cheese,645,328729,80.2,2.26,1.23,306.0,5.2,0.9,0,0,25,60,5,ambient,normal,PET/PE laminate,80,100,3,Excellent,High,High
cheese,645,328729,80.2,2.26,1.23,306.0,5.2,0.9,0,0,25,60,5,ambient,refrigerated,PET/PE laminate,80,100,3,Excellent,High,High
cheese,645,328729,80.2,2.26,1.23,306.0,5.2,0.9,0,0,25,60,10,ambient,frozen,PET/PE laminate,80,100,3,Excellent,High,High
cheese,645,328729,80.2,2.26,1.23,306.0,5.2,0.9,0,0,5,85,14,chilled,normal,PET/PE laminate,80,100,3,Excellent,High,High
cheese,645,328729,80.2,2.26,1.23,306.0,5.2,0.9,0,0,5,85,21,chilled,refrigerated,PET/PE laminate,80,100,3,Excellent,High,High
cheese,645,328729,80.2,2.26,1.23,306.0,5.2,0.9,0,0,5,85,21,chilled,frozen,PET/PE laminate,80,100,3,Excellent,High,High
cheese,645,328729,80.2,2.26,1.23,306.0,5.2,0.9,0,0,-18,90,180,frozen,normal,PET/PE laminate,80,100,3,Excellent,High,High
cheese,645,328729,80.2,2.26,1.23,306.0,5.2,0.9,0,0,-18,90,180,frozen,refrigerated,PET/PE laminate,80,100,3,Excellent,High,High
cheese,645,328729,80.2,2.26,1.23,306.0,5.2,0.9,0,0,-18,90,30,frozen,frozen,PET/PE laminate,80,100,3,Excellent,High,High
cheese,639,328652,80.9,2.5,1.31,351.0,5.2,0.9,0,0,25,60,14,ambient,normal,PET/PE laminate,80,100,3,Excellent,High,High
cheese,639,328652,80.9,2.5,1.31,351.0,5.2,0.9,0,0,25,60,5,ambient,refrigerated,PET/PE laminate,80,100,3,Excellent,High,High
cheese,639,328652,80.9,2.5,1.31,351.0,5.2,0.9,0,0,25,60,7,ambient,frozen,PET/PE laminate,80,100,3,Excellent,High,High
cheese,639,328652,80.9,2.5,1.31,351.0,5.2,0.9,0,0,5,85,7,chilled,normal,PET/PE laminate,80,100,3,Excellent,High,High
cheese,639,328652,80.9,2.5,1.31,351.0,5.2,0.9,0,0,5,85,10,chilled,refrigerated,PET/PE laminate,80,100,3,Excellent,High,High
cheese,639,328652,80.9,2.5,1.31,351.0,5.2,0.9,0,0,5,85,30,chilled,frozen,PET/PE laminate,80,100,3,Excellent,High,High
cheese,639,328652,80.9,2.5,1.31,351.0,5.2,0.9,0,0,-18,90,180,frozen,normal,PET/PE laminate,80,100,3,Excellent,High,High
cheese,639,328652,80.9,2.5,1.31,351.0,5.2,0.9,0,0,-18,90,60,frozen,refrigerated,PET/PE laminate,80,100,3,Excellent,High,High
cheese,639,328652,80.9,2.5,1.31,351.0,5.2,0.9,0,0,-18,90,60,frozen,frozen,PET/PE laminate,80,100,3,Excellent,High,High
cheese,649,328785,81.8,2.19,1.26,300.0,5.2,0.9,0,0,25,60,3,ambient,normal,PET/PE laminate,80,100,3,Excellent,High,High
cheese,649,328785,81.8,2.19,1.26,300.0,5.2,0.9,0,0,25,60,3,ambient,refrigerated,PET/PE laminate,80,100,3,Excellent,High,High
cheese,649,328785,81.8,2.19,1.26,300.0,5.2,0.9,0,0,25,60,7,ambient,frozen,PET/PE laminate,80,100,3,Excellent,High,High
cheese,649,328785,81.8,2.19,1.26,300.0,5.2,0.9,0,0,5,85,21,chilled,normal,PET/PE laminate,80,100,3,Excellent,High,High
cheese,649,328785,81.8,2.19,1.26,300.0,5.2,0.9,0,0,5,85,30,chilled,refrigerated,PET/PE laminate,80,100,3,Excellent,High,High
cheese,649,328785,81.8,2.19,1.26,300.0,5.2,0.9,0,0,5,85,21,chilled,frozen,PET/PE laminate,80,100,3,Excellent,High,High
cheese,649,328785,81.8,2.19,1.26,300.0,5.2,0.9,0,0,-18,90,180,frozen,normal,PET/PE laminate,80,100,3,Excellent,High,High
cheese,649,328785,81.8,2.19,1.26,300.0,5.2,0.9,0,0,-18,90,60,frozen,refrigerated,PET/PE laminate,80,100,3,Excellent,High,High
cheese,649,328785,81.8,2.19,1.26,300.0,5.2,0.9,0,0,-18,90,60,frozen,frozen,PET/PE laminate,80,100,3,Excellent,High,High
cheese,643,328713,81.5,2.55,1.29,319.0,5.2,0.9,0,0,25,60,10,ambient,normal,PET/PE laminate,80,100,3,Excellent,High,High
cheese,643,328713,81.5,2.55,1.29,319.0,5.2,0.9,0,0,25,60,7,ambient,refrigerated,PET/PE laminate,80,100,3,Excellent,High,High
cheese,643,328713,81.5,2.55,1.29,319.0,5.2,0.9,0,0,25,60,5,ambient,frozen,PET/PE laminate,80,100,3,Excellent,High,High
cheese,643,328713,81.5,2.55,1.29,319.0,5.2,0.9,0,0,5,85,14,chilled,normal,PET/PE laminate,80,100,3,Excellent,High,High
cheese,643,328713,81.5,2.55,1.29,319.0,5.2,0.9,0,0,5,85,10,chilled,refrigerated,PET/PE laminate,80,100,3,Excellent,High,High
cheese,643,328713,81.5,2.55,1.29,319.0,5.2,0.9,0,0,5,85,7,chilled,frozen,PET/PE laminate,80,100,3,Excellent,High,High
cheese,643,328713,81.5,2.55,1.29,319.0,5.2,0.9,0,0,-18,90,30,frozen,normal,PET/PE laminate,80,100,3,Excellent,High,High
cheese,643,328713,81.5,2.55,1.29,319.0,5.2,0.9,0,0,-18,90,180,frozen,refrigerated,PET/PE laminate,80,100,3,Excellent,High,High
cheese,643,328713,81.5,2.55,1.29,319.0,5.2,0.9,0,0,-18,90,30,frozen,frozen,PET/PE laminate,80,100,3,Excellent,High,High
cheese,650,328793,81.6,2.72,1.57,334.0,5.2,0.9,0,0,25,60,5,ambient,normal,PET/PE laminate,80,100,3,Excellent,High,High
cheese,650,328793,81.6,2.72,1.57,334.0,5.2,0.9,0,0,25,60,5,ambient,refrigerated,PET/PE laminate,80,100,3,Excellent,High,High
cheese,650,328793,81.6,2.72,1.57,334.0,5.2,0.9,0,0,25,60,3,ambient,frozen,PET/PE laminate,80,100,3,Excellent,High,High
cheese,650,328793,81.6,2.72,1.57,334.0,5.2,0.9,0,0,5,85,7,chilled,normal,PET/PE laminate,80,100,3,Excellent,High,High
cheese,650,328793,81.6,2.72,1.57,334.0,5.2,0.9,0,0,5,85,30,chilled,refrigerated,PET/PE laminate,80,100,3,Excellent,High,High
cheese,650,328793,81.6,2.72,1.57,334.0,5.2,0.9,0,0,5,85,7,chilled,frozen,PET/PE laminate,80,100,3,Excellent,High,High
cheese,650,328793,81.6,2.72,1.57,334.0,5.2,0.9,0,0,-18,90,180,frozen,normal,PET/PE laminate,80,100,3,Excellent,High,High
cheese,650,328793,81.6,2.72,1.57,334.0,5.2,0.9,0,0,-18,90,30,frozen,refrigerated,PET/PE laminate,80,100,3,Excellent,High,High
cheese,650,328793,81.6,2.72,1.57,334.0,5.2,0.9,0,0,-18,90,60,frozen,frozen,PET/PE laminate,80,100,3,Excellent,High,High
cheese,652,328824,81.6,2.64,1.22,331.0,5.2,0.9,0,0,25,60,3,ambient,normal,PET/PE laminate,80,100,3,Excellent,High,High
cheese,652,328824,81.6,2.64,1.22,331.0,5.2,0.9,0,0,25,60,10,ambient,refrigerated,PET/PE laminate,80,100,3,Excellent,High,High
cheese,652,328824,81.6,2.64,1.22,331.0,5.2,0.9,0,0,25,60,10,ambient,frozen,PET/PE laminate,80,100,3,Excellent,High,High
cheese,652,328824,81.6,2.64,1.22,331.0,5.2,0.9,0,0,5,85,10,chilled,normal,PET/PE laminate,80,100,3,Excellent,High,High
cheese,652,328824,81.6,2.64,1.22,331.0,5.2,0.9,0,0,5,85,30,chilled,refrigerated,PET/PE laminate,80,100,3,Excellent,High,High
cheese,652,328824,81.6,2.64,1.22,331.0,5.2,0.9,0,0,5,85,10,chilled,frozen,PET/PE laminate,80,100,3,Excellent,High,High
cheese,652,328824,81.6,2.64,1.22,331.0,5.2,0.9,0,0,-18,90,30,frozen,normal,PET/PE laminate,80,100,3,Excellent,High,High
cheese,652,328824,81.6,2.64,1.22,331.0,5.2,0.9,0,0,-18,90,60,frozen,refrigerated,PET/PE laminate,80,100,3,Excellent,High,High
cheese,652,328824,81.6,2.64,1.22,331.0,5.2,0.9,0,0,-18,90,90,frozen,frozen,PET/PE laminate,80,100,3,Excellent,High,High
cheese,654,328850,43.3,21.5,3.84,549.0,5.2,0.9,0,0,25,60,5,ambient,normal,PET/PE laminate,80,100,3,Excellent,High,High
cheese,654,328850,43.3,21.5,3.84,549.0,5.2,0.9,0,0,25,60,14,ambient,refrigerated,PET/PE laminate,80,100,3,Excellent,High,High
cheese,654,328850,43.3,21.5,3.84,549.0,5.2,0.9,0,0,25,60,7,ambient,frozen,PET/PE laminate,80,100,3,Excellent,High,High
cheese,654,328850,43.3,21.5,3.84,549.0,5.2,0.9,0,0,5,85,30,chilled,normal,PET/PE laminate,80,100,3,Excellent,High,High
cheese,654,328850,43.3,21.5,3.84,549.0,5.2,0.9,0,0,5,85,30,chilled,refrigerated,PET/PE laminate,80,100,3,Excellent,High,High
cheese,654,328850,43.3,21.5,3.84,549.0,5.2,0.9,0,0,5,85,14,chilled,frozen,PET/PE laminate,80,100,3,Excellent,High,High
cheese,654,328850,43.3,21.5,3.84,549.0,5.2,0.9,0,0,-18,90,60,frozen,normal,PET/PE laminate,80,100,3,Excellent,High,High
cheese,654,328850,43.3,21.5,3.84,549.0,5.2,0.9,0,0,-18,90,90,frozen,refrigerated,PET/PE laminate,80,100,3,Excellent,High,High
cheese,654,328850,43.3,21.5,3.84,549.0,5.2,0.9,0,0,-18,90,60,frozen,frozen,PET/PE laminate,80,100,3,Excellent,High,High
cheese,656,328869,45.3,21.4,3.62,639.0,5.2,0.9,0,0,25,60,14,ambient,normal,PET/PE laminate,80,100,3,Excellent,High,High
cheese,656,328869,45.3,21.4,3.62,639.0,5.2,0.9,0,0,25,60,5,ambient,refrigerated,PET/PE laminate,80,100,3,Excellent,High,High
cheese,656,328869,45.3,21.4,3.62,639.0,5.2,0.9,0,0,25,60,10,ambient,frozen,PET/PE laminate,80,100,3,Excellent,High,High
cheese,656,328869,45.3,21.4,3.62,639.0,5.2,0.9,0,0,5,85,14,chilled,normal,PET/PE laminate,80,100,3,Excellent,High,High
cheese,656,328869,45.3,21.4,3.62,639.0,5.2,0.9,0,0,5,85,14,chilled,refrigerated,PET/PE laminate,80,100,3,Excellent,High,High
cheese,656,328869,45.3,21.4,3.62,639.0,5.2,0.9,0,0,5,85,7,chilled,frozen,PET/PE laminate,80,100,3,Excellent,High,High
cheese,656,328869,45.3,21.4,3.62,639.0,5.2,0.9,0,0,-18,90,60,frozen,normal,PET/PE laminate,80,100,3,Excellent,High,High
cheese,656,328869,45.3,21.4,3.62,639.0,5.2,0.9,0,0,-18,90,180,frozen,refrigerated,PET/PE laminate,80,100,3,Excellent,High,High
cheese,656,328869,45.3,21.4,3.62,639.0,5.2,0.9,0,0,-18,90,180,frozen,frozen,PET/PE laminate,80,100,3,Excellent,High,High
cheese,660,328946,42.1,20.2,3.95,679.0,5.2,0.9,0,0,25,60,3,ambient,normal,PET/PE laminate,80,100,3,Excellent,High,High
cheese,660,328946,42.1,20.2,3.95,679.0,5.2,0.9,0,0,25,60,7,ambient,refrigerated,PET/PE laminate,80,100,3,Excellent,High,High
cheese,660,328946,42.1,20.2,3.95,679.0,5.2,0.9,0,0,25,60,10,ambient,frozen,PET/PE laminate,80,100,3,Excellent,High,High
cheese,660,328946,42.1,20.2,3.95,679.0,5.2,0.9,0,0,5,85,30,chilled,normal,PET/PE laminate,80,100,3,Excellent,High,High
cheese,660,328946,42.1,20.2,3.95,679.0,5.2,0.9,0,0,5,85,14,chilled,refrigerated,PET/PE laminate,80,100,3,Excellent,High,High
cheese,660,328946,42.1,20.2,3.95,679.0,5.2,0.9,0,0,5,85,21,chilled,frozen,PET/PE laminate,80,100,3,Excellent,High,High
cheese,660,328946,42.1,20.2,3.95,679.0,5.2,0.9,0,0,-18,90,180,frozen,normal,PET/PE laminate,80,100,3,Excellent,High,High
cheese,660,328946,42.1,20.2,3.95,679.0,5.2,0.9,0,0,-18,90,60,frozen,refrigerated,PET/PE laminate,80,100,3,Excellent,High,High
cheese,660,328946,42.1,20.2,3.95,679.0,5.2,0.9,0,0,-18,90,90,frozen,frozen,PET/PE laminate,80,100,3,Excellent,High,High
cheese,662,328975,45.1,21.1,3.94,658.0,5.2,0.9,0,0,25,60,10,ambient,normal,PET/PE laminate,80,100,3,Excellent,High,High
cheese,662,328975,45.1,21.1,3.94,658.0,5.2,0.9,0,0,25,60,5,ambient,refrigerated,PET/PE laminate,80,100,3,Excellent,High,High
cheese,662,328975,45.1,21.1,3.94,658.0,5.2,0.9,0,0,25,60,14,ambient,frozen,PET/PE laminate,80,100,3,Excellent,High,High
cheese,662,328975,45.1,21.1,3.94,658.0,5.2,0.9,0,0,5,85,21,chilled,normal,PET/PE laminate,80,100,3,Excellent,High,High
cheese,662,328975,45.1,21.1,3.94,658.0,5.2,0.9,0,0,5,85,10,chilled,refrigerated,PET/PE laminate,80,100,3,Excellent,High,High
cheese,662,328975,45.1,21.1,3.94,658.0,5.2,0.9,0,0,5,85,10,chilled,frozen,PET/PE laminate,80,100,3,Excellent,High,High
cheese,662,328975,45.1,21.1,3.94,658.0,5.2,0.9,0,0,-18,90,90,frozen,normal,PET/PE laminate,80,100,3,Excellent,High,High
cheese,662,328975,45.1,21.1,3.94,658.0,5.2,0.9,0,0,-18,90,60,frozen,refrigerated,PET/PE laminate,80,100,3,Excellent,High,High
cheese,662,328975,45.1,21.1,3.94,658.0,5.2,0.9,0,0,-18,90,180,frozen,frozen,PET/PE laminate,80,100,3,Excellent,High,High
cheese,666,329036,47.5,20.5,3.51,663.0,5.2,0.9,0,0,25,60,3,ambient,normal,PET/PE laminate,80,100,3,Excellent,High,High
cheese,666,329036,47.5,20.5,3.51,663.0,5.2,0.9,0,0,25,60,14,ambient,refrigerated,PET/PE laminate,80,100,3,Excellent,High,High
cheese,666,329036,47.5,20.5,3.51,663.0,5.2,0.9,0,0,25,60,10,ambient,frozen,PET/PE laminate,80,100,3,Excellent,High,High
cheese,666,329036,47.5,20.5,3.51,663.0,5.2,0.9,0,0,5,85,21,chilled,normal,PET/PE laminate,80,100,3,Excellent,High,High
cheese,666,329036,47.5,20.5,3.51,663.0,5.2,0.9,0,0,5,85,30,chilled,refrigerated,PET/PE laminate,80,100,3,Excellent,High,High
cheese,666,329036,47.5,20.5,3.51,663.0,5.2,0.9,0,0,5,85,30,chilled,frozen,PET/PE laminate,80,100,3,Excellent,High,High
cheese,666,329036,47.5,20.5,3.51,663.0,5.2,0.9,0,0,-18,90,60,frozen,normal,PET/PE laminate,80,100,3,Excellent,High,High
cheese,666,329036,47.5,20.5,3.51,663.0,5.2,0.9,0,0,-18,90,180,frozen,refrigerated,PET/PE laminate,80,100,3,Excellent,High,High
cheese,666,329036,47.5,20.5,3.51,663.0,5.2,0.9,0,0,-18,90,60,frozen,frozen,PET/PE laminate,80,100,3,Excellent,High,High
cheese,659,328924,47.3,21.6,3.63,711.0,5.2,0.9,0,0,25,60,7,ambient,normal,PET/PE laminate,80,100,3,Excellent,High,High
cheese,659,328924,47.3,21.6,3.63,711.0,5.2,0.9,0,0,25,60,5,ambient,refrigerated,PET/PE laminate,80,100,3,Excellent,High,High
cheese,659,328924,47.3,21.6,3.63,711.0,5.2,0.9,0,0,25,60,7,ambient,frozen,PET/PE laminate,80,100,3,Excellent,High,High
cheese,659,328924,47.3,21.6,3.63,711.0,5.2,0.9,0,0,5,85,7,chilled,normal,PET/PE laminate,80,100,3,Excellent,High,High
cheese,659,328924,47.3,21.6,3.63,711.0,5.2,0.9,0,0,5,85,21,chilled,refrigerated,PET/PE laminate,80,100,3,Excellent,High,High
cheese,659,328924,47.3,21.6,3.63,711.0,5.2,0.9,0,0,5,85,14,chilled,frozen,PET/PE laminate,80,100,3,Excellent,High,High
cheese,659,328924,47.3,21.6,3.63,711.0,5.2,0.9,0,0,-18,90,30,frozen,normal,PET/PE laminate,80,100,3,Excellent,High,High
cheese,659,328924,47.3,21.6,3.63,711.0,5.2,0.9,0,0,-18,90,60,frozen,refrigerated,PET/PE laminate,80,100,3,Excellent,High,High
cheese,659,328924,47.3,21.6,3.63,711.0,5.2,0.9,0,0,-18,90,30,frozen,frozen,PET/PE laminate,80,100,3,Excellent,High,High
cheese,655,328857,47.5,20.3,4.0,751.0,5.2,0.9,0,0,25,60,7,ambient,normal,PET/PE laminate,80,100,3,Excellent,High,High
cheese,655,328857,47.5,20.3,4.0,751.0,5.2,0.9,0,0,25,60,10,ambient,refrigerated,PET/PE laminate,80,100,3,Excellent,High,High
cheese,655,328857,47.5,20.3,4.0,751.0,5.2,0.9,0,0,25,60,14,ambient,frozen,PET/PE laminate,80,100,3,Excellent,High,High
cheese,655,328857,47.5,20.3,4.0,751.0,5.2,0.9,0,0,5,85,30,chilled,normal,PET/PE laminate,80,100,3,Excellent,High,High
cheese,655,328857,47.5,20.3,4.0,751.0,5.2,0.9,0,0,5,85,7,chilled,refrigerated,PET/PE laminate,80,100,3,Excellent,High,High
cheese,655,328857,47.5,20.3,4.0,751.0,5.2,0.9,0,0,5,85,7,chilled,frozen,PET/PE laminate,80,100,3,Excellent,High,High
cheese,655,328857,47.5,20.3,4.0,751.0,5.2,0.9,0,0,-18,90,60,frozen,normal,PET/PE laminate,80,100,3,Excellent,High,High
cheese,655,328857,47.5,20.3,4.0,751.0,5.2,0.9,0,0,-18,90,60,frozen,refrigerated,PET/PE laminate,80,100,3,Excellent,High,High
cheese,655,328857,47.5,20.3,4.0,751.0,5.2,0.9,0,0,-18,90,180,frozen,frozen,PET/PE laminate,80,100,3,Excellent,High,High
cheese,657,328881,46.7,20.6,4.01,780.0,5.2,0.9,0,0,25,60,5,ambient,normal,PET/PE laminate,80,100,3,Excellent,High,High
cheese,657,328881,46.7,20.6,4.01,780.0,5.2,0.9,0,0,25,60,7,ambient,refrigerated,PET/PE laminate,80,100,3,Excellent,High,High
cheese,657,328881,46.7,20.6,4.01,780.0,5.2,0.9,0,0,25,60,7,ambient,frozen,PET/PE laminate,80,100,3,Excellent,High,High
cheese,657,328881,46.7,20.6,4.01,780.0,5.2,0.9,0,0,5,85,7,chilled,normal,PET/PE laminate,80,100,3,Excellent,High,High
cheese,657,328881,46.7,20.6,4.01,780.0,5.2,0.9,0,0,5,85,10,chilled,refrigerated,PET/PE laminate,80,100,3,Excellent,High,High
cheese,657,328881,46.7,20.6,4.01,780.0,5.2,0.9,0,0,5,85,10,chilled,frozen,PET/PE laminate,80,100,3,Excellent,High,High
cheese,657,328881,46.7,20.6,4.01,780.0,5.2,0.9,0,0,-18,90,30,frozen,normal,PET/PE laminate,80,100,3,Excellent,High,High
cheese,657,328881,46.7,20.6,4.01,780.0,5.2,0.9,0,0,-18,90,180,frozen,refrigerated,PET/PE laminate,80,100,3,Excellent,High,High
cheese,657,328881,46.7,20.6,4.01,780.0,5.2,0.9,0,0,-18,90,60,frozen,frozen,PET/PE laminate,80,100,3,Excellent,High,High
cheese,658,328902,47.3,20.7,3.75,587.0,5.2,0.9,0,0,25,60,14,ambient,normal,PET/PE laminate,80,100,3,Excellent,High,High
cheese,658,328902,47.3,20.7,3.75,587.0,5.2,0.9,0,0,25,60,5,ambient,refrigerated,PET/PE laminate,80,100,3,Excellent,High,High
cheese,658,328902,47.3,20.7,3.75,587.0,5.2,0.9,0,0,25,60,10,ambient,frozen,PET/PE laminate,80,100,3,Excellent,High,High
cheese,658,328902,47.3,20.7,3.75,587.0,5.2,0.9,0,0,5,85,10,chilled,normal,PET/PE laminate,80,100,3,Excellent,High,High
cheese,658,328902,47.3,20.7,3.75,587.0,5.2,0.9,0,0,5,85,30,chilled,refrigerated,PET/PE laminate,80,100,3,Excellent,High,High
cheese,658,328902,47.3,20.7,3.75,587.0,5.2,0.9,0,0,5,85,14,chilled,frozen,PET/PE laminate,80,100,3,Excellent,High,High
cheese,658,328902,47.3,20.7,3.75,587.0,5.2,0.9,0,0,-18,90,90,frozen,normal,PET/PE laminate,80,100,3,Excellent,High,High
cheese,658,328902,47.3,20.7,3.75,587.0,5.2,0.9,0,0,-18,90,180,frozen,refrigerated,PET/PE laminate,80,100,3,Excellent,High,High
cheese,658,328902,47.3,20.7,3.75,587.0,5.2,0.9,0,0,-18,90,180,frozen,frozen,PET/PE laminate,80,100,3,Excellent,High,High
cheese,670,329119,44.2,19.8,4.09,782.0,5.2,0.9,0,0,25,60,14,ambient,normal,PET/PE laminate,80,100,3,Excellent,High,High
cheese,670,329119,44.2,19.8,4.09,782.0,5.2,0.9,0,0,25,60,7,ambient,refrigerated,PET/PE laminate,80,100,3,Excellent,High,High
cheese,670,329119,44.2,19.8,4.09,782.0,5.2,0.9,0,0,25,60,7,ambient,frozen,PET/PE laminate,80,100,3,Excellent,High,High
cheese,670,329119,44.2,19.8,4.09,782.0,5.2,0.9,0,0,5,85,14,chilled,normal,PET/PE laminate,80,100,3,Excellent,High,High
cheese,670,329119,44.2,19.8,4.09,782.0,5.2,0.9,0,0,5,85,14,chilled,refrigerated,PET/PE laminate,80,100,3,Excellent,High,High
cheese,670,329119,44.2,19.8,4.09,782.0,5.2,0.9,0,0,5,85,30,chilled,frozen,PET/PE laminate,80,100,3,Excellent,High,High
cheese,670,329119,44.2,19.8,4.09,782.0,5.2,0.9,0,0,-18,90,180,frozen,normal,PET/PE laminate,80,100,3,Excellent,High,High
cheese,670,329119,44.2,19.8,4.09,782.0,5.2,0.9,0,0,-18,90,180,frozen,refrigerated,PET/PE laminate,80,100,3,Excellent,High,High
cheese,670,329119,44.2,19.8,4.09,782.0,5.2,0.9,0,0,-18,90,30,frozen,frozen,PET/PE laminate,80,100,3,Excellent,High,High
cheese,653,328842,46.3,20.9,3.0,677.0,5.2,0.9,0,0,25,60,10,ambient,normal,PET/PE laminate,80,100,3,Excellent,High,High
cheese,653,328842,46.3,20.9,3.0,677.0,5.2,0.9,0,0,25,60,7,ambient,refrigerated,PET/PE laminate,80,100,3,Excellent,High,High
cheese,653,328842,46.3,20.9,3.0,677.0,5.2,0.9,0,0,25,60,5,ambient,frozen,PET/PE laminate,80,100,3,Excellent,High,High
cheese,653,328842,46.3,20.9,3.0,677.0,5.2,0.9,0,0,5,85,14,chilled,normal,PET/PE laminate,80,100,3,Excellent,High,High
cheese,653,328842,46.3,20.9,3.0,677.0,5.2,0.9,0,0,5,85,14,chilled,refrigerated,PET/PE laminate,80,100,3,Excellent,High,High
cheese,653,328842,46.3,20.9,3.0,677.0,5.2,0.9,0,0,5,85,21,chilled,frozen,PET/PE laminate,80,100,3,Excellent,High,High
cheese,653,328842,46.3,20.9,3.0,677.0,5.2,0.9,0,0,-18,90,30,frozen,normal,PET/PE laminate,80,100,3,Excellent,High,High
cheese,653,328842,46.3,20.9,3.0,677.0,5.2,0.9,0,0,-18,90,60,frozen,refrigerated,PET/PE laminate,80,100,3,Excellent,High,High
cheese,653,328842,46.3,20.9,3.0,677.0,5.2,0.9,0,0,-18,90,60,frozen,frozen,PET/PE laminate,80,100,3,Excellent,High,High
cheese,661,328967,43.4,17.8,4.15,799.0,5.2,0.9,0,0,25,60,3,ambient,normal,PET/PE laminate,80,100,3,Excellent,High,High
cheese,661,328967,43.4,17.8,4.15,799.0,5.2,0.9,0,0,25,60,7,ambient,refrigerated,PET/PE laminate,80,100,3,Excellent,High,High
cheese,661,328967,43.4,17.8,4.15,799.0,5.2,0.9,0,0,25,60,14,ambient,frozen,PET/PE laminate,80,100,3,Excellent,High,High
cheese,661,328967,43.4,17.8,4.15,799.0,5.2,0.9,0,0,5,85,30,chilled,normal,PET/PE laminate,80,100,3,Excellent,High,High
cheese,661,328967,43.4,17.8,4.15,799.0,5.2,0.9,0,0,5,85,30,chilled,refrigerated,PET/PE laminate,80,100,3,Excellent,High,High
cheese,661,328967,43.4,17.8,4.15,799.0,5.2,0.9,0,0,5,85,21,chilled,frozen,PET/PE laminate,80,100,3,Excellent,High,High
cheese,661,328967,43.4,17.8,4.15,799.0,5.2,0.9,0,0,-18,90,90,frozen,normal,PET/PE laminate,80,100,3,Excellent,High,High
cheese,661,328967,43.4,17.8,4.15,799.0,5.2,0.9,0,0,-18,90,60,frozen,refrigerated,PET/PE laminate,80,100,3,Excellent,High,High
cheese,661,328967,43.4,17.8,4.15,799.0,5.2,0.9,0,0,-18,90,60,frozen,frozen,PET/PE laminate,80,100,3,Excellent,High,High
cheese,667,329058,44.2,19.4,3.52,616.0,5.2,0.9,0,0,25,60,7,ambient,normal,PET/PE laminate,80,100,3,Excellent,High,High
cheese,667,329058,44.2,19.4,3.52,616.0,5.2,0.9,0,0,25,60,5,ambient,refrigerated,PET/PE laminate,80,100,3,Excellent,High,High
cheese,667,329058,44.2,19.4,3.52,616.0,5.2,0.9,0,0,25,60,10,ambient,frozen,PET/PE laminate,80,100,3,Excellent,High,High
cheese,667,329058,44.2,19.4,3.52,616.0,5.2,0.9,0,0,5,85,30,chilled,normal,PET/PE laminate,80,100,3,Excellent,High,High
cheese,667,329058,44.2,19.4,3.52,616.0,5.2,0.9,0,0,5,85,10,chilled,refrigerated,PET/PE laminate,80,100,3,Excellent,High,High
cheese,667,329058,44.2,19.4,3.52,616.0,5.2,0.9,0,0,5,85,21,chilled,frozen,PET/PE laminate,80,100,3,Excellent,High,High
cheese,667,329058,44.2,19.4,3.52,616.0,5.2,0.9,0,0,-18,90,90,frozen,normal,PET/PE laminate,80,100,3,Excellent,High,High
cheese,667,329058,44.2,19.4,3.52,616.0,5.2,0.9,0,0,-18,90,90,frozen,refrigerated,PET/PE laminate,80,100,3,Excellent,High,High
cheese,667,329058,44.2,19.4,3.52,616.0,5.2,0.9,0,0,-18,90,180,frozen,frozen,PET/PE laminate,80,100,3,Excellent,High,High
cheese,665,329024,43.9,19.1,3.93,728.0,5.2,0.9,0,0,25,60,10,ambient,normal,PET/PE laminate,80,100,3,Excellent,High,High
cheese,665,329024,43.9,19.1,3.93,728.0,5.2,0.9,0,0,25,60,10,ambient,refrigerated,PET/PE laminate,80,100,3,Excellent,High,High
cheese,665,329024,43.9,19.1,3.93,728.0,5.2,0.9,0,0,25,60,5,ambient,frozen,PET/PE laminate,80,100,3,Excellent,High,High
cheese,665,329024,43.9,19.1,3.93,728.0,5.2,0.9,0,0,5,85,14,chilled,normal,PET/PE laminate,80,100,3,Excellent,High,High
cheese,665,329024,43.9,19.1,3.93,728.0,5.2,0.9,0,0,5,85,10,chilled,refrigerated,PET/PE laminate,80,100,3,Excellent,High,High
cheese,665,329024,43.9,19.1,3.93,728.0,5.2,0.9,0,0,5,85,10,chilled,frozen,PET/PE laminate,80,100,3,Excellent,High,High
cheese,665,329024,43.9,19.1,3.93,728.0,5.2,0.9,0,0,-18,90,180,frozen,normal,PET/PE laminate,80,100,3,Excellent,High,High
cheese,665,329024,43.9,19.1,3.93,728.0,5.2,0.9,0,0,-18,90,60,frozen,refrigerated,PET/PE laminate,80,100,3,Excellent,High,High
cheese,665,329024,43.9,19.1,3.93,728.0,5.2,0.9,0,0,-18,90,30,frozen,frozen,PET/PE laminate,80,100,3,Excellent,High,High
cheese,669,329098,45.9,20.0,3.95,681.0,5.2,0.9,0,0,25,60,14,ambient,normal,PET/PE laminate,80,100,3,Excellent,High,High
cheese,669,329098,45.9,20.0,3.95,681.0,5.2,0.9,0,0,25,60,3,ambient,refrigerated,PET/PE laminate,80,100,3,Excellent,High,High
cheese,669,329098,45.9,20.0,3.95,681.0,5.2,0.9,0,0,25,60,3,ambient,frozen,PET/PE laminate,80,100,3,Excellent,High,High
cheese,669,329098,45.9,20.0,3.95,681.0,5.2,0.9,0,0,5,85,7,chilled,normal,PET/PE laminate,80,100,3,Excellent,High,High
cheese,669,329098,45.9,20.0,3.95,681.0,5.2,0.9,0,0,5,85,7,chilled,refrigerated,PET/PE laminate,80,100,3,Excellent,High,High
cheese,669,329098,45.9,20.0,3.95,681.0,5.2,0.9,0,0,5,85,21,chilled,frozen,PET/PE laminate,80,100,3,Excellent,High,High
cheese,669,329098,45.9,20.0,3.95,681.0,5.2,0.9,0,0,-18,90,60,frozen,normal,PET/PE laminate,80,100,3,Excellent,High,High
cheese,669,329098,45.9,20.0,3.95,681.0,5.2,0.9,0,0,-18,90,60,frozen,refrigerated,PET/PE laminate,80,100,3,Excellent,High,High
cheese,669,329098,45.9,20.0,3.95,681.0,5.2,0.9,0,0,-18,90,30,frozen,frozen,PET/PE laminate,80,100,3,Excellent,High,High
cheese,668,329075,45.8,21.1,3.74,720.0,5.2,0.9,0,0,25,60,5,ambient,normal,PET/PE laminate,80,100,3,Excellent,High,High
cheese,668,329075,45.8,21.1,3.74,720.0,5.2,0.9,0,0,25,60,3,ambient,refrigerated,PET/PE laminate,80,100,3,Excellent,High,High
cheese,668,329075,45.8,21.1,3.74,720.0,5.2,0.9,0,0,25,60,5,ambient,frozen,PET/PE laminate,80,100,3,Excellent,High,High
cheese,668,329075,45.8,21.1,3.74,720.0,5.2,0.9,0,0,5,85,30,chilled,normal,PET/PE laminate,80,100,3,Excellent,High,High
cheese,668,329075,45.8,21.1,3.74,720.0,5.2,0.9,0,0,5,85,21,chilled,refrigerated,PET/PE laminate,80,100,3,Excellent,High,High
cheese,668,329075,45.8,21.1,3.74,720.0,5.2,0.9,0,0,5,85,14,chilled,frozen,PET/PE laminate,80,100,3,Excellent,High,High
cheese,668,329075,45.8,21.1,3.74,720.0,5.2,0.9,0,0,-18,90,30,frozen,normal,PET/PE laminate,80,100,3,Excellent,High,High
cheese,668,329075,45.8,21.1,3.74,720.0,5.2,0.9,0,0,-18,90,180,frozen,refrigerated,PET/PE laminate,80,100,3,Excellent,High,High
cheese,668,329075,45.8,21.1,3.74,720.0,5.2,0.9,0,0,-18,90,180,frozen,frozen,PET/PE laminate,80,100,3,Excellent,High,High
cheese,664,329012,44.6,20.5,3.35,653.0,5.2,0.9,0,0,25,60,3,ambient,normal,PET/PE laminate,80,100,3,Excellent,High,High
cheese,664,329012,44.6,20.5,3.35,653.0,5.2,0.9,0,0,25,60,3,ambient,refrigerated,PET/PE laminate,80,100,3,Excellent,High,High
cheese,664,329012,44.6,20.5,3.35,653.0,5.2,0.9,0,0,25,60,14,ambient,frozen,PET/PE laminate,80,100,3,Excellent,High,High
cheese,664,329012,44.6,20.5,3.35,653.0,5.2,0.9,0,0,5,85,30,chilled,normal,PET/PE laminate,80,100,3,Excellent,High,High
cheese,664,329012,44.6,20.5,3.35,653.0,5.2,0.9,0,0,5,85,21,chilled,refrigerated,PET/PE laminate,80,100,3,Excellent,High,High
cheese,664,329012,44.6,20.5,3.35,653.0,5.2,0.9,0,0,5,85,7,chilled,frozen,PET/PE laminate,80,100,3,Excellent,High,High
cheese,664,329012,44.6,20.5,3.35,653.0,5.2,0.9,0,0,-18,90,30,frozen,normal,PET/PE laminate,80,100,3,Excellent,High,High
cheese,664,329012,44.6,20.5,3.35,653.0,5.2,0.9,0,0,-18,90,90,frozen,refrigerated,PET/PE laminate,80,100,3,Excellent,High,High
cheese,664,329012,44.6,20.5,3.35,653.0,5.2,0.9,0,0,-18,90,90,frozen,frozen,PET/PE laminate,80,100,3,Excellent,High,High
cheese,663,329000,45.5,19.2,3.81,592.0,5.2,0.9,0,0,25,60,3,ambient,normal,PET/PE laminate,80,100,3,Excellent,High,High
cheese,663,329000,45.5,19.2,3.81,592.0,5.2,0.9,0,0,25,60,14,ambient,refrigerated,PET/PE laminate,80,100,3,Excellent,High,High
cheese,663,329000,45.5,19.2,3.81,592.0,5.2,0.9,0,0,25,60,10,ambient,frozen,PET/PE laminate,80,100,3,Excellent,High,High
cheese,663,329000,45.5,19.2,3.81,592.0,5.2,0.9,0,0,5,85,10,chilled,normal,PET/PE laminate,80,100,3,Excellent,High,High
cheese,663,329000,45.5,19.2,3.81,592.0,5.2,0.9,0,0,5,85,7,chilled,refrigerated,PET/PE laminate,80,100,3,Excellent,High,High
cheese,663,329000,45.5,19.2,3.81,592.0,5.2,0.9,0,0,5,85,7,chilled,frozen,PET/PE laminate,80,100,3,Excellent,High,High
cheese,663,329000,45.5,19.2,3.81,592.0,5.2,0.9,0,0,-18,90,60,frozen,normal,PET/PE laminate,80,100,3,Excellent,High,High
cheese,663,329000,45.5,19.2,3.81,592.0,5.2,0.9,0,0,-18,90,60,frozen,refrigerated,PET/PE laminate,80,100,3,Excellent,High,High
cheese,663,329000,45.5,19.2,3.81,592.0,5.2,0.9,0,0,-18,90,60,frozen,frozen,PET/PE laminate,80,100,3,Excellent,High,High
cheese,386,324891,23.8,28.8,7.02,1460.0,5.2,0.9,0,0,25,60,14,ambient,normal,PET/PE laminate,80,100,3,Excellent,High,High
cheese,386,324891,23.8,28.8,7.02,1460.0,5.2,0.9,0,0,25,60,14,ambient,refrigerated,PET/PE laminate,80,100,3,Excellent,High,High
cheese,386,324891,23.8,28.8,7.02,1460.0,5.2,0.9,0,0,25,60,7,ambient,frozen,PET/PE laminate,80,100,3,Excellent,High,High
cheese,386,324891,23.8,28.8,7.02,1460.0,5.2,0.9,0,0,5,85,14,chilled,normal,PET/PE laminate,80,100,3,Excellent,High,High
cheese,386,324891,23.8,28.8,7.02,1460.0,5.2,0.9,0,0,5,85,14,chilled,refrigerated,PET/PE laminate,80,100,3,Excellent,High,High
cheese,386,324891,23.8,28.8,7.02,1460.0,5.2,0.9,0,0,5,85,21,chilled,frozen,PET/PE laminate,80,100,3,Excellent,High,High
cheese,386,324891,23.8,28.8,7.02,1460.0,5.2,0.9,0,0,-18,90,30,frozen,normal,PET/PE laminate,80,100,3,Excellent,High,High
cheese,386,324891,23.8,28.8,7.02,1460.0,5.2,0.9,0,0,-18,90,90,frozen,refrigerated,PET/PE laminate,80,100,3,Excellent,High,High
cheese,386,324891,23.8,28.8,7.02,1460.0,5.2,0.9,0,0,-18,90,180,frozen,frozen,PET/PE laminate,80,100,3,Excellent,High,High
cheese,385,324881,23.7,30.4,7.09,1610.0,5.2,0.9,0,0,25,60,10,ambient,normal,PET/PE laminate,80,100,3,Excellent,High,High
cheese,385,324881,23.7,30.4,7.09,1610.0,5.2,0.9,0,0,25,60,14,ambient,refrigerated,PET/PE laminate,80,100,3,Excellent,High,High
cheese,385,324881,23.7,30.4,7.09,1610.0,5.2,0.9,0,0,25,60,5,ambient,frozen,PET/PE laminate,80,100,3,Excellent,High,High
cheese,385,324881,23.7,30.4,7.09,1610.0,5.2,0.9,0,0,5,85,10,chilled,normal,PET/PE laminate,80,100,3,Excellent,High,High
cheese,385,324881,23.7,30.4,7.09,1610.0,5.2,0.9,0,0,5,85,14,chilled,refrigerated,PET/PE laminate,80,100,3,Excellent,High,High
cheese,385,324881,23.7,30.4,7.09,1610.0,5.2,0.9,0,0,5,85,7,chilled,frozen,PET/PE laminate,80,100,3,Excellent,High,High
cheese,385,324881,23.7,30.4,7.09,1610.0,5.2,0.9,0,0,-18,90,30,frozen,normal,PET/PE laminate,80,100,3,Excellent,High,High
cheese,385,324881,23.7,30.4,7.09,1610.0,5.2,0.9,0,0,-18,90,30,frozen,refrigerated,PET/PE laminate,80,100,3,Excellent,High,High
cheese,385,324881,23.7,30.4,7.09,1610.0,5.2,0.9,0,0,-18,90,180,frozen,frozen,PET/PE laminate,80,100,3,Excellent,High,High
cheese,388,324921,23.6,29.6,6.97,1680.0,5.2,0.9,0,0,25,60,10,ambient,normal,PET/PE laminate,80,100,3,Excellent,High,High
cheese,388,324921,23.6,29.6,6.97,1680.0,5.2,0.9,0,0,25,60,10,ambient,refrigerated,PET/PE laminate,80,100,3,Excellent,High,High
cheese,388,324921,23.6,29.6,6.97,1680.0,5.2,0.9,0,0,25,60,14,ambient,frozen,PET/PE laminate,80,100,3,Excellent,High,High
cheese,388,324921,23.6,29.6,6.97,1680.0,5.2,0.9,0,0,5,85,21,chilled,normal,PET/PE laminate,80,100,3,Excellent,High,High
cheese,388,324921,23.6,29.6,6.97,1680.0,5.2,0.9,0,0,5,85,7,chilled,refrigerated,PET/PE laminate,80,100,3,Excellent,High,High
cheese,388,324921,23.6,29.6,6.97,1680.0,5.2,0.9,0,0,5,85,7,chilled,frozen,PET/PE laminate,80,100,3,Excellent,High,High
cheese,388,324921,23.6,29.6,6.97,1680.0,5.2,0.9,0,0,-18,90,60,frozen,normal,PET/PE laminate,80,100,3,Excellent,High,High
cheese,388,324921,23.6,29.6,6.97,1680.0,5.2,0.9,0,0,-18,90,30,frozen,refrigerated,PET/PE laminate,80,100,3,Excellent,High,High
cheese,388,324921,23.6,29.6,6.97,1680.0,5.2,0.9,0,0,-18,90,180,frozen,frozen,PET/PE laminate,80,100,3,Excellent,High,High
cheese,383,324861,23.9,28.7,6.86,1440.0,5.2,0.9,0,0,25,60,10,ambient,normal,PET/PE laminate,80,100,3,Excellent,High,High
cheese,383,324861,23.9,28.7,6.86,1440.0,5.2,0.9,0,0,25,60,7,ambient,refrigerated,PET/PE laminate,80,100,3,Excellent,High,High
cheese,383,324861,23.9,28.7,6.86,1440.0,5.2,0.9,0,0,25,60,14,ambient,frozen,PET/PE laminate,80,100,3,Excellent,High,High
cheese,383,324861,23.9,28.7,6.86,1440.0,5.2,0.9,0,0,5,85,7,chilled,normal,PET/PE laminate,80,100,3,Excellent,High,High
cheese,383,324861,23.9,28.7,6.86,1440.0,5.2,0.9,0,0,5,85,30,chilled,refrigerated,PET/PE laminate,80,100,3,Excellent,High,High
cheese,383,324861,23.9,28.7,6.86,1440.0,5.2,0.9,0,0,5,85,7,chilled,frozen,PET/PE laminate,80,100,3,Excellent,High,High
cheese,383,324861,23.9,28.7,6.86,1440.0,5.2,0.9,0,0,-18,90,60,frozen,normal,PET/PE laminate,80,100,3,Excellent,High,High
cheese,383,324861,23.9,28.7,6.86,1440.0,5.2,0.9,0,0,-18,90,60,frozen,refrigerated,PET/PE laminate,80,100,3,Excellent,High,High
cheese,383,324861,23.9,28.7,6.86,1440.0,5.2,0.9,0,0,-18,90,180,frozen,frozen,PET/PE laminate,80,100,3,Excellent,High,High
cheese,384,324871,23.4,28.7,7.09,1540.0,5.2,0.9,0,0,25,60,7,ambient,normal,PET/PE laminate,80,100,3,Excellent,High,High
cheese,384,324871,23.4,28.7,7.09,1540.0,5.2,0.9,0,0,25,60,3,ambient,refrigerated,PET/PE laminate,80,100,3,Excellent,High,High
cheese,384,324871,23.4,28.7,7.09,1540.0,5.2,0.9,0,0,25,60,3,ambient,frozen,PET/PE laminate,80,100,3,Excellent,High,High
cheese,384,324871,23.4,28.7,7.09,1540.0,5.2,0.9,0,0,5,85,14,chilled,normal,PET/PE laminate,80,100,3,Excellent,High,High
cheese,384,324871,23.4,28.7,7.09,1540.0,5.2,0.9,0,0,5,85,30,chilled,refrigerated,PET/PE laminate,80,100,3,Excellent,High,High
cheese,384,324871,23.4,28.7,7.09,1540.0,5.2,0.9,0,0,5,85,30,chilled,frozen,PET/PE laminate,80,100,3,Excellent,High,High
cheese,384,324871,23.4,28.7,7.09,1540.0,5.2,0.9,0,0,-18,90,30,frozen,normal,PET/PE laminate,80,100,3,Excellent,High,High
cheese,384,324871,23.4,28.7,7.09,1540.0,5.2,0.9,0,0,-18,90,60,frozen,refrigerated,PET/PE laminate,80,100,3,Excellent,High,High
cheese,384,324871,23.4,28.7,7.09,1540.0,5.2,0.9,0,0,-18,90,90,frozen,frozen,PET/PE laminate,80,100,3,Excellent,High,High
cheese,389,324940,23.4,27.9,6.85,1480.0,5.2,0.9,0,0,25,60,3,ambient,normal,PET/PE laminate,80,100,3,Excellent,High,High
cheese,389,324940,23.4,27.9,6.85,1480.0,5.2,0.9,0,0,25,60,5,ambient,refrigerated,PET/PE laminate,80,100,3,Excellent,High,High
cheese,389,324940,23.4,27.9,6.85,1480.0,5.2,0.9,0,0,25,60,14,ambient,frozen,PET/PE laminate,80,100,3,Excellent,High,High
cheese,389,324940,23.4,27.9,6.85,1480.0,5.2,0.9,0,0,5,85,10,chilled,normal,PET/PE laminate,80,100,3,Excellent,High,High
cheese,389,324940,23.4,27.9,6.85,1480.0,5.2,0.9,0,0,5,85,21,chilled,refrigerated,PET/PE laminate,80,100,3,Excellent,High,High
cheese,389,324940,23.4,27.9,6.85,1480.0,5.2,0.9,0,0,5,85,7,chilled,frozen,PET/PE laminate,80,100,3,Excellent,High,High
cheese,389,324940,23.4,27.9,6.85,1480.0,5.2,0.9,0,0,-18,90,90,frozen,normal,PET/PE laminate,80,100,3,Excellent,High,High
cheese,389,324940,23.4,27.9,6.85,1480.0,5.2,0.9,0,0,-18,90,60,frozen,refrigerated,PET/PE laminate,80,100,3,Excellent,High,High
cheese,389,324940,23.4,27.9,6.85,1480.0,5.2,0.9,0,0,-18,90,60,frozen,frozen,PET/PE laminate,80,100,3,Excellent,High,High
cheese,393,325007,22.0,28.4,6.83,1840.0,5.2,0.9,0,0,25,60,14,ambient,normal,PET/PE laminate,80,100,3,Excellent,High,High
cheese,393,325007,22.0,28.4,6.83,1840.0,5.2,0.9,0,0,25,60,10,ambient,refrigerated,PET/PE laminate,80,100,3,Excellent,High,High
cheese,393,325007,22.0,28.4,6.83,1840.0,5.2,0.9,0,0,25,60,14,ambient,frozen,PET/PE laminate,80,100,3,Excellent,High,High
cheese,393,325007,22.0,28.4,6.83,1840.0,5.2,0.9,0,0,5,85,14,chilled,normal,PET/PE laminate,80,100,3,Excellent,High,High
cheese,393,325007,22.0,28.4,6.83,1840.0,5.2,0.9,0,0,5,85,21,chilled,refrigerated,PET/PE laminate,80,100,3,Excellent,High,High
cheese,393,325007,22.0,28.4,6.83,1840.0,5.2,0.9,0,0,5,85,10,chilled,frozen,PET/PE laminate,80,100,3,Excellent,High,High
cheese,393,325007,22.0,28.4,6.83,1840.0,5.2,0.9,0,0,-18,90,30,frozen,normal,PET/PE laminate,80,100,3,Excellent,High,High
cheese,393,325007,22.0,28.4,6.83,1840.0,5.2,0.9,0,0,-18,90,90,frozen,refrigerated,PET/PE laminate,80,100,3,Excellent,High,High
cheese,393,325007,22.0,28.4,6.83,1840.0,5.2,0.9,0,0,-18,90,30,frozen,frozen,PET/PE laminate,80,100,3,Excellent,High,High
cheese,391,324970,23.1,26.0,8.91,2270.0,5.2,0.9,0,0,25,60,3,ambient,normal,PET/PE laminate,80,100,3,Excellent,High,High
cheese,391,324970,23.1,26.0,8.91,2270.0,5.2,0.9,0,0,25,60,10,ambient,refrigerated,PET/PE laminate,80,100,3,Excellent,High,High
cheese,391,324970,23.1,26.0,8.91,2270.0,5.2,0.9,0,0,25,60,5,ambient,frozen,PET/PE laminate,80,100,3,Excellent,High,High
cheese,391,324970,23.1,26.0,8.91,2270.0,5.2,0.9,0,0,5,85,7,chilled,normal,PET/PE laminate,80,100,3,Excellent,High,High
cheese,391,324970,23.1,26.0,8.91,2270.0,5.2,0.9,0,0,5,85,14,chilled,refrigerated,PET/PE laminate,80,100,3,Excellent,High,High
cheese,391,324970,23.1,26.0,8.91,2270.0,5.2,0.9,0,0,5,85,30,chilled,frozen,PET/PE laminate,80,100,3,Excellent,High,High
cheese,391,324970,23.1,26.0,8.91,2270.0,5.2,0.9,0,0,-18,90,180,frozen,normal,PET/PE laminate,80,100,3,Excellent,High,High
cheese,391,324970,23.1,26.0,8.91,2270.0,5.2,0.9,0,0,-18,90,90,frozen,refrigerated,PET/PE laminate,80,100,3,Excellent,High,High
cheese,391,324970,23.1,26.0,8.91,2270.0,5.2,0.9,0,0,-18,90,30,frozen,frozen,PET/PE laminate,80,100,3,Excellent,High,High
cheese,394,325017,20.2,35.2,6.93,1480.0,5.2,0.9,0,0,25,60,7,ambient,normal,PET/PE laminate,80,100,3,Excellent,High,High
cheese,394,325017,20.2,35.2,6.93,1480.0,5.2,0.9,0,0,25,60,10,ambient,refrigerated,PET/PE laminate,80,100,3,Excellent,High,High
cheese,394,325017,20.2,35.2,6.93,1480.0,5.2,0.9,0,0,25,60,10,ambient,frozen,PET/PE laminate,80,100,3,Excellent,High,High
cheese,394,325017,20.2,35.2,6.93,1480.0,5.2,0.9,0,0,5,85,10,chilled,normal,PET/PE laminate,80,100,3,Excellent,High,High
cheese,394,325017,20.2,35.2,6.93,1480.0,5.2,0.9,0,0,5,85,14,chilled,refrigerated,PET/PE laminate,80,100,3,Excellent,High,High
cheese,394,325017,20.2,35.2,6.93,1480.0,5.2,0.9,0,0,5,85,30,chilled,frozen,PET/PE laminate,80,100,3,Excellent,High,High
cheese,394,325017,20.2,35.2,6.93,1480.0,5.2,0.9,0,0,-18,90,180,frozen,normal,PET/PE laminate,80,100,3,Excellent,High,High
cheese,394,325017,20.2,35.2,6.93,1480.0,5.2,0.9,0,0,-18,90,180,frozen,refrigerated,PET/PE laminate,80,100,3,Excellent,High,High
cheese,394,325017,20.2,35.2,6.93,1480.0,5.2,0.9,0,0,-18,90,60,frozen,frozen,PET/PE laminate,80,100,3,Excellent,High,High
cheese,390,324960,20.3,26.6,6.85,1800.0,5.2,0.9,0,0,25,60,14,ambient,normal,PET/PE laminate,80,100,3,Excellent,High,High
cheese,390,324960,20.3,26.6,6.85,1800.0,5.2,0.9,0,0,25,60,10,ambient,refrigerated,PET/PE laminate,80,100,3,Excellent,High,High
cheese,390,324960,20.3,26.6,6.85,1800.0,5.2,0.9,0,0,25,60,3,ambient,frozen,PET/PE laminate,80,100,3,Excellent,High,High
cheese,390,324960,20.3,26.6,6.85,1800.0,5.2,0.9,0,0,5,85,30,chilled,normal,PET/PE laminate,80,100,3,Excellent,High,High
cheese,390,324960,20.3,26.6,6.85,1800.0,5.2,0.9,0,0,5,85,14,chilled,refrigerated,PET/PE laminate,80,100,3,Excellent,High,High
cheese,390,324960,20.3,26.6,6.85,1800.0,5.2,0.9,0,0,5,85,10,chilled,frozen,PET/PE laminate,80,100,3,Excellent,High,High
cheese,390,324960,20.3,26.6,6.85,1800.0,5.2,0.9,0,0,-18,90,30,frozen,normal,PET/PE laminate,80,100,3,Excellent,High,High
cheese,390,324960,20.3,26.6,6.85,1800.0,5.2,0.9,0,0,-18,90,30,frozen,refrigerated,PET/PE laminate,80,100,3,Excellent,High,High
cheese,390,324960,20.3,26.6,6.85,1800.0,5.2,0.9,0,0,-18,90,90,frozen,frozen,PET/PE laminate,80,100,3,Excellent,High,High
cheese,387,324913,21.5,23.8,6.63,2350.0,5.2,0.9,0,0,25,60,5,ambient,normal,PET/PE laminate,80,100,3,Excellent,High,High
cheese,387,324913,21.5,23.8,6.63,2350.0,5.2,0.9,0,0,25,60,10,ambient,refrigerated,PET/PE laminate,80,100,3,Excellent,High,High
cheese,387,324913,21.5,23.8,6.63,2350.0,5.2,0.9,0,0,25,60,5,ambient,frozen,PET/PE laminate,80,100,3,Excellent,High,High
cheese,387,324913,21.5,23.8,6.63,2350.0,5.2,0.9,0,0,5,85,21,chilled,normal,PET/PE laminate,80,100,3,Excellent,High,High
cheese,387,324913,21.5,23.8,6.63,2350.0,5.2,0.9,0,0,5,85,14,chilled,refrigerated,PET/PE laminate,80,100,3,Excellent,High,High
cheese,387,324913,21.5,23.8,6.63,2350.0,5.2,0.9,0,0,5,85,14,chilled,frozen,PET/PE laminate,80,100,3,Excellent,High,High
cheese,387,324913,21.5,23.8,6.63,2350.0,5.2,0.9,0,0,-18,90,30,frozen,normal,PET/PE laminate,80,100,3,Excellent,High,High
cheese,387,324913,21.5,23.8,6.63,2350.0,5.2,0.9,0,0,-18,90,30,frozen,refrigerated,PET/PE laminate,80,100,3,Excellent,High,High
cheese,387,324913,21.5,23.8,6.63,2350.0,5.2,0.9,0,0,-18,90,30,frozen,frozen,PET/PE laminate,80,100,3,Excellent,High,High
cheese,392,324989,25.1,22.3,7.74,2080.0,5.2,0.9,0,0,25,60,7,ambient,normal,PET/PE laminate,80,100,3,Excellent,High,High
cheese,392,324989,25.1,22.3,7.74,2080.0,5.2,0.9,0,0,25,60,10,ambient,refrigerated,PET/PE laminate,80,100,3,Excellent,High,High
cheese,392,324989,25.1,22.3,7.74,2080.0,5.2,0.9,0,0,25,60,7,ambient,frozen,PET/PE laminate,80,100,3,Excellent,High,High
cheese,392,324989,25.1,22.3,7.74,2080.0,5.2,0.9,0,0,5,85,14,chilled,normal,PET/PE laminate,80,100,3,Excellent,High,High
cheese,392,324989,25.1,22.3,7.74,2080.0,5.2,0.9,0,0,5,85,7,chilled,refrigerated,PET/PE laminate,80,100,3,Excellent,High,High
cheese,392,324989,25.1,22.3,7.74,2080.0,5.2,0.9,0,0,5,85,10,chilled,frozen,PET/PE laminate,80,100,3,Excellent,High,High
cheese,392,324989,25.1,22.3,7.74,2080.0,5.2,0.9,0,0,-18,90,30,frozen,normal,PET/PE laminate,80,100,3,Excellent,High,High
cheese,392,324989,25.1,22.3,7.74,2080.0,5.2,0.9,0,0,-18,90,60,frozen,refrigerated,PET/PE laminate,80,100,3,Excellent,High,High
cheese,392,324989,25.1,22.3,7.74,2080.0,5.2,0.9,0,0,-18,90,180,frozen,frozen,PET/PE laminate,80,100,3,Excellent,High,High
tomato,51,320413,92.8,,,,4.3,0.97,30,8,25,60,10,ambient,normal,Micro-perforated PE film,50,6000,16,Good,High,Medium
tomato,51,320413,92.8,,,,4.3,0.97,30,8,25,60,14,ambient,refrigerated,Micro-perforated PE film,50,6000,16,Good,High,Medium
tomato,51,320413,92.8,,,,4.3,0.97,30,8,25,60,14,ambient,frozen,Micro-perforated PE film,50,6000,16,Good,High,Medium
tomato,51,320413,92.8,,,,4.3,0.97,30,8,5,85,30,chilled,normal,Micro-perforated PE film,50,6000,16,Good,High,Medium
tomato,51,320413,92.8,,,,4.3,0.97,30,8,5,85,21,chilled,refrigerated,Micro-perforated PE film,50,6000,16,Good,High,Medium
tomato,51,320413,92.8,,,,4.3,0.97,30,8,5,85,7,chilled,frozen,Micro-perforated PE film,50,6000,16,Good,High,Medium
tomato,51,320413,92.8,,,,4.3,0.97,30,8,-18,90,30,frozen,normal,Micro-perforated PE film,50,6000,16,Good,High,Medium
tomato,51,320413,92.8,,,,4.3,0.97,30,8,-18,90,30,frozen,refrigerated,Micro-perforated PE film,50,6000,16,Good,High,Medium
tomato,51,320413,92.8,,,,4.3,0.97,30,8,-18,90,90,frozen,frozen,Micro-perforated PE film,50,6000,16,Good,High,Medium
tomato,52,320418,90.9,,,,4.3,0.97,30,8,25,60,14,ambient,normal,Micro-perforated PE film,50,6000,16,Good,High,Medium
tomato,52,320418,90.9,,,,4.3,0.97,30,8,25,60,3,ambient,refrigerated,Micro-perforated PE film,50,6000,16,Good,High,Medium
tomato,52,320418,90.9,,,,4.3,0.97,30,8,25,60,14,ambient,frozen,Micro-perforated PE film,50,6000,16,Good,High,Medium
tomato,52,320418,90.9,,,,4.3,0.97,30,8,5,85,30,chilled,normal,Micro-perforated PE film,50,6000,16,Good,High,Medium
tomato,52,320418,90.9,,,,4.3,0.97,30,8,5,85,14,chilled,refrigerated,Micro-perforated PE film,50,6000,16,Good,High,Medium
tomato,52,320418,90.9,,,,4.3,0.97,30,8,5,85,21,chilled,frozen,Micro-perforated PE film,50,6000,16,Good,High,Medium
tomato,52,320418,90.9,,,,4.3,0.97,30,8,-18,90,30,frozen,normal,Micro-perforated PE film,50,6000,16,Good,High,Medium
tomato,52,320418,90.9,,,,4.3,0.97,30,8,-18,90,90,frozen,refrigerated,Micro-perforated PE film,50,6000,16,Good,High,Medium
tomato,52,320418,90.9,,,,4.3,0.97,30,8,-18,90,180,frozen,frozen,Micro-perforated PE film,50,6000,16,Good,High,Medium
tomato,53,320423,92.4,,,,4.3,0.97,30,8,25,60,10,ambient,normal,Micro-perforated PE film,50,6000,16,Good,High,Medium
tomato,53,320423,92.4,,,,4.3,0.97,30,8,25,60,3,ambient,refrigerated,Micro-perforated PE film,50,6000,16,Good,High,Medium
tomato,53,320423,92.4,,,,4.3,0.97,30,8,25,60,14,ambient,frozen,Micro-perforated PE film,50,6000,16,Good,High,Medium
tomato,53,320423,92.4,,,,4.3,0.97,30,8,5,85,10,chilled,normal,Micro-perforated PE film,50,6000,16,Good,High,Medium
tomato,53,320423,92.4,,,,4.3,0.97,30,8,5,85,30,chilled,refrigerated,Micro-perforated PE film,50,6000,16,Good,High,Medium
tomato,53,320423,92.4,,,,4.3,0.97,30,8,5,85,30,chilled,frozen,Micro-perforated PE film,50,6000,16,Good,High,Medium
tomato,53,320423,92.4,,,,4.3,0.97,30,8,-18,90,60,frozen,normal,Micro-perforated PE film,50,6000,16,Good,High,Medium
tomato,53,320423,92.4,,,,4.3,0.97,30,8,-18,90,180,frozen,refrigerated,Micro-perforated PE film,50,6000,16,Good,High,Medium
tomato,53,320423,92.4,,,,4.3,0.97,30,8,-18,90,60,frozen,frozen,Micro-perforated PE film,50,6000,16,Good,High,Medium
tomato,54,320428,92.9,,,,4.3,0.97,30,8,25,60,5,ambient,normal,Micro-perforated PE film,50,6000,16,Good,High,Medium
tomato,54,320428,92.9,,,,4.3,0.97,30,8,25,60,7,ambient,refrigerated,Micro-perforated PE film,50,6000,16,Good,High,Medium
tomato,54,320428,92.9,,,,4.3,0.97,30,8,25,60,7,ambient,frozen,Micro-perforated PE film,50,6000,16,Good,High,Medium
tomato,54,320428,92.9,,,,4.3,0.97,30,8,5,85,14,chilled,normal,Micro-perforated PE film,50,6000,16,Good,High,Medium
tomato,54,320428,92.9,,,,4.3,0.97,30,8,5,85,21,chilled,refrigerated,Micro-perforated PE film,50,6000,16,Good,High,Medium
tomato,54,320428,92.9,,,,4.3,0.97,30,8,5,85,10,chilled,frozen,Micro-perforated PE film,50,6000,16,Good,High,Medium
tomato,54,320428,92.9,,,,4.3,0.97,30,8,-18,90,30,frozen,normal,Micro-perforated PE film,50,6000,16,Good,High,Medium
tomato,54,320428,92.9,,,,4.3,0.97,30,8,-18,90,60,frozen,refrigerated,Micro-perforated PE film,50,6000,16,Good,High,Medium
tomato,54,320428,92.9,,,,4.3,0.97,30,8,-18,90,180,frozen,frozen,Micro-perforated PE film,50,6000,16,Good,High,Medium
tomato,55,320433,93.0,,,,4.3,0.97,30,8,25,60,7,ambient,normal,Micro-perforated PE film,50,6000,16,Good,High,Medium
tomato,55,320433,93.0,,,,4.3,0.97,30,8,25,60,10,ambient,refrigerated,Micro-perforated PE film,50,6000,16,Good,High,Medium
tomato,55,320433,93.0,,,,4.3,0.97,30,8,25,60,7,ambient,frozen,Micro-perforated PE film,50,6000,16,Good,High,Medium
tomato,55,320433,93.0,,,,4.3,0.97,30,8,5,85,21,chilled,normal,Micro-perforated PE film,50,6000,16,Good,High,Medium
tomato,55,320433,93.0,,,,4.3,0.97,30,8,5,85,7,chilled,refrigerated,Micro-perforated PE film,50,6000,16,Good,High,Medium
tomato,55,320433,93.0,,,,4.3,0.97,30,8,5,85,14,chilled,frozen,Micro-perforated PE film,50,6000,16,Good,High,Medium
tomato,55,320433,93.0,,,,4.3,0.97,30,8,-18,90,90,frozen,normal,Micro-perforated PE film,50,6000,16,Good,High,Medium
tomato,55,320433,93.0,,,,4.3,0.97,30,8,-18,90,60,frozen,refrigerated,Micro-perforated PE film,50,6000,16,Good,High,Medium
tomato,55,320433,93.0,,,,4.3,0.97,30,8,-18,90,180,frozen,frozen,Micro-perforated PE film,50,6000,16,Good,High,Medium
tomato,56,320438,91.6,,,,4.3,0.97,30,8,25,60,14,ambient,normal,Micro-perforated PE film,50,6000,16,Good,High,Medium
tomato,56,320438,91.6,,,,4.3,0.97,30,8,25,60,14,ambient,refrigerated,Micro-perforated PE film,50,6000,16,Good,High,Medium
tomato,56,320438,91.6,,,,4.3,0.97,30,8,25,60,5,ambient,frozen,Micro-perforated PE film,50,6000,16,Good,High,Medium
tomato,56,320438,91.6,,,,4.3,0.97,30,8,5,85,21,chilled,normal,Micro-perforated PE film,50,6000,16,Good,High,Medium
tomato,56,320438,91.6,,,,4.3,0.97,30,8,5,85,7,chilled,refrigerated,Micro-perforated PE film,50,6000,16,Good,High,Medium
tomato,56,320438,91.6,,,,4.3,0.97,30,8,5,85,10,chilled,frozen,Micro-perforated PE film,50,6000,16,Good,High,Medium
tomato,56,320438,91.6,,,,4.3,0.97,30,8,-18,90,90,frozen,normal,Micro-perforated PE film,50,6000,16,Good,High,Medium
tomato,56,320438,91.6,,,,4.3,0.97,30,8,-18,90,30,frozen,refrigerated,Micro-perforated PE film,50,6000,16,Good,High,Medium
tomato,56,320438,91.6,,,,4.3,0.97,30,8,-18,90,180,frozen,frozen,Micro-perforated PE film,50,6000,16,Good,High,Medium
tomato,57,320443,93.0,0.7,0.54,6.0,4.3,0.97,30,8,25,60,7,ambient,normal,Micro-perforated PE film,50,6000,16,Good,High,Medium
tomato,57,320443,93.0,0.7,0.54,6.0,4.3,0.97,30,8,25,60,14,ambient,refrigerated,Micro-perforated PE film,50,6000,16,Good,High,Medium
tomato,57,320443,93.0,0.7,0.54,6.0,4.3,0.97,30,8,25,60,10,ambient,frozen,Micro-perforated PE film,50,6000,16,Good,High,Medium
tomato,57,320443,93.0,0.7,0.54,6.0,4.3,0.97,30,8,5,85,14,chilled,normal,Micro-perforated PE film,50,6000,16,Good,High,Medium
tomato,57,320443,93.0,0.7,0.54,6.0,4.3,0.97,30,8,5,85,21,chilled,refrigerated,Micro-perforated PE film,50,6000,16,Good,High,Medium
tomato,57,320443,93.0,0.7,0.54,6.0,4.3,0.97,30,8,5,85,14,chilled,frozen,Micro-perforated PE film,50,6000,16,Good,High,Medium
tomato,57,320443,93.0,0.7,0.54,6.0,4.3,0.97,30,8,-18,90,180,frozen,normal,Micro-perforated PE film,50,6000,16,Good,High,Medium
tomato,57,320443,93.0,0.7,0.54,6.0,4.3,0.97,30,8,-18,90,60,frozen,refrigerated,Micro-perforated PE film,50,6000,16,Good,High,Medium
tomato,57,320443,93.0,0.7,0.54,6.0,4.3,0.97,30,8,-18,90,90,frozen,frozen,Micro-perforated PE film,50,6000,16,Good,High,Medium
tomato,58,320451,92.7,0.6,0.64,4.0,4.3,0.97,30,8,25,60,7,ambient,normal,Micro-perforated PE film,50,6000,16,Good,High,Medium
tomato,58,320451,92.7,0.6,0.64,4.0,4.3,0.97,30,8,25,60,14,ambient,refrigerated,Micro-perforated PE film,50,6000,16,Good,High,Medium
tomato,58,320451,92.7,0.6,0.64,4.0,4.3,0.97,30,8,25,60,5,ambient,frozen,Micro-perforated PE film,50,6000,16,Good,High,Medium
tomato,58,320451,92.7,0.6,0.64,4.0,4.3,0.97,30,8,5,85,21,chilled,normal,Micro-perforated PE film,50,6000,16,Good,High,Medium
tomato,58,320451,92.7,0.6,0.64,4.0,4.3,0.97,30,8,5,85,14,chilled,refrigerated,Micro-perforated PE film,50,6000,16,Good,High,Medium
tomato,58,320451,92.7,0.6,0.64,4.0,4.3,0.97,30,8,5,85,10,chilled,frozen,Micro-perforated PE film,50,6000,16,Good,High,Medium
tomato,58,320451,92.7,0.6,0.64,4.0,4.3,0.97,30,8,-18,90,180,frozen,normal,Micro-perforated PE film,50,6000,16,Good,High,Medium
tomato,58,320451,92.7,0.6,0.64,4.0,4.3,0.97,30,8,-18,90,90,frozen,refrigerated,Micro-perforated PE film,50,6000,16,Good,High,Medium
tomato,58,320451,92.7,0.6,0.64,4.0,4.3,0.97,30,8,-18,90,90,frozen,frozen,Micro-perforated PE film,50,6000,16,Good,High,Medium
tomato,59,320460,93.6,0.5,0.56,5.0,4.3,0.97,30,8,25,60,10,ambient,normal,Micro-perforated PE film,50,6000,16,Good,High,Medium
tomato,59,320460,93.6,0.5,0.56,5.0,4.3,0.97,30,8,25,60,14,ambient,refrigerated,Micro-perforated PE film,50,6000,16,Good,High,Medium
tomato,59,320460,93.6,0.5,0.56,5.0,4.3,0.97,30,8,25,60,5,ambient,frozen,Micro-perforated PE film,50,6000,16,Good,High,Medium
tomato,59,320460,93.6,0.5,0.56,5.0,4.3,0.97,30,8,5,85,14,chilled,normal,Micro-perforated PE film,50,6000,16,Good,High,Medium
tomato,59,320460,93.6,0.5,0.56,5.0,4.3,0.97,30,8,5,85,21,chilled,refrigerated,Micro-perforated PE film,50,6000,16,Good,High,Medium
tomato,59,320460,93.6,0.5,0.56,5.0,4.3,0.97,30,8,5,85,14,chilled,frozen,Micro-perforated PE film,50,6000,16,Good,High,Medium
tomato,59,320460,93.6,0.5,0.56,5.0,4.3,0.97,30,8,-18,90,180,frozen,normal,Micro-perforated PE film,50,6000,16,Good,High,Medium
tomato,59,320460,93.6,0.5,0.56,5.0,4.3,0.97,30,8,-18,90,90,frozen,refrigerated,Micro-perforated PE film,50,6000,16,Good,High,Medium
tomato,59,320460,93.6,0.5,0.56,5.0,4.3,0.97,30,8,-18,90,30,frozen,frozen,Micro-perforated PE film,50,6000,16,Good,High,Medium
tomato,60,320476,92.0,,,,4.3,0.97,30,8,25,60,14,ambient,normal,Micro-perforated PE film,50,6000,16,Good,High,Medium
tomato,60,320476,92.0,,,,4.3,0.97,30,8,25,60,5,ambient,refrigerated,Micro-perforated PE film,50,6000,16,Good,High,Medium
tomato,60,320476,92.0,,,,4.3,0.97,30,8,25,60,14,ambient,frozen,Micro-perforated PE film,50,6000,16,Good,High,Medium
tomato,60,320476,92.0,,,,4.3,0.97,30,8,5,85,30,chilled,normal,Micro-perforated PE film,50,6000,16,Good,High,Medium
tomato,60,320476,92.0,,,,4.3,0.97,30,8,5,85,10,chilled,refrigerated,Micro-perforated PE film,50,6000,16,Good,High,Medium
tomato,60,320476,92.0,,,,4.3,0.97,30,8,5,85,30,chilled,frozen,Micro-perforated PE film,50,6000,16,Good,High,Medium
tomato,60,320476,92.0,,,,4.3,0.97,30,8,-18,90,30,frozen,normal,Micro-perforated PE film,50,6000,16,Good,High,Medium
tomato,60,320476,92.0,,,,4.3,0.97,30,8,-18,90,180,frozen,refrigerated,Micro-perforated PE film,50,6000,16,Good,High,Medium
tomato,60,320476,92.0,,,,4.3,0.97,30,8,-18,90,60,frozen,frozen,Micro-perforated PE film,50,6000,16,Good,High,Medium
tomato,61,320480,93.4,0.46,0.58,7.0,4.3,0.97,30,8,25,60,10,ambient,normal,Micro-perforated PE film,50,6000,16,Good,High,Medium
tomato,61,320480,93.4,0.46,0.58,7.0,4.3,0.97,30,8,25,60,7,ambient,refrigerated,Micro-perforated PE film,50,6000,16,Good,High,Medium
tomato,61,320480,93.4,0.46,0.58,7.0,4.3,0.97,30,8,25,60,3,ambient,frozen,Micro-perforated PE film,50,6000,16,Good,High,Medium
tomato,61,320480,93.4,0.46,0.58,7.0,4.3,0.97,30,8,5,85,21,chilled,normal,Micro-perforated PE film,50,6000,16,Good,High,Medium
tomato,61,320480,93.4,0.46,0.58,7.0,4.3,0.97,30,8,5,85,21,chilled,refrigerated,Micro-perforated PE film,50,6000,16,Good,High,Medium
tomato,61,320480,93.4,0.46,0.58,7.0,4.3,0.97,30,8,5,85,10,chilled,frozen,Micro-perforated PE film,50,6000,16,Good,High,Medium
tomato,61,320480,93.4,0.46,0.58,7.0,4.3,0.97,30,8,-18,90,90,frozen,normal,Micro-perforated PE film,50,6000,16,Good,High,Medium
tomato,61,320480,93.4,0.46,0.58,7.0,4.3,0.97,30,8,-18,90,60,frozen,refrigerated,Micro-perforated PE film,50,6000,16,Good,High,Medium
tomato,61,320480,93.4,0.46,0.58,7.0,4.3,0.97,30,8,-18,90,90,frozen,frozen,Micro-perforated PE film,50,6000,16,Good,High,Medium
tomato,62,320485,92.5,,,,4.3,0.97,30,8,25,60,5,ambient,normal,Micro-perforated PE film,50,6000,16,Good,High,Medium
tomato,62,320485,92.5,,,,4.3,0.97,30,8,25,60,10,ambient,refrigerated,Micro-perforated PE film,50,6000,16,Good,High,Medium
tomato,62,320485,92.5,,,,4.3,0.97,30,8,25,60,10,ambient,frozen,Micro-perforated PE film,50,6000,16,Good,High,Medium
tomato,62,320485,92.5,,,,4.3,0.97,30,8,5,85,7,chilled,normal,Micro-perforated PE film,50,6000,16,Good,High,Medium
tomato,62,320485,92.5,,,,4.3,0.97,30,8,5,85,21,chilled,refrigerated,Micro-perforated PE film,50,6000,16,Good,High,Medium
tomato,62,320485,92.5,,,,4.3,0.97,30,8,5,85,30,chilled,frozen,Micro-perforated PE film,50,6000,16,Good,High,Medium
tomato,62,320485,92.5,,,,4.3,0.97,30,8,-18,90,180,frozen,normal,Micro-perforated PE film,50,6000,16,Good,High,Medium
tomato,62,320485,92.5,,,,4.3,0.97,30,8,-18,90,180,frozen,refrigerated,Micro-perforated PE film,50,6000,16,Good,High,Medium
tomato,62,320485,92.5,,,,4.3,0.97,30,8,-18,90,180,frozen,frozen,Micro-perforated PE film,50,6000,16,Good,High,Medium
tomato,63,320489,93.3,,,,4.3,0.97,30,8,25,60,14,ambient,normal,Micro-perforated PE film,50,6000,16,Good,High,Medium
tomato,63,320489,93.3,,,,4.3,0.97,30,8,25,60,3,ambient,refrigerated,Micro-perforated PE film,50,6000,16,Good,High,Medium
tomato,63,320489,93.3,,,,4.3,0.97,30,8,25,60,7,ambient,frozen,Micro-perforated PE film,50,6000,16,Good,High,Medium
tomato,63,320489,93.3,,,,4.3,0.97,30,8,5,85,30,chilled,normal,Micro-perforated PE film,50,6000,16,Good,High,Medium
tomato,63,320489,93.3,,,,4.3,0.97,30,8,5,85,30,chilled,refrigerated,Micro-perforated PE film,50,6000,16,Good,High,Medium
tomato,63,320489,93.3,,,,4.3,0.97,30,8,5,85,7,chilled,frozen,Micro-perforated PE film,50,6000,16,Good,High,Medium
tomato,63,320489,93.3,,,,4.3,0.97,30,8,-18,90,30,frozen,normal,Micro-perforated PE film,50,6000,16,Good,High,Medium
tomato,63,320489,93.3,,,,4.3,0.97,30,8,-18,90,60,frozen,refrigerated,Micro-perforated PE film,50,6000,16,Good,High,Medium
tomato,63,320489,93.3,,,,4.3,0.97,30,8,-18,90,90,frozen,frozen,Micro-perforated PE film,50,6000,16,Good,High,Medium
tomato,64,320494,92.6,,,,4.3,0.97,30,8,25,60,5,ambient,normal,Micro-perforated PE film,50,6000,16,Good,High,Medium
tomato,64,320494,92.6,,,,4.3,0.97,30,8,25,60,14,ambient,refrigerated,Micro-perforated PE film,50,6000,16,Good,High,Medium
tomato,64,320494,92.6,,,,4.3,0.97,30,8,25,60,3,ambient,frozen,Micro-perforated PE film,50,6000,16,Good,High,Medium
tomato,64,320494,92.6,,,,4.3,0.97,30,8,5,85,30,chilled,normal,Micro-perforated PE film,50,6000,16,Good,High,Medium
tomato,64,320494,92.6,,,,4.3,0.97,30,8,5,85,21,chilled,refrigerated,Micro-perforated PE film,50,6000,16,Good,High,Medium
tomato,64,320494,92.6,,,,4.3,0.97,30,8,5,85,14,chilled,frozen,Micro-perforated PE film,50,6000,16,Good,High,Medium
tomato,64,320494,92.6,,,,4.3,0.97,30,8,-18,90,180,frozen,normal,Micro-perforated PE film,50,6000,16,Good,High,Medium
tomato,64,320494,92.6,,,,4.3,0.97,30,8,-18,90,30,frozen,refrigerated,Micro-perforated PE film,50,6000,16,Good,High,Medium
tomato,64,320494,92.6,,,,4.3,0.97,30,8,-18,90,30,frozen,frozen,Micro-perforated PE film,50,6000,16,Good,High,Medium
tomato,65,320499,92.7,0.82,0.51,3.0,4.3,0.97,30,8,25,60,3,ambient,normal,Micro-perforated PE film,50,6000,16,Good,High,Medium
tomato,65,320499,92.7,0.82,0.51,3.0,4.3,0.97,30,8,25,60,7,ambient,refrigerated,Micro-perforated PE film,50,6000,16,Good,High,Medium
tomato,65,320499,92.7,0.82,0.51,3.0,4.3,0.97,30,8,25,60,5,ambient,frozen,Micro-perforated PE film,50,6000,16,Good,High,Medium
tomato,65,320499,92.7,0.82,0.51,3.0,4.3,0.97,30,8,5,85,30,chilled,normal,Micro-perforated PE film,50,6000,16,Good,High,Medium
tomato,65,320499,92.7,0.82,0.51,3.0,4.3,0.97,30,8,5,85,30,chilled,refrigerated,Micro-perforated PE film,50,6000,16,Good,High,Medium
tomato,65,320499,92.7,0.82,0.51,3.0,4.3,0.97,30,8,5,85,30,chilled,frozen,Micro-perforated PE film,50,6000,16,Good,High,Medium
tomato,65,320499,92.7,0.82,0.51,3.0,4.3,0.97,30,8,-18,90,60,frozen,normal,Micro-perforated PE film,50,6000,16,Good,High,Medium
tomato,65,320499,92.7,0.82,0.51,3.0,4.3,0.97,30,8,-18,90,180,frozen,refrigerated,Micro-perforated PE film,50,6000,16,Good,High,Medium
tomato,65,320499,92.7,0.82,0.51,3.0,4.3,0.97,30,8,-18,90,90,frozen,frozen,Micro-perforated PE film,50,6000,16,Good,High,Medium
tomato,66,320504,91.0,,,,4.3,0.97,30,8,25,60,10,ambient,normal,Micro-perforated PE film,50,6000,16,Good,High,Medium
tomato,66,320504,91.0,,,,4.3,0.97,30,8,25,60,10,ambient,refrigerated,Micro-perforated PE film,50,6000,16,Good,High,Medium
tomato,66,320504,91.0,,,,4.3,0.97,30,8,25,60,14,ambient,frozen,Micro-perforated PE film,50,6000,16,Good,High,Medium
tomato,66,320504,91.0,,,,4.3,0.97,30,8,5,85,30,chilled,normal,Micro-perforated PE film,50,6000,16,Good,High,Medium
tomato,66,320504,91.0,,,,4.3,0.97,30,8,5,85,10,chilled,refrigerated,Micro-perforated PE film,50,6000,16,Good,High,Medium
tomato,66,320504,91.0,,,,4.3,0.97,30,8,5,85,14,chilled,frozen,Micro-perforated PE film,50,6000,16,Good,High,Medium
tomato,66,320504,91.0,,,,4.3,0.97,30,8,-18,90,30,frozen,normal,Micro-perforated PE film,50,6000,16,Good,High,Medium
tomato,66,320504,91.0,,,,4.3,0.97,30,8,-18,90,180,frozen,refrigerated,Micro-perforated PE film,50,6000,16,Good,High,Medium
tomato,66,320504,91.0,,,,4.3,0.97,30,8,-18,90,30,frozen,frozen,Micro-perforated PE film,50,6000,16,Good,High,Medium
tomato,67,320507,91.5,,,,4.3,0.97,30,8,25,60,7,ambient,normal,Micro-perforated PE film,50,6000,16,Good,High,Medium
tomato,67,320507,91.5,,,,4.3,0.97,30,8,25,60,10,ambient,refrigerated,Micro-perforated PE film,50,6000,16,Good,High,Medium
tomato,67,320507,91.5,,,,4.3,0.97,30,8,25,60,3,ambient,frozen,Micro-perforated PE film,50,6000,16,Good,High,Medium
tomato,67,320507,91.5,,,,4.3,0.97,30,8,5,85,7,chilled,normal,Micro-perforated PE film,50,6000,16,Good,High,Medium
tomato,67,320507,91.5,,,,4.3,0.97,30,8,5,85,10,chilled,refrigerated,Micro-perforated PE film,50,6000,16,Good,High,Medium
tomato,67,320507,91.5,,,,4.3,0.97,30,8,5,85,14,chilled,frozen,Micro-perforated PE film,50,6000,16,Good,High,Medium
tomato,67,320507,91.5,,,,4.3,0.97,30,8,-18,90,90,frozen,normal,Micro-perforated PE film,50,6000,16,Good,High,Medium
tomato,67,320507,91.5,,,,4.3,0.97,30,8,-18,90,90,frozen,refrigerated,Micro-perforated PE film,50,6000,16,Good,High,Medium
tomato,67,320507,91.5,,,,4.3,0.97,30,8,-18,90,180,frozen,frozen,Micro-perforated PE film,50,6000,16,Good,High,Medium
tomato,68,320512,92.6,0.69,0.54,10.0,4.3,0.97,30,8,25,60,5,ambient,normal,Micro-perforated PE film,50,6000,16,Good,High,Medium
tomato,68,320512,92.6,0.69,0.54,10.0,4.3,0.97,30,8,25,60,14,ambient,refrigerated,Micro-perforated PE film,50,6000,16,Good,High,Medium
tomato,68,320512,92.6,0.69,0.54,10.0,4.3,0.97,30,8,25,60,10,ambient,frozen,Micro-perforated PE film,50,6000,16,Good,High,Medium
tomato,68,320512,92.6,0.69,0.54,10.0,4.3,0.97,30,8,5,85,14,chilled,normal,Micro-perforated PE film,50,6000,16,Good,High,Medium
tomato,68,320512,92.6,0.69,0.54,10.0,4.3,0.97,30,8,5,85,21,chilled,refrigerated,Micro-perforated PE film,50,6000,16,Good,High,Medium
tomato,68,320512,92.6,0.69,0.54,10.0,4.3,0.97,30,8,5,85,7,chilled,frozen,Micro-perforated PE film,50,6000,16,Good,High,Medium
tomato,68,320512,92.6,0.69,0.54,10.0,4.3,0.97,30,8,-18,90,180,frozen,normal,Micro-perforated PE film,50,6000,16,Good,High,Medium
tomato,68,320512,92.6,0.69,0.54,10.0,4.3,0.97,30,8,-18,90,180,frozen,refrigerated,Micro-perforated PE film,50,6000,16,Good,High,Medium
tomato,68,320512,92.6,0.69,0.54,10.0,4.3,0.97,30,8,-18,90,90,frozen,frozen,Micro-perforated PE film,50,6000,16,Good,High,Medium
tomato,1982,1750662,89.24877706422019,0.4853636363636364,0.6377972972972973,25.56756198347108,4.3,0.97,30,8,25,60,3,ambient,normal,Micro-perforated PE film,50,6000,16,Good,High,Medium
tomato,1982,1750662,89.24877706422019,0.4853636363636364,0.6377972972972973,25.56756198347108,4.3,0.97,30,8,25,60,7,ambient,refrigerated,Micro-perforated PE film,50,6000,16,Good,High,Medium
tomato,1982,1750662,89.24877706422019,0.4853636363636364,0.6377972972972973,25.56756198347108,4.3,0.97,30,8,25,60,3,ambient,frozen,Micro-perforated PE film,50,6000,16,Good,High,Medium
tomato,1982,1750662,89.24877706422019,0.4853636363636364,0.6377972972972973,25.56756198347108,4.3,0.97,30,8,5,85,7,chilled,normal,Micro-perforated PE film,50,6000,16,Good,High,Medium
tomato,1982,1750662,89.24877706422019,0.4853636363636364,0.6377972972972973,25.56756198347108,4.3,0.97,30,8,5,85,7,chilled,refrigerated,Micro-perforated PE film,50,6000,16,Good,High,Medium
tomato,1982,1750662,89.24877706422019,0.4853636363636364,0.6377972972972973,25.56756198347108,4.3,0.97,30,8,5,85,14,chilled,frozen,Micro-perforated PE film,50,6000,16,Good,High,Medium
tomato,1982,1750662,89.24877706422019,0.4853636363636364,0.6377972972972973,25.56756198347108,4.3,0.97,30,8,-18,90,30,frozen,normal,Micro-perforated PE film,50,6000,16,Good,High,Medium
tomato,1982,1750662,89.24877706422019,0.4853636363636364,0.6377972972972973,25.56756198347108,4.3,0.97,30,8,-18,90,60,frozen,refrigerated,Micro-perforated PE film,50,6000,16,Good,High,Medium
tomato,1982,1750662,89.24877706422019,0.4853636363636364,0.6377972972972973,25.56756198347108,4.3,0.97,30,8,-18,90,60,frozen,frozen,Micro-perforated PE film,50,6000,16,Good,High,Medium
tomato,2064,1999798,91.93285072463767,0.6755714285714286,0.8533802816901409,38.05240740740741,4.3,0.97,30,8,25,60,14,ambient,normal,Micro-perforated PE film,50,6000,16,Good,High,Medium
tomato,2064,1999798,91.93285072463767,0.6755714285714286,0.8533802816901409,38.05240740740741,4.3,0.97,30,8,25,60,5,ambient,refrigerated,Micro-perforated PE film,50,6000,16,Good,High,Medium
tomato,2064,1999798,91.93285072463767,0.6755714285714286,0.8533802816901409,38.05240740740741,4.3,0.97,30,8,25,60,14,ambient,frozen,Micro-perforated PE film,50,6000,16,Good,High,Medium
tomato,2064,1999798,91.93285072463767,0.6755714285714286,0.8533802816901409,38.05240740740741,4.3,0.97,30,8,5,85,10,chilled,normal,Micro-perforated PE film,50,6000,16,Good,High,Medium
tomato,2064,1999798,91.93285072463767,0.6755714285714286,0.8533802816901409,38.05240740740741,4.3,0.97,30,8,5,85,14,chilled,refrigerated,Micro-perforated PE film,50,6000,16,Good,High,Medium
tomato,2064,1999798,91.93285072463767,0.6755714285714286,0.8533802816901409,38.05240740740741,4.3,0.97,30,8,5,85,30,chilled,frozen,Micro-perforated PE film,50,6000,16,Good,High,Medium
tomato,2064,1999798,91.93285072463767,0.6755714285714286,0.8533802816901409,38.05240740740741,4.3,0.97,30,8,-18,90,180,frozen,normal,Micro-perforated PE film,50,6000,16,Good,High,Medium
tomato,2064,1999798,91.93285072463767,0.6755714285714286,0.8533802816901409,38.05240740740741,4.3,0.97,30,8,-18,90,180,frozen,refrigerated,Micro-perforated PE film,50,6000,16,Good,High,Medium
tomato,2064,1999798,91.93285072463767,0.6755714285714286,0.8533802816901409,38.05240740740741,4.3,0.97,30,8,-18,90,60,frozen,frozen,Micro-perforated PE film,50,6000,16,Good,High,Medium
