sample_group,sample_fdc_id,sample_description,publication_date,10-Formyl folic acid (10HCOFA),25-hydroxycholecalciferol,5-Formyltetrahydrofolic acid (5-HCOH4,5-methyl tetrahydrofolate (5-MTHF),Alanine,Arginine,Ash,Aspartic acid,Beta-glucan,Beta-sitostanol,Beta-sitosterol,Betaine,Biotin,Brassicasterol,"Calcium, Ca",Campestanol,Campesterol,"Carotene, alpha","Carotene, beta","Carotene, gamma",Cholesterol,"Choline, free","Choline, from glycerophosphocholine","Choline, from phosphocholine","Choline, from phosphotidyl choline","Choline, from sphingomyelin","Choline, total",Citric acid,"Copper, Cu","Cryptoxanthin, alpha","Cryptoxanthin, beta",Cysteine,Cystine,Daidzein,Daidzin,Delta-5-avenasterol,Delta-7-Stigmastenol,"Ergosta-5,7-dienol","Ergosta-7,22-dienol",Ergosta-7-enol,Ergosterol,Ergothioneine,"Fatty acids, total monounsaturated","Fatty acids, total polyunsaturated","Fatty acids, total saturated","Fatty acids, total trans","Fiber, insoluble","Fiber, soluble","Fiber, total dietary","Folate, total",Fructose,Galactose,Genistein,Genistin,Glucose,Glutamic acid,Glutathione,Glycine,Glycitin,High Molecular Weight Dietary Fiber (HMWDF),Histidine,Hydroxyproline,"Iodine, I","Iron, Fe",Isoleucine,Lactose,Leucine,Low Molecular Weight Dietary Fiber (LMWDF),Lutein,Lutein + zeaxanthin,Lycopene,Lysine,MUFA 12:1,MUFA 14:1,MUFA 14:1 c,MUFA 15:1,MUFA 16:1,MUFA 16:1 c,MUFA 17:1,MUFA 18:1,MUFA 18:1 c,MUFA 18:1-11 c (18:1c n-7),MUFA 20:1,MUFA 20:1 c,MUFA 22:1,MUFA 22:1 c,MUFA 22:1 n-11,MUFA 22:1 n-9,MUFA 24:1 c,"Magnesium, Mg",Malic acid,Maltose,"Manganese, Mn",Methionine,"Molybdenum, Mo",Niacin,Nitrogen,Oxalic acid,PUFA 18:2,PUFA 18:2 CLAs,"PUFA 18:2 n-6 c,c",PUFA 18:3,"PUFA 18:3 n-3 c,c,c (ALA)","PUFA 18:3 n-6 c,c,c",PUFA 18:3i,PUFA 18:4,PUFA 20:2 c,"PUFA 20:2 n-6 c,c",PUFA 20:3,PUFA 20:3 n-3,PUFA 20:3 n-6,PUFA 20:3 n-9,PUFA 20:4,PUFA 20:4 n-3,PUFA 20:4 n-6,PUFA 20:5 n-3 (EPA),PUFA 20:5c,PUFA 22:2,PUFA 22:3,PUFA 22:4,PUFA 22:5 c,PUFA 22:5 n-3 (DPA),PUFA 22:6 c,PUFA 22:6 n-3 (DHA),Pantothenic acid,Phenylalanine,"Phosphorus, P",Phytoene,Phytofluene,"Phytosterols, other","Potassium, K",Proline,Protein,Pyruvic acid,Quinic acid,Raffinose,Resistant starch,Retinol,Riboflavin,SFA 10:0,SFA 11:0,SFA 12:0,SFA 13:0,SFA 14:0,SFA 15:0,SFA 16:0,SFA 17:0,SFA 18:0,SFA 20:0,SFA 21:0,SFA 22:0,SFA 23:0,SFA 24:0,SFA 4:0,SFA 5:0,SFA 6:0,SFA 7:0,SFA 8:0,SFA 9:0,"Selenium, Se",Serine,"Sodium, Na",Specific Gravity,Stachyose,Starch,Stigmastadiene,Stigmasterol,Sucrose,"Sugars, Total",TFA 14:1 t,TFA 16:1 t,TFA 18:1 t,TFA 18:2 t,TFA 18:2 t not further defined,TFA 18:3 t,TFA 20:1 t,TFA 22:1 t,Thiamin,Threonine,"Tocopherol, beta","Tocopherol, delta","Tocopherol, gamma","Tocotrienol, alpha","Tocotrienol, beta","Tocotrienol, delta","Tocotrienol, gamma",Total Sugars,Total dietary fiber (AOAC 2011.25),Total fat (NLEA),Total lipid (fat),Tryptophan,Tyrosine,Valine,Verbascose,Vitamin B-12,Vitamin B-6,"Vitamin C, total ascorbic acid",Vitamin D (D2 + D3),"Vitamin D (D2 + D3), International Units",Vitamin D2 (ergocalciferol),Vitamin D3 (cholecalciferol),Vitamin D4,Vitamin E,Vitamin E (alpha-tocopherol),Vitamin K (Dihydrophylloquinone),Vitamin K (Menaquinone-4),Vitamin K (phylloquinone),Water,Zeaxanthin,"Zinc, Zn",cis-Lutein/Zeaxanthin,cis-Lycopene,cis-beta-Carotene,trans-Lycopene,trans-beta-Carotene
1,319874,"HUMMUS, SABRA CLASSIC",2019-04-01,,,,,,,1.98,,,,,,,,46.0,,,,,,,,,,,,,,0.38,,,,,,,,,,,,,,,,,,,,,,,,,,,,,,,,,,,2.33,,,,,,,,,,,,,,,,,,,,,,,,,,75.9,,,1.21,,,,1.28,,,,,,,,,,,,,,,,,,,,,,,,,,,,,,188.0,,,,326.0,,,,,,,,,,,,,,,,,,,,,,,,,,,,,,,446.0,,,,,,,,,,,,,,,,,,,,,,,,,,,,19.0,,,,,,,,,,,,,,,,,,56.3,,1.5,,,,,
2,319879,"HUMMUS, SABRA CLASSIC",2019-04-01,,,,,,,1.99,,,,,,,,57.0,,,,,,,,,,,,,,0.394,,,,,,,,,,,,,,,,,,,,,,,,,,,,,,,,,,,2.96,,,,,,,,,,,,,,,,,,,,,,,,,,81.4,,,1.2,,,,1.29,,,,,,,,,,,,,,,,,,,,,,,,,,,,0.37,,190.0,,,,327.0,,,,,,,,,,,,,,,,,,,,,,,,,,,,,,,444.0,,,,,,,,,,,,,,,,,,,,,,,,,,,,18.7,,,,,,,,,,,,,,,,,,56.1,,1.47,,,,,
3,319885,"HUMMUS, SABRA CLASSIC",2019-04-01,,,,,,,2.02,,,,,,,,46.0,,,,,,,,,,,,,,0.382,,,,,,,,,,,,,,,,,,,,,,,,,,,,,,,,,,,2.72,,,,,,,,,,,,,,,,,,,,,,,,,,69.8,,,1.18,,,,1.25,,,,,,,,,,,,,,,,,,,,,,,,,,,,,,179.0,,,,320.0,,,,,,,,,,,,,,,,,,,,,,,,,,,,,,,387.0,,,,,,,,,,,,,,,,,,,,,,,,,,,,16.6,,,,,,,,,,,,,,,,,,58.2,,1.42,,,,,
4,319894,"HUMMUS, OTHER",2019-04-01,,,,,,,1.98,,,,,,,,38.0,,,,,,,,,,,,,,0.309,,,,,,,,,,,,,,,,,,,,,,,,,,,,,,,,,,,2.07,,,,,,,,,,,,,,,,,,,,,,,,,,68.5,,,0.95,,,,1.1,,,,,,,,,,,,,,,,,,,,,,,,,,,,,,143.0,,,,252.0,,,,,,,,,,,,,,,,,,,,,,,,,,,,,,,489.0,,,,,,,,,,,,,,,,,,,,,,,,,,,,19.1,,,,,,,,,,,,,,,,,,57.6,,1.28,,,,,
5,319901,"HUMMUS, SABRA CLASSIC",2019-04-01,,,,,,,1.99,,,,,,,,51.0,,,0.0,12.0,,,,,,,,,,0.376,,3.0,,,,,,,,,,,,,,,,,,5.7,51.0,,,,,,,,,,,,,,2.7,,,,,,258.0,0.0,,,,0.0,0.0,,0.018,0.007,,5.03,,,0.048,,,,0.0,0.0,73.1,,,1.15,,,1.09,1.28,,,0.003,8.56,,0.725,0.013,,0.0,,0.005,,0.0,0.0,0.0,0.006,,,0.0,,0.0,,0.0,,0.0,,0.0,0.34,,184.0,,,,317.0,,,,,,,,0.14,0.0,0.0,0.0,,0.01,0.003,1.76,0.014,0.771,0.077,,0.044,,0.022,0.0,,0.0,,0.0,,0.0,,428.0,,,8.2,,,,,,0.0,0.006,,0.013,0.0,,0.0,0.17,,0.35,2.38,11.9,0.0,0.0,0.0,0.0,,,,18.2,,,,,,0.15,0.0,,,,,,,1.56,,,,56.8,,1.45,,,,,
6,319921,"HUMMUS, SABRA CLASSIC",2019-04-01,,,,,,,2.02,,,,,,,,46.0,,,,,,,,,,,,,,0.396,,,,,,,,,,,,,,,,,,,,5.4,53.0,0.3,0.0,,,0.0,,,,,,,,,2.33,,0.0,,,,,,,,,0.0,0.0,,0.015,0.008,,4.87,,,0.046,,,,0.0,0.0,70.4,,0.0,1.21,,,1.03,1.26,,,0.003,8.3,,0.742,0.011,,0.0,,0.004,,0.0,0.0,0.0,0.006,,,0.0,,0.0,,0.0,,0.0,,0.0,,,181.0,,,,315.0,,,,,,,,0.12,0.0,0.0,0.0,,0.009,0.003,1.71,0.012,0.741,0.072,,0.052,,0.044,0.0,,0.0,,0.0,,,,406.0,,,8.0,,,0.37,,,0.0,0.005,,0.012,0.0,,0.0,0.16,,0.36,2.47,11.7,0.0,0.0,0.0,0.0,,,,18.0,,,,,,0.13,0.0,,,,,,,1.49,,,,57.3,,1.45,,,,,
7,319939,"HUMMUS, SABRA CLASSIC",2019-04-01,,,,,,,2.12,,,,,0.2,,,48.0,,,,,,,22.3,1.1,23.0,0.2,0.0,46.6,,0.379,,,,,,,,,,,,,,,,,,,,5.5,49.0,,,,,,,,,,,,,,2.58,,,,,,,,,,,0.0,0.0,,0.016,0.008,,5.0,,,0.047,,,,0.0,0.0,82.0,,,1.16,,,1.02,1.25,,,0.003,8.44,,0.73,0.014,,0.0,,0.003,,0.0,0.0,0.0,0.006,,,0.0,,0.0,,0.0,,0.0,,0.0,,,186.0,,,,317.0,,,,,,,,0.13,0.0,0.0,0.0,,0.01,0.004,1.74,0.013,0.751,0.074,,0.041,,0.019,0.0,,0.0,,0.0,,,,423.0,,,8.0,,,,,,0.0,0.008,,0.013,0.0,,0.0,0.16,,0.35,2.09,10.8,0.0,0.0,0.0,0.0,,,,18.2,,,,,,0.16,0.0,,,,,,,1.4,0.0,0.0,23.3,57.2,,1.46,,,,,
8,319958,"HUMMUS, TRIBE CLASSIC",2019-04-01,,,,,,,1.73,,,,,,,,26.0,,,,,,,,,,,,,,0.319,,,,,,,,,,,,,,,,,,,,5.7,13.0,,,,,,,,,,,,,,1.87,,,,,,,,,,,0.0,0.0,,0.027,0.005,,6.93,,,0.117,,,,0.004,0.011,65.1,,,0.824,,,0.88,1.11,,,0.003,4.78,,0.6,0.023,,0.0,,0.005,,0.0,0.0,0.0,0.003,,,0.0,,0.0,,0.0,,0.0,,0.0,,,145.0,,,,231.0,,,,,,,,0.1,0.0,0.0,0.0,,0.008,0.004,1.05,0.006,0.478,0.083,,0.031,,0.02,0.0,,0.0,,0.0,,32.3,,450.0,,,8.8,,,,,,0.0,0.004,,0.008,0.0,,0.0,0.12,,0.22,0.28,7.68,0.0,0.0,0.0,0.0,,,,14.8,,,,,,0.15,0.0,,,,,,,1.51,,,,60.6,,1.26,,,,,
9,319978,"HUMMUS, OTHER",2019-04-01,,,,,,,1.91,,,,,,,,32.0,,,,,,,,,,,,,,0.27,,,,,,,,,,,,,,,,,,,,,,,,,,,,,,,,,,,2.69,,,,,,,,,,,,,,,,,,,,,,,,,,56.6,,,0.785,,,,1.04,,,,,,,,,,,,,,,,,,,,,,,,,,,,0.3,,134.0,,,,271.0,,,,,,,,,,,,,,,,,,,,,,,,,,,,,,,440.0,,,,,,,,,,,,,,,,,,,,,,,,,,,,11.9,,,,,,,,,,,,,,,,,,65.6,,1.17,,,,,
10,319984,"HUMMUS, TRIBE CLASSIC",2019-04-01,,,,,,,1.99,,,,,,,,28.0,,,,,,,,,,,,,,0.34,,,,,,,,,,,,,,,,,,,,5.5,18.0,0.0,0.0,,,0.0,,,,,,,,,2.03,,0.0,,,,,,,,,0.0,0.0,,0.023,0.006,,6.95,,,0.126,,,,0.0,0.01,74.4,,0.0,1.04,,,0.85,1.09,,,0.0,4.99,,0.612,0.029,,0.0,,0.006,,0.0,0.0,0.0,0.003,,,0.0,,0.0,,0.0,,0.0,,0.0,0.26,,160.0,,,,267.0,,,,,,,,0.12,0.0,0.0,0.0,,0.008,0.004,1.05,0.007,0.493,0.083,,0.036,,0.028,0.0,,0.0,,0.0,,,,452.0,,,8.0,,,0.0,,,0.0,0.004,,0.009,0.0,,0.0,0.13,,0.22,0.33,8.4,0.0,0.0,0.0,0.0,,,,15.2,,,,,,0.11,0.0,,,,,,,1.62,,,,60.5,,1.46,,,,,
11,320005,"HUMMUS, OTHER",2019-04-01,,,,,,,1.93,,,,,,,,30.0,,,,,,,,,,,,,,0.281,,,,,,,,,,,,,,,,,,,,4.9,34.0,,,,,,,,,,,,,,2.24,,,,,,,,,,,0.0,0.0,,0.026,0.01,,8.73,,,0.119,,,,0.004,0.008,65.0,,,0.941,,,0.82,0.99,,,0.003,5.76,,0.411,0.027,,0.0,,0.005,,0.0,0.0,0.0,0.005,,,0.0,,0.0,,0.0,,0.0,,0.0,,,137.0,,,,239.0,,,,,,,,0.08,0.0,0.0,0.0,,0.008,0.003,1.16,0.01,0.567,0.083,,0.062,,0.03,0.0,,0.0,,0.0,,,,457.0,,,7.7,,,,,,0.0,0.009,,0.017,0.0,,0.0,0.16,,0.33,0.26,6.32,0.0,0.0,0.0,0.0,,,,18.8,,,,,,0.16,0.0,,,,,,,2.89,0.0,0.0,11.2,59.3,,1.25,,,,,
12,320025,"MILK, 2% (WAVE 22E)",2019-04-01,,0.0,,,,,0.67,,,,,,,,,,,,,,8.0,,,,,,,,,,,,,,,,,,,,,,,,,,,,,,,,,,,,,,,,,,35.2,,,,,,,,,,,,,,,,,,,,,,,,,,,,,,,,,,0.54,,,,,,,,,,,,,,,,,,,,,,,,,,,,,,,,,,,,,,,,,,,,,,,,,,,,,,,,,,,,,,,,,,,,,,,,,,,,,,,,,,,,,,,,,,,,,1.8,,,,,,,,,,0.0,1.2,,,,,,,89.1,,,,,,,
13,320031,"MILK, 2% (WAVE 22E)",2019-04-01,,0.0,,,,,0.68,,,,,,,,,,,,,,8.0,,,,,,,,,,,,,,,,,,,,,,,,,,,,,,,,,,,,,,,,,,23.1,,,,,,,,,,,,,,,,,,,,,,,,,,,,,,,,,,0.58,,,,,,,,,,,,,,,,,,,,,,,,,,,,,,,,,,,,,,,,,,,,,,,,,,,,,,,,,,,,,,,,,,,,,,,,,,,,,,,,,,,,,,,,,,,,,1.91,,,,,,,,,,0.0,1.1,,,,,,,88.4,,,,,,,
14,320037,"MILK, 2% (WAVE 22E)",2019-04-01,,0.0,,,,,0.63,,,,,,,,,,,,,,8.0,,,,,,,,,,,,,,,,,,,,,,,,,,,,,,,,,,,,,,,,,,50.5,,,,,,,,,,,,,,,,,,,,,,,,,,,,,,,,,,0.53,,,,,,,,,,,,,,,,,,,,,,,,,,,,,,,,,,,,,,,,,,,,,,,,,,,,,,,,,,,,,,,,,,,,,,,,,,,,,,,,,,,,,,,,,,,,,1.92,,,,,,,,,,0.0,1.3,,,,,,,89.0,,,,,,,
15,320043,"MILK, 2% (WAVE 22E)",2019-04-01,,0.0,,,0.11,0.12,0.69,0.27,,,,,,,134.0,,,,,,8.0,,,,,,,,0.0,,,0.03,,,,,,,,,,,0.39,0.05,1.13,0.07,,,,0.0,0.0,0.0,,,0.0,0.76,,0.07,,,0.09,0.0,61.5,0.0,0.16,5.03,0.32,,,,,0.31,0.001,,0.016,0.0,,0.03,0.003,,0.338,,,0.002,,,0.0,0.0,0.0,12.2,,0.0,0.003,0.08,,0.12,0.51,,,0.006,0.038,,0.007,0.001,,0.0,,0.0,,0.0,0.002,0.0,0.003,,,0.001,,0.0,0.0,0.001,,0.001,,0.0,,0.15,107.0,,,,169.0,0.31,,,,,,58.0,0.13,0.049,0.0,0.058,,0.188,0.02,0.527,0.01,0.181,0.002,0.0,0.001,0.0,0.0,0.039,0.0,0.03,0.0,0.02,0.0,4.6,0.19,42.0,,,,,,0.0,,0.003,0.005,0.057,,0.005,0.0,0.0,0.0,0.057,0.15,,,,,,,,,,,1.92,0.05,0.15,0.19,,0.53,0.064,,,,0.0,1.0,,,,,,,88.9,,0.48,,,,,
16,320062,"MILK, 2% (WAVE 22E)",2019-04-01,,0.0,,,0.11,0.12,0.63,0.26,,,,0.7,,,124.0,,,0.0,3.0,,8.0,2.8,10.1,1.2,2.0,1.3,17.4,,0.0,0.0,0.0,0.03,,,,,,,,,,,0.41,0.01,1.12,0.06,,,,0.0,0.0,0.0,,,0.0,0.74,,0.07,,,0.09,0.0,38.6,0.0,0.16,4.81,0.32,,0.0,,0.0,0.29,0.0,,0.015,0.0,,0.023,0.003,,0.368,,,0.003,,,0.0,0.0,0.0,12.0,,0.0,0.0,0.09,,0.1,0.51,,,0.008,0.0,,0.007,0.001,,0.0,,0.0,,0.0,0.002,0.0,0.003,,,0.0,,0.0,0.0,0.0,,0.001,,0.0,0.314,0.16,101.0,,,,152.0,0.26,,,,,,74.0,0.172,0.054,0.0,0.057,,0.181,0.021,0.524,0.013,0.173,0.002,0.0,0.002,0.0,0.0,0.042,0.0,0.032,0.0,0.021,0.0,3.2,0.18,36.0,,,,,,0.0,,0.003,0.005,0.046,,0.01,0.0,0.0,0.0,0.053,0.15,0.0,0.0,0.0,0.0,0.0,0.0,0.0,,,,1.91,0.04,0.15,0.19,,0.57,0.057,,,,0.0,1.1,,,0.03,,,,89.8,0.0,0.43,0.0,0.0,1.0,0.0,2.0
17,320085,"MILK, 2% (WAVE 22E)",2019-04-01,,0.0,,,0.1,0.12,0.67,0.26,,,,,,,126.0,,,,,,8.0,,,,,,,,0.006,,,0.03,,,,,,,,,,,0.43,0.07,1.14,0.06,,,,7.0,0.0,0.0,,,0.0,0.72,,0.07,,,0.09,0.0,28.7,0.0,0.16,4.84,0.31,,,,,0.29,0.0,,0.015,0.0,,0.024,0.003,,0.385,,,0.003,,,0.0,0.0,0.0,12.0,,0.0,0.0,0.08,,0.09,0.51,,,0.009,0.054,,0.009,0.0,,0.0,,0.001,,0.0,0.002,0.0,0.003,,,0.001,,0.0,0.0,0.0,,0.002,,0.0,,0.15,103.0,,,,153.0,0.29,,,,,,98.0,0.151,0.056,0.0,0.06,,0.188,0.019,0.504,0.013,0.201,0.002,0.0,0.002,0.0,0.001,0.044,0.0,0.034,0.0,0.022,0.0,0.0,0.18,38.0,,,,,,0.0,,0.003,0.005,0.045,,0.012,0.0,0.0,0.0,0.053,0.14,,,,,,,,,,,1.97,0.04,0.15,0.19,,0.46,0.054,,,,0.0,0.9,,,,,,,90.7,,0.43,,,,,
18,320104,"MILK, 2% (WAVE 22E)",2019-04-01,,0.0,,,0.13,0.14,0.88,0.32,,,,,,,133.0,,,,,,8.0,,,,,,,,0.0,,,0.04,,,,,,,,,,,0.38,0.08,1.06,0.08,,,,0.0,0.0,0.0,,,0.0,0.87,,0.08,,,0.11,0.0,22.6,0.0,0.2,5.54,0.37,,,,,0.31,0.001,,0.011,0.0,,0.012,0.0,,0.36,,,0.001,,,0.0,0.0,0.0,13.2,,0.0,0.0,0.1,,0.13,0.58,,,0.008,0.064,,0.006,0.0,,0.0,,0.0,,0.0,0.003,0.0,0.003,,,0.0,,0.0,0.0,0.001,,0.001,,0.0,0.378,0.19,111.0,,,,178.0,0.37,,,,,,81.0,0.141,0.046,0.0,0.052,,0.16,0.016,0.464,0.009,0.217,0.002,0.0,0.001,0.0,0.0,0.042,0.0,0.031,0.0,0.02,0.0,3.7,0.22,46.0,,,,,,0.0,,0.002,0.004,0.066,,0.008,0.0,0.0,0.0,0.065,0.18,,,,,,,,,,,1.87,0.05,0.19,0.24,,0.57,0.064,,,,0.0,1.4,,,,,,,88.2,,0.44,,,,,
19,320124,"MILK, 2% (WAVE 22E)",2019-04-01,,0.0,,,0.11,0.13,0.83,0.28,,,,,,,127.0,,,,,,8.0,,,,,,,,0.005,,,0.04,,,,,,,,,,,0.39,0.06,1.1,0.07,,,,0.0,0.0,0.0,,,0.0,0.74,,0.06,,,0.1,0.0,32.1,0.0,0.16,4.78,0.32,,,,,0.28,0.0,,0.015,0.0,,0.028,0.003,,0.343,,,0.003,,,0.0,0.0,0.0,11.7,,0.0,0.003,0.08,,0.12,0.52,,,0.007,0.043,,0.007,0.0,,0.0,,0.001,,0.0,0.002,0.0,0.003,,,0.0,,0.0,0.0,0.0,,0.0,,0.0,,0.15,104.0,,,,165.0,0.33,,,,,,115.0,0.142,0.055,0.0,0.058,,0.181,0.019,0.507,0.014,0.168,0.002,0.0,0.001,0.0,0.0,0.044,0.0,0.033,0.0,0.021,0.0,3.0,0.19,41.0,,,,,,0.0,,0.003,0.005,0.053,,0.008,0.0,0.0,0.0,0.063,0.16,,,,,,,,,,,1.85,0.04,0.16,0.21,,0.6,0.059,,,,0.0,1.6,,,,,,,89.3,,0.46,,,,,
20,320143,"MILK, 2% (WAVE 22E)",2019-04-01,,0.0,,,0.11,0.12,1.02,0.31,,,,0.8,,,125.0,,,0.0,2.0,,8.0,3.5,10.8,1.1,1.7,1.2,18.4,,0.006,0.0,0.0,0.03,,,,,,,,,,,0.4,0.07,1.25,0.08,,,,0.0,0.0,0.0,,,0.0,0.82,,0.06,,,0.1,0.0,36.2,0.0,0.17,4.75,0.33,,0.0,,0.0,0.27,0.001,,0.015,0.0,,0.028,0.003,,0.351,,,0.002,,,0.0,0.0,0.0,12.2,,0.0,0.003,0.09,,0.12,0.51,,,0.008,0.053,,0.006,0.001,,0.0,,0.0,,0.0,0.002,0.0,0.003,,,0.0,,0.0,0.0,0.001,,0.001,,0.0,,0.16,101.0,,,,149.0,0.35,,,,,,56.0,0.135,0.052,0.0,0.063,,0.2,0.02,0.614,0.01,0.184,0.002,0.0,0.001,0.0,0.001,0.043,0.0,0.035,0.0,0.022,0.0,0.0,0.2,37.0,,,,,,0.0,,0.003,0.005,0.057,,0.012,0.0,0.0,0.0,0.059,0.17,0.0,0.0,0.0,0.0,0.0,0.0,0.0,,,,2.06,0.04,0.16,0.22,,0.65,0.058,,,,0.0,0.8,,,0.02,,,,89.4,0.0,0.41,0.0,0.0,1.0,0.0,2.0
21,320165,"MILK, 2% (WAVE 22E)",2019-04-01,,0.0,,,,,0.69,,,,,,,,,,,,,,8.0,,,,,,,,,,,,,,,,,,,,,,,,,,,,,,,,,,,,,,,,,,40.3,,,,,,,,,,,,,,,,,,,,,,,,,,,,,,,,,,0.52,,,,,,,,,,,,,,,,,,,,,,,,,,,,,,,,,,,,,,,,,,,,,,,,,,,,,,,,,,,,,,,,,,,,,,,,,,,,,,,,,,,,,,,,,,,,,1.9,,,,,,,,,,0.0,1.2,,,,,,,88.6,,,,,,,
22,320172,"MILK, 2% (WAVE 22E)",2019-04-01,,0.0,,,,,0.97,,,,,,,,,,,,,,8.0,,,,,,,,,,,,,,,,,,,,,,,,,,,,,,,,,,,,,,,,,,31.6,,,,,,,,,,,,,,,,,,,,,,,,,,,,,,,,,,0.52,,,,,,,,,,,,,,,,,,,,,,,,,,,,,,,,,,,,,,,,,,,,,,,,,,,,,,,,,,,,,,,,,,,,,,,,,,,,,,,,,,,,,,,,,,,,,1.9,,,,,,,,,,0.0,1.3,,,,,,,89.0,,,,,,,
23,320179,"MILK, 2% (WAVE 22E)",2019-04-01,,0.0,,,,,0.88,,,,,,,,,,,,,,8.0,,,,,,,,,,,,,,,,,,,,,,,,,,,,,,,,,,,,,,,,,,33.1,,,,,,,,,,,,,,,,,,,,,,,,,,,,,,,,,,0.58,,,,,,,,,,,,,,,,,,,,,,,,,,,,,,,,,,,,,,,,,,,,,,,,,,,,,,,,,,,,,,,,,,,,,,,,,,,,,,,,,,,,,,,,,,,,,1.97,,,,,,,,,,0.0,1.0,,,,,,,88.0,,,,,,,
24,320185,"MILK, 2% (WAVE 22E)",2019-04-01,,0.0,,,,,0.64,,,,,,,,,,,,,,8.0,,,,,,,,,,,,,,,,,,,,,,,,,,,,,,,,,,,,,,,,,,58.5,,,,,,,,,,,,,,,,,,,,,,,,,,,,,,,,,,0.52,,,,,,,,,,,,,,,,,,,,,,,,,,,,,,,,,,,,,,,,,,,,,,,,,,,,,,,,,,,,,,,,,,,,,,,,,,,,,,,,,,,,,,,,,,,,,1.96,,,,,,,,,,0.0,1.0,,,,,,,89.0,,,,,,,
25,320191,"MILK, 2% (WAVE 22E)",2019-04-01,,0.0,,,,,1.1,,,,,,,,,,,,,,8.0,,,,,,,,,,,,,,,,,,,,,,,,,,,,,,,,,,,,,,,,,,33.0,,,,,,,,,,,,,,,,,,,,,,,,,,,,,,,,,,0.5,,,,,,,,,,,,,,,,,,,,,,,,,,,,,,,,,,,,,,,,,,,,,,,,,,,,,,,,,,,,,,,,,,,,,,,,,,,,,,,,,,,,,,,,,,,,,1.87,,,,,,,,,,0.0,1.1,,,,,,,88.8,,,,,,,
26,320197,"MILK, 2% (WAVE 22E)",2019-04-01,,0.0,,,,,0.62,,,,,,,,,,,,,,8.0,,,,,,,,,,,,,,,,,,,,,,,,,,,,,,,,,,,,,,,,,,39.3,,,,,,,,,,,,,,,,,,,,,,,,,,,,,,,,,,0.51,,,,,,,,,,,,,,,,,,,,,,,,,,,,,,,,,,,,,,,,,,,,,,,,,,,,,,,,,,,,,,,,,,,,,,,,,,,,,,,,,,,,,,,,,,,,,1.92,,,,,,,,,,0.0,1.1,,,,,,,89.5,,,,,,,
27,320203,"MILK, 2% (WAVE 22E)",2019-04-01,,0.0,,,,,0.72,,,,,,,,,,,,,,7.0,,,,,,,,,,,,,,,,,,,,,,,,,,,,,,,,,,,,,,,,,,102.5,,,,,,,,,,,,,,,,,,,,,,,,,,,,,,,,,,0.47,,,,,,,,,,,,,,,,,,,,,,,,,,,,,,,,,,,,,,,,,,,,,,,,,,,,,,,,,,,,,,,,,,,,,,,,,,,,,,,,,,,,,,,,,,,,,1.81,,,,,,,,,,0.0,1.1,,,,,,,89.2,,,,,,,
28,320210,"MILK, 2% (WAVE 22E)",2019-04-01,,0.0,,,0.12,0.13,0.72,0.32,,,,,,,121.0,,,,,,7.0,,,,,,,,0.0,,,0.03,,,,,,,,,,,0.36,0.06,0.96,0.07,,,,0.0,0.0,0.0,,,0.0,0.86,,0.07,,,0.11,0.0,42.9,0.0,0.19,4.79,0.35,,,,,0.27,0.001,,0.012,0.0,,0.02,0.002,,0.325,,,0.003,,,0.0,0.0,0.0,11.8,,0.0,0.0,0.1,,0.11,0.52,,,0.008,0.052,,0.005,0.0,,0.0,,0.001,,0.0,0.002,0.0,0.002,,,0.0,,0.0,0.0,0.001,,0.001,,0.0,0.407,0.18,101.0,,,,152.0,0.35,,,,,,88.0,0.133,0.041,0.0,0.049,,0.158,0.017,0.438,0.009,0.171,0.002,0.0,0.001,0.0,0.0,0.033,0.0,0.026,0.0,0.018,0.0,3.9,0.21,37.0,,,,,,0.0,,0.002,0.005,0.054,,0.009,0.0,0.0,0.0,0.055,0.18,,,,,,,,,,,1.68,0.04,0.18,0.24,,0.59,0.064,,,,0.0,1.2,,,,,,,89.4,,0.42,,,,,
29,320230,"MILK, 2% (WAVE 22E)",2019-04-01,,0.0,,,0.12,0.13,0.68,0.3,,,,0.8,,,130.0,,,0.0,3.0,,8.0,3.7,10.2,1.0,1.5,1.1,17.4,,0.0,0.0,0.0,0.04,,,,,,,,,,,0.4,0.06,1.11,0.06,,,,0.0,0.0,0.0,,,0.0,0.84,,0.07,,,0.1,0.0,60.2,0.0,0.18,4.56,0.35,,0.0,,0.0,0.31,0.001,,0.014,0.0,,0.02,0.002,,0.364,,,0.003,,,0.0,0.0,0.0,12.5,,0.0,0.0,0.1,,0.09,0.53,,,0.007,0.052,,0.005,0.0,,0.0,,0.0,,0.0,0.002,0.0,0.003,,,0.0,,0.0,0.0,0.001,,0.001,,0.0,0.376,0.17,106.0,,,,153.0,0.34,,,,,,77.0,0.127,0.05,0.0,0.058,,0.18,0.019,0.508,0.01,0.188,0.002,0.0,0.001,0.0,0.0,0.043,0.0,0.033,0.0,0.02,0.0,0.0,0.2,37.0,,,,,,0.0,,0.003,0.005,0.041,,0.01,0.0,0.0,0.0,0.062,0.16,0.0,0.0,0.0,0.0,0.0,0.0,0.0,,,,1.87,0.04,0.17,0.22,,0.49,0.06,,,,0.0,1.1,,,0.03,,,,89.1,0.0,0.43,0.0,0.0,1.0,0.0,2.0
30,320253,"MILK, 2% (WAVE 22E)",2019-04-01,,0.0,,,0.11,0.11,0.82,0.28,,,,0.5,,,111.0,,,0.0,3.0,,7.0,2.5,11.0,0.9,2.0,1.0,17.5,,0.0,0.0,0.0,0.03,,,,,,,,,,,0.42,0.06,1.07,0.08,,,,0.0,0.0,0.0,,,0.0,0.74,,0.06,,,0.1,0.0,24.2,0.0,0.16,4.72,0.31,,1.0,,0.0,0.26,0.0,,0.012,0.0,,0.022,0.003,,0.379,,,0.002,,,0.0,0.0,0.0,10.3,,0.0,0.0,0.08,,0.12,0.49,,,0.007,0.049,,0.008,0.0,,0.0,,0.0,,0.0,0.002,0.0,0.002,,,0.001,,0.0,0.0,0.0,,0.001,,0.0,,0.15,91.0,,,,156.0,0.33,,,,,,89.0,0.125,0.043,0.0,0.053,,0.172,0.018,0.481,0.009,0.195,0.002,0.0,0.001,0.0,0.001,0.044,0.0,0.032,0.0,0.02,0.0,0.0,0.19,38.0,,,,,,0.0,,0.002,0.005,0.06,,0.009,0.0,0.0,0.0,0.062,0.16,0.0,0.0,0.0,0.0,0.0,0.0,0.0,,,,1.81,0.04,0.16,0.2,,0.45,0.06,,,,0.0,1.2,,,0.03,,,,89.5,0.0,0.36,0.0,0.0,1.0,0.0,2.0
31,320275,"MILK, 2% (WAVE 22E)",2019-04-01,,0.0,,,0.11,0.13,0.77,0.3,,,,0.9,,,129.0,,,0.0,2.0,,8.0,2.7,11.4,1.1,2.3,1.3,18.8,,0.0,0.0,0.0,0.04,,,,,,,,,,,0.4,0.06,1.12,0.08,,,,6.0,0.0,0.0,,,0.0,0.86,,0.07,,,0.1,0.0,19.9,0.0,0.18,5.55,0.36,,1.0,,0.0,0.32,0.001,,0.015,0.0,,0.03,0.004,,0.352,,,0.002,,,0.0,0.0,0.0,12.4,,0.0,0.0,0.09,,0.12,0.49,,,0.007,0.044,,0.006,0.0,,0.0,,0.0,,0.0,0.002,0.0,0.002,,,0.0,,0.0,0.0,0.0,,0.0,,0.0,0.43,0.17,106.0,,,,157.0,0.36,,,,,,86.0,0.131,0.045,0.0,0.053,,0.181,0.021,0.533,0.01,0.182,0.002,0.0,0.001,0.0,0.0,0.038,0.0,0.03,0.0,0.019,0.0,3.6,0.2,38.0,,,,,,0.0,,0.002,0.005,0.058,,0.01,0.0,0.0,0.0,0.058,0.17,0.0,0.0,0.0,0.0,0.0,0.0,0.0,,,,1.93,0.05,0.17,0.22,,0.52,0.064,,,,0.0,1.1,,,0.03,,,,89.0,0.0,0.43,0.0,0.0,0.0,0.0,1.0
32,320298,"MILK, 2% (WAVE 22E)",2019-04-01,,0.0,,,,,0.74,,,,,0.7,,,,,,0.0,3.0,,8.0,3.0,12.2,1.1,2.0,1.2,19.6,,,0.0,0.0,,,,,,,,,,,,,,,,,,,,,,,,,,,,,,,,25.9,,,,,,0.0,,0.0,,,,,,,,,,,,,,,,,,,,,,,,,,0.57,,,,,,,,,,,,,,,,,,,,,,,,,,,,,,,,,,,,,,,,,,,,,,,,,,,,,,,,,,,,,,,,,,,,,,,,,,,,,,,,,,,0.0,0.0,0.0,0.0,0.0,0.0,0.0,,,,1.97,,,,,,,,,,0.0,1.1,,,0.03,,,,88.7,0.0,,0.0,0.0,1.0,0.0,2.0
33,320307,"MILK, 2% (WAVE 22E)",2019-04-01,,0.0,,,,,0.74,,,,,,,,,,,,,,8.0,,,,,,,,,,,,,,,,,,,,,,,,,,,,,,,,,,,,,,,,,,33.5,,,,,,,,,,,,,,,,,,,,,,,,,,,,,,,,,,0.53,,,,,,,,,,,,,,,,,,,,,,,,,,,,,,,,,,,,,,,,,,,,,,,,,,,,,,,,,,,,,,,,,,,,,,,,,,,,,,,,,,,,,,,,,,,,,1.94,,,,,,,,,,0.0,1.0,,,,,,,89.1,,,,,,,
34,320313,"MILK, 2% (WAVE 22E)",2019-04-01,,0.0,,,0.11,0.12,0.48,0.29,,,,,,,129.0,,,,,,8.0,,,,,,,,0.0,,,0.04,,,,,,,,,,,0.4,0.06,1.11,0.06,,,,6.0,0.0,0.0,,,0.0,0.84,,0.07,,,0.1,0.0,49.4,0.0,0.18,4.63,0.34,,,,,0.31,0.0,,0.015,0.0,,0.029,0.003,,0.351,,,0.003,,,0.0,0.0,0.0,12.2,,0.0,0.0,0.09,,0.09,0.54,,,0.007,0.043,,0.007,0.0,,0.0,,0.0,,0.0,0.001,0.0,0.002,,,0.001,,0.0,0.0,0.0,,0.0,,0.0,,0.17,107.0,,,,156.0,0.35,,,,,,86.0,0.129,0.043,0.0,0.06,,0.187,0.02,0.52,0.01,0.169,0.002,0.0,0.001,0.0,0.001,0.042,0.0,0.032,0.0,0.021,0.0,0.0,0.2,38.0,,,,,,0.0,,0.003,0.005,0.04,,0.008,0.0,0.0,0.0,0.06,0.16,,,,,,,,,,,1.92,0.04,0.17,0.21,,0.6,0.06,,,,0.0,1.0,,,,,,,89.2,,0.43,,,,,
35,320332,"MILK, 2% (WAVE 22E)",2019-04-01,,0.0,,,0.12,0.13,0.67,0.3,,,,,,,121.0,,,,,,8.0,,,,,,,,0.0,,,0.04,,,,,,,,,,,0.42,0.06,1.16,0.07,,,,0.0,0.0,0.0,,,0.0,0.82,,0.07,,,0.1,0.0,26.3,0.0,0.18,4.68,0.34,,,,,0.3,0.0,,0.017,0.0,,0.026,0.003,,0.374,,,0.002,,,0.0,0.0,0.0,11.0,,0.0,0.0,0.09,,0.14,0.54,,,0.007,0.047,,0.006,0.0,,0.0,,0.0,,0.0,0.002,0.0,0.003,,,0.001,,0.0,0.0,0.0,,0.0,,0.0,0.433,0.16,102.0,,,,164.0,0.35,,,,,,86.0,0.125,0.057,0.0,0.069,,0.2,0.023,0.523,0.01,0.178,0.002,0.0,0.001,0.0,0.0,0.042,0.0,0.034,0.0,0.023,0.0,0.0,0.2,39.0,,,,,,0.0,,0.003,0.005,0.053,,0.011,0.0,0.0,0.0,0.065,0.17,,,,,,,,,,,1.97,0.04,0.17,0.23,,0.52,0.068,,,,0.0,1.1,,,,,,,89.3,,0.44,,,,,
36,320353,"Beef, Eye of Round roast/steak, lean only, raw, animal 5, select",2019-04-01,,,,,,,1.19,,,,,,,,,,,,,,,,,,,,,,,,,,,,,,,,,,,,,,,,,,,,,,,,,,,,,,,,,,,,,,,,,,,,,,,,,,,,,,,,,,,,,,,,,,,,,,,,,,,,,,,,,,,,,,,,,,,,,,,,,,,,,,23.4,,,,,,,,,,,,,,,,,,,,,,,,,,,,,,,,,,,,,,,,,,,,,,,,,,,,,,,,,3.46,,,,,,,,,,,,,,,,,,73.8,,,,,,,
37,320357,"Beef,  Eye of Round roast/steak, select, raw, comp13, lean (36BRERS/37BRERRS)",2019-04-01,,,,,,,,,,,,,,,13.0,,,,,,,,,,,,,,0.035,,,,,,,,,,,,,,,,,,,,,,,,,,,,,,,,,,,1.37,,,,,,,,,,,,,,,,,,,,,,,,,,11.4,,,0.002,,,,,,,,,,,,,,,,,,,,,,,,,,,,,,,,,,222.0,,,,312.0,,,,,,,,,,,,,,,,,,,,,,,,,,,,,22.2,,50.0,,,,,,,,,,,,,,,,,,,,,,,,,,,,,,,,,,,,,,,,,,,,,,,,3.38,,,,,
38,320382,"Beef, Eye of Round roast/steak, lean only, raw, animal 10, select",2019-04-01,,,,,,,1.02,,,,,,,,,,,,,,,,,,,,,,,,,,,,,,,,,,,,,,,,,,,,,,,,,,,,,,,,,,,,,,,,,,,,,,,,,,,,,,,,,,,,,,,,,,,,,,,,,,,,,,,,,,,,,,,,,,,,,,,,,,,,,,23.9,,,,,,,,,,,,,,,,,,,,,,,,,,,,,,,,,,,,,,,,,,,,,,,,,,,,,,,,,1.91,,,,,,,,,,,,,,,,,,73.4,,,,,,,
39,320384,"Beef, Eye of Round roast/steak, select, raw, comp5, lean (36BRERS/37BRERRS)",2019-04-01,,,,,,,,,,,,,,,,,,,,,57.0,,,,,,,,,,,,,,,,,,,,,,,,,,,,,,,,,,,,,,,,,,,,,,,,,,,,,,,,,0.072,0.022,,0.804,,0.008,,,,,,,,,,,,,6.86,,,,0.012,0.119,,0.005,,,,,0.001,,,0.013,,0.039,,,0.005,,,,,,0.013,,0.003,,,,,,,,,,,,,,,0.19,0.005,,0.002,,0.065,0.012,0.561,0.027,0.279,0.002,,,,0.003,,,,,,,,,,,,,,,,,,0.009,0.111,,0.011,,,,,,,,,,,,,,,,,,,,,2.09,0.666,,,,,,,,,,,,,,,,,,,
40,320388,"Beef, Eye of Round roast/steak, lean only, raw, animal 11, select",2019-04-01,,,,,,,1.05,,,,,,,,,,,,,,,,,,,,,,,,,,,,,,,,,,,,,,,,,,,,,,,,,,,,,,,,,,,,,,,,,,,,,,,,,,,,,,,,,,,,,,,,,,,,,,,,,,,,,,,,,,,,,,,,,,,,,,,,,,,,,,23.5,,,,,,,,,,,,,,,,,,,,,,,,,,,,,,,,,,,,,,,,,,,,,,,,,,,,,,,,,2.81,,,,,,,,,,,,,,,,,,73.2,,,,,,,
41,320390,"Beef, Eye of Round roast/steak, lean only, raw, animal 16, select",2019-04-01,,,,,,,1.04,,,,,,,,,,,,,,,,,,,,,,,,,,,,,,,,,,,,,,,,,,,,,,,,,,,,,,,,,,,,,,,,,,,,,,,,,,,,,,,,,,,,,,,,,,,,,,,,,,,,,,,,,,,,,,,,,,,,,,,,,,,,,,23.8,,,,,,,,,,,,,,,,,,,,,,,,,,,,,,,,,,,,,,,,,,,,,,,,,,,,,,,,,2.07,,,,,,,,,,,,,,,,,,73.3,,,,,,,
42,320392,"Beef, Eye of Round roast/steak, lean only, raw, animal 17, select",2019-04-01,,,,,,,1.02,,,,,,,,,,,,,,,,,,,,,,,,,,,,,,,,,,,,,,,,,,,,,,,,,,,,,,,,,,,,,,,,,,,,,,,,,,,,,,,,,,,,,,,,,,,,,,,,,,,,,,,,,,,,,,,,,,,,,,,,,,,,,,23.8,,,,,,,,,,,,,,,,,,,,,,,,,,,,,,,,,,,,,,,,,,,,,,,,,,,,,,,,,3.3,,,,,,,,,,,,,,,,,,71.6,,,,,,,
43,320394,"Beef, Eye of Round roast/steak, lean only, raw, animal 18, select",2019-04-01,,,,,,,1.14,,,,,,,,,,,,,,,,,,,,,,,,,,,,,,,,,,,,,,,,,,,,,,,,,,,,,,,,,,,,,,,,,,,,,,,,,,,,,,,,,,,,,,,,,,,,,,,,,,,,,,,,,,,,,,,,,,,,,,,,,,,,,,24.0,,,,,,,,,,,,,,,,,,,,,,,,,,,,,,,,,,,,,,,,,,,,,,,,,,,,,,,,,2.24,,,,,,,,,,,,,,,,,,73.1,,,,,,,
44,320396,"Beef, Eye of Round roast/steak, select, raw, comp6, lean (36BRERS/37BRERRS)",2019-04-01,,,,,,,,,,,,,,,,,,,,,67.0,,,,,,,,,,,,,,,,,,,,,,,,,,,,,,,,,,,,,,,,,,,,,,,,,,,,,,,,,0.07200000000000001,0.0205,,0.8614999999999999,,0.006,,,,,,,,,,,,,6.31,,,,0.0095,0.108,,0.005,,,,,0.001,,,0.012,,0.026000000000000002,,,0.0025,,,,,,0.009,,0.002,,,,,,,,,,,,,,,0.18,0.0015,,0.002,,0.0595,0.01,0.53,0.0275,0.315,0.002,,,,0.002,,,,,,,,,,,,,,,,,,0.007,0.10950000000000001,,0.011,,,,,,,,,,,,,,,,,,,,,2.04,0.609,,,,,,,,,,,,,,,,,,,
45,320400,"Beef, Eye of Round roast/steak, lean only, raw, animal 22, select",2019-04-01,,,,,,,1.14,,,,,,,,,,,,,,,,,,,,,,,,,,,,,,,,,,,,,,,,,,,,,,,,,,,,,,,,,,,,,,,,,,,,,,,,,,,,,,,,,,,,,,,,,,,,,,,,,,,,,,,,,,,,,,,,,,,,,,,,,,,,,,23.9,,,,,,,,,,,,,,,,,,,,,,,,,,,,,,,,,,,,,,,,,,,,,,,,,,,,,,,,,3.01,,,,,,,,,,,,,,,,,,74.6,,,,,,,
46,320402,"Beef, Eye of Round roast/steak, lean only, raw, animal 23, select",2019-04-01,,,,,,,1.1,,,,,,,,,,,,,,,,,,,,,,,,,,,,,,,,,,,,,,,,,,,,,,,,,,,,,,,,,,,,,,,,,,,,,,,,,,,,,,,,,,,,,,,,,,,,,,,,,,,,,,,,,,,,,,,,,,,,,,,,,,,,,,23.3,,,,,,,,,,,,,,,,,,,,,,,,,,,,,,,,,,,,,,,,,,,,,,,,,,,,,,,,,3.45,,,,,,,,,,,,,,,,,,74.1,,,,,,,
47,320404,"Beef, Eye of Round roast/steak, lean only, raw, animal 28, select",2019-04-01,,,,,,,1.08,,,,,,,,,,,,,,,,,,,,,,,,,,,,,,,,,,,,,,,,,,,,,,,,,,,,,,,,,,,,,,,,,,,,,,,,,,,,,,,,,,,,,,,,,,,,,,,,,,,,,,,,,,,,,,,,,,,,,,,,,,,,,,22.9,,,,,,,,,,,,,,,,,,,,,,,,,,,,,,,,,,,,,,,,,,,,,,,,,,,,,,,,,1.98,,,,,,,,,,,,,,,,,,74.7,,,,,,,
48,320406,"Beef, Eye of Round roast/steak, lean only, raw, animal 29, select",2019-04-01,,,,,,,1.13,,,,,,,,,,,,,,,,,,,,,,,,,,,,,,,,,,,,,,,,,,,,,,,,,,,,,,,,,,,,,,,,,,,,,,,,,,,,,,,,,,,,,,,,,,,,,,,,,,,,,,,,,,,,,,,,,,,,,,,,,,,,,,23.3,,,,,,,,,,,,,,,,,,,,,,,,,,,,,,,,,,,,,,,,,,,,,,,,,,,,,,,,,2.27,,,,,,,,,,,,,,,,,,73.6,,,,,,,
49,320408,"Beef, Eye of Round roast/steak, lean only, raw, animal 35, select",2019-04-01,,,,,,,0.99,,,,,,,,,,,,,,,,,,,,,,,,,,,,,,,,,,,,,,,,,,,,,,,,,,,,,,,,,,,,,,,,,,,,,,,,,,,,,,,,,,,,,,,,,,,,,,,,,,,,,,,,,,,,,,,,,,,,,,,,,,,,,,22.7,,,,,,,,,,,,,,,,,,,,,,,,,,,,,,,,,,,,,,,,,,,,,,,,,,,,,,,,,1.47,,,,,,,,,,,,,,,,,,74.7,,,,,,,
50,320410,"Beef, Eye of Round roast/steak, lean only, raw, animal 36, select",2019-04-01,,,,,,,1.05,,,,,,,,,,,,,,,,,,,,,,,,,,,,,,,,,,,,,,,,,,,,,,,,,,,,,,,,,,,,,,,,,,,,,,,,,,,,,,,,,,,,,,,,,,,,,,,,,,,,,,,,,,,,,,,,,,,,,,,,,,,,,,22.6,,,,,,,,,,,,,,,,,,,,,,,,,,,,,,,,,,,,,,,,,,,,,,,,,,,,,,,,,1.74,,,,,,,,,,,,,,,,,,74.2,,,,,,,
51,320413,"TOMATOES, GRAPE",2019-04-01,,,,,,,,,,,,,,,,,,,,,,,,,,,,,,,,,,,,,,,,,,,,,,,,,,,,,,,,,,,,,,,,,,,,,,,,,,,,,,,,,,,,,,,,,,,,,,,,,,,,,,,,,,,,,,,,,,,,,,,,,,,,,,,,,,,,,,,,,,,,,,,,,,,,,,,,,,,,,,,,,,,,,,,,,,,,,,,,,,,,,,,,,,,,,,,,,,,,,26.0,,,,,,,,,,,92.8,,,,,,,
52,320418,"TOMATOES, GRAPE",2019-04-01,,,,,,,,,,,,,,,,,,,,,,,,,,,,,,,,,,,,,,,,,,,,,,,,,,,,,,,,,,,,,,,,,,,,,,,,,,,,,,,,,,,,,,,,,,,,,,,,,,,,,,,,,,,,,,,,,,,,,,,,,,,,,,,,,,,,,,,,,,,,,,,,,,,,,,,,,,,,,,,,,,,,,,,,,,,,,,,,,,,,,,,,,,,,,,,,,,,,,29.6,,,,,,,,,,,90.9,,,,,,,
53,320423,"TOMATOES, GRAPE",2019-04-01,,,,,,,,,,,,,,,,,,,,,,,,,,,,,,,,,,,,,,,,,,,,,,,,,,,,,,,,,,,,,,,,,,,,,,,,,,,,,,,,,,,,,,,,,,,,,,,,,,,,,,,,,,,,,,,,,,,,,,,,,,,,,,,,,,,,,,,,,,,,,,,,,,,,,,,,,,,,,,,,,,,,,,,,,,,,,,,,,,,,,,,,,,,,,,,,,,,,,26.6,,,,,,,,,,,92.4,,,,,,,
54,320428,"TOMATOES, GRAPE",2019-04-01,,,,,,,,,,,,,,,,,,,,,,,,,,,,,,,,,,,,,,,,,,,,,,,,,,,,,,,,,,,,,,,,,,,,,,,,,,,,,,,,,,,,,,,,,,,,,,,,,,,,,,,,,,,,,,,,,,,,,,,,,,,,,,,,,,,,,,,,,,,,,,,,,,,,,,,,,,,,,,,,,,,,,,,,,,,,,,,,,,,,,,,,,,,,,,,,,,,,,25.6,,,,,,,,,,,92.9,,,,,,,
55,320433,"TOMATOES, GRAPE",2019-04-01,,,,,,,,,,,,,,,,,,,,,,,,,,,,,,,,,,,,,,,,,,,,,,,,,,,,,,,,,,,,,,,,,,,,,,,,,,,,,,,,,,,,,,,,,,,,,,,,,,,,,,,,,,,,,,,,,,,,,,,,,,,,,,,,,,,,,,,,,,,,,,,,,,,,,,,,,,,,,,,,,,,,,,,,,,,,,,,,,,,,,,,,,,,,,,,,,,,,,29.2,,,,,,,,,,,93.0,,,,,,,
56,320438,"TOMATOES, GRAPE",2019-04-01,,,,,,,,,,,,,,,,,,,,,,,,,,,,,,,,,,,,,,,,,,,,,,,,,,,,,,,,,,,,,,,,,,,,,,,,,,,,,,,,,,,,,,,,,,,,,,,,,,,,,,,,,,,,,,,,,,,,,,,,,,,,,,,,,,,,,,,,,,,,,,,,,,,,,,,,,,,,,,,,,,,,,,,,,,,,,,,,,,,,,,,,,,,,,,,,,,,,,29.2,,,,,,,,,,,91.6,,,,,,,
57,320443,"TOMATOES, GRAPE",2019-04-01,,,,,,,0.54,,,,,0.0,,,12.0,,,,,,,8.0,0.0,0.6,1.2,0.0,9.8,,0.085,,,,,,,,,,,,,,,,,,,,,,,,,,,,,,,,,,,0.31,,,,,,,,,,,,,,,,,,,,,,,,,,11.9,,,0.108,,,,0.15,,,,,,,,,,,,,,,,,,,,,,,,,,,,,,26.0,,,,285.0,,,,,,,,,,,,,,,,,,,,,,,,,,,,,,,6.0,,,,,,,,,,,,,,,,,,,,,,,,,,,,0.7,,,,,,,,,,,,,,,,,,93.0,,0.2,,,,,
58,320451,"TOMATOES, GRAPE",2019-04-01,,,,,,,0.64,,,,,,,,15.0,,,0.0,,,,,,,,,,,0.057,0.0,0.0,,,,,,,,,,,,,,,,,,2.2,,,,,,,,,,,,,,,0.31,,,,,131.0,,4210.0,,,,,,,,,,,,,,,,,,,13.1,,,0.079,,,,0.13,,,,,,,,,,,,,,,,,,,,,,,,,,,,,,33.0,,,,278.0,,,,,,,,,,,,,,,,,,,,,,,,,,,,,,,4.0,,,,,,,,,,,,,,,,,,,,,,,,,,,,0.6,,,,,,,,,,,,,,,,,,92.7,9.0,0.19,14.0,594.0,67.0,,493.0
59,320460,"TOMATOES, GRAPE",2019-04-01,,,,,,,0.56,,,,,,,,9.0,,,0.0,,,,,,,,,,,0.042,0.0,0.0,,,,,,,,,,,,,,,,,,1.9,9.0,,,,,,,,,,,,,,0.3,,,,,68.0,,3860.0,,,,,,,,,,,,,,,,,,,13.0,,,0.089,,,0.81,0.12,,,,,,,,,,,,,,,,,,,,,,,,,,,,,,27.0,,,,239.0,,,,,,,,0.07,,,,,,,,,,,,,,,,,,,,,,,5.0,,,,,,,,,,,,,,,,0.07,,0.0,0.15,0.61,0.0,0.0,0.0,0.0,,,,0.5,,,,,,0.05,,,,,,,,1.12,0.0,0.0,3.3,93.6,8.0,0.25,9.0,524.0,36.0,,286.0
60,320476,"TOMATOES, GRAPE",2019-04-01,,,,,,,,,,,,,,,,,,,,,,,,,,,,,,,,,,,,,,,,,,,,,,,,,,,,,,,,,,,,,,,,,,,,,,,,,,,,,,,,,,,,,,,,,,,,,,,,,,,,,,,,,,,,,,,,,,,,,,,,,,,,,,,,,,,,,,,,,,,,,,,,,,,,,,,,,,,,,,,,,,,,,,,,,,,,,,,,,,,,,,,,,,,,,,,,,,,,,32.4,,,,,,,,,,,92.0,,,,,,,
61,320480,"TOMATOES, GRAPE",2019-04-01,,,,,,,0.58,,,,,,,,10.0,,,,,,,,,,,,,,0.058,,,,,,,,,,,,,,,,,,,,,,,,,,,,,,,,,,,0.34,,,,,,,,,,,,,,,,,,,,,,,,,,10.8,,,0.153,,,,0.15,,,,,,,,,,,,,,,,,,,,,,,,,,,,,,33.0,,,,267.0,,,,,,,,,,,,,,,,,,,,,,,,,,,,,,,7.0,,,,,,,,,,,,,,,,,,,,,,,,,,,,0.46,,,,,,,,,,,,,,,,,,93.4,,0.2,,,,,
62,320485,"TOMATOES, GRAPE",2019-04-01,,,,,,,,,,,,,,,,,,,,,,,,,,,,,,,,,,,,,,,,,,,,,,,,,,,,,,,,,,,,,,,,,,,,,,,,,,,,,,,,,,,,,,,,,,,,,,,,,,,,,,,,,,,,,,,,,,,,,,,,,,,,,,,,,,,,,,,,,,,,,,,,,,,,,,,,,,,,,,,,,,,,,,,,,,,,,,,,,,,,,,,,,,,,,,,,,,,,,25.4,,,,,,,,,,,92.5,,,,,,,
63,320489,"TOMATOES, GRAPE",2019-04-01,,,,,,,,,,,,,,,,,,,,,,,,,,,,,,,,,,,,,,,,,,,,,,,,,,,,,,,,,,,,,,,,,,,,,,,,,,,,,,,,,,,,,,,,,,,,,,,,,,,,,,,,,,,,,,,,,,,,,,,,,,,,,,,,,,,,,,,,,,,,,,,,,,,,,,,,,,,,,,,,,,,,,,,,,,,,,,,,,,,,,,,,,,,,,,,,,,,,,23.0,,,,,,,,,,,93.3,,,,,,,
64,320494,"TOMATOES, GRAPE",2019-04-01,,,,,,,,,,,,,,,,,,,,,,,,,,,,,,,,,,,,,,,,,,,,,,,,,,,,,,,,,,,,,,,,,,,,,,,,,,,,,,,,,,,,,,,,,,,,,,,,,,,,,,,,,,,,,,,,,,,,,,,,,,,,,,,,,,,,,,,,,,,,,,,,,,,,,,,,,,,,,,,,,,,,,,,,,,,,,,,,,,,,,,,,,,,,,,,,,,,,,24.8,,,,,,,,,,,92.6,,,,,,,
65,320499,"TOMATOES, GRAPE",2019-04-01,,,,,,,0.51,,,,,,,,10.0,,,,,,,,,,,,,,0.056,,,,,,,,,,,,,,,,,,,,,,,,,,,,,,,,,,,0.44,,,,,,,,,,,,,,,,,,,,,,,,,,10.7,,,0.219,,,,0.13,,,,,,,,,,,,,,,,,,,,,,,,,,,,,,24.0,,,,243.0,,,,,,,,,,,,,,,,,,,,,,,,,,,,,,,3.0,,,,,,,,,,,,,,,,,,,,,,,,,,,,0.82,,,,,,,,,,,,,,,,,,92.7,,0.18,,,,,
66,320504,"TOMATOES, GRAPE",2019-04-01,,,,,,,,,,,,,,,,,,,,,,,,,,,,,,,,,,,,,,,,,,,,,,,,,,,,,,,,,,,,,,,,,,,,,,,,,,,,,,,,,,,,,,,,,,,,,,,,,,,,,,,,,,,,,,,,,,,,,,,,,,,,,,,,,,,,,,,,,,,,,,,,,,,,,,,,,,,,,,,,,,,,,,,,,,,,,,,,,,,,,,,,,,,,,,,,,,,,,32.1,,,,,,,,,,,91.0,,,,,,,
67,320507,"TOMATOES, GRAPE",2019-04-01,,,,,,,,,,,,,,,,,,,,,,,,,,,,,,,,,,,,,,,,,,,,,,,,,,,,,,,,,,,,,,,,,,,,,,,,,,,,,,,,,,,,,,,,,,,,,,,,,,,,,,,,,,,,,,,,,,,,,,,,,,,,,,,,,,,,,,,,,,,,,,,,,,,,,,,,,,,,,,,,,,,,,,,,,,,,,,,,,,,,,,,,,,,,,,,,,,,,,22.4,,,,,,,,,,,91.5,,,,,,,
68,320512,"TOMATOES, GRAPE",2019-04-01,,,,,,,0.54,,,,,,,,10.0,,,0.0,,,,,,,,,,,0.048,0.0,0.0,,,,,,,,,,,,,,,,,,2.2,10.0,,,,,,,,,,,,,,0.28,,,,,84.0,,4240.0,,,,,,,,,,,,,,,,,,,11.8,,,0.076,,,0.8,0.12,,,,,,,,,,,,,,,,,,,,,,,,,,,,,,23.0,,,,247.0,,,,,,,,0.06,,,,,,,,,,,,,,,,,,,,,,,10.0,,,,,,,,,,,,,,,,0.08,,0.04,0.08,0.8,0.0,0.0,0.0,0.0,,,,0.69,,,,,,0.07,,,,,,,,0.85,0.0,0.0,5.2,92.6,11.0,0.19,12.0,542.0,46.0,,399.0
69,321361,"SALT, MORTON, IODIZED",2019-04-01,,,,,,,99.1,,,,,,,,90.0,,,,,,,,,,,,,,0.0,,,,,,,,,,,,,,,,,,,,,,,,,,,,,,,,,,5360.0,0.0,,,,,,,,,,,,,,,,,,,,,,,,,,0.0,,,0.05,,,,,,,,,,,,,,,,,,,,,,,,,,,,,,,,,,0.0,,,,0.0,,,,,,,,,,,,,,,,,,,,,,,,,,,,,,,37200.0,,,,,,,,,,,,,,,,,,,,,,,,,,,,,,,,,,,,,,,,,,,,,,0.0,,0.0,,,,,
70,321367,"SALT, MORTON, IODIZED",2019-04-01,,,,,,,99.6,,,,,,,,0.0,,,,,,,,,,,,,,0.0,,,,,,,,,,,,,,,,,,,,,,,,,,,,,,,,,,6320.0,0.0,,,,,,,,,,,,,,,,,,,,,,,,,,0.0,,,0.0,,,,,,,,,,,,,,,,,,,,,,,,,,,,,,,,,,0.0,,,,53.0,,,,,,,,,,,,,,,,,,,,,,,,,,,,,,,38900.0,,,,,,,,,,,,,,,,,,,,,,,,,,,,,,,,,,,,,,,,,,,,,,0.0,,0.0,,,,,
71,321373,"SALT, GREAT VALUE, IODIZED",2019-04-01,,,,,,,99.4,,,,,,,,100.0,,,,,,,,,,,,,,0.0,,,,,,,,,,,,,,,,,,,,,,,,,,,,,,,,,,3530.0,0.0,,,,,,,,,,,,,,,,,,,,,,,,,,0.0,,,0.0,,,,,,,,,,,,,,,,,,,,,,,,,,,,,,,,,,0.0,,,,0.0,,,,,,,,,,,,,,,,,,,,,,,,,,,,,,,38100.0,,,,,,,,,,,,,,,,,,,,,,,,,,,,,,,,,,,,,,,,,,,,,,0.92,,0.0,,,,,
72,321379,"SALT, HEB IODIZED",2019-04-01,,,,,,,,,,,,,,,0.0,,,,,,,,,,,,,,0.0,,,,,,,,,,,,,,,,,,,,,,,,,,,,,,,,,,7430.0,0.0,,,,,,,,,,,,,,,,,,,,,,,,,,0.0,,,0.0,,,,,,,,,,,,,,,,,,,,,,,,,,,,,,,,,,0.0,,,,0.0,,,,,,,,,,,,,,,,,,,,,,,,,,,,,,,37300.0,,,,,,,,,,,,,,,,,,,,,,,,,,,,,,,,,,,,,,,,,,,,,,,,0.0,,,,,
73,321384,"SALT, MORTON, IODIZED",2019-04-01,,,,,,,,,,,,,,,69.0,,,,,,,,,,,,,,0.0,,,,,,,,,,,,,,,,,,,,,,,,,,,,,,,,,,7260.0,0.0,,,,,,,,,,,,,,,,,,,,,,,,,,0.0,,,0.07,,,,,,,,,,,,,,,,,,,,,,,,,,,,,,,,,,0.0,,,,0.0,,,,,,,,,,,,,,,,,,,,,,,,,,,,,,,38600.0,,,,,,,,,,,,,,,,,,,,,,,,,,,,,,,,,,,,,,,,,,,,,,,,0.0,,,,,
74,321389,"SALT, MORTON, IODIZED",2019-04-01,,,,,,,,,,,,,,,36.0,,,,,,,,,,,,,,0.0,,,,,,,,,,,,,,,,,,,,,,,,,,,,,,,,,,4850.0,0.0,,,,,,,,,,,,,,,,,,,,,,,,,,0.0,,,0.1,,,,,,,,,,,,,,,,,,,,,,,,,,,,,,,,,,0.0,,,,0.0,,,,,,,,,,,,,,,,,,,,,,,,,,,,,,,37700.0,,,,,,,,,,,,,,,,,,,,,,,,,,,,,,,,,,,,,,,,,,,,,,,,0.0,,,,,
75,321394,"SALT, MORTON, IODIZED",2019-04-01,,,,,,,99.6,,,,,,,,45.0,,,,,,,,,,,,,,0.0,,,,,,,,,,,,,,,,,,,,,,,,,,,,,,,,,,5390.0,0.0,,,,,,,,,,,,,,,,,,,,,,,,,,0.0,,,0.05,,,,,,,,,,,,,,,,,,,,,,,,,,,,,,,,,,0.0,,,,0.0,,,,,,,,,,,,,,,,,,,,,,,,,,,,,,,40100.0,,,,,,,,,,,,,,,,,,,,,,,,,,,,,,,,,,,,,,,,,,,,,,1.05,,0.0,,,,,
76,321400,"SALT, MORTON, IODIZED",2019-04-01,,,,,,,98.6,,,,,,,,36.0,,,,,,,,,,,,,,0.0,,,,,,,,,,,,,,,,,,,,,,,,,,,,,,,,,,4350.0,0.0,,,,,,,,,,,,,,,,,,,,,,,,,,0.0,,,0.06,,,,,,,,,,,,,,,,,,,,,,,,,,,,,,,,,,0.0,,,,0.0,,,,,,,,,,,,,,,,,,,,,,,,,,,,,,,38400.0,,,,,,,,,,,,,,,,,,,,,,,,,,,,,,,,,,,,,,,,,,,,,,0.0,,0.0,,,,,
77,321406,"SALT, LAURA LYNN, IODIZED",2019-04-01,,,,,,,99.0,,,,,,,,48.0,,,,,,,,,,,,,,0.0,,,,,,,,,,,,,,,,,,,,,,,,,,,,,,,,,,3680.0,0.0,,,,,,,,,,,,,,,,,,,,,,,,,,0.0,,,0.0,,,,,,,,,,,,,,,,,,,,,,,,,,,,,,,,,,0.0,,,,0.0,,,,,,,,,,,,,,,,,,,,,,,,,,,,,,,39500.0,,,,,,,,,,,,,,,,,,,,,,,,,,,,,,,,,,,,,,,,,,,,,,0.65,,0.0,,,,,
78,321412,"SALT, ESSENTIAL EVERYDAY, IODIZED",2019-04-01,,,,,,,,,,,,,,,44.0,,,,,,,,,,,,,,0.0,,,,,,,,,,,,,,,,,,,,,,,,,,,,,,,,,,3650.0,0.0,,,,,,,,,,,,,,,,,,,,,,,,,,0.0,,,0.0,,,,,,,,,,,,,,,,,,,,,,,,,,,,,,,,,,0.0,,,,0.0,,,,,,,,,,,,,,,,,,,,,,,,,,,,,,,38100.0,,,,,,,,,,,,,,,,,,,,,,,,,,,,,,,,,,,,,,,,,,,,,,,,0.0,,,,,
79,321417,"SALT, MORTON, IODIZED",2019-04-01,,,,,,,99.4,,,,,,,,125.0,,,,,,,,,,,,,,0.0,,,,,,,,,,,,,,,,,,,,,,,,,,,,,,,,,,4760.0,0.0,,,,,,,,,,,,,,,,,,,,,,,,,,0.0,,,0.06,,,,,,,,,,,,,,,,,,,,,,,,,,,,,,,,,,0.0,,,,0.0,,,,,,,,,,,,,,,,,,,,,,,,,,,,,,,38300.0,,,,,,,,,,,,,,,,,,,,,,,,,,,,,,,,,,,,,,,,,,,,,,0.0,,0.0,,,,,
80,321423,"SALT, GREAT VALUE, IODIZED",2019-04-01,,,,,,,98.6,,,,,,,,54.0,,,,,,,,,,,,,,0.0,,,,,,,,,,,,,,,,,,,,,,,,,,,,,,,,,,3410.0,0.0,,,,,,,,,,,,,,,,,,,,,,,,,,0.0,,,0.0,,,,,,,,,,,,,,,,,,,,,,,,,,,,,,,,,,0.0,,,,0.0,,,,,,,,,,,,,,,,,,,,,,,,,,,,,,,40300.0,,,,,,,,,,,,,,,,,,,,,,,,,,,,,,,,,,,,,,,,,,,,,,0.65,,0.0,,,,,
81,321429,"SALT, HY VEE, IODIZED",2019-04-01,,,,,,,99.5,,,,,,,,49.0,,,,,,,,,,,,,,0.0,,,,,,,,,,,,,,,,,,,,,,,,,,,,,,,,,,5100.0,0.0,,,,,,,,,,,,,,,,,,,,,,,,,,0.0,,,0.0,,,,,,,,,,,,,,,,,,,,,,,,,,,,,,,,,,0.0,,,,0.0,,,,,,,,,,,,,,,,,,,,,,,,,,,,,,,39100.0,,,,,,,,,,,,,,,,,,,,,,,,,,,,,,,,,,,,,,,,,,,,,,1.0,,0.0,,,,,
82,321435,"SALT, MORTON, IODIZED",2019-04-01,,,,,,,99.0,,,,,,,,33.0,,,,,,,,,,,,,,0.0,,,,,,,,,,,,,,,,,,,,,,,,,,,,,,,,,,4250.0,0.0,,,,,,,,,,,,,,,,,,,,,,,,,,0.0,,,0.09,,,,,,,,,,,,,,,,,,,,,,,,,,,,,,,,,,0.0,,,,0.0,,,,,,,,,,,,,,,,,,,,,,,,,,,,,,,39400.0,,,,,,,,,,,,,,,,,,,,,,,,,,,,,,,,,,,,,,,,,,,,,,0.0,,0.0,,,,,
83,321441,"SALT, MORTON, IODIZED",2019-04-01,,,,,,,,,,,,,,,44.0,,,,,,,,,,,,,,0.0,,,,,,,,,,,,,,,,,,,,,,,,,,,,,,,,,,6290.0,0.0,,,,,,,,,,,,,,,,,,,,,,,,,,0.0,,,0.06,,,,,,,,,,,,,,,,,,,,,,,,,,,,,,,,,,0.0,,,,0.0,,,,,,,,,,,,,,,,,,,,,,,,,,,,,,,39000.0,,,,,,,,,,,,,,,,,,,,,,,,,,,,,,,,,,,,,,,,,,,,,,,,0.0,,,,,
84,321446,"SALT, MORTON, IODIZED",2019-04-01,,,,,,,99.6,,,,,,,,80.0,,,,,,,,,,,,,,0.0,,,,,,,,,,,,,,,,,,,,,,,,,,,,,,,,,,6060.0,0.0,,,,,,,,,,,,,,,,,,,,,,,,,,0.0,,,0.05,,,,,,,,,,,,,,,,,,,,,,,,,,,,,,,,,,0.0,,,,0.0,,,,,,,,,,,,,,,,,,,,,,,,,,,,,,,38000.0,,,,,,,,,,,,,,,,,,,,,,,,,,,,,,,,,,,,,,,,,,,,,,0.62,,0.0,,,,,
85,321452,"SALT, GREAT VALUE, IODIZED",2019-04-01,,,,,,,98.0,,,,,,,,60.0,,,,,,,,,,,,,,0.0,,,,,,,,,,,,,,,,,,,,,,,,,,,,,,,,,,4990.0,0.0,,,,,,,,,,,,,,,,,,,,,,,,,,0.0,,,0.0,,,,,,,,,,,,,,,,,,,,,,,,,,,,,,,,,,0.0,,,,0.0,,,,,,,,,,,,,,,,,,,,,,,,,,,,,,,38400.0,,,,,,,,,,,,,,,,,,,,,,,,,,,,,,,,,,,,,,,,,,,,,,0.86,,0.0,,,,,
86,321458,"SALT, SIGNATURE KITCHENS, IODIZED",2019-04-01,,,,,,,99.3,,,,,,,,82.0,,,,,,,,,,,,,,0.0,,,,,,,,,,,,,,,,,,,,,,,,,,,,,,,,,,4700.0,0.0,,,,,,,,,,,,,,,,,,,,,,,,,,0.0,,,0.0,,,,,,,,,,,,,,,,,,,,,,,,,,,,,,,,,,0.0,,,,0.0,,,,,,,,,,,,,,,,,,,,,,,,,,,,,,,38200.0,,,,,,,,,,,,,,,,,,,,,,,,,,,,,,,,,,,,,,,,,,,,,,0.84,,0.0,,,,,
87,321464,"SALT, FOOD CLUB, IODIZED",2019-04-01,,,,,,,98.22,,,,,,,,0.0,,,,,,,,,,,,,,0.0,,,,,,,,,,,,,,,,,,,,,,,,,,,,,,,,,,6010.0,0.0,,,,,,,,,,,,,,,,,,,,,,,,,,0.0,,,0.0,,,,,,,,,,,,,,,,,,,,,,,,,,,,,,,,,,0.0,,,,0.0,,,,,,,,,,,,,,,,,,,,,,,,,,,,,,,40700.0,,,,,,,,,,,,,,,,,,,,,,,,,,,,,,,,,,,,,,,,,,,,,,0.19499999999999998,,0.0,,,,,
88,321475,"SALT, SHOP RITE, IODIZED",2019-04-01,,,,,,,99.0,,,,,,,,44.0,,,,,,,,,,,,,,0.0,,,,,,,,,,,,,,,,,,,,,,,,,,,,,,,,,,3840.0,0.0,,,,,,,,,,,,,,,,,,,,,,,,,,0.0,,,0.0,,,,,,,,,,,,,,,,,,,,,,,,,,,,,,,,,,0.0,,,,0.0,,,,,,,,,,,,,,,,,,,,,,,,,,,,,,,37200.0,,,,,,,,,,,,,,,,,,,,,,,,,,,,,,,,,,,,,,,,,,,,,,0.61,,0.0,,,,,
89,321481,"SALT, MORTON, IODIZED",2019-04-01,,,,,,,98.6,,,,,,,,36.0,,,,,,,,,,,,,,0.0,,,,,,,,,,,,,,,,,,,,,,,,,,,,,,,,,,6080.0,0.0,,,,,,,,,,,,,,,,,,,,,,,,,,0.0,,,0.09,,,,,,,,,,,,,,,,,,,,,,,,,,,,,,,,,,0.0,,,,0.0,,,,,,,,,,,,,,,,,,,,,,,,,,,,,,,38200.0,,,,,,,,,,,,,,,,,,,,,,,,,,,,,,,,,,,,,,,,,,,,,,0.0,,0.0,,,,,
90,321487,"SALT, GREAT VALUE, IODIZED",2019-04-01,,,,,,,98.8,,,,,,,,48.0,,,,,,,,,,,,,,0.0,,,,,,,,,,,,,,,,,,,,,,,,,,,,,,,,,,3940.0,0.0,,,,,,,,,,,,,,,,,,,,,,,,,,0.0,,,0.0,,,,,,,,,,,,,,,,,,,,,,,,,,,,,,,,,,0.0,,,,0.0,,,,,,,,,,,,,,,,,,,,,,,,,,,,,,,39000.0,,,,,,,,,,,,,,,,,,,,,,,,,,,,,,,,,,,,,,,,,,,,,,0.0,,0.0,,,,,
91,321493,"SALT, MORTON, IODIZED",2019-04-01,,,,,,,98.8,,,,,,,,34.0,,,,,,,,,,,,,,0.0,,,,,,,,,,,,,,,,,,,,,,,,,,,,,,,,,,5370.0,0.0,,,,,,,,,,,,,,,,,,,,,,,,,,0.0,,,0.09,,,,,,,,,,,,,,,,,,,,,,,,,,,,,,,,,,0.0,,,,0.0,,,,,,,,,,,,,,,,,,,,,,,,,,,,,,,38600.0,,,,,,,,,,,,,,,,,,,,,,,,,,,,,,,,,,,,,,,,,,,,,,0.0,,0.0,,,,,
92,321499,"SALT, GREAT VALUE, IODIZED",2019-04-01,,,,,,,98.2,,,,,,,,36.0,,,,,,,,,,,,,,0.0,,,,,,,,,,,,,,,,,,,,,,,,,,,,,,,,,,5250.0,0.0,,,,,,,,,,,,,,,,,,,,,,,,,,0.0,,,0.0,,,,,,,,,,,,,,,,,,,,,,,,,,,,,,,,,,0.0,,,,0.0,,,,,,,,,,,,,,,,,,,,,,,,,,,,,,,39600.0,,,,,,,,,,,,,,,,,,,,,,,,,,,,,,,,,,,,,,,,,,,,,,0.64,,0.0,,,,,
93,321506,"BEANS, SNAP, CANNED, DRAINED, DEL MONTE",2019-04-01,,,,,,,0.94,,,,,,,,35.0,,,,,,,,,,,,,,0.041,,,,,,,,,,,,,,,,,,,,,,,,,,,,,,,,,,,0.96,,,,,,,,,,,,,,,,,,,,,,,,,,13.7,,,0.188,,,,0.17,,,,,,,,,,,,,,,,,,,,,,,,,,,,,,24.0,,,,93.0,,,,,,,,,,,,,,,,,,,,,,,,,,,,,,,319.0,,,,,,,,,,,,,,,,,,,,,,,,,,,,0.43,,,,,,,,,,,,,,,,,,93.0,,0.18,,,,,
94,321512,"BEANS, SNAP, CANNED, DRAINED, DEL MONTE",2019-04-01,,,,,,,1.05,,,,,,,,37.0,,,,,,,,,,,,,,0.039,,,,,,,,,,,,,,,,,,,,,,,,,,,,,,,,,,,0.49,,,,,,,,,,,,,,,,,,,,,,,,,,13.8,,,0.151,,,,0.19,,,,,,,,,,,,,,,,,,,,,,,,,,,,,,25.0,,,,99.0,,,,,,,,,,,,,,,,,,,,,,,,,,,,,,,327.0,,,,,,,,,,,,,,,,,,,,,,,,,,,,0.38,,,,,,,,,,,,,,,,,,93.1,,0.27,,,,,
95,321521,"BEANS, SNAP, CANNED, DRAINED, DEL MONTE",2019-04-01,,,,,,,0.93,,,,,,,,34.0,,,,,,,,,,,,,,0.058,,,,,,,,,,,,,,,,,,,,,,0.68,0.0,,,0.68,,,,,,,,,0.68,,0.0,,,,,,,,,,,,,,,,,,,,,,,,13.5,,0.0,0.211,,,,0.2,,,,,,,,,,,,,,,,,,,,,,,,,,,,,,27.0,,,,110.0,,,,,,,,,,,,,,,,,,,,,,,,,,,,,,,315.0,,,,,,0.0,,,,,,,,,,,,,,,,,,,,,,0.43,,,,,,,,,,,,,,,,,,93.3,,0.2,,,,,
96,321528,"BEANS, SNAP, CANNED, DRAINED, DEL MONTE",2019-04-01,,,,,,,0.97,,,,,,,,31.0,,,,,,,,,,,,,,0.029,,,,,,,,,,,,,,,,,,,,,,0.71,0.0,,,0.72,,,,,,,,,0.44,,0.0,,,,,,,,,,,,,,,,,,,,,,,,12.3,,0.0,0.146,,,,0.14,,,,,,,,,,,,,,,,,,,,,,,,,,,,,,23.0,,,,96.0,,,,,,,,,,,,,,,,,,,,,,,,,,,,,,,328.0,,,,,,0.0,,,,,,,,,,,,,,,,,,,,,,0.3,,,,,,,,,,,,,,,,,,93.9,,0.16,,,,,
97,321538,"BEANS, SNAP, CANNED, DRAINED, DEL MONTE",2019-04-01,,,,,,,0.98,,,,,,,,37.0,,,,,,,,,,,,,,0.045,,,,,,,,,,,,,,,,,,,,,,,,,,,,,,,,,,,0.54,,,,,,,,,,,,,,,,,,,,,,,,,,14.3,,,0.18,,,,0.19,,,,,,,,,,,,,,,,,,,,,,,,,,,,,,26.0,,,,97.0,,,,,,,,,,,,,,,,,,,,,,,,,,,,,,,301.0,,,,,,,,,,,,,,,,,,,,,,,,,,,,0.43,,,,,,,,,,,,,,,,,,93.2,,0.24,,,,,
98,321547,"BEANS, SNAP, CANNED, DRAINED, DEL MONTE",2019-04-01,,,,,,,1.0,,,,,,,,35.0,,,,,,,,,,,,,,0.035,,,,,,,,,,,,,,,,,,,,,,0.72,0.0,,,0.68,,,,,,,,,0.53,,0.0,,,,,,,,,,,,,,,,,,,,,,,,13.3,,0.0,0.168,,,,0.18,,,,,,,,,,,,,,,,,,,,,,,,,,,,,,26.0,,,,102.0,,,,,,,,,,,,,,,,,,,,,,,,,,,,,,,319.0,,,,,,0.0,,,,,,,,,,,,,,,,,,,,,,0.38,,,,,,,,,,,,,,,,,,93.1,,0.2,,,,,
99,321557,"BEANS, SNAP, CANNED, DRAINED, STORE BRAND",2019-04-01,,,,,,,0.8,,,,,,,,42.0,,,,,,,,,,,,,,0.042,,,,,,,,,,,,,,,,,,,,,,,,,,,,,,,,,,,1.5,,,,,,,,,,,,,,,,,,,,,,,,,,11.5,,,0.223,,,,0.15,,,,,,,,,,,,,,,,,,,,,,,,,,,,,,18.0,,,,90.0,,,,,,,,,,,,,,,,,,,,,,,,,,,,,,,234.0,,,,,,,,,,,,,,,,,,,,,,,,,,,,0.35,,,,,,,,,,,,,,,,,,94.1,,0.22,,,,,
100,321566,"BEANS, SNAP, CANNED, DRAINED, STORE BRAND",2019-04-01,,,,,,,0.91,,,,,,,,26.0,,,,,,,,,,,,,,0.027,,,,,,,,,,,,,,,,,,,,,,0.62,0.0,,,0.64,,,,,,,,,0.35,,0.0,,,,,,,,,,,,,,,,,,,,,,,,10.7,,0.0,0.179,,,,0.13,,,,,,,,,,,,,,,,,,,,,,,,,,,,,,18.0,,,,76.0,,,,,,,,,,,,,,,,,,,,,,,,,,,,,,,309.0,,,,,,0.0,,,,,,,,,,,,,,,,,,,,,,0.38,,,,,,,,,,,,,,,,,,94.2,,0.14,,,,,
101,321573,"BEANS, SNAP, CANNED, DRAINED, STORE BRAND",2019-04-01,,,,,,,0.71,,,,,,,,40.0,,,,,,,,,,,,,,0.047,,,,,,,,,,,,,,,,,,,,,,,,,,,,,,,,,,,0.88,,,,,,,,,,,,,,,,,,,,,,,,,,12.7,,,0.156,,,,0.17,,,,,,,,,,,,,,,,,,,,,,,,,,,,,,24.0,,,,114.0,,,,,,,,,,,,,,,,,,,,,,,,,,,,,,,183.0,,,,,,,,,,,,,,,,,,,,,,,,,,,,0.47,,,,,,,,,,,,,,,,,,93.5,,0.18,,,,,
102,321582,"BEANS, SNAP, CANNED, DRAINED, STORE BRAND",2019-04-01,,,,,,,0.71,,,,,,,,41.0,,,,,,,,,,,,,,0.046,,,,,,,,,,,,,,,,,,,,,,,,,,,,,,,,,,,1.35,,,,,,,,,,,,,,,,,,,,,,,,,,12.1,,,0.187,,,,0.15,,,,,,,,,,,,,,,,,,,,,,,,,,,,,,21.0,,,,91.0,,,,,,,,,,,,,,,,,,,,,,,,,,,,,,,237.0,,,,,,,,,,,,,,,,,,,,,,,,,,,,0.41,,,,,,,,,,,,,,,,,,93.4,,0.15,,,,,
103,321591,"BEANS, SNAP, CANNED, DRAINED, GREAT VALUE",2019-04-01,,,,,,,0.83,,,,,,,,31.0,,,,,,,,,,,,,,0.035,,,,,,,,,,,,,,,,,,,,,,0.66,0.0,,,0.66,,,,,,,,,0.52,,0.0,,,,,,,,,,,,,,,,,,,,,,,,11.9,,0.0,0.186,,,,0.15,,,,,,,,,,,,,,,,,,,,,,,,,,,,,,23.0,,,,88.0,,,,,,,,,,,,,,,,,,,,,,,,,,,,,,,263.0,,,,,,0.0,,,,,,,,,,,,,,,,,,,,,,0.39,,,,,,,,,,,,,,,,,,94.0,,0.19,,,,,
104,321601,"BEANS, SNAP, CANNED, DRAINED, STORE BRAND",2019-04-01,,,,,,,0.82,,,,,,,,38.0,,,,,,,,,,,,,,0.049,,,,,,,,,,,,,,,,,,,,,,0.48,0.0,,,0.5,,,,,,,,,1.12,,0.0,,,,,,,,,,,,,,,,,,,,,,,,12.3,,0.0,0.137,,,,0.18,,,,,,,,,,,,,,,,,,,,,,,,,,,,,,20.0,,,,103.0,,,,,,,,,,,,,,,,,,,,,,,,,,,,,,,243.0,,,,,,0.0,,,,,,,,,,,,,,,,,,,,,,0.37,,,,,,,,,,,,,,,,,,93.8,,0.16,,,,,
105,321612,"Broccoli, raw (IN1,NY1) - CY0906E",2019-04-01,,,,,,,,,,,,,,,,,,,,,,,,,,,,,,,,,,,,,,,,,,,,,,,,,,,,,,,,,,,,,,,,,,,,,,,,,,,,,,,,,,,,,,,,,,,,,,,,,,,,,,,,,,,,,,,,,,,,,,,,,,,,,,,,,,,,,,,,,,,,,,,,,,,,,,,,,,,,,,,,,,,,,,,,,,,,,,,,,,,,,,,,,,,,,,,,,,,,,92.2,,,,,,,,,,,89.0,,,,,,,
106,321618,"Broccoli, cooked (IN1,NY1) - CY0906K",2019-04-01,,,,,,,,,,,,,,,,,,,,,,,,,,,,,,,,,,,,,,,,,,,,,,,,,,,,,,,,,,,,,,,,,,,,,,,,,,,,,,,,,,,,,,,,,,,,,,,,,,,,,,,,,,,,,,,,,,,,,,,,,,,,,,,,,,,,,,,,,,,,,,,,,,,,,,,,,,,,,,,,,,,,,,,,,,,,,,,,,,,,,,,,,,,,,,,,,,,,,78.4,,,,,,,,,,,89.2,,,,,,,
107,321621,"Broccoli, raw (CA2,NC1) - CY0906G",2019-04-01,,,,,,,,,,,,,,,,,,,,,,,,,,,,,,,,,,,,,,,,,,,,,,,,,,,,,,,,,,,,,,,,,,,,,,,,,,,,,,,,,,,,,,,,,,,,,,,,,,,,,,,,,,,,,,,,,,,,,,,,,,,,,,,,,,,,,,,,,,,,,,,,,,,,,,,,,,,,,,,,,,,,,,,,,,,,,,,,,,,,,,,,,,,,,,,,,,,,,104.0,,,,,,,,,,,88.1,,,,,,,
108,321628,"Broccoli, cooked (CA2,NC1) - CY0906M",2019-04-01,,,,,,,,,,,,,,,,,,,,,,,,,,,,,,,,,,,,,,,,,,,,,,,,,,,,,,,,,,,,,,,,,,,,,,,,,,,,,,,,,,,,,,,,,,,,,,,,,,,,,,,,,,,,,,,,,,,,,,,,,,,,,,,,,,,,,,,,,,,,,,,,,,,,,,,,,,,,,,,,,,,,,,,,,,,,,,,,,,,,,,,,,,,,,,,,,,,,,99.4,,,,,,,,,,,88.2,,,,,,,
109,321631,"Broccoli, raw (AL1,CA1) - CY0906F",2019-04-01,,,,,,,,,,,,,,,,,,,,,,,,,,,,,,,,,,,,,,,,,,,,,,,,,,,,,,,,,,,,,,,,,,,,,,,,,,,,,,,,,,,,,,,,,,,,,,,,,,,,,,,,,,,,,,,,,,,,,,,,,,,,,,,,,,,,,,,,,,,,,,,,,,,,,,,,,,,,,,,,,,,,,,,,,,,,,,,,,,,,,,,,,,,,,,,,,,,,,99.3,,,,,,,,,,,87.3,,,,,,,
110,321638,"Broccoli, cooked (AL1,CA1) - CY0906L",2019-04-01,,,,,,,,,,,,,,,,,,,,,,,,,,,,,,,,,,,,,,,,,,,,,,,,,,,,,,,,,,,,,,,,,,,,,,,,,,,,,,,,,,,,,,,,,,,,,,,,,,,,,,,,,,,,,,,,,,,,,,,,,,,,,,,,,,,,,,,,,,,,,,,,,,,,,,,,,,,,,,,,,,,,,,,,,,,,,,,,,,,,,,,,,,,,,,,,,,,,,92.5,,,,,,,,,,,87.9,,,,,,,
111,321641,"Broccoli, raw (CO2,CT1) - CY0906H",2019-04-01,,,,,,,,,,,,,,,,,,,,,,,,,,,,,,,,,,,,,,,,,,,,,,,,,,,,,,,,,,,,,,,,,,,,,,,,,,,,,,,,,,,,,,,,,,,,,,,,,,,,,,,,,,,,,,,,,,,,,,,,,,,,,,,,,,,,,,,,,,,,,,,,,,,,,,,,,,,,,,,,,,,,,,,,,,,,,,,,,,,,,,,,,,,,,,,,,,,,,105.0,,,,,,,,,,,88.8,,,,,,,
112,321648,"Broccoli, cooked (CO2,CT1) - CY0906N",2019-04-01,,,,,,,,,,,,,,,,,,,,,,,,,,,,,,,,,,,,,,,,,,,,,,,,,,,,,,,,,,,,,,,,,,,,,,,,,,,,,,,,,,,,,,,,,,,,,,,,,,,,,,,,,,,,,,,,,,,,,,,,,,,,,,,,,,,,,,,,,,,,,,,,,,,,,,,,,,,,,,,,,,,,,,,,,,,,,,,,,,,,,,,,,,,,,,,,,,,,,93.5,,,,,,,,,,,88.9,,,,,,,
113,321651,"Broccoli, Region 1, Pure Composite, CY01077",2019-04-01,,,,,,,0.835,,,,,,,,44.0,,,0.0,108.0,,,,,,,,,,0.042,,0.0,,,,,,,,,,,,,,,,2.0,0.0,2.0,76.0,0.86,0.0,,,0.7,,,,,,,,,0.56,,0.0,,,,868.0,0.0,,,,,,,,,,,,,,,,,,,19.9,,0.0,0.21,,,0.603,0.305,,,,,,,,,,,,,,,,,,,,,,,,,,,,0.67,,68.0,0.0,0.0,,326.0,,,,,,,,0.097,,,,,,,,,,,,,,,,,,,,,1.7,,28.0,,,,,,0.02,,,,,,,,,,0.08,,0.0,0.0,0.07,0.0,0.0,0.0,0.0,,,,0.395,,,,,,0.197,56.7,,,,,,,0.13,0.0,,118.0,90.25,,0.42,,,,,
114,321674,"Broccoli, Pass 2, Region 1, Pure Composite, CY010H2",2019-04-01,,,,,0.11,0.24,0.91,0.41,,,,,,,57.0,,,0.0,103.0,,,,,,,,,,0.075,,0.0,,0.03,,,,,,,,,,,,,,,,,44.0,0.94,,,,0.62,0.73,,0.09,,,0.07,,,0.98,0.08,0.0,0.13,,,828.0,0.0,0.14,,,,,,,,,,,,,,,,,,26.5,,0.0,0.218,0.04,,0.8,0.57,,,,,,,,,,,,,,,,,,,,,,,,,,,,0.76,0.15,81.0,0.0,0.0,,317.0,0.17,,,,,,,0.132,,,,,,,,,,,,,,,,,,,,,,0.14,,,,,,,0.0,,,,,,,,,,0.103,0.1,,,,,,,,,,,0.37,0.04,0.05,0.14,,,0.231,,,,,,,,,0.0,,92.8,90.2,,0.42,,,,,
115,321693,"Broccoli, Region 3, Pure Composite, CY0107A",2019-04-01,,,,,0.098,0.147,0.685,0.259,,,,,,,35.0,,,0.0,54.0,,,,,,,,,,0.042,,0.0,,0.026,,,,,,,,,,,,,,2.5,0.0,2.5,78.0,0.87,0.0,,,0.64,0.424,,0.087,,,0.049,,,0.51,0.082,0.0,0.131,,,431.0,0.0,0.137,,,,0.0,,,0.001,0.012,,,0.0,,,,,,,17.7,,0.0,0.189,0.036,,0.534,0.245,,0.023,,,0.031,,0.0,,,,0.0,0.0,,,,0.0,,,,,,,,,,,,0.48,0.085,61.0,0.0,0.0,,272.0,0.085,,,,,,,0.09,0.0,,0.0,,0.001,0.0,0.037,0.0,0.006,0.003,,0.001,,,,,,,0.0,,1.7,0.111,37.0,,,,,,0.02,,,,,,,,,,0.058,0.072,0.0,0.0,0.03,0.0,0.0,0.0,0.0,,,,0.29,0.023,0.054,0.118,,,0.193,,,,,,,,0.04,0.0,,136.0,91.1,,0.39,,,,,
116,321718,"Broccoli, Region 4, Pure Composite, CY0107C",2019-04-01,,,,,,,0.925,,,,,,,,41.0,,,0.0,118.0,,,,,,,,,,0.04,,0.0,,,,,,,,,,,,,,,,2.7,0.0,2.7,182.0,0.8,0.0,,,0.5,,,,,,,,,0.62,,0.0,,,,948.0,0.0,,,,,,,,,,,,,,,,,,,18.3,,0.0,0.206,,,0.505,0.365,,,,,,,,,,,,,,,,,,,,,,,,,,,,0.57,,65.0,0.0,0.0,,308.0,,,,,,,,0.07,,,,,,,,,,,,,,,,,,,,,1.7,,38.0,,,0.0,,,0.02,,,,,,,,,,0.063,,0.0,0.0,0.06,0.0,0.0,0.0,0.0,,,,0.36,,,,,,0.104,,,,,,,,0.19,0.0,,105.0,90.95,,0.49,,,,,
117,321746,"Broccoli, steamed, Region 4, Pure Composite, CY0107D",2019-04-01,,,,,,,0.71,,,,,,,,34.0,,,0.0,853.0,,,,,,,,,,0.046,,0.0,,,,,,,,,,,,,,,,3.2,0.0,3.2,155.0,0.72,0.0,,,0.2,,,,,,,,,0.64,,0.0,,,,447.0,0.0,,,,,,,,,,,,,,,,,,,20.0,,0.0,0.21,,,0.509,0.325,,,,,,,,,,,,,,,,,,,,,,,,,,,,0.53,,72.0,0.0,0.0,,326.0,,,,,,,,0.116,,,,,,,,,,,,,,,,,,,,,1.6,,31.0,,,0.0,,,0.1,,,,,,,,,,0.034,,,,,,,,,,,,0.495,,,,,,0.188,68.7,,,,,,,,0.0,,144.0,90.6,,0.47,,,,,
118,321763,"Broccoli, Region 2, Pure Composite, CY01078",2019-04-01,,,,,0.087,0.157,0.735,0.271,,,,,,,34.0,,,0.0,90.0,,,,,,,,,,0.051,,0.0,,0.025,,,,,,,,,,,,,,2.5,0.0,2.5,15.0,0.76,0.0,,,0.48,0.405,,0.078,,,0.048,,,0.54,0.075,0.0,0.115,,,724.0,0.0,0.124,,,,0.0,,,0.0,0.008,,,0.0,,,,,,,16.1,,0.0,0.179,0.038,,0.554,0.35,,0.011,,,0.012,,0.0,,,,0.0,0.0,,,,0.0,,,,,,,,,,,,0.49,0.084,59.0,0.0,0.0,,279.0,0.076,,,,,,,0.087,0.0,,0.0,,0.0,0.0,0.021,0.0,0.006,0.001,,0.002,,,,,,,0.0,,1.4,0.092,25.0,,,,,,0.02,,,,,,,,,,0.055,0.072,0.0,0.0,0.05,0.0,0.0,0.0,0.0,,,,0.32,0.02,0.047,0.112,,,0.104,,,,,,,,0.15,0.0,,110.0,91.9,,0.44,,,,,
119,321791,"Broccoli, steamed, Region 2, Pure Composite, CY01079",2019-04-01,,,,,0.106,0.182,0.715,0.267,,,,,,,32.0,,,0.0,407.0,,,,,,,,,,0.05,,0.0,,0.031,,,,,,,,,,,,,,2.2,0.0,2.2,156.0,0.67,0.0,,,0.54,0.466,,0.095,,,0.057,,,0.74,0.093,0.0,0.145,,,542.0,0.0,0.154,,,,0.0,,,0.001,0.016,,,0.0,,,,,,,17.3,,0.0,0.206,0.041,,0.451,0.215,,0.028,,,0.066,,0.0,,,,0.0,0.0,,,,0.0,,,,,,,,,,,,0.44,0.097,64.0,0.0,0.0,,270.0,0.095,,,,,,,0.117,0.0,,0.001,,0.0,0.0,0.031,0.0,0.007,0.002,,0.003,,,,,,,0.0,,1.5,0.111,32.0,,,,,,0.02,,,,,,,,,,0.048,0.089,0.0,0.0,0.29,0.0,0.0,0.0,0.0,,,,0.37,0.024,0.062,0.132,,,0.169,61.1,,,,,,,1.39,0.0,,180.0,91.8,,0.5,,,,,
120,321810,"Broccoli, Pass 2, Region 2, Pure Composite, CY010HH",2019-04-01,,,,,,,0.83,,,,,,,,47.0,,,,,,,,,,,,,,0.075,,,,,,,,,,,,,,,,,,,,,33.0,0.76,,,,0.61,,,,,,,,,0.64,,0.0,,,,,,,,,,,,,,,,,,,,,,,,23.4,,0.0,0.184,,,0.72,0.45,,,,,,,,,,,,,,,,,,,,,,,,,,,,0.885,,64.0,,,,304.0,,,,,,,,0.156,,,,,,,,,,,,,,,,,,,,,,,32.0,,,,,,0.0,,,,,,,,,,0.069,,0.0,0.0,0.03,0.03,0.0,0.0,0.0,,,,0.31,,,,,,0.3,,,,,,,,0.16,0.0,,88.9,91.2,,0.44,,,,,
121,321829,"Broccoli, steamed, Pass 2, Region 2, Pure Composite, CY010HJ
",2019-04-01,,,,,,,0.87,,,,,,,,45.0,,,0.0,1682.5,,,,,,,,,,0.075,,0.0,,,,,,,,,,,,,,,,,,,91.0,0.8,,,,0.83,,,,,,,,,0.58,,0.0,,,,1940.0,0.0,,,,,,,,,,,,,,,,,,,25.9,,0.0,0.173,,,0.595,0.48,,,,,,,,,,,,,,,,,,,,,,,,,,,,0.967,,64.0,0.0,0.0,,284.0,,,,,,,,0.135,,,,,,,,,,,,,,,,,,,,,1.9,,62.0,,,,,,0.0,,,,,,,,,,0.08,,0.01,0.0,0.21,,,,,,,,0.43,,,,,,0.225,36.3,,,,,,,1.31,0.0,,103.0,90.8,,0.45,,,,,
122,321845,"Broccoli, Pass 2, Region 4, Pure Composite, CY010H3",2019-04-01,,,,,0.12,0.22,0.79,0.36,,,,,,,58.0,,,,,,,,,,,,,,0.075,,,,0.03,,,,,,,,,,,,,,,,,44.0,0.83,,,,0.43,0.61,,0.1,,,0.07,,,0.96,0.08,0.0,0.14,,,,,0.14,,,,,,,,,,,,,,,,,,23.7,,0.0,0.209,0.04,,0.615,0.51,,,,,,,,,,,,,,,,,,,,,,,,,,,,0.703,0.15,71.0,,,,301.0,0.11,,,,,,,0.15,,,,,,,,,,,,,,,,,,,,,,0.14,51.0,,,,,,0.0,,,,,,,,,,0.102,0.11,0.0,0.0,0.03,0.01,0.0,0.0,0.0,,,,0.23,0.05,0.05,0.13,,,0.222,,,,,,,,0.22,0.0,,85.7,90.4,,0.41,,,,,
123,321863,"Broccoli, steamed, Pass 2, Region 4, Pure Composite, CY010H4",2019-04-01,,,,,0.12,0.21,0.79,0.35,,,,,,,48.0,,,0.0,1111.0,,,,,,,,,,0.075,,0.0,,0.03,,,,,,,,,,,,,,,,,28.0,0.63,,,,0.15,0.57,,0.11,,,0.07,,,0.72,0.09,0.0,0.14,,,763.5,0.0,0.15,,,,,,,,,,,,,,,,,,21.0,,0.0,0.188,0.04,,0.659,0.5,,,,,,,,,,,,,,,,,,,,,,,,,,,,0.529,0.12,67.0,0.0,0.0,,290.0,0.12,,,,,,,0.124,,,,,,,,,,,,,,,,,,,,,1.4,0.14,42.0,,,,,,0.0,,,,,,,,,,0.088,0.11,0.01,0.0,0.24,,,,,,,,0.35,0.05,0.06,0.13,,,0.22,2.0,,,,,,,1.65,0.0,,136.0,90.4,,0.37,,,,,
124,321880,"Broccoli, Pass 2, Region 3, Pure Composite, CY010HI",2019-04-01,,,,,,,0.9,,,,,,,,50.0,,,0.0,84.0,,,,,,,,,,0.075,,0.0,,,,,,,,,,,,,,,,,,,46.0,0.73,,,,0.64,,,,,,,,,0.69,,0.0,,,,672.0,0.0,,,,,,,,,,,,,,,,,,,22.2,,0.0,0.182,,,0.78,0.49,,,,,,,,,,,,,,,,,,,,,,,,,,,,0.322,,69.0,0.0,0.0,,316.0,,,,,,,,0.127,,,,,,,,,,,,,,,,,,,,,,,39.0,,,,,,0.0,,,,,,,,,,0.086,,,,,,,,,,,,0.41,,,,,,0.18,,,,,,,,,0.0,,76.6,90.4,,0.39,,,,,
125,321901,"MILK, 1%(WAVE 22E)",2019-04-01,,0.0,,,,,0.69,,,,,,,,,,,,,,5.0,,,,,,,,,,,,,,,,,,,,,,,,,,,,,,,,,,,,,,,,,,22.4,,,,,,,,,,,,,,,,,,,,,,,,,,,,,,,,,,0.55,,,,,,,,,,,,,,,,,,,,,,,,,,,,,,,,,,,,,,,,,,,,,,,,,,,,,,,,,,,,,,,,,,,,,,,,,,,,,,,,,,,,,,,,,,,,,1.07,,,,,,,,,,0.0,0.7,,,,,,,89.8,,,,,,,
126,321907,"MILK, 1%(WAVE 22E)",2019-04-01,,0.0,,,,,0.68,,,,,,,,,,,,,,5.0,,,,,,,,,,,,,,,,,,,,,,,,,,,,,,,,,,,,,,,,,,30.2,,,,,,,,,,,,,,,,,,,,,,,,,,,,,,,,,,0.55,,,,,,,,,,,,,,,,,,,,,,,,,,,,,,,,,,,,,,,,,,,,,,,,,,,,,,,,,,,,,,,,,,,,,,,,,,,,,,,,,,,,,,,,,,,,,1.02,,,,,,,,,,0.0,1.2,,,,,,,90.0,,,,,,,
127,321913,"MILK, 1%(WAVE 22E)",2019-04-01,,0.0,,,,,0.73,,,,,,,,,,,,,,5.0,,,,,,,,,,,,,,,,,,,,,,,,,,,,,,,,,,,,,,,,,,45.3,,,,,,,,,,,,,,,,,,,,,,,,,,,,,,,,,,0.5,,,,,,,,,,,,,,,,,,,,,,,,,,,,,,,,,,,,,,,,,,,,,,,,,,,,,,,,,,,,,,,,,,,,,,,,,,,,,,,,,,,,,,,,,,,,,0.92,,,,,,,,,,0.0,2.2,,,,,,,89.7,,,,,,,
128,321920,"MILK, 1%(WAVE 22E)",2019-04-01,,0.0,,,0.14,0.16,0.87,0.37,,,,,,,143.0,,,,,,6.0,,,,,,,,0.0,,,0.05,,,,,,,,,,,0.2,0.04,0.52,0.04,,,,7.0,0.0,0.0,,,0.0,1.07,,0.09,,,0.12,0.0,34.0,0.0,0.24,5.84,0.44,,,,,0.38,0.0,,0.005,0.0,,0.009,0.001,,0.183,,,0.001,,,0.0,0.0,0.0,14.0,,0.0,0.0,0.12,,0.13,0.6,,,0.003,0.032,,0.004,0.0,,0.0,,0.0,,0.0,0.001,0.0,0.002,,,0.0,,0.0,0.0,0.0,,0.0,,0.0,0.393,0.21,115.0,,,,191.0,0.44,,,,,,62.0,0.143,0.02,0.0,0.026,,0.078,0.009,0.228,0.006,0.109,0.001,0.0,0.001,0.0,0.0,0.021,0.0,0.016,0.0,0.011,0.0,4.0,0.24,48.0,,,,,,0.0,,0.001,0.002,0.034,,0.006,0.0,0.0,0.0,0.071,0.2,,,,,,,,,,,0.93,0.06,0.21,0.28,,0.6,0.069,,,,0.0,1.3,,,,,,,88.0,,0.48,,,,,
129,321940,"MILK, 1%(WAVE 22E)",2019-04-01,,0.0,,,0.11,0.13,0.73,0.26,,,,,,,129.0,,,,,,5.0,,,,,,,,0.0,,,0.03,,,,,,,,,,,0.23,0.03,0.57,0.01,,,,0.0,0.0,0.0,,,0.0,0.75,,0.07,,,0.1,0.0,44.9,0.0,0.16,4.94,0.33,,,,,0.29,0.0,,0.007,0.0,,0.014,0.002,,0.209,,,0.001,,,0.0,0.0,0.0,12.3,,0.0,0.0,0.09,,0.1,0.55,,,0.003,0.025,,0.004,0.0,,0.0,,0.0,,0.0,0.001,0.0,0.001,,,0.0,,0.0,0.0,0.0,,0.0,,0.0,,0.16,104.0,,,,155.0,0.33,,,,,,39.0,0.142,0.03,0.0,0.03,,0.092,0.011,0.265,0.008,0.092,0.001,0.0,0.001,0.0,0.001,0.02,0.0,0.014,0.0,0.01,0.0,4.2,0.18,37.0,,,,,,0.0,,0.002,0.002,0.0,,0.006,0.0,0.0,0.0,0.049,0.15,,,,,,,,,,,0.94,0.05,0.16,0.2,,0.56,0.062,,,,0.0,1.0,,,,,,,89.9,,0.43,,,,,
130,321959,"MILK, 1%(WAVE 22E)",2019-04-01,,0.0,,,0.11,0.12,0.66,0.28,,,,,,,127.0,,,,,,6.0,,,,,,,,0.0,,,0.04,,,,,,,,,,,0.25,0.03,0.7,0.04,,,,7.0,0.0,0.0,,,0.0,0.82,,0.07,,,0.09,0.0,28.1,0.0,0.18,4.7,0.34,,,,,0.3,0.0,,0.009,0.0,,0.019,0.002,,0.215,,,0.001,,,0.0,0.0,0.0,11.9,,0.0,0.0,0.09,,0.1,0.48,,,0.005,0.026,,0.004,0.0,,0.0,,0.0,,0.0,0.001,0.0,0.001,,,0.0,,0.0,0.0,0.0,,0.0,,0.0,,0.17,103.0,,,,150.0,0.35,,,,,,22.0,0.143,0.027,0.0,0.037,,0.115,0.013,0.326,0.006,0.109,0.001,0.0,0.001,0.0,0.0,0.027,0.0,0.021,0.0,0.014,0.0,0.0,0.19,37.0,,,,,,0.0,,0.002,0.003,0.031,,0.005,0.0,0.0,0.0,0.054,0.16,,,,,,,,,,,1.19,0.04,0.17,0.21,,0.53,0.058,,,,0.0,0.0,,,,,,,90.0,,0.42,,,,,
131,321978,"MILK, 1%(WAVE 22E)",2019-04-01,,0.0,,,0.11,0.12,1.23,0.28,,,,0.7,,,130.0,,,0.0,1.0,,5.0,2.9,11.6,0.9,1.7,1.0,18.2,,0.0,0.0,0.0,0.04,,,,,,,,,,,0.19,0.03,0.52,0.04,,,,0.0,0.0,0.0,,,0.0,0.8,,0.07,,,0.09,0.0,22.2,0.0,0.17,5.15,0.34,,0.0,,0.0,0.3,0.0,,0.006,0.0,,0.008,0.001,,0.174,,,0.0,,,0.0,0.0,0.0,12.2,,0.0,0.0,0.09,,0.1,0.5,,,0.003,0.021,,0.003,0.0,,0.0,,0.0,,0.0,0.001,0.0,0.0,,,0.0,,0.0,0.0,0.0,,0.0,,0.0,0.367,0.16,106.0,,,,172.0,0.35,,,,,,37.0,0.122,0.02,0.0,0.022,,0.083,0.009,0.242,0.004,0.089,0.002,0.0,0.0,0.0,0.0,0.02,0.0,0.015,0.0,0.01,0.0,3.6,0.19,44.0,,,,,,0.0,,0.002,0.002,0.03,,0.004,0.0,0.0,0.0,0.053,0.16,0.0,0.0,0.0,0.0,0.0,0.0,0.0,,,,0.92,0.05,0.17,0.21,,0.58,0.054,,,,0.0,1.0,,,0.02,,,,91.8,0.0,0.46,0.0,0.0,0.0,0.0,1.0
132,322001,"MILK, 1%(WAVE 22E)",2019-04-01,,0.0,,,0.09,0.11,0.71,0.23,,,,,,,127.0,,,,,,5.0,,,,,,,,0.0,,,0.03,,,,,,,,,,,0.19,0.03,0.56,0.03,,,,0.0,0.0,0.0,,,0.0,0.67,,0.06,,,0.09,0.0,29.7,0.0,0.14,4.98,0.29,,,,,0.29,0.0,,0.008,0.0,,0.009,0.002,,0.175,,,0.0,,,0.0,0.0,0.0,11.9,,0.0,0.0,0.08,,0.13,0.52,,,0.003,0.025,,0.005,0.0,,0.0,,0.0,,0.0,0.0,0.0,0.001,,,0.0,,0.0,0.0,0.0,,0.0,,0.0,,0.14,103.0,,,,154.0,0.32,,,,,,65.0,0.161,0.025,0.0,0.029,,0.096,0.009,0.251,0.004,0.096,0.001,0.0,0.0,0.0,0.0,0.022,0.0,0.017,0.0,0.011,0.0,0.0,0.16,39.0,,,,,,0.0,,0.001,0.003,0.03,,0.0,0.0,0.0,0.0,0.06,0.13,,,,,,,,,,,1.0,0.05,0.14,0.17,,0.58,0.062,,,,0.0,1.0,,,,,,,90.0,,0.42,,,,,
133,322020,"MILK, 1% (WAVE 22E)",2019-04-01,,0.0,,,0.1,0.12,0.73,0.26,,,,0.8,,,119.0,,,0.0,3.0,,5.0,3.4,10.2,0.9,1.5,0.0,16.0,,0.006,0.0,2.0,0.03,,,,,,,,,,,0.22,0.04,0.68,0.05,,,,0.0,0.0,0.0,,,0.0,0.73,,0.06,,,0.09,0.0,35.9,0.0,0.16,4.98,0.32,,1.0,,0.0,0.3,0.0,,0.008,0.0,,0.017,0.0,,0.193,,,0.002,,,0.0,0.0,0.0,11.6,,0.0,0.003,0.08,,0.08,0.54,,,0.005,0.029,,0.004,0.0,,0.0,,0.0,,0.0,0.001,0.0,0.001,,,0.0,,0.0,0.0,0.0,,0.0,,0.0,,0.16,98.0,,,,158.0,0.29,,,,,,62.0,0.132,0.029,0.0,0.034,,0.108,0.011,0.337,0.005,0.099,0.001,0.0,0.001,0.0,0.0,0.024,0.0,0.019,0.0,0.013,0.0,0.0,0.18,38.0,,,,,,0.0,,0.001,0.004,0.036,,0.005,0.0,0.0,0.0,0.056,0.14,0.0,0.0,0.0,0.0,0.0,0.0,0.0,,,,1.13,0.04,0.15,0.19,,0.68,0.054,,,,0.0,1.0,,,0.05,,,,89.9,0.0,0.44,0.0,0.0,1.0,0.0,2.0
134,322043,"MILK, 1%(WAVE 22E)",2019-04-01,,0.0,,,,,1.55,,,,,,,,,,,,,,6.0,,,,,,,,,,,,,,,,,,,,,,,,,,,,,,,,,,,,,,,,,,27.7,,,,,,,,,,,,,,,,,,,,,,,,,,,,,,,,,,0.63,,,,,,,,,,,,,,,,,,,,,,,,,,,,,,,,,,,,,,,,,,,,,,,,,,,,,,,,,,,,,,,,,,,,,,,,,,,,,,,,,,,,,,,,,,,,,0.94,,,,,,,,,,0.0,1.0,,,,,,,88.2,,,,,,,
135,322049,"MILK, 1%(WAVE 22E)",2019-04-01,,0.0,,,,,0.67,,,,,,,,,,,,,,5.0,,,,,,,,,,,,,,,,,,,,,,,,,,,,,,,,,,,,,,,,,,34.4,,,,,,,,,,,,,,,,,,,,,,,,,,,,,,,,,,0.53,,,,,,,,,,,,,,,,,,,,,,,,,,,,,,,,,,,,,,,,,,,,,,,,,,,,,,,,,,,,,,,,,,,,,,,,,,,,,,,,,,,,,,,,,,,,,0.87,,,,,,,,,,0.0,1.1,,,,,,,86.9,,,,,,,
136,322055,"MILK, 1%(WAVE 22E)",2019-04-01,,0.0,,,,,0.64,,,,,,,,,,,,,,4.0,,,,,,,,,,,,,,,,,,,,,,,,,,,,,,,,,,,,,,,,,,24.7,,,,,,,,,,,,,,,,,,,,,,,,,,,,,,,,,,0.52,,,,,,,,,,,,,,,,,,,,,,,,,,,,,,,,,,,,,,,,,,,,,,,,,,,,,,,,,,,,,,,,,,,,,,,,,,,,,,,,,,,,,,,,,,,,,0.72,,,,,,,,,,0.0,1.1,,,,,,,90.3,,,,,,,
137,322061,"MILK, 1%(WAVE 22E)",2019-04-01,,0.0,,,,,0.78,,,,,,,,,,,,,,5.0,,,,,,,,,,,,,,,,,,,,,,,,,,,,,,,,,,,,,,,,,,33.2,,,,,,,,,,,,,,,,,,,,,,,,,,,,,,,,,,0.5,,,,,,,,,,,,,,,,,,,,,,,,,,,,,,,,,,,,,,,,,,,,,,,,,,,,,,,,,,,,,,,,,,,,,,,,,,,,,,,,,,,,,,,,,,,,,0.94,,,,,,,,,,0.0,1.4,,,,,,,89.9,,,,,,,
138,322067,"MILK, 1%(WAVE 22E)",2019-04-01,,0.0,,,,,0.68,,,,,,,,,,,,,,5.0,,,,,,,,,,,,,,,,,,,,,,,,,,,,,,,,,,,,,,,,,,40.7,,,,,,,,,,,,,,,,,,,,,,,,,,,,,,,,,,0.53,,,,,,,,,,,,,,,,,,,,,,,,,,,,,,,,,,,,,,,,,,,,,,,,,,,,,,,,,,,,,,,,,,,,,,,,,,,,,,,,,,,,,,,,,,,,,0.98,,,,,,,,,,0.0,1.0,,,,,,,90.2,,,,,,,
139,322073,"MILK, 1%(WAVE 22E)",2019-04-01,,0.0,,,,,0.71,,,,,,,,,,,,,,5.0,,,,,,,,,,,,,,,,,,,,,,,,,,,,,,,,,,,,,,,,,,85.2,,,,,,,,,,,,,,,,,,,,,,,,,,,,,,,,,,0.53,,,,,,,,,,,,,,,,,,,,,,,,,,,,,,,,,,,,,,,,,,,,,,,,,,,,,,,,,,,,,,,,,,,,,,,,,,,,,,,,,,,,,,,,,,,,,0.85,,,,,,,,,,0.0,0.9,,,,,,,90.1,,,,,,,
140,322079,"MILK, 1%(WAVE 22E)",2019-04-01,,0.0,,,,,0.91,,,,,,,,,,,,,,5.0,,,,,,,,,,,,,,,,,,,,,,,,,,,,,,,,,,,,,,,,,,28.0,,,,,,,,,,,,,,,,,,,,,,,,,,,,,,,,,,0.5,,,,,,,,,,,,,,,,,,,,,,,,,,,,,,,,,,,,,,,,,,,,,,,,,,,,,,,,,,,,,,,,,,,,,,,,,,,,,,,,,,,,,,,,,,,,,0.92,,,,,,,,,,0.0,1.0,,,,,,,90.2,,,,,,,
141,322085,"MILK, 1%(WAVE 22E)",2019-04-01,,0.0,,,0.11,0.13,0.75,0.28,,,,,,,126.0,,,,,,6.0,,,,,,,,0.005,,,0.04,,,,,,,,,,,0.24,0.04,0.65,0.05,,,,0.0,0.0,0.0,,,0.0,0.78,,0.07,,,0.1,0.0,38.6,0.0,0.17,5.11,0.33,,,,,0.31,0.0,,0.008,0.0,,0.012,0.002,,0.217,,,0.001,,,0.0,0.0,0.0,12.1,,0.0,0.0,0.09,,0.09,0.51,,,0.006,0.033,,0.004,0.0,,0.0,,0.0,,0.0,0.001,0.0,0.001,,,0.0,,0.0,0.0,0.0,,0.001,,0.0,0.33,0.16,103.0,,,,151.0,0.35,,,,,,81.0,0.176,0.028,0.0,0.034,,0.107,0.012,0.292,0.005,0.114,0.001,0.0,0.0,0.0,0.0,0.024,0.0,0.019,0.0,0.012,0.0,3.4,0.19,38.0,,,,,,0.0,,0.002,0.003,0.04,,0.004,0.0,0.0,0.0,0.046,0.15,,,,,,,,,,,1.07,0.05,0.16,0.2,,0.68,0.055,,,,0.0,1.2,,,,,,,89.7,,0.43,,,,,
142,322105,"MILK, 1%(WAVE 22E)",2019-04-01,,0.0,,,0.11,0.12,0.69,0.28,,,,1.0,,,118.0,,,0.0,1.0,,5.0,3.7,9.8,0.8,1.3,1.0,16.5,,0.0,0.0,0.0,0.03,,,,,,,,,,,0.19,0.03,0.51,0.04,,,,0.0,0.0,0.0,,,0.0,0.75,,0.06,,,0.1,0.0,41.8,0.0,0.16,4.78,0.32,,0.0,,0.0,0.27,0.0,,0.006,0.0,,0.012,0.001,,0.167,,,0.001,,,0.0,0.0,0.0,11.0,,0.0,0.0,0.09,,0.14,0.52,,,0.003,0.024,,0.002,0.0,,0.0,,0.0,,0.0,0.001,0.0,0.001,,,0.0,,0.0,0.0,0.0,,0.0,,0.0,0.345,0.16,95.0,,,,157.0,0.34,,,,,,51.0,0.122,0.0,0.0,0.026,,0.081,0.009,0.247,0.007,0.09,0.001,0.0,0.0,0.0,0.0,0.021,0.0,0.015,0.0,0.009,0.0,0.0,0.19,37.0,,,,,,0.0,,0.001,0.002,0.027,,0.004,0.0,0.0,0.0,0.059,0.16,0.0,0.0,0.0,0.0,0.0,0.0,0.0,,,,0.87,0.04,0.16,0.2,,0.7,0.06,,,,0.0,1.0,,,0.01,,,,88.9,0.0,0.44,0.0,0.0,0.0,0.0,1.0
143,322128,"MILK, 1%(WAVE 22E)",2019-04-01,,0.0,,,0.1,0.12,1.06,0.27,,,,0.6,,,122.0,,,0.0,1.0,,5.0,2.6,11.2,0.8,1.8,0.8,17.1,,0.0,0.0,0.0,0.04,,,,,,,,,,,0.2,0.03,0.5,0.03,,,,0.0,0.0,0.0,,,0.0,0.78,,0.06,,,0.09,0.0,32.3,0.0,0.17,4.59,0.32,,0.0,,0.0,0.29,0.0,,0.006,0.0,,0.012,0.001,,0.176,,,0.0,,,0.0,0.0,0.0,11.7,,0.0,0.0,0.09,,0.11,0.49,,,0.003,0.023,,0.003,0.0,,0.0,,0.0,,0.0,0.001,0.0,0.001,,,0.0,,0.0,0.0,0.0,,0.0,,0.0,,0.16,99.0,,,,154.0,0.33,,,,,,81.0,0.133,0.019,0.0,0.025,,0.08,0.009,0.227,0.004,0.088,0.001,0.0,0.0,0.0,0.0,0.021,0.0,0.014,0.0,0.009,0.0,3.0,0.18,39.0,,,,,,0.0,,0.001,0.002,0.025,,0.004,0.0,0.0,0.0,0.062,0.15,0.0,0.0,0.0,0.0,0.0,0.0,0.0,,,,0.84,0.04,0.16,0.19,,0.52,0.06,,,,0.0,1.3,,,0.01,,,,90.6,0.0,0.37,0.0,0.0,0.0,0.0,1.0
144,322150,"MILK, 1%(WAVE 22E)",2019-04-01,,0.0,,,0.13,0.15,0.69,0.33,,,,1.6,,,132.0,,,0.0,1.0,,5.0,2.4,10.2,0.9,2.4,1.0,16.9,,0.0,0.0,0.0,0.03,,,,,,,,,,,0.2,0.03,0.55,0.03,,,,7.0,0.0,0.0,,,0.0,0.93,,0.08,,,0.12,0.0,45.3,0.0,0.2,4.95,0.4,,0.0,,0.0,0.37,0.0,,0.007,0.0,,0.013,0.002,,0.176,,,0.002,,,0.0,0.0,0.0,12.4,,0.0,0.0,0.11,,0.1,0.54,,,0.003,0.022,,0.003,0.0,,0.0,,0.0,,0.0,0.002,0.0,0.001,,,0.0,,0.0,0.0,0.0,,0.001,,0.0,0.392,0.2,106.0,,,,161.0,0.39,,,,,,60.0,0.158,0.028,0.0,0.027,,0.086,0.011,0.254,0.007,0.089,0.001,0.0,0.0,0.0,0.0,0.019,0.0,0.014,0.0,0.009,0.0,3.5,0.23,38.0,,,,,,0.0,,0.001,0.002,0.02,,0.005,0.0,0.0,0.0,0.055,0.18,0.0,0.0,0.0,0.0,0.0,0.0,0.0,,,,0.89,0.04,0.19,0.24,,0.84,0.062,,,,0.0,1.1,,,0.02,,,,89.9,0.0,0.44,0.0,0.0,0.0,0.0,1.0
145,322173,"MILK, 1%(WAVE 22E)",2019-04-01,,0.0,,,,,0.52,,,,,0.7,,,,,,0.0,2.0,,5.0,2.8,12.7,0.9,1.9,1.1,19.4,,,0.0,0.0,,,,,,,,,,,,,,,,,,,,,,,,,,,,,,,,12.9,,,,,,0.0,,0.0,,,,,,,,,,,,,,,,,,,,,,,,,,0.53,,,,,,,,,,,,,,,,,,,,,,,,,,,,,,,,,,,,,,,,,,,,,,,,,,,,,,,,,,,,,,,,,,,,,,,,,,,,,,,,,,,0.0,0.0,0.0,0.0,0.0,0.0,0.0,,,,0.91,,,,,,,,,,0.0,0.9,,,0.04,,,,89.4,0.0,,0.0,0.0,0.0,0.0,1.0
146,322182,"MILK, 1%(WAVE 22E)",2019-04-01,,0.0,,,,,0.68,,,,,,,,,,,,,,5.0,,,,,,,,,,,,,,,,,,,,,,,,,,,,,,,,,,,,,,,,,,47.6,,,,,,,,,,,,,,,,,,,,,,,,,,,,,,,,,,0.53,,,,,,,,,,,,,,,,,,,,,,,,,,,,,,,,,,,,,,,,,,,,,,,,,,,,,,,,,,,,,,,,,,,,,,,,,,,,,,,,,,,,,,,,,,,,,0.96,,,,,,,,,,0.0,1.0,,,,,,,88.7,,,,,,,
147,322188,"MILK, 1%(WAVE 22E)",2019-04-01,,0.0,,,0.11,0.12,0.73,0.29,,,,,,,111.0,,,,,,5.0,,,,,,,,0.0,,,0.03,,,,,,,,,,,0.17,0.03,0.5,0.03,,,,0.0,0.0,0.0,,,0.0,0.77,,0.07,,,0.1,0.0,62.5,0.0,0.16,4.83,0.32,,,,,0.28,0.0,,0.007,0.0,,0.007,0.002,,0.148,,,0.002,,,0.0,0.0,0.0,10.5,,0.0,0.0,0.08,,0.14,0.53,,,0.003,0.022,,0.003,0.0,,0.0,,0.0,,0.0,0.0,0.0,0.001,,,0.0,,0.0,0.0,0.0,,0.0,,0.0,,0.16,93.0,,,,150.0,0.34,,,,,,68.0,0.14,0.023,0.0,0.027,,0.086,0.009,0.233,0.005,0.078,0.001,0.0,0.001,0.0,0.0,0.018,0.0,0.014,0.0,0.01,0.0,3.1,0.2,36.0,,,,,,0.0,,0.001,0.002,0.024,,0.003,0.0,0.0,0.0,0.053,0.16,,,,,,,,,,,0.87,0.04,0.16,0.21,,0.53,0.065,,,,0.0,1.1,,,,,,,90.6,,0.4,,,,,
148,322207,"MILK, 1%(WAVE 22E)",2019-04-01,,0.0,,,0.11,0.13,1.08,0.3,,,,,,,128.0,,,,,,5.0,,,,,,,,0.0,,,0.04,,,,,,,,,,,0.24,0.03,0.56,0.04,,,,0.0,0.0,0.0,,,0.0,0.86,,0.07,,,0.1,0.0,20.8,0.0,0.18,4.69,0.35,,,,,0.32,0.0,,0.009,0.0,,0.017,0.002,,0.216,,,0.001,,,0.0,0.0,0.0,12.3,,0.0,0.0,0.09,,0.14,0.52,,,0.004,0.024,,0.003,0.0,,0.0,,0.0,,0.0,0.002,0.0,0.001,,,0.0,,0.0,0.0,0.0,,0.0,,0.0,0.382,0.17,108.0,,,,157.0,0.36,,,,,,64.0,0.114,0.024,0.0,0.0,,0.102,0.012,0.282,0.005,0.102,0.001,0.0,0.0,0.0,0.0,0.021,0.0,0.0,0.0,0.011,0.0,0.0,0.2,38.0,,,,,,0.0,,0.002,0.003,0.031,,0.004,0.0,0.0,0.0,0.061,0.16,,,,,,,,,,,1.025,0.04,0.17,0.22,,0.51,0.065,,,,0.0,1.1,,,,,,,89.9,,0.42,,,,,
149,322229,"MILK, SKIM (WAVE 22E)",2019-04-01,,0.0,,,,,0.74,,,,,,,,,,,,,,3.0,,,,,,,,,,,,,,,,,,,,,,,,,,,,,,,,,,,,,,,,,,37.8,,,,,,,,,,,,,,,,,,,,,,,,,,,,,,,,,,0.55,,,,,,,,,,,,,,,,,,,,,,,,,,,,,,,,,,,,,,,,,,,,,,,,,,,,,,,,,,,,,,,,,,,,,,,,,,,,,,,,,,,,,,,,,,,,,0.06,,,,,,,,,,0.0,1.1,,,,,,,90.3,,,,,,,
150,322236,"MILK, SKIM (WAVE 22E)",2019-04-01,,0.0,,,,,0.72,,,,,,,,,,,,,,3.0,,,,,,,,,,,,,,,,,,,,,,,,,,,,,,,,,,,,,,,,,,15.350000000000001,,,,,,,,,,,,,,,,,,,,,,,,,,,,,,,,,,0.53,,,,,,,,,,,,,,,,,,,,,,,,,,,,,,,,,,,,,,,,,,,,,,,,,,,,,,,,,,,,,,,,,,,,,,,,,,,,,,,,,,,,,,,,,,,,,0.08,,,,,,,,,,0.0,0.8,,,,,,,90.8,,,,,,,
151,322243,"MILK, SKIM (WAVE 22E)",2019-04-01,,0.0,,,,,0.74,,,,,,,,,,,,,,2.0,,,,,,,,,,,,,,,,,,,,,,,,,,,,,,,,,,,,,,,,,,54.7,,,,,,,,,,,,,,,,,,,,,,,,,,,,,,,,,,0.57,,,,,,,,,,,,,,,,,,,,,,,,,,,,,,,,,,,,,,,,,,,,,,,,,,,,,,,,,,,,,,,,,,,,,,,,,,,,,,,,,,,,,,,,,,,,,0.03,,,,,,,,,,0.0,1.6,,,,,,,90.6,,,,,,,
152,322249,"MILK, SKIM (WAVE 22E)",2019-04-01,,0.0,,,0.11,0.12,0.93,0.27,,,,,,,127.0,,,,,,2.0,,,,,,,,0.0,,,0.03,,,,,,,,,,,0.01,0.0,0.05,0.0,,,,6.0,0.0,0.0,,,0.0,0.76,,0.07,,,0.09,0.0,46.4,0.0,0.16,4.98,0.32,,,,,0.31,0.0,,0.0,0.0,,0.001,0.0,,0.01,,,0.0,,,0.0,0.0,0.0,12.0,,0.0,0.0,0.09,,0.11,0.52,,,0.0,0.003,,0.0,0.0,,0.0,,0.0,,0.0,0.0,0.0,0.0,,,0.0,,0.0,0.0,0.0,,0.0,,0.0,,0.15,103.0,,,,151.0,0.3,,,,,,76.0,0.199,0.008,0.0,0.003,,0.007,0.001,0.018,0.003,0.008,0.0,0.0,0.0,0.0,0.0,0.003,0.0,0.0,0.0,0.001,0.0,0.0,0.18,38.0,,,,,,0.0,,0.0,0.0,0.0,,0.0,0.0,0.0,0.0,0.052,0.15,,,,,,,,,,,0.09,0.05,0.15,0.2,,0.64,0.051,,,,0.0,1.5,,,,,,,91.0,,0.41,,,,,
153,322268,"MILK, SKIM (WAVE 22E)",2019-04-01,,0.0,,,0.12,0.13,0.73,0.3,,,,,,,123.0,,,,,,2.0,,,,,,,,0.0,,,0.04,,,,,,,,,,,0.02,0.01,0.05,0.0,,,,0.0,0.0,0.0,,,0.0,0.81,,0.07,,,0.11,0.0,27.6,0.0,0.19,5.05,0.34,,,,,0.27,0.0,,0.001,0.0,,0.001,0.0,,0.02,,,0.0,,,0.0,0.0,0.0,11.3,,0.0,0.0,0.09,,0.18,0.55,,,0.0,0.007,,0.0,0.0,,0.0,,0.0,,0.0,0.0,0.0,0.0,,,0.0,,0.0,0.0,0.0,,0.0,,0.0,,0.17,99.0,,,,156.0,0.35,,,,,,73.0,0.149,0.0,0.0,0.003,,0.007,0.001,0.021,0.003,0.009,0.0,0.0,0.001,0.0,0.0,0.003,0.0,0.001,0.0,0.001,0.0,3.3,0.2,39.0,,,,,,0.0,,0.0,0.0,0.0,,0.0,0.0,0.0,0.0,0.06,0.16,,,,,,,,,,,0.07,0.04,0.17,0.23,,0.44,0.055,,,,0.0,1.4,,,,,,,90.8,,0.42,,,,,
154,322287,"MILK, SKIM (WAVE 22E)",2019-04-01,,0.0,,,0.12,0.13,0.69,0.3,,,,,,,129.0,,,,,,3.0,,,,,,,,0.005,,,0.03,,,,,,,,,,,0.03,0.01,0.09,0.0,,,,0.0,0.0,0.0,,,0.0,0.82,,0.07,,,0.1,0.0,48.7,0.0,0.18,4.72,0.34,,,,,0.29,0.0,,0.001,0.0,,0.002,0.0,,0.027,,,0.0,,,0.0,0.0,0.0,12.2,,0.0,0.0,0.09,,0.1,0.54,,,0.0,0.006,,0.001,0.0,,0.0,,0.0,,0.0,0.0,0.0,0.0,,,0.0,,0.0,0.0,0.0,,0.0,,0.0,,0.17,105.0,,,,170.0,0.35,,,,,,36.0,0.13,0.004,0.0,0.004,,0.015,0.002,0.04,0.0,0.014,0.0,0.0,0.0,0.0,0.0,0.005,0.0,0.002,0.0,0.002,0.0,4.3,0.21,41.0,,,,,,0.0,,0.0,0.0,0.0,,0.0,0.0,0.0,0.0,0.052,0.17,,,,,,,,,,,0.14,0.05,0.17,0.22,,0.6,0.06,,,,0.0,0.9,,,,,,,90.8,,0.46,,,,,
155,322306,"MILK, SKIM (WAVE 22E)",2019-04-01,,0.0,,,0.1,0.13,1.07,0.25,,,,0.8,,,128.0,,,1.0,5.0,,2.0,3.1,12.1,0.8,2.2,0.9,19.0,,0.0,0.0,0.0,0.04,,,,,,,,,,,0.01,0.0,0.04,0.0,,,,0.0,0.0,0.0,,,0.0,0.71,,0.07,,,0.09,0.0,43.1,0.0,0.16,4.88,0.31,,2.0,,0.0,0.31,0.0,,0.0,0.0,,0.001,0.0,,0.01,,,0.0,,,0.0,0.0,0.0,12.3,,0.0,0.0,0.08,,0.1,0.51,,,0.001,0.004,,0.0,0.0,,0.0,,0.0,,0.0,0.0,0.0,0.0,,,0.0,,0.0,0.0,0.0,,0.0,,0.0,0.359,0.15,104.0,,,,160.0,0.33,,,,,,66.0,0.127,0.0,0.0,0.002,,0.005,0.001,0.015,0.002,0.007,0.0,0.0,0.0,0.0,0.0,0.002,0.0,0.0,0.0,0.001,0.0,3.2,0.17,40.0,,,,,,0.0,,0.0,0.0,0.0,,0.0,0.0,0.0,0.0,0.054,0.14,0.0,0.0,0.0,0.0,0.0,0.0,0.0,,,,0.07,0.04,0.15,0.19,,0.67,0.056,,,,0.0,1.4,,,0.02,,,,91.1,1.0,0.43,0.0,0.0,1.0,0.0,4.0
156,322329,"MILK, SKIM (WAVE 22E)",2019-04-01,,0.0,,,0.12,0.13,0.74,0.3,,,,,,,118.0,,,,,,3.0,,,,,,,,0.0,,,0.03,,,,,,,,,,,0.02,0.01,0.05,0.0,,,,0.0,0.0,0.0,,,0.0,0.8,,0.07,,,0.1,0.0,22.4,0.0,0.17,4.94,0.34,,,,,0.29,0.0,,0.0,0.0,,0.001,0.0,,0.022,,,0.0,,,0.0,0.0,0.0,11.6,,0.0,0.0,0.09,,0.13,0.56,,,0.0,0.006,,0.0,0.0,,0.0,,0.0,,0.0,0.0,0.0,0.0,,,0.0,,0.0,0.0,0.0,,0.0,,0.0,0.33,0.16,97.0,,,,159.0,0.36,,,,,,74.0,0.116,0.0,0.0,0.003,,0.007,0.001,0.022,0.003,0.01,0.0,0.0,0.0,0.0,0.0,0.003,0.0,0.001,0.0,0.001,0.0,3.6,0.21,40.0,,,,,,0.0,,0.0,0.0,0.002,,0.0,0.0,0.0,0.0,0.062,0.17,,,,,,,,,,,0.08,0.04,0.16,0.21,,0.48,0.059,,,,0.0,1.4,,,,,,,90.5,,0.39,,,,,
157,322349,"MILK, SKIM (WAVE 22E)",2019-04-01,,0.0,,,0.11,0.12,0.74,0.27,,,,0.8,,,134.0,,,0.0,0.0,,2.0,3.5,10.7,0.8,1.6,0.9,17.5,,0.006,0.0,0.0,0.04,,,,,,,,,,,0.01,0.01,0.04,0.0,,,,0.0,0.0,0.0,,,0.0,0.77,,0.07,,,0.09,0.0,40.7,0.0,0.16,5.04,0.32,,0.0,,0.0,0.3,0.0,,0.0,0.0,,0.0,0.0,,0.014,,,0.0,,,0.0,0.0,0.0,13.0,,0.0,0.0,0.09,,0.1,0.49,,,0.0,0.003,,0.0,0.0,,0.0,,0.0,,0.002,0.0,0.0,0.0,,,0.0,,0.0,0.0,0.0,,0.0,,0.0,,0.15,109.0,,,,160.0,0.3,,,,,,62.0,0.134,0.003,0.0,0.001,,0.005,0.001,0.018,0.0,0.006,0.0,0.0,0.0,0.0,0.0,0.002,0.0,0.0,0.0,0.001,0.0,3.2,0.18,40.0,,,,,,0.0,,0.0,0.0,0.0,,0.0,0.0,0.0,0.0,0.054,0.15,0.0,0.0,0.0,0.0,0.0,0.0,0.0,,,,0.09,0.05,0.15,0.2,,0.72,0.056,,,,0.0,1.0,,,0.0,,,,90.8,0.0,0.45,0.0,0.0,0.0,0.0,0.0
158,322373,"MILK, SKIM (WAVE 22E)",2019-04-01,,0.0,,,,,0.74,,,,,,,,,,,,,,2.0,,,,,,,,,,,,,,,,,,,,,,,,,,,,,,,,,,,,,,,,,,36.8,,,,,,,,,,,,,,,,,,,,,,,,,,,,,,,,,,0.56,,,,,,,,,,,,,,,,,,,,,,,,,,,,,,,,,,,,,,,,,,,,,,,,,,,,,,,,,,,,,,,,,,,,,,,,,,,,,,,,,,,,,,,,,,,,,0.05,,,,,,,,,,0.0,1.0,,,,,,,90.8,,,,,,,
159,322379,"MILK, SKIM (WAVE 22E)",2019-04-01,,0.0,,,,,0.93,,,,,,,,,,,,,,3.0,,,,,,,,,,,,,,,,,,,,,,,,,,,,,,,,,,,,,,,,,,43.8,,,,,,,,,,,,,,,,,,,,,,,,,,,,,,,,,,0.5,,,,,,,,,,,,,,,,,,,,,,,,,,,,,,,,,,,,,,,,,,,,,,,,,,,,,,,,,,,,,,,,,,,,,,,,,,,,,,,,,,,,,,,,,,,,,0.095,,,,,,,,,,0.0,0.8,,,,,,,91.2,,,,,,,
160,322386,"MILK, SKIM (WAVE 22E)",2019-04-01,,0.0,,,,,0.75,,,,,,,,,,,,,,3.0,,,,,,,,,,,,,,,,,,,,,,,,,,,,,,,,,,,,,,,,,,28.6,,,,,,,,,,,,,,,,,,,,,,,,,,,,,,,,,,0.57,,,,,,,,,,,,,,,,,,,,,,,,,,,,,,,,,,,,,,,,,,,,,,,,,,,,,,,,,,,,,,,,,,,,,,,,,,,,,,,,,,,,,,,,,,,,,0.04,,,,,,,,,,0.0,1.3,,,,,,,90.8,,,,,,,
161,322392,"MILK, SKIM (WAVE 22E)",2019-04-01,,0.0,,,,,0.75,,,,,,,,,,,,,,3.0,,,,,,,,,,,,,,,,,,,,,,,,,,,,,,,,,,,,,,,,,,19.9,,,,,,,,,,,,,,,,,,,,,,,,,,,,,,,,,,0.5,,,,,,,,,,,,,,,,,,,,,,,,,,,,,,,,,,,,,,,,,,,,,,,,,,,,,,,,,,,,,,,,,,,,,,,,,,,,,,,,,,,,,,,,,,,,,0.1,,,,,,,,,,0.0,1.0,,,,,,,90.7,,,,,,,
162,322398,"MILK, SKIM (WAVE 22E)",2019-04-01,,0.0,,,,,0.76,,,,,,,,,,,,,,3.0,,,,,,,,,,,,,,,,,,,,,,,,,,,,,,,,,,,,,,,,,,29.8,,,,,,,,,,,,,,,,,,,,,,,,,,,,,,,,,,0.49,,,,,,,,,,,,,,,,,,,,,,,,,,,,,,,,,,,,,,,,,,,,,,,,,,,,,,,,,,,,,,,,,,,,,,,,,,,,,,,,,,,,,,,,,,,,,0.1,,,,,,,,,,0.0,0.9,,,,,,,90.8,,,,,,,
163,322404,"MILK, SKIM (WAVE 22E)",2019-04-01,,0.0,,,,,0.79,,,,,,,,,,,,,,2.0,,,,,,,,,,,,,,,,,,,,,,,,,,,,,,,,,,,,,,,,,,32.1,,,,,,,,,,,,,,,,,,,,,,,,,,,,,,,,,,0.52,,,,,,,,,,,,,,,,,,,,,,,,,,,,,,,,,,,,,,,,,,,,,,,,,,,,,,,,,,,,,,,,,,,,,,,,,,,,,,,,,,,,,,,,,,,,,0.1,,,,,,,,,,0.0,1.0,,,,,,,90.8,,,,,,,
164,322410,"MILK, SKIM (WAVE 22E)",2019-04-01,,0.0,,,,,0.65,,,,,,,,,,,,,,2.0,,,,,,,,,,,,,,,,,,,,,,,,,,,,,,,,,,,,,,,,,,65.1,,,,,,,,,,,,,,,,,,,,,,,,,,,,,,,,,,0.52,,,,,,,,,,,,,,,,,,,,,,,,,,,,,,,,,,,,,,,,,,,,,,,,,,,,,,,,,,,,,,,,,,,,,,,,,,,,,,,,,,,,,,,,,,,,,0.05,,,,,,,,,,0.0,1.0,,,,,,,91.2,,,,,,,
165,322416,"MILK, SKIM (WAVE 22E)",2019-04-01,,0.0,,,0.14,0.15,0.52,0.34,,,,0.9,,,126.0,,,0.0,4.0,,3.0,3.4,10.7,0.7,1.6,0.9,17.2,,0.0,0.0,0.0,0.04,,,,,,,,,,,0.04,0.01,0.05,0.0,,,,0.0,0.0,0.0,,,0.0,0.99,,0.08,,,0.11,0.0,28.3,0.0,0.22,5.29,0.41,,2.0,,0.0,0.36,0.0,,0.0,0.0,,0.001,0.0,,0.036,,,0.0,,,0.0,0.0,0.0,12.2,,0.0,0.0,0.11,,0.1,0.53,,,0.0,0.008,,0.0,0.0,,0.0,,0.0,,0.0,0.0,0.0,0.0,,,0.0,,0.0,0.0,0.0,,0.0,,0.0,0.38,0.2,102.0,,,,154.0,0.4,,,,,,56.0,0.131,0.0,0.0,0.001,,0.008,0.002,0.023,0.0,0.01,0.0,0.0,0.0,0.0,0.0,0.004,0.0,0.001,0.0,0.002,0.0,0.0,0.23,39.0,,,,,,0.0,,0.0,0.0,0.003,,0.0,0.0,0.0,0.0,0.048,0.19,0.0,0.0,0.0,0.0,0.0,0.0,0.0,,,,0.08,0.06,0.2,0.26,,0.49,0.057,,,,0.0,1.0,,,0.0,,,,90.8,1.0,0.42,0.0,0.0,2.0,0.0,2.0
166,322439,"MILK, SKIM (WAVE 22E)",2019-04-01,,0.0,,,,,1.3,,,,,0.6,,,,,,0.0,0.0,,3.0,3.3,13.1,0.8,2.0,1.0,20.3,,,0.0,0.0,,,,,,,,,,,,,,,,,,,,,,,,,,,,,,,,20.0,,,,,,0.0,,0.0,,,,,,,,,,,,,,,,,,,,,,,,,,0.55,,,,,,,,,,,,,,,,,,,,,,,,,,,,,,,,,,,,,,,,,,,,,,,,,,,,,,,,,,,,,,,,,,,,,,,,,,,,,,,,,,,0.0,0.0,0.0,0.0,0.0,0.0,0.0,,,,0.15,,,,,,,,,,0.0,0.9,,,0.0,,,,91.2,0.0,,0.0,0.0,0.0,0.0,0.0
167,322448,"MILK, SKIM (WAVE 22E)",2019-04-01,,0.0,,,0.12,0.13,0.69,0.3,,,,0.9,,,144.0,,,0.0,0.0,,3.0,3.2,11.8,0.8,2.4,1.0,19.2,,0.006,0.0,0.0,0.03,,,,,,,,,,,0.01,0.0,0.03,0.0,,,,6.0,0.0,0.0,,,0.0,0.84,,0.07,,,0.11,0.0,29.6,0.0,0.18,4.87,0.35,,0.0,,0.0,0.3,0.0,,0.0,0.0,,0.001,0.0,,0.011,,,0.0,,,0.0,0.0,0.0,13.4,,0.0,0.003,0.09,,0.13,0.55,,,0.0,0.003,,0.0,0.0,,0.0,,0.0,,0.0,0.0,0.0,0.0,,,0.0,,0.0,0.0,0.0,,0.0,,0.0,0.455,0.17,118.0,,,,186.0,0.36,,,,,,53.0,0.139,0.001,0.0,0.002,,0.005,0.001,0.015,0.0,0.005,0.0,0.0,0.0,0.0,0.0,0.003,0.0,0.001,0.0,0.0,0.0,3.4,0.21,46.0,,,,,,0.0,,0.0,0.0,0.0,,0.0,0.0,0.0,0.0,0.06,0.17,0.0,0.0,0.0,0.0,0.0,0.0,0.0,,,,0.06,0.04,0.17,0.23,,0.54,0.064,,,,0.0,1.0,,,0.0,,,,92.8,0.0,0.52,0.0,0.0,0.0,0.0,0.0
168,322471,"MILK, SKIM (WAVE 22E)",2019-04-01,,0.0,,,0.14,0.15,0.82,0.35,,,,,,,153.0,,,,,,3.0,,,,,,,,0.006,,,0.05,,,,,,,,,,,0.02,0.01,0.08,0.0,,,,6.0,0.0,0.0,,,0.0,1.01,,0.08,,,0.11,0.0,46.3,0.0,0.22,5.58,0.42,,,,,0.37,0.0,,0.001,0.0,,0.001,0.0,,0.021,,,0.0,,,0.0,0.0,0.0,14.5,,0.0,0.003,0.11,,0.11,0.65,,,0.0,0.005,,0.0,0.0,,0.0,,0.0,,0.0,0.0,0.0,0.0,,,0.0,,0.0,0.0,0.0,,0.0,,0.0,0.371,0.2,122.0,,,,184.0,0.41,,,,,,89.0,0.188,0.004,0.0,0.004,,0.014,0.002,0.035,0.0,0.015,0.0,0.0,0.0,0.0,0.0,0.005,0.0,0.002,0.0,0.001,0.0,3.2,0.24,47.0,,,,,,0.0,,0.0,0.0,0.001,,0.0,0.0,0.0,0.0,0.055,0.19,,,,,,,,,,,0.16499999999999998,0.06,0.2,0.26,,0.6,0.072,,,,0.0,1.4,,,,,,,89.3,,0.52,,,,,
169,322492,"MILK, SKIM (WAVE 22E)",2019-04-01,,0.0,,,0.11,0.13,0.75,0.3,,,,1.6,,,132.0,,,0.0,0.0,,2.0,2.0,10.6,0.6,2.1,0.8,16.0,,0.0,0.0,0.0,0.04,,,,,,,,,,,0.0,0.0,0.04,0.0,,,,6.0,0.0,0.0,,,0.0,0.8,,0.06,,,0.1,0.0,24.0,0.0,0.18,4.99,0.33,,1.0,,0.0,0.25,0.0,,0.0,0.0,,0.0,0.0,,0.005,,,0.0,,,0.0,0.0,0.0,12.6,,0.0,0.0,0.09,,0.12,0.47,,,0.0,0.002,,0.0,0.0,,0.0,,0.0,,0.0,0.0,0.0,0.0,,,0.0,,0.0,0.0,0.0,,0.0,,0.0,,0.16,107.0,,,,186.0,0.33,,,,,,81.0,0.133,0.002,0.0,0.001,,0.006,0.001,0.016,0.0,0.007,0.0,0.0,0.0,0.0,0.0,0.003,0.0,0.0,0.0,0.001,0.0,0.0,0.2,44.0,,,,,,0.0,,0.0,0.0,0.0,,0.0,0.0,0.0,0.0,0.062,0.16,0.0,0.0,0.0,0.0,0.0,0.0,0.0,,,,0.06,0.04,0.16,0.21,,0.54,0.052,,,,0.0,1.2,,,0.0,,,,91.0,1.0,0.42,0.0,0.0,0.0,0.0,0.0
170,322514,"MILK, SKIM (WAVE 22E)",2019-04-01,,0.0,,,,,0.5,,,,,,,,,,,,,,2.0,,,,,,,,,,,,,,,,,,,,,,,,,,,,,,,,,,,,,,,,,,39.6,,,,,,,,,,,,,,,,,,,,,,,,,,,,,,,,,,0.59,,,,,,,,,,,,,,,,,,,,,,,,,,,,,,,,,,,,,,,,,,,,,,,,,,,,,,,,,,,,,,,,,,,,,,,,,,,,,,,,,,,,,,,,,,,,,0.06,,,,,,,,,,0.0,1.0,,,,,,,91.4,,,,,,,
171,322520,"MILK, SKIM (WAVE 22E)",2019-04-01,,0.0,,,0.11,0.12,0.5,0.28,,,,,,,129.0,,,,,,2.0,,,,,,,,0.0,,,0.04,,,,,,,,,,,0.02,0.01,0.04,0.0,,,,0.0,0.0,0.0,,,0.0,0.81,,0.07,,,0.09,0.0,47.5,0.0,0.17,5.22,0.33,,,,,0.3,0.0,,0.0,0.0,,0.0,0.0,,0.022,,,0.0,,,0.0,0.0,0.0,12.2,,0.0,0.0,0.09,,0.11,0.53,,,0.0,0.007,,0.0,0.0,,0.0,,0.0,,0.0,0.0,0.0,0.0,,,0.0,,0.0,0.0,0.0,,0.0,,0.0,,0.16,107.0,,,,160.0,0.33,,,,,,57.0,0.128,0.0,0.0,0.001,,0.007,0.002,0.021,0.0,0.008,0.0,0.0,0.0,0.0,0.0,0.004,0.0,0.001,0.0,0.001,0.0,0.0,0.19,38.0,,,,,,0.0,,0.0,0.0,0.0,,0.0,0.0,0.0,0.0,0.052,0.16,,,,,,,,,,,0.08,0.05,0.16,0.21,,0.63,0.057,,,,0.0,0.8,,,,,,,89.7,,0.43,,,,,
172,322539,"MILK, SKIM (WAVE 22E)",2019-04-01,,0.0,,,0.12,0.13,0.93,0.33,,,,,,,135.0,,,,,,2.0,,,,,,,,0.0,,,0.04,,,,,,,,,,,0.01,0.0,0.03,0.0,,,,0.0,0.0,0.0,,,0.0,0.86,,0.07,,,0.11,0.0,29.0,0.0,0.19,5.03,0.35,,,,,0.27,0.0,,0.0,0.0,,0.0,0.0,,0.009,,,0.0,,,0.0,0.0,0.0,12.6,,0.0,0.003,0.1,,0.13,0.55,,,0.0,0.003,,0.0,0.0,,0.0,,0.0,,0.0,0.0,0.0,0.0,,,0.0,,0.0,0.0,0.0,,0.0,,0.0,0.433,0.18,113.0,,,,180.0,0.35,,,,,,48.0,0.0,0.002,0.0,0.002,,0.005,0.001,0.013,0.0,0.006,0.0,0.0,0.0,0.0,0.0,0.002,0.0,0.0,0.0,0.002,0.0,0.0,0.21,44.0,,,,,,0.0,,0.0,0.0,0.0,,0.0,0.0,0.0,0.0,0.059,0.18,,,,,,,,,,,0.06,0.05,0.18,0.24,,0.58,0.061,,,,0.0,1.0,,,,,,,90.8,,0.48,,,,,
173,322560,"MILK, WHOLE (WAVE 22E)",2019-04-01,,0.0,,,,,0.65,,,,,,,,,,,,,,12.0,,,,,,,,,,,,,,,,,,,,,,,,,,,,,,,,,,,,,,,,,,17.6,,,,,,,,,,,,,,,,,,,,,,,,,,,,,,,,,,0.53,,,,,,,,,,,,,,,,,,,,,,,,,,,,,,,,,,,,,,,,,,,,,,,,,,,,,,,,,,,,,,,,,,,,,,,,,,,,,,,,,,,,,,,,,,,,,3.34,,,,,,,,,,0.0,1.1,,,,,,,87.9,,,,,,,
174,322566,"MILK, WHOLE (WAVE 22E)",2019-04-01,,0.0,,,0.1,0.12,1.03,0.27,,,,0.7,,,121.0,,,0.0,5.0,,12.0,3.1,10.6,1.3,1.7,1.4,18.0,,0.0,0.0,0.0,0.03,,,,,,,,,,,0.67,0.1,1.9,0.1,,,,0.0,0.0,0.0,,,0.0,0.73,,0.07,,,0.09,0.0,48.6,0.0,0.16,4.88,0.31,,1.0,,0.0,0.29,0.001,,0.024,0.0,,0.039,0.005,,0.596,,,0.004,,,0.0,0.0,0.0,12.0,,0.0,0.0,0.09,,0.1,0.5,,,0.013,0.081,,0.009,0.001,,0.001,,0.001,,0.0,0.004,0.0,0.005,,,0.001,,0.0,0.0,0.001,,0.001,,0.0,,0.15,100.0,,,,146.0,0.3,,,,,,27.0,0.139,0.087,0.0,0.097,,0.301,0.031,0.898,0.019,0.306,0.004,0.001,0.001,0.0,0.001,0.068,0.0,0.055,0.0,0.034,0.0,0.0,0.18,38.0,,,,,,0.0,,0.004,0.008,0.07,,0.017,0.0,0.0,0.0,0.054,0.14,0.0,0.0,0.0,0.0,0.0,0.0,0.0,,,,3.15,0.04,0.15,0.19,,0.55,0.056,,,,0.0,1.0,,,0.04,,,,88.0,0.0,0.43,0.0,0.0,1.0,0.0,4.0
175,322588,"MILK, WHOLE (WAVE 22E)",2019-04-01,,0.0,,,0.11,0.12,0.69,0.26,,,,0.8,,,127.0,,,0.0,10.0,,12.0,3.0,9.8,1.4,1.8,1.5,17.5,,0.0,0.0,0.0,0.04,,,,,,,,,,,0.68,0.1,1.9,0.14,,,,0.0,0.0,0.0,,,0.0,0.75,,0.07,,,0.09,0.0,53.8,0.0,0.17,5.37,0.33,,7.0,,0.0,0.29,0.001,,0.026,0.0,,0.044,0.006,,0.601,,,0.003,,,0.0,0.0,0.0,12.1,,0.0,0.0,0.09,,0.11,0.51,,,0.015,0.078,,0.012,0.0,,0.0,,0.001,,0.0,0.004,0.0,0.005,,,0.0,,0.0,0.0,0.001,,0.001,,0.0,0.341,0.16,104.0,,,,149.0,0.32,,,,,,32.0,0.135,0.081,0.0,0.096,,0.313,0.033,0.899,0.018,0.303,0.004,0.0,0.001,0.0,0.0,0.068,0.0,0.054,0.0,0.033,0.0,3.0,0.18,38.0,,,,,,0.0,,0.006,0.009,0.107,,0.016,0.0,0.0,0.0,0.052,0.15,0.0,0.0,0.0,0.0,0.0,0.0,0.0,,,,3.22,0.05,0.16,0.19,,0.56,0.061,,,,0.0,0.0,,,0.05,,,,88.2,3.0,0.41,0.0,0.0,3.0,0.0,7.0
176,322612,"MILK, WHOLE (WAVE 22E)",2019-04-01,,0.0,,,0.12,0.13,1.1,0.3,,,,,,,,,,,,,11.0,,,,,,,,,,,0.04,,,,,,,,,,,0.68,0.11,1.84,0.1,,,,0.0,0.0,0.0,,,0.0,0.88,,0.07,,,0.1,0.0,43.7,,0.19,4.7,0.36,,,,,0.31,0.001,,0.026,0.0,,0.042,0.005,,0.6,,,0.004,,,0.0,0.0,0.0,,,0.0,,0.1,,0.11,0.5,,,0.013,0.08,,0.015,0.001,,0.0,,0.001,,0.0,0.003,0.0,0.004,,,0.001,,0.0,0.0,0.0,,0.001,,0.0,,0.18,,,,,,0.36,,,,,,43.0,0.134,0.085,0.0,0.1,,0.31,0.032,0.846,0.02,0.282,0.004,0.0,0.002,0.0,0.0,0.067,0.0,0.055,0.0,0.035,0.0,,0.2,,,,,,,0.0,,0.005,0.008,0.072,,0.018,0.0,0.0,0.0,0.074,0.17,,,,,,,,,,,3.03,0.04,0.18,0.23,,0.58,0.058,,,,0.0,1.2,,,,,,,88.2,,,,,,,
177,322628,"MILK, WHOLE (WAVE 22E)",2019-04-01,,0.0,,,0.09,0.12,0.71,0.23,,,,,,,122.0,,,,,,11.0,,,,,,,,0.0,,,0.03,,,,,,,,,,,0.67,0.11,1.84,0.13,,,,0.0,0.0,0.0,,,0.0,0.66,,0.06,,,0.09,0.0,29.8,0.0,0.14,4.87,0.29,,,,,0.28,0.001,,0.025,0.0,,0.036,0.005,,0.593,,,0.005,,,0.0,0.0,0.0,11.6,,0.0,0.0,0.08,,0.1,0.53,,,0.016,0.088,,0.015,0.001,,0.0,,0.001,,0.0,0.003,0.0,0.004,,,0.001,,0.0,0.0,0.001,,0.001,,0.0,,0.14,100.0,,,,151.0,0.29,,,,,,28.0,0.178,0.081,0.0,0.096,,0.311,0.031,0.823,0.017,0.319,0.005,0.0,0.003,0.0,0.002,0.067,0.0,0.054,0.0,0.034,0.0,0.0,0.16,38.0,,,,,,0.0,,0.005,0.009,0.099,,0.016,0.0,0.0,0.0,0.061,0.13,,,,,,,,,,,3.21,0.04,0.14,0.17,,0.56,0.06,,,,0.0,1.3,,,,,,,88.2,,0.42,,,,,
178,322647,"MILK, WHOLE (WAVE 22E)",2019-04-01,,0.0,,,0.11,0.13,0.83,0.28,,,,,,,128.0,,,,,,12.0,,,,,,,,0.0,,,0.04,,,,,,,,,,,0.69,0.1,1.94,0.1,,,,0.0,0.0,0.0,,,0.0,0.79,,0.07,,,0.1,0.0,50.2,0.0,0.17,4.82,0.33,,,,,0.31,0.001,,0.026,0.0,,0.038,0.005,,0.618,,,0.004,,,0.0,0.0,0.0,12.2,,0.0,0.0,0.09,,0.1,0.54,,,0.012,0.072,,0.011,0.001,,0.0,,0.001,,0.0,0.003,0.0,0.005,,,0.001,,0.0,0.0,0.001,,0.002,,0.0,,0.16,102.0,,,,149.0,0.34,,,,,,28.0,0.15,0.091,0.0,0.103,,0.318,0.033,0.9,0.021,0.312,0.004,0.0,0.002,0.0,0.001,0.068,0.0,0.055,0.0,0.036,0.0,4.3,0.19,38.0,,,,,,0.0,,0.005,0.008,0.072,,0.018,0.0,0.0,0.0,0.054,0.15,,,,,,,,,,,3.18,0.05,0.16,0.21,,0.53,0.067,,,,0.0,0.8,,,,,,,87.8,,0.43,,,,,
179,322666,"MILK, WHOLE (WAVE 22E)",2019-04-01,,0.0,,,0.1,0.12,0.77,0.25,,,,0.8,,,125.0,,,0.0,6.0,,12.0,3.1,10.8,1.4,2.1,1.5,18.8,,0.0,0.0,0.0,0.04,,,,,,,,,,,0.72,0.11,1.93,0.1,,,,0.0,0.0,0.0,,,0.0,0.74,,0.07,,,0.09,0.0,33.5,0.0,0.17,4.87,0.32,,22.0,,0.0,0.26,0.001,,0.026,0.0,,0.043,0.006,,0.635,,,0.005,,,0.0,0.0,0.0,12.2,,0.0,0.0,0.08,,0.09,0.52,,,0.012,0.083,,0.011,0.001,,0.0,,0.0,,0.0,0.003,0.0,0.004,,,0.001,,0.0,0.0,0.001,,0.002,,0.0,0.338,0.15,101.0,,,,150.0,0.3,,,,,,29.0,0.14,0.085,0.0,0.094,,0.307,0.035,0.922,0.02,0.298,0.005,0.0,0.003,0.0,0.001,0.068,0.0,0.054,0.0,0.035,0.0,3.1,0.17,37.0,,,,,,0.0,,0.004,0.008,0.073,,0.02,0.0,0.0,0.0,0.054,0.14,0.0,0.0,0.0,0.0,0.0,0.0,0.0,,,,3.19,0.05,0.15,0.19,,0.57,0.065,,,,0.0,1.1,,,0.05,,,,88.0,4.0,0.42,0.0,0.0,2.0,0.0,5.0
180,322689,"MILK, WHOLE (WAVE 22E)",2019-04-01,,0.0,,,,,1.25,,,,,,,,,,,,,,12.0,,,,,,,,,,,,,,,,,,,,,,,,,,,,,,,,,,,,,,,,,,42.6,,,,,,,,,,,,,,,,,,,,,,,,,,,,,,,,,,0.54,,,,,,,,,,,,,,,,,,,,,,,,,,,,,,,,,,,,,,,,,,,,,,,,,,,,,,,,,,,,,,,,,,,,,,,,,,,,,,,,,,,,,,,,,,,,,3.13,,,,,,,,,,0.0,0.0,,,,,,,87.8,,,,,,,
181,322696,"MILK, WHOLE (WAVE 22E)",2019-04-01,,0.0,,,,,0.64,,,,,,,,,,,,,,12.0,,,,,,,,,,,,,,,,,,,,,,,,,,,,,,,,,,,,,,,,,,41.6,,,,,,,,,,,,,,,,,,,,,,,,,,,,,,,,,,0.53,,,,,,,,,,,,,,,,,,,,,,,,,,,,,,,,,,,,,,,,,,,,,,,,,,,,,,,,,,,,,,,,,,,,,,,,,,,,,,,,,,,,,,,,,,,,,3.2,,,,,,,,,,0.0,1.1,,,,,,,87.6,,,,,,,
182,322702,"MILK, WHOLE (WAVE 22E)",2019-04-01,,0.0,,,,,0.74,,,,,,,,,,,,,,12.0,,,,,,,,,,,,,,,,,,,,,,,,,,,,,,,,,,,,,,,,,,38.0,,,,,,,,,,,,,,,,,,,,,,,,,,,,,,,,,,0.5,,,,,,,,,,,,,,,,,,,,,,,,,,,,,,,,,,,,,,,,,,,,,,,,,,,,,,,,,,,,,,,,,,,,,,,,,,,,,,,,,,,,,,,,,,,,,3.25,,,,,,,,,,0.0,1.3,,,,,,,87.7,,,,,,,
183,322708,"MILK, WHOLE (WAVE 22E)",2019-04-01,,0.0,,,,,0.62,,,,,,,,,,,,,,12.0,,,,,,,,,,,,,,,,,,,,,,,,,,,,,,,,,,,,,,,,,,28.9,,,,,,,,,,,,,,,,,,,,,,,,,,,,,,,,,,0.52,,,,,,,,,,,,,,,,,,,,,,,,,,,,,,,,,,,,,,,,,,,,,,,,,,,,,,,,,,,,,,,,,,,,,,,,,,,,,,,,,,,,,,,,,,,,,3.28,,,,,,,,,,0.0,0.8,,,,,,,89.1,,,,,,,
184,322715,"MILK, WHOLE (WAVE 22E)",2019-04-01,,0.0,,,,,0.63,,,,,,,,,,,,,,12.0,,,,,,,,,,,,,,,,,,,,,,,,,,,,,,,,,,,,,,,,,,22.0,,,,,,,,,,,,,,,,,,,,,,,,,,,,,,,,,,0.52,,,,,,,,,,,,,,,,,,,,,,,,,,,,,,,,,,,,,,,,,,,,,,,,,,,,,,,,,,,,,,,,,,,,,,,,,,,,,,,,,,,,,,,,,,,,,3.41,,,,,,,,,,0.0,1.0,,,,,,,87.4,,,,,,,
185,322721,"MILK, WHOLE (WAVE 22E)",2019-04-01,,0.0,,,,,0.69,,,,,,,,,,,,,,11.0,,,,,,,,,,,,,,,,,,,,,,,,,,,,,,,,,,,,,,,,,,46.7,,,,,,,,,,,,,,,,,,,,,,,,,,,,,,,,,,0.51,,,,,,,,,,,,,,,,,,,,,,,,,,,,,,,,,,,,,,,,,,,,,,,,,,,,,,,,,,,,,,,,,,,,,,,,,,,,,,,,,,,,,,,,,,,,,3.2,,,,,,,,,,0.0,1.2,,,,,,,88.4,,,,,,,
186,322727,"MILK, WHOLE (WAVE 22E)",2019-04-01,,0.0,,,,,0.93,,,,,,,,,,,,,,12.0,,,,,,,,,,,,,,,,,,,,,,,,,,,,,,,,,,,,,,,,,,30.0,,,,,,,,,,,,,,,,,,,,,,,,,,,,,,,,,,0.51,,,,,,,,,,,,,,,,,,,,,,,,,,,,,,,,,,,,,,,,,,,,,,,,,,,,,,,,,,,,,,,,,,,,,,,,,,,,,,,,,,,,,,,,,,,,,3.21,,,,,,,,,,0.0,1.4,,,,,,,87.9,,,,,,,
187,322734,"MILK, WHOLE (WAVE 22E)",2019-04-01,,0.0,,,,,0.66,,,,,,,,,,,,,,12.0,,,,,,,,,,,,,,,,,,,,,,,,,,,,,,,,,,,,,,,,,,42.1,,,,,,,,,,,,,,,,,,,,,,,,,,,,,,,,,,0.5,,,,,,,,,,,,,,,,,,,,,,,,,,,,,,,,,,,,,,,,,,,,,,,,,,,,,,,,,,,,,,,,,,,,,,,,,,,,,,,,,,,,,,,,,,,,,3.3,,,,,,,,,,0.0,0.5,,,,,,,89.2,,,,,,,
188,322740,"MILK, WHOLE (WAVE 22E)",2019-04-01,,0.0,,,0.11,0.13,1.19,0.26,,,,,,,121.0,,,,,,10.0,,,,,,,,0.0,,,0.03,,,,,,,,,,,0.56,0.09,1.52,0.09,,,,0.0,0.0,0.0,,,0.0,0.75,,0.07,,,0.1,0.0,40.5,0.0,0.17,4.94,0.32,,,,,0.29,0.001,,0.019,0.0,,0.033,0.004,,0.501,,,0.004,,,0.0,0.0,0.0,11.7,,0.0,0.0,0.09,,0.09,0.49,,,0.014,0.074,,0.008,0.001,,0.0,,0.0,,0.0,0.003,0.0,0.003,,,0.001,,0.0,0.0,0.001,,0.001,,0.0,0.347,0.16,100.0,,,,150.0,0.33,,,,,,59.0,0.137,0.071,0.0,0.078,,0.243,0.027,0.701,0.016,0.255,0.003,0.001,0.001,0.0,0.0,0.054,0.0,0.044,0.0,0.028,0.0,3.6,0.18,37.0,,,,,,0.0,,0.004,0.007,0.067,,0.014,0.0,0.0,0.0,0.048,0.15,,,,,,,,,,,2.5866666666666664,0.05,0.16,0.2,,0.57,0.055,,,,0.0,1.2,,,,,,,88.7,,0.42,,,,,
189,322763,"MILK, WHOLE (WAVE 22E)",2019-04-01,,0.0,,,,,1.01,,,,,,,,,,,,,,12.0,,,,,,,,,,,,,,,,,,,,,,,,,,,,,,,,,,,,,,,,,,83.8,,,,,,,,,,,,,,,,,,,,,,,,,,,,,,,,,,0.49,,,,,,,,,,,,,,,,,,,,,,,,,,,,,,,,,,,,,,,,,,,,,,,,,,,,,,,,,,,,,,,,,,,,,,,,,,,,,,,,,,,,,,,,,,,,,3.24,,,,,,,,,,0.0,1.1,,,,,,,88.4,,,,,,,
190,322769,"MILK, WHOLE (WAVE 22E)",2019-04-01,,0.0,,,0.1,0.11,0.76,0.27,,,,0.9,,,116.0,,,0.0,6.0,,11.0,3.3,8.9,1.2,1.8,1.3,16.5,,0.005,0.0,0.0,0.04,,,,,,,,,,,0.65,0.11,1.86,0.13,,,,0.0,0.0,0.0,,,0.0,0.74,,0.06,,,0.1,0.0,33.4,0.0,0.16,4.67,0.31,,0.0,,0.0,0.27,0.002,,0.023,0.0,,0.037,0.005,,0.583,,,0.003,,,0.0,0.0,0.0,10.8,,0.0,0.0,0.08,,0.1,0.46,,,0.014,0.087,,0.011,0.001,,0.0,,0.001,,0.0,0.004,0.0,0.004,,,0.001,,0.0,0.0,0.001,,0.002,,0.0,0.349,0.15,95.0,,,,154.0,0.34,,,,,,27.0,0.134,0.077,0.0,0.089,,0.297,0.031,0.874,0.017,0.315,0.004,0.0,0.001,0.0,0.001,0.07,0.0,0.055,0.0,0.034,0.0,3.2,0.18,37.0,,,,,,0.0,,0.006,0.009,0.093,,0.018,0.0,0.0,0.0,0.035,0.15,0.0,0.0,0.0,0.0,0.0,0.0,0.0,,,,3.22,0.04,0.16,0.21,,0.55,0.058,,,,0.0,1.1,,,0.04,,,,88.0,0.0,0.42,0.0,0.0,2.0,0.0,4.0
191,322793,"MILK, WHOLE (WAVE 22E)",2019-04-01,,0.0,,,0.11,0.13,0.75,0.29,,,,,,,124.0,,,,,,12.0,,,,,,,,0.0,,,0.04,,,,,,,,,,,0.81,0.16,1.92,0.13,,,,0.0,0.0,0.0,,,0.0,0.82,,0.07,,,0.09,0.0,27.35,0.0,0.18,4.67,0.34,,,,,0.31,0.001,,0.019,0.0,,0.034,0.004,,0.741,,,0.005,,,0.0,0.0,0.0,12.7,,0.0,0.0,0.09,,0.1,0.51,,,0.015,0.128,,0.013,0.002,,0.0,,0.001,,0.0,0.005,0.0,0.006,,,0.001,,0.0,0.0,0.001,,0.002,,0.0,0.414,0.17,103.0,,,,148.0,0.34,,,,,,20.0,0.124,0.085,0.0,0.097,,0.29,0.03,0.83,0.019,0.393,0.005,0.0,0.002,0.0,0.001,0.073,0.0,0.059,0.0,0.037,0.0,3.5,0.19,39.0,,,,,,0.0,,0.004,0.008,0.095,,0.024,0.0,0.0,0.0,0.056,0.16,,,,,,,,,,,3.34,0.04,0.17,0.21,,0.46,0.06,,,,0.0,0.3,,,,,,,87.8,,0.38,,,,,
192,322814,"MILK, WHOLE (WAVE 22E)",2019-04-01,,0.0,,,0.12,0.14,0.6,0.31,,,,0.6,,,120.0,,,0.0,8.0,,12.0,2.7,10.2,1.2,1.5,1.2,16.8,,0.0,0.0,0.0,0.04,,,,,,,,,,,0.75,0.11,1.85,0.11,,,,0.0,0.0,0.0,,,0.0,0.89,,0.07,,,0.1,0.0,27.1,0.0,0.19,4.42,0.38,,1.0,,0.0,0.33,0.001,,0.024,0.0,,0.04,0.006,,0.676,,,0.004,,,0.0,0.0,0.0,11.7,,0.0,0.0,0.1,,0.11,0.49,,,0.013,0.084,,0.014,0.001,,0.001,,0.001,,0.0,0.004,0.0,0.005,,,0.001,,0.0,0.0,0.0,,0.002,,0.0,,0.18,98.0,,,,147.0,0.37,,,,,,29.0,0.125,0.083,0.0,0.096,,0.303,0.032,0.83,0.018,0.322,0.004,0.0,0.002,0.0,0.001,0.07,0.0,0.055,0.0,0.034,0.0,0.0,0.21,38.0,,,,,,0.0,,0.006,0.01,0.074,,0.019,0.001,0.0,0.0,0.059,0.17,0.0,0.0,0.0,0.0,0.0,0.0,0.0,,,,3.24,0.04,0.18,0.23,,0.54,0.053,,,,0.0,1.1,,,0.05,,,,87.6,0.0,0.36,0.0,0.0,1.0,0.0,6.0
193,322836,"MILK, WHOLE (WAVE 22E)",2019-04-01,,0.0,,,,,0.73,,,,,,,,,,,,,,11.0,,,,,,,,,,,,,,,,,,,,,,,,,,,,,,,,,,,,,,,,,,40.1,,,,,,,,,,,,,,,,,,,,,,,,,,,,,,,,,,0.49,,,,,,,,,,,,,,,,,,,,,,,,,,,,,,,,,,,,,,,,,,,,,,,,,,,,,,,,,,,,,,,,,,,,,,,,,,,,,,,,,,,,,,,,,,,,,3.21,,,,,,,,,,0.0,1.1,,,,,,,87.9,,,,,,,
194,322842,"MILK, WHOLE (WAVE 22E)",2019-04-01,,0.0,,,,,0.75,,,,,0.7,,,,,,0.0,5.0,,12.0,3.0,11.4,1.4,1.7,1.5,19.0,,,0.0,0.0,,,,,,,,,,,,,,,,,,,,,,,,,,,,,,,,34.9,,,,,,0.0,,0.0,,,,,,,,,,,,,,,,,,,,,,,,,,0.54,,,,,,,,,,,,,,,,,,,,,,,,,,,,,,,,,,,,,,,,,,,,,,,,,,,,,,,,,,,,,,,,,,,,,,,,,,,,,,,,,,,0.0,0.0,0.0,0.0,0.0,0.0,0.0,,,,3.21,,,,,,,,,,0.0,0.8,,,0.04,,,,87.8,0.0,,0.0,0.0,1.0,0.0,4.0
195,322851,"MILK, WHOLE (WAVE 22E)",2019-04-01,,0.0,,,0.13,0.14,0.75,0.32,,,,,,,118.0,,,,,,12.0,,,,,,,,0.0,,,0.04,,,,,,,,,,,0.66,0.1,1.95,0.12,,,,0.0,0.0,0.0,,,0.0,0.84,,0.08,,,0.11,0.0,35.3,0.0,0.19,4.69,0.35,,,,,0.31,0.002,,0.027,0.0,,0.043,0.006,,0.572,,,0.005,,,0.0,0.0,0.0,11.0,,0.0,0.0,0.09,,0.15,0.54,,,0.011,0.072,,0.012,0.0,,0.0,,0.0,,0.0,0.004,0.0,0.004,,,0.0,,0.0,0.0,0.0,,0.003,,0.0,,0.16,98.0,,,,154.0,0.37,,,,,,30.0,0.139,0.087,0.0,0.104,,0.328,0.037,0.906,0.019,0.298,0.004,0.0,0.002,0.0,0.001,0.069,0.0,0.056,0.0,0.036,0.0,0.0,0.21,37.0,,,,,,0.0,,0.005,0.009,0.091,,0.013,0.0,0.0,0.0,0.058,0.17,,,,,,,,,,,3.29,0.04,0.16,0.23,,0.59,0.063,,,,0.0,1.2,,,,,,,87.7,,0.42,,,,,
196,322871,"MILK, WHOLE (WAVE 22E)",2019-04-01,,0.0,,,0.12,0.13,0.7,0.31,,,,,,,130.0,,,,,,12.0,,,,,,,,0.006,,,0.04,,,,,,,,,,,0.71,0.1,1.91,0.1,,,,0.0,0.0,0.0,,,0.0,0.86,,0.07,,,0.1,0.0,18.85,0.0,0.19,4.81,0.36,,,,,0.32,0.002,,0.026,0.0,,0.043,0.005,,0.627,,,0.005,,,0.0,0.0,0.0,12.4,,0.0,0.0,0.1,,0.1,0.55,,,0.012,0.078,,0.008,0.001,,0.0,,0.001,,0.0,0.004,0.0,0.005,,,0.001,,0.0,0.0,0.001,,0.002,,0.0,0.38,0.17,112.0,,,,152.0,0.34,,,,,,23.0,0.118,0.096,0.0,0.113,,0.318,0.036,0.859,0.017,0.305,0.004,0.001,0.001,0.0,0.001,0.067,0.0,0.057,0.0,0.037,0.0,0.0,0.21,39.0,,,,,,0.0,,0.005,0.009,0.07,,0.02,0.0,0.0,0.0,0.062,0.17,,,,,,,,,,,3.2,0.04,0.18,0.22,,0.47,0.076,,,,0.0,1.3,,,,,,,87.9,,0.43,,,,,
197,322893,"HOT DOGS, BEEF, BALL PARK ANGUS",2019-04-01,,,,,,,3.33,,,,,,,,16.0,,,,,,,,,,,,,,0.032,,,,,,,,,,,,,,,,,,,,,,,,,,,,,,,,,,,1.0,,,,,,,,,,,0.247,0.0,,0.938,0.251,,9.72,,,0.101,,,,0.036,0.003,9.4,,,0.028,,,,1.84,,,0.192,0.576,,0.069,0.005,,0.005,,0.008,,0.004,0.018,0.0,0.025,,,0.004,,0.0,,0.006,,0.013,,0.0,,,166.0,,,,417.0,,,,,,,,,0.014,0.0,0.019,,0.865,0.146,6.2,0.369,3.68,0.026,,0.007,,0.0,0.004,,0.0,,0.0,,,,877.0,,,,,,,,,0.083,1.69,,0.131,0.0,,0.0,,,,,,,,,,,,,26.9,,,,,,,,,,,,,,,,,,54.4,,1.62,,,,,
198,322899,"HOT DOGS, BEEF, BALL PARK ANGUS",2019-04-01,,,,,,,3.19,,,,,,,,9.0,,,,,,,,,,,,,,0.043,,,,,,,,,,,,,,,,,,,,,0.0,,,,,,,,,,,,,,1.22,,,,,,,,,,,0.238,0.0,,0.782,0.248,,9.64,,,0.106,,,,0.043,0.003,10.0,,,0.02,,,,1.95,,,0.183,0.572,,0.07,0.006,,0.0,,0.008,,0.0,0.018,0.0,0.028,,,0.004,,0.0,,0.007,,0.014,,0.0,,,172.0,,,,468.0,,,,,,,,,0.013,0.0,0.018,,0.829,0.143,6.04,0.37,3.7,0.03,,0.007,,0.003,0.008,,0.0,,0.003,,,,916.0,,,,,,,,,0.094,1.63,,0.107,0.0,,0.0,,,,,,,,,,,,,27.3,,,,,,,,,,,,,,,,,,54.4,,2.09,,,,,
199,322910,"HOT DOGS, BEEF, BALL PARK ANGUS",2019-04-01,,,,,,,3.34,,,,,,,,8.0,,,,,,,,,,,,,,0.043,,,,,,,,,,,,,,,,,,,,,,,,,,,,,,,,,,,1.05,,,,,,,,,,,0.248,0.0,,0.983,0.247,,10.3,,,0.104,,,,0.036,0.003,9.7,,,0.022,,,,1.81,,,0.189,0.598,,0.071,0.008,,0.004,,0.006,,0.0,0.017,0.0,0.024,,,0.003,,0.0,,0.006,,0.012,,0.0,,,153.0,,,,393.0,,,,,,,,,0.011,0.0,0.018,,0.873,0.146,6.54,0.377,4.01,0.029,,0.009,,0.0,0.0,,0.0,,0.0,,,,890.0,,,,,,,,,0.084,1.62,,0.132,0.0,,0.0,,,,,,,,,,,,,29.5,,,,,,,,,,,,,,,,,,54.3,,1.74,,,,,
200,322920,"HOT DOGS, BEEF, BALL PARK ANGUS",2019-04-01,,,,,,,3.2,,,,,,,,9.0,,,,,,,,,,,,,,0.04,,,,,,,,,,,,,,,,,,,,,,0.0,0.0,,,0.62,,,,,,,,,1.15,,0.0,,,,,,,,,0.269,0.0,,0.875,0.248,,9.9,,,0.103,,,,0.041,0.003,9.5,,0.0,0.03,,,2.13,1.97,,,0.188,0.605,,0.073,0.005,,0.0,,0.008,,0.0,0.019,0.0,0.028,,,0.004,,0.0,,0.007,,0.014,,0.0,,,166.0,,,,451.0,,,,,,,,0.16,0.015,0.0,0.021,,0.893,0.148,6.38,0.359,3.7,0.03,,0.008,,0.0,0.007,,0.0,,0.0,,,,921.0,,,,,,0.0,,,0.098,1.52,,0.116,0.0,,0.0,0.028,,0.0,0.0,0.16,0.0,0.0,0.0,0.0,,,,27.8,,,,,0.9,0.109,,,,,,,,0.55,,,,54.4,,1.89,,,,,
201,322937,"HOT DOGS, BEEF, BALL PARK ANGUS",2019-04-01,,,,,,,3.24,,,,,,,,11.0,,,,,,,,,,,,,,0.035,,,,,,,,,,,,,,,,,,,,,,0.0,0.0,,,0.65,,,,,,,,,0.98,,0.0,,,,,,,,,0.255,0.0,,0.828,0.245,,9.78,,,0.102,,,,0.036,0.003,9.3,,0.0,0.018,,,2.09,1.89,,,0.199,0.581,,0.077,0.007,,0.005,,0.008,,0.003,0.017,0.0,0.025,,,0.005,,0.0,,0.006,,0.013,,0.0,0.23,,155.0,,,,393.0,,,,,,,,0.14,0.013,0.0,0.02,,0.866,0.147,6.29,0.366,3.83,0.032,,0.009,,0.003,0.004,,0.0,,0.0,,,,843.0,,,,,,0.0,,,0.09,1.77,,0.116,0.0,,0.0,0.03,,0.0,0.0,0.19,0.0,0.0,0.0,0.0,,,,28.0,,,,,0.84,0.114,,,,,,,,0.52,,,,54.2,,1.59,,,,,
202,322955,"HOT DOGS, BEEF, OSCAR MAYER PREMIUM JUMBO",2019-04-01,,,,,,,2.08,,,,,,,,8.0,,,,,,,,,,,,,,0.036,,,,,,,,,,,,,,,,,,,,,,,,,,,,,,,,,,,0.96,,,,,,,,,,,0.25,0.0,,0.854,0.285,,10.9,,,0.105,,,,0.0,0.0,9.0,,,0.02,,,,1.71,,,0.184,0.723,,0.049,0.006,,0.0,,0.009,,0.0,0.021,0.0,0.032,,,0.003,,0.0,,0.009,,0.011,,0.0,,,126.0,,,,458.0,,,,,,,,,0.015,0.0,0.019,,0.878,0.15,6.52,0.407,3.91,0.028,,0.006,,0.0,0.007,,0.0,,0.003,,,,768.0,,,,,,,,,0.098,1.93,,0.143,0.0,,0.0,,,,,,,,,,,,,30.6,,,,,,,,,,,,,,,,,,53.1,,2.04,,,,,
203,322965,"HOT DOGS, BEEF, OSCAR MAYER PREMIUM JUMBO",2019-04-01,,,,,,,1.52,,,,,,,,8.0,,,,,,,,,,,,,,0.051,,,,,,,,,,,,,,,,,,,,,,,,,,,,,,,,,,,1.08,,,,,,,,,,,0.274,0.0,,1.07,0.258,,11.1,,,0.104,,,,0.0,0.0,9.3,,,0.019,,,,1.81,,,0.165,0.652,,0.045,0.007,,0.003,,0.007,,0.0,0.022,0.0,0.031,,,0.0,,0.0,,0.01,,0.011,,0.0,,,134.0,,,,489.0,,,,,,,,,0.013,0.0,0.019,,0.836,0.127,6.42,0.329,3.64,0.024,,0.005,,0.0,0.0,,0.0,,0.003,,,,754.0,,,,,,,,,0.076,1.31,,0.132,0.0,,0.0,,,,,,,,,,,,,28.0,,,,,,,,,,,,,,,,,,53.6,,2.44,,,,,
204,322972,"HOT DOGS, BEEF, BALL PARK ANGUS",2019-04-01,,,,,,,2.63,,,,,,,,10.0,,,,,,,,,,,,,,0.04,,,,,,,,,,,,,,,,,,,,,,0.0,0.0,,,0.7,,,,,,,,,1.05,,0.0,,,,,,,,,0.24,0.0,,0.932,0.258,,10.0,,,0.103,,,,0.037,0.003,9.4,,0.0,0.02,,,2.03,1.95,,,0.182,0.594,,0.068,0.006,,0.004,,0.009,,0.003,0.018,0.0,0.025,,,0.004,,0.0,,0.006,,0.014,,0.0,0.24,,157.0,,,,400.0,,,,,,,3.0,0.12,0.013,0.0,0.019,,0.872,0.15,6.37,0.385,3.88,0.03,,0.007,,0.0,0.005,,0.0,,0.003,,,,824.0,,,,,,0.0,,,0.085,1.67,,0.128,0.0,,0.0,0.031,,0.0,0.0,0.18,0.0,0.0,0.0,0.0,,,,27.2,,,,,0.95,0.115,,,,,,,,0.4,,,,54.2,,1.83,,,,,
205,322992,"HOT DOGS, BEEF, OSCAR MAYER PREMIUM JUMBO",2019-04-01,,,,,,,2.38,,,,,,,,7.0,,,,,,,,,,,,,,0.036,,,,,,,,,,,,,,,,,,,,,,0.0,0.0,,,1.71,,,,,,,,,0.97,,0.0,,,,,,,,,0.25,0.0,,1.0,0.264,,10.6,,,0.097,,,,0.0,0.0,8.7,,0.28,0.016,,,2.15,1.86,,,0.168,0.664,,0.048,0.005,,0.003,,0.008,,0.0,0.021,0.0,0.031,,,0.0,,0.0,,0.009,,0.011,,0.0,0.24,,123.0,,,,421.0,,,,,,,,0.14,0.014,0.0,0.018,,0.841,0.136,6.37,0.361,3.72,0.025,,0.005,,0.0,0.003,,0.0,,0.0,,,,767.0,,,,,,0.0,,,0.078,1.68,,0.129,0.0,,0.0,0.027,,0.0,0.0,0.0,0.0,0.0,0.0,0.0,,,,28.3,,,,,1.1,0.134,,,,,,,,0.26,,,,54.1,,1.93,,,,,
206,323010,"HOT DOGS, BEEF, OSCAR MAYER PREMIUM JUMBO",2019-04-01,,,,,,,2.28,,,,,,,,8.0,,,,,,,,,,,,,,0.026,,,,,,,,,,,,,,,,,,,,,,0.0,0.0,,,1.73,,,,,,,,,0.9,,0.0,,,,,,,,,0.256,0.0,,1.01,0.276,,10.9,,,0.1,,,,0.0,0.0,8.8,,0.28,0.0,,,2.3,1.78,,,0.174,0.673,,0.049,0.005,,0.004,,0.01,,0.0,0.021,0.0,0.032,,,0.003,,0.0,,0.009,,0.011,,0.0,0.25,,128.0,,,,421.0,,,,,,,2.0,0.11,0.014,0.0,0.019,,0.852,0.142,6.49,0.379,3.81,0.025,,0.005,,0.0,0.004,,0.0,,0.003,,,,792.0,,,,,,0.0,,,0.079,1.6,,0.142,0.0,,0.0,0.027,,0.0,0.0,0.0,0.0,0.0,0.0,0.0,,,,30.0,,,,,1.1,0.128,,,,,,,,0.38,,,,52.8,,1.86,,,,,
207,323027,"HOT DOGS, BEEF, OSCAR MAYER PREMIUM JUMBO",2019-04-01,,,,,,,2.01,,,,,,,,7.0,,,,,,,,,,,,,,0.025,,,,,,,,,,,,,,,,,,,,,,0.0,0.0,,,1.61,,,,,,,,,1.35,,0.0,,,,,,,,,0.283,0.0,,0.965,0.303,,11.7,,,0.112,,,,0.0,0.0,8.2,,0.0,0.02,,,2.14,1.73,,,0.183,0.711,,0.047,0.006,,0.0,,0.009,,0.0,0.025,0.0,0.035,,,0.003,,0.0,,0.01,,0.011,,0.0,,,119.0,,,,427.0,,,,,,,,0.13,0.015,0.0,0.02,,0.911,0.152,6.76,0.397,3.96,0.028,,0.006,,0.0,0.006,,0.0,,0.0,,,,732.0,,,,,,0.0,,,0.098,1.61,,0.157,0.0,,0.0,0.028,,0.0,0.0,0.0,0.0,0.0,0.0,0.0,,,,31.3,,,,,0.85,0.125,,,,,,,,0.4,,,,52.2,,1.72,,,,,
208,323044,"HOT DOGS, BEEF, HEBREW NATIONAL",2019-04-01,,,,,,,2.88,,,,,,,,26.0,,,,,,,,,,,,,,0.055,,,,,,,,,,,,,,,,,,,,,,,,,,,,,,,,,,,1.11,,,,,,,,,,,0.285,0.0,,1.13,0.251,,10.5,,,0.142,,,,0.145,0.01,16.2,,,0.052,,,,1.94,,,0.145,0.616,,0.111,0.003,,0.004,,0.008,,0.003,0.022,0.0,0.027,,,0.005,,0.003,,0.008,,0.015,,0.0,,,98.0,,,,190.0,,,,,,,,,0.019,0.0,0.018,,0.802,0.13,6.29,0.334,3.46,0.029,,0.008,,0.004,0.004,,0.0,,0.012,,,,1040.0,,,,,,,,,0.084,0.918,,0.134,0.0,,0.0,,,,,,,,,,,,,26.5,,,,,,,,,,,,,,,,,,56.4,,2.34,,,,,
209,323054,"HOT DOGS, BEEF, HEBREW NATIONAL",2019-04-01,,,,,,,2.94,,,,,,,,28.0,,,,,,,,,,,,,,0.059,,,,,,,,,,,,,,,,,,,,,,,,,,,,,,,,,,,1.33,,,,,,,,,,,0.297,0.0,,1.17,0.243,,10.5,,,0.139,,,,0.142,0.01,16.9,,,0.056,,,2.52,1.92,,,0.141,0.648,,0.112,0.005,,0.003,,0.007,,0.003,0.024,0.0,0.029,,,0.004,,0.003,,0.008,,0.015,,0.0,0.24,,101.0,,,,194.0,,,,,,,,0.2,0.017,0.0,0.018,,0.794,0.125,6.23,0.312,3.36,0.03,,0.01,,0.003,0.0,,0.0,,0.011,,,,993.0,,,,,,,,,0.084,0.878,,0.142,0.003,,0.0,0.041,,0.0,0.0,0.32,0.0,0.0,0.0,0.0,,,,27.3,,,,,0.93,0.153,,,,,,,,0.59,,,,55.8,,2.53,,,,,
210,323069,"HOT DOGS, BEEF, HEBREW NATIONAL",2019-04-01,,,,,,,2.96,,,,,,,,27.0,,,,,,,,,,,,,,0.056,,,,,,,,,,,,,,,,,,,,,,,,,,,,,,,,,,,1.28,,,,,,,,,,,0.275,0.0,,1.1,0.248,,10.4,,,0.139,,,,0.14,0.01,15.4,,,0.053,,,2.5,1.98,,,0.141,0.596,,0.109,0.003,,0.004,,0.008,,0.003,0.024,0.0,0.029,,,0.004,,0.003,,0.008,,0.016,,0.0,,,94.0,,,,175.0,,,,,,,,0.21,0.02,0.0,0.018,,0.784,0.127,6.19,0.325,3.39,0.03,,0.008,,0.004,0.004,,0.0,,0.012,,,,922.0,,,,,,,,,0.082,0.869,,0.136,0.003,,0.0,0.042,,0.0,0.0,0.34,0.0,0.0,0.0,0.0,,,,27.0,,,,,1.0,0.147,,,,,,,,0.77,,,,55.9,,2.25,,,,,
211,323085,"HOT DOGS, BEEF, HEBREW NATIONAL",2019-04-01,,,,,,,2.94,,,,,,,,26.0,,,,,,,,,,,,,,0.068,,,,,,,,,,,,,,,,,,,,,,,,,,,,,,,,,,,1.46,,,,,,,,,,,0.29,0.0,,0.999,0.252,,10.5,,,0.147,,,,0.149,0.011,15.7,,,0.054,,,,1.86,,,0.156,0.625,,0.111,0.005,,0.003,,0.009,,0.003,0.023,0.0,0.03,,,0.004,,0.003,,0.008,,0.015,,0.0,,,96.0,,,,173.0,,,,,,,,,0.02,0.0,0.019,,0.824,0.133,6.36,0.34,3.57,0.034,,0.01,,0.004,0.007,,0.0,,0.014,,,,909.0,,,,,,,,,0.094,0.951,,0.135,0.003,,0.0,,,,,,,,,,,,,27.4,,,,,,,,,,,,,,,,,,55.8,,2.42,,,,,
212,323095,"HOT DOGS, BEEF, HEBREW NATIONAL",2019-04-01,,,,,,,2.83,,,,,,,,25.0,,,,,,,,,,,,,,0.071,,,,,,,,,,,,,,,,,,,,,,,,,,,,,,,,,,,1.06,,,,,,,,,,,0.276,0.0,,1.08,0.24,,9.99,,,0.132,,,,0.138,0.01,14.5,,,0.044,,,,1.97,,,0.137,0.568,,0.106,0.005,,0.004,,0.005,,0.0,0.021,0.0,0.025,,,0.004,,0.003,,0.007,,0.015,,0.0,,,92.0,,,,178.0,,,,,,,,,0.017,0.0,0.017,,0.763,0.123,5.99,0.314,3.21,0.028,,0.01,,0.004,0.004,,0.0,,0.011,,,,914.0,,,,,,,,,0.08,0.842,,0.118,0.003,,0.0,,,,,,,,,,,,,25.8,,,,,,,,,,,,,,,,,,57.4,,2.1,,,,,
213,323105,"HOT DOGS, BEEF, HEBREW NATIONAL",2019-04-01,,,,,,,2.9,,,,,,,,28.0,,,,,,,,,,,,,,0.061,,,,,,,,,,,,,,,,,,,,,,,,,,,,,,,,,,,1.38,,,,,,,,,,,0.298,0.0,,1.02,0.248,,10.4,,,0.145,,,,0.147,0.011,15.9,,,0.06,,,2.37,1.9,,,0.151,0.625,,0.114,0.005,,0.0,,0.008,,0.003,0.024,0.0,0.032,,,0.004,,0.003,,0.008,,0.016,,0.0,0.38,,98.0,,,,175.0,,,,,,,5.0,0.18,0.02,0.0,0.018,,0.795,0.126,6.17,0.315,3.36,0.032,,0.009,,0.003,0.008,,0.0,,0.013,,,,959.0,,,,,,,,,0.091,0.874,,0.128,0.003,,0.0,0.041,,0.0,0.0,0.37,0.0,0.0,0.0,0.0,,,,27.4,,,,,1.1,0.147,,,,,,,,0.74,,,,55.8,,2.55,,,,,
214,323122,"ALMONDS, DRY ROASTED, SALTED, BLUE DIAMOND",2019-04-01,,,,,,,3.35,,,,,,,,286.0,,,,,,,,,,,,,,0.874,,,,,,,,,,,,,,,,,,,,,,,,,,,,,,,,,,,3.25,,,,,,,,,,,,,,,,,,,,,,,,,,260.0,,,2.13,,,,3.78,,,,,,,,,,,,,,,,,,,,,,,,,,,,,,450.0,,,,646.0,,,,,,,,,,,,,,,,,,,,,,,,,,,,,,,187.0,,,,,,,,,,,,,,,,,,,,,,,,,,,,59.6,,,,,,,,,,,,,,,,,,2.07,,2.67,,,,,
215,323129,"ALMONDS, DRY ROASTED, SALTED, BLUE DIAMOND",2019-04-01,,,,,,,3.36,,,,,,,,261.0,,,,,,,,,,,,,,0.908,,,,,,,,,,,,,,,,,,,,,,,,,,,,,,,,,,,3.4,,,,,,,,,,,,,,,,,,,,,,,,,,266.0,,,2.15,,,,3.9,,,,,,,,,,,,,,,,,,,,,,,,,,,,0.23,,474.0,,,,696.0,,,,,,,,,,,,,,,,,,,,,,,,,,,,,,,179.0,,,,,,,,,,,,,,,,,,,,,,,,,,,,59.7,,,,,,,,,,,,,,,,,,1.89,,2.75,,,,,
216,323137,"ALMONDS, DRY ROASTED, SALTED, BLUE DIAMOND",2019-04-01,,,,,,,3.77,,,,,0.0,,,285.0,,,,,,,4.3,0.4,56.1,0.0,0.0,60.8,,0.858,,,,,,,,,,,,,,,,,,,,,,,,,,,,,,,,,,,3.19,,,,,,,,,,,,,,,,,,,,,,,,,,273.0,,,2.29,,,,3.82,,,,,,,,,,,,,,,,,,,,,,,,,,,,0.19,,464.0,,,,676.0,,,,,,,,,,,,,,,,,,,,,,,,,,,,,,,333.0,,,,,,,,,,,,,,,,,,,,,,,,,,,,59.6,,,,,,,,,,,,,,,,,,2.07,,2.76,,,,,
217,323146,"ALMONDS, DRY ROASTED, SALTED, BLUE DIAMOND",2019-04-01,,,,,,,3.54,,,,,,,,265.0,,,,,,,,,,,,,,0.881,,,,,,,,,,,,,,,,,,,,10.6,34.0,,,,,,,,,,,,,,3.07,,,,,,,,,,,0.0,0.0,,0.256,0.066,,35.1,,,0.112,,,,0.0,0.005,262.0,,,2.13,,,2.87,3.78,,,0.006,16.1,,0.106,0.005,,0.0,,0.0,,0.0,0.0,0.0,0.005,,,0.0,,0.0,,0.0,,0.0,,0.0,,,456.0,,,,698.0,,,,,,,,1.67,0.0,0.0,0.0,,0.029,0.009,3.66,0.03,0.821,0.068,,0.025,,0.014,0.0,,0.0,,0.0,,,,314.0,,,,,,,,,0.0,0.017,,0.018,0.0,,0.0,0.08,,0.15,0.0,1.44,0.3,0.0,0.0,0.0,,,,59.0,,,,,,0.08,,,,,,,,20.6,,,,1.96,,2.75,,,,,
218,323161,"ALMONDS, DRY ROASTED, SALTED, BLUE DIAMOND",2019-04-01,,,,,,,3.46,,,,,,,,265.0,,,,,,,,,,,,,,0.906,,,,,,,,,,,,,,,,,,,,10.9,30.0,0.0,0.0,,,0.0,,,,,,,,,3.12,,0.0,,,,,,,,,0.0,0.0,,0.232,0.062,,33.0,,,0.093,,,,0.0,0.005,256.0,,0.0,2.07,,,2.88,3.8,,,0.007,15.1,,0.088,0.004,,0.0,,0.0,,0.0,0.0,0.0,0.005,,,0.0,,0.0,,0.0,,0.0,,0.0,,,465.0,,,,673.0,,,,,,,,1.33,0.0,0.0,0.0,,0.029,0.009,3.44,0.028,0.752,0.061,,0.023,,0.014,0.0,,0.0,,0.0,,0.0,,212.0,,,,,,3.76,,,0.0,0.017,,0.014,0.0,,0.0,0.07,,0.2,0.0,1.44,0.27,0.0,0.0,0.0,,,,60.0,,,,,,0.07,,,,,,,,21.8,,,,1.98,,2.66,,,,,
219,323178,"ALMONDS, DRY ROASTED, SALTED, EMERALD",2019-04-01,,,,,,,4.32,,,,,,,,288.0,,,,,,,,,,,,,,0.804,,,,,,,,,,,,,,,,,,,,,,,,,,,,,,,,,,,2.98,,,,,,,,,,,,,,,,,,,,,,,,,,262.0,,,2.16,,,,4.0,,,,,,,,,,,,,,,,,,,,,,,,,,,,0.29,,457.0,,,,744.0,,,,,,,,,,,,,,,,,,,,,,,,,,,,,,,548.0,,,,,,,,,,,,,,,,,,,,,,,,,,,,53.1,,,,,,,,,,,,,,,,,,2.81,,2.74,,,,,
220,323189,"ALMONDS, DRY ROASTED, SALTED, BLUE DIAMOND",2019-04-01,,,,,,,3.32,,,,,,,,276.0,,,,,,,,,,,,,,0.872,,,,,,,,,,,,,,,,,,,,10.7,34.0,,,,,,,,,,,,,,3.19,,,,,,,,,,,0.0,0.0,,0.248,0.065,,34.5,,,0.105,,,,0.0,0.0,259.0,,,2.24,,,2.65,3.82,,,0.005,15.7,,0.1,0.006,,0.0,,0.0,,0.0,0.0,0.0,0.006,,,0.0,,0.0,,0.0,,0.0,,0.0,,,459.0,,,,686.0,,,,,,,,1.59,0.0,0.0,0.0,,0.027,0.008,3.58,0.03,0.76,0.063,,0.024,,0.015,0.0,,0.0,,0.0,,,,160.0,,,,,,,,,0.0,0.016,,0.016,0.0,,0.0,0.08,,0.18,0.0,1.42,0.25,0.0,0.0,0.0,,,,59.6,,,,,,0.08,0.0,,,,,,,20.8,,,,2.16,,2.72,,,,,
221,323205,"ALMONDS, DRY ROASTED, SALTED, STORE BRAND",2019-04-01,,,,,,,2.9,,,,,,,,280.0,,,,,,,,,,,,,,0.864,,,,,,,,,,,,,,,,,,,,,,,,,,,,,,,,,,,3.07,,,,,,,,,,,,,,,,,,,,,,,,,,242.0,,,1.85,,,,4.0,,,,,,,,,,,,,,,,,,,,,,,,,,,,,,440.0,,,,653.0,,,,,,,,,,,,,,,,,,,,,,,,,,,,,,,70.0,,,,,,,,,,,,,,,,,,,,,,,,,,,,59.4,,,,,,,,,,,,,,,,,,0.9,,3.04,,,,,
222,323212,"ALMONDS, DRY ROASTED, SALTED, EMERALD",2019-04-01,,,,,,,3.9,,,,,,,,285.0,,,,,,,,,,,,,,0.907,,,,,,,,,,,,,,,,,,,,11.0,37.0,,,,,,,,,,,,,,3.4,,,,,,,,,,,0.0,0.0,,0.27,0.059,,33.1,,,0.038,,,,0.0,0.0,244.0,,,1.67,,,3.12,3.98,,,0.006,13.4,,0.016,0.0,,0.0,,0.0,,0.0,0.0,0.0,0.005,,,0.0,,0.0,,0.0,,0.0,,0.0,,,451.0,,,,645.0,,,,,,,,1.69,0.0,0.0,0.0,,0.016,0.008,3.24,0.027,0.882,0.036,,0.01,,0.006,0.0,,0.0,,0.0,,,,477.0,,,,,,,,,0.0,0.013,,0.013,0.0,,0.0,0.06,,0.17,0.0,0.61,0.26,0.0,0.0,0.0,,,,54.8,,,,,,0.08,0.0,,,,,,,17.1,,,,2.84,,2.96,,,,,
223,323230,"ALMONDS, DRY ROASTED, SALTED, EMERALD",2019-04-01,,,,,,,4.22,,,,,,,,301.0,,,0.0,17.0,,,,,,,,,,0.825,,9.0,,,,,,,,,,,,,,,,,,11.5,44.0,0.0,0.0,,,0.0,,,,,,,,,3.13,,0.0,,,,25.0,0.0,,,,0.0,0.0,,0.285,0.059,,32.0,,,0.039,,,,0.0,0.0,253.0,,0.0,1.96,,,3.27,4.03,,,0.006,14.6,,0.018,0.0,,0.0,,0.0,,0.0,0.0,0.0,0.005,,,0.0,,0.0,,0.0,,0.0,,0.0,,,446.0,,,,689.0,,,,,,,,1.42,0.0,0.0,0.0,,0.02,0.008,3.37,0.028,0.972,0.041,,0.011,,0.007,0.0,,0.0,,0.0,,,,552.0,,,,,,4.47,,,0.0,0.016,,0.014,0.0,,0.0,0.06,,0.17,0.0,0.49,0.25,0.0,0.0,0.0,,,,53.2,,,,,,0.08,,,,,,,,17.3,0.0,0.0,0.0,2.57,,2.88,,,,,
224,323250,"ALMONDS, DRY ROASTED, SALTED, STORE BRAND",2019-04-01,,,,,,,2.78,,,,,,,,288.0,,,,,,,,,,,,,,0.88,,,,,,,,,,,,,,,,,,,,11.3,33.0,,,,,,,,,,,,,,2.92,,,,,,,,,,,0.0,0.0,,0.264,0.063,,35.8,,,0.087,,,,0.004,0.0,253.0,,,1.73,,,2.7,4.29,,,0.006,13.1,,0.018,0.0,,0.0,,0.0,,0.0,0.0,0.0,0.005,,,0.0,,0.0,,0.0,,0.0,,0.0,,,436.0,,,,612.0,,,,,,,,1.32,0.0,0.0,0.0,,0.02,0.007,3.5,0.028,0.797,0.078,,0.111,,0.062,0.0,,0.0,,0.0,,,,55.0,,,,,,,,,0.0,0.016,,0.015,0.0,,0.0,0.11,,0.16,0.0,0.33,0.32,0.0,0.0,0.0,,,,57.6,,,,,,0.08,,,,,,,,19.6,,,,2.41,,2.81,,,,,
225,323265,"ALMONDS, DRY ROASTED, SALTED, SNACK ARTIST",2019-04-01,,,,,,,3.09,,,,,,,,251.0,,,,,,,,,,,,,,0.829,,,,,,,,,,,,,,,,,,,,11.2,29.0,,,,,,,,,,,,,,2.93,,,,,,,,,,,0.0,0.0,,0.242,0.057,,33.5,,,0.092,,,,0.004,0.0,271.0,,,1.93,,,3.62,4.15,,,0.005,14.3,,0.017,0.0,,0.0,,0.0,,0.0,0.0,0.0,0.006,,,0.0,,0.0,,0.0,,0.0,,0.0,,,471.0,,,,733.0,,,,,,,,1.71,0.0,0.0,0.0,,0.024,0.008,3.52,0.028,0.907,0.083,,0.113,,0.063,0.0,,0.0,,0.0,,,,94.0,,,,,,,,,0.0,0.018,,0.016,0.0,,0.0,0.09,,0.18,0.0,0.34,0.29,0.0,0.0,0.0,,,,56.1,,,,,,0.07,,,,,,,,16.0,,,,2.53,,2.73,,,,,
226,323280,"ALMONDS, DRY ROASTED, SALTED, GREAT VALUE",2019-04-01,,,,,,,3.13,,,,,,,,220.0,,,,,,,,,,,,,,0.9,,,,,,,,,,,,,,,,,,,,10.8,40.0,0.0,0.0,,,0.0,,,,,,,,,3.55,,0.0,,,,,,,,,0.0,0.0,,0.278,0.058,,33.7,,,0.042,,,,0.0,0.0,260.0,,0.0,1.96,,,3.65,3.82,,,0.007,13.3,,0.035,0.0,,0.0,,0.003,,0.0,0.0,0.0,0.004,,,0.012,,0.0,,0.0,,0.0,,0.0,,,454.0,,,,735.0,,,,,,,,1.86,0.003,0.0,0.0,,0.051,0.008,4.04,0.027,0.731,0.043,,0.02,,0.011,0.01,,0.0,,0.0,,,,140.0,,,,,,4.28,,,0.0,0.015,,0.018,0.0,,0.0,0.08,,0.22,0.0,1.31,0.31,0.0,0.0,0.0,,,,59.0,,,,,,0.06,,,,,,,,18.9,,,,2.47,,2.98,,,,,
227,323295,"CHEESE, RICOTTA, WHOLE MILK, GALBANI",2019-04-01,,,,,,,1.4,,,,,,,,238.0,,,,,,,,,,,,,,0.0,,,,,,,,,,,,,,,,,,,,,,,,,,,,,,,,,,,0.12,,,,,,,,,,,0.114,0.0,,0.181,0.021,,2.19,,,0.02,,,,0.004,0.0,21.9,,,0.0,,,,1.09,,,0.05,0.252,,0.041,0.0,,0.0,,0.0,,0.0,0.012,0.0,0.015,,,0.004,,0.0,,0.003,,0.006,,0.0,0.75,,167.0,,,,268.0,,,,,,,,,0.299,0.0,0.35,,1.13,0.114,3.36,0.067,1.02,0.014,,0.006,,0.003,0.252,,0.197,,0.123,,,,84.0,,,,,,,,,0.029,0.236,,0.064,0.0,,0.0,,,,,,,,,,,,,11.2,,,,,,,,,,,,,,,,,,72.3,,0.36,,,,,
228,323304,"CHEESE, RICOTTA, WHOLE MILK, SORRENTO",2019-04-01,,,,,,,1.25,,,,,,,,148.0,,,,,,,,,,,,,,0.0,,,,,,,,,,,,,,,,,,,,,,,,,,,,,,,,,,,0.15,,,,,,,,,,,0.085,0.0,,0.125,0.014,,1.7,,,0.016,,,,0.004,0.0,22.2,,,0.0,,,,0.82,,,0.042,0.201,,0.03,0.0,,0.0,,0.0,,0.0,0.01,0.0,0.012,,,0.003,,0.0,,0.0,,0.004,,0.0,,,125.0,,,,264.0,,,,,,,,,0.216,0.0,0.264,,0.854,0.087,2.35,0.053,0.78,0.008,,0.005,,0.003,0.185,,0.142,,0.09,,,,98.0,,,,,,,,,0.023,0.196,,0.052,0.003,,0.0,,,,,,,,,,,,,8.2,,,,,,,,,,,,,,,,,,75.1,,0.12,,,,,
229,323311,"CHEESE, RICOTTA, WHOLE MILK, GALBANI",2019-04-01,,,,,,,1.38,,,,,,,,215.0,,,,,,47.0,,,,,,,,0.0,,,,,,,,,,,,,,,,,,,,,,,,,,,,,,,,,,,0.11,,,,,,,,,,,0.114,0.0,,0.177,0.021,,2.2,,,0.019,,,,0.003,0.0,21.8,,,0.0,,,0.21,1.03,,,0.049,0.248,,0.038,0.0,,0.003,,0.003,,0.0,0.012,0.0,0.015,,,0.004,,0.0,,0.003,,0.007,,0.0,,,156.0,,,,291.0,,,,,,,,0.32,0.296,0.0,0.348,,1.12,0.115,3.4,0.067,1.03,0.014,,0.006,,0.003,0.253,,0.196,,0.122,,6.0,,94.0,,,,,,,,,0.031,0.249,,0.07,0.0,,0.0,0.05,,,,,,,,,,,,11.2,,,,,0.66,0.104,,,,,,,,,,,,72.4,,0.32,,,,,
230,323326,"CHEESE, RICOTTA, WHOLE MILK, GALBANI",2019-04-01,,,,,,,1.35,,,,,,,,193.0,,,,,,46.0,,,,,,,,0.0,,,,,,,,,,,,,,,,,,,,,9.0,,,,,,,,,,,,,,0.12,,,,,,,,,,,0.11,0.0,,0.179,0.021,,2.11,,,0.019,,,,0.003,0.0,20.5,,,0.0,,,,1.01,,,0.049,0.239,,0.039,0.0,,0.0,,0.0,,0.0,0.012,0.0,0.014,,,0.005,,0.0,,0.003,,0.007,,0.0,0.81,,142.0,,,,281.0,,,,,,,,0.36,0.286,0.0,0.336,,1.08,0.115,3.25,0.064,0.96,0.014,,0.006,,0.003,0.243,,0.189,,0.119,,5.6,,91.0,,,,,,,,,0.033,0.239,,0.068,0.0,,0.0,0.05,,,,,,,,,,,,11.3,,,,,0.73,0.1,,,,,,,,,,,,72.6,,0.29,,,,,
231,323342,"CHEESE, RICOTTA, WHOLE MILK, POLLY-O",2019-04-01,,,,,,,1.51,,,,,,,,311.0,,,,,,42.0,,,,,,,,0.0,,,,,,,,,,,,,,,,,,,,,0.0,,,,,,,,,,,,,,0.0,,,,,,,,,,,0.124,0.0,,0.197,0.022,,2.36,,,0.022,,,,0.004,0.0,18.3,,,0.0,,,0.13,1.58,,,0.053,0.269,,0.045,0.0,,0.0,,0.0,,0.0,0.013,0.0,0.015,,,0.004,,0.0,,0.003,,0.007,,0.0,0.46,,213.0,,,,152.0,,,,,,,,0.27,0.331,0.0,0.387,,1.23,0.125,3.65,0.07,1.09,0.016,,0.006,,0.004,0.275,,0.217,,0.137,,7.9,,161.0,,,,,,,,,0.037,0.272,,0.073,0.0,,0.0,0.03,,0.0,0.0,0.0,0.0,0.0,0.0,0.0,,,,11.5,,,,,0.66,0.109,,,,,,,,0.28,0.0,3.2,0.6,72.7,,1.16,,,,,
232,323361,"CHEESE, RICOTTA, WHOLE MILK, STORE/OTHER",2019-04-01,,,,,,,1.77,,,,,,,,375.0,,,,,,,,,,,,,,0.0,,,,,,,,,,,,,,,,,,,,,,,,,,,,,,,,,,,0.11,,,,,,,,,,,0.131,0.0,,0.211,0.023,,2.44,,,0.022,,,,0.003,0.0,21.8,,,0.0,,,,1.33,,,0.056,0.278,,0.048,0.0,,0.0,,0.0,,0.0,0.013,0.0,0.015,,,0.005,,0.0,,0.003,,0.007,,0.0,,,251.0,,,,165.0,,,,,,,,,0.325,0.0,0.383,,1.26,0.129,3.81,0.072,1.1,0.016,,0.007,,0.004,0.254,,0.205,,0.13,,,,121.0,,,,,,,,,0.034,0.268,,0.072,0.0,,0.0,,,,,,,,,,,,,11.5,,,,,,,,,,,,,,,,,,72.4,,1.19,,,,,
233,323370,"CHEESE, RICOTTA, WHOLE MILK, STORE/OTHER",2019-04-01,,,,,,,1.29,,,,,,,,275.0,,,,,,,,,,,,,,0.0,,,,,,,,,,,,,,,,,,,,,,,,,,,,,,,,,,,0.0,,,,,,,,,,,0.136,0.0,,0.201,0.022,,2.49,,,0.024,,,,0.0,0.0,14.6,,,0.0,,,,1.7,,,0.059,0.32,,0.049,0.0,,0.0,,0.003,,0.0,0.013,0.0,0.017,,,0.005,,0.0,,0.003,,0.007,,0.0,,,198.0,,,,117.0,,,,,,,,,0.369,0.0,0.43,,1.34,0.127,3.63,0.072,1.17,0.016,,0.007,,0.004,0.3,,0.242,,0.152,,,,113.0,,,,,,,,,0.04,0.28,,0.076,0.003,,0.0,,,,,,,,,,,,,12.6,,,,,,,,,,,,,,,,,,72.1,,1.44,,,,,
234,323378,"CHEESE, RICOTTA, WHOLE MILK, LUCERNE",2019-04-01,,,,,,,1.2,,,,,,,,162.0,,,,,,57.0,,,,,,,,0.0,,,,,,,,,,,,,,,,,,,,,,,,,,,,,,,,,,,0.13,,,,,,,,,,,0.125,0.0,,0.2,0.022,,2.32,,,0.021,,,,0.003,0.0,16.7,,,0.0,,,,1.57,,,0.046,0.267,,0.043,0.0,,0.0,,0.003,,0.0,0.013,0.0,0.017,,,0.005,,0.0,,0.003,,0.007,,0.0,,,121.0,,,,232.0,,,,,,,,0.29,0.329,0.0,0.386,,1.2,0.122,3.55,0.07,1.06,0.014,,0.007,,0.004,0.263,,0.21,,0.131,,7.0,,109.0,,,,,,,,,0.03,0.267,,0.069,0.0,,0.0,0.04,,,,,,,,,,,,11.9,,,,,0.97,0.089,,,,,,,,,,,,72.6,,0.33,,,,,
235,323393,"CHEESE, RICOTTA, WHOLE MILK, STORE/OTHER",2019-04-01,,,,,,,1.16,,,,,,,,148.0,,,,,,46.0,,,,,,,,0.0,,,,,,,,,,,,,,,,,,,,,,,,,,,,,,,,,,,0.14,,,,,,,,,,,0.104,0.0,,0.159,0.019,,2.06,,,0.018,,,,0.0,0.0,18.6,,,0.0,,,0.13,1.07,,,0.044,0.25,,0.037,0.0,,0.0,,0.0,,0.0,0.012,0.0,0.015,,,0.004,,0.0,,0.003,,0.006,,0.0,,,120.0,,,,241.0,,,,,,,,0.33,0.281,0.0,0.332,,1.04,0.104,2.94,0.062,0.961,0.013,,0.006,,0.003,0.232,,0.183,,0.114,,6.4,,101.0,,,,,,,,,0.029,0.239,,0.068,0.0,,0.0,0.04,,,,,,,,,,,,10.1,,,,,0.92,,,,,,,,,,,,,74.2,,0.25,,,,,
236,323408,"CHEESE, RICOTTA, WHOLE MILK, STORE/OTHER",2019-04-01,,,,,0.36,0.23,1.23,0.81,,,,,,,189.0,,,,,,52.0,,,,,,,,0.0,,,0.2,,,,,,,,,,,,,,,,,,,,,,,,1.45,,0.15,,,0.19,0.0,,0.13,0.4,,0.87,,,,,0.73,,,0.122,0.0,,0.189,0.02,,2.28,,,0.02,,,,0.0,0.0,18.3,,,0.0,0.19,,0.15,1.27,,,0.045,0.265,,0.047,0.0,,0.0,,0.0,,0.0,0.013,0.0,0.015,,,0.006,,0.0,,0.003,,0.008,,0.0,,0.3,137.0,,,,229.0,0.64,,,,,,,0.3,0.319,0.0,0.375,,1.17,0.118,3.51,0.067,1.05,0.015,,0.006,,0.004,0.251,,0.204,,0.13,,0.0,0.41,98.0,,,,,,,,,0.033,0.263,,0.071,0.0,,0.0,0.04,0.44,,,,,,,,,,,11.2,0.13,0.28,0.36,,0.85,0.094,,,,,,,,,,,,72.8,,0.39,,,,,
237,323425,"CHEESE, RICOTTA, WHOLE MILK, GALBANI",2019-04-01,,,,,0.29,0.19,1.39,0.66,,,,,,,208.0,,,,,,46.0,,,,,,,,0.0,,,0.16,,,,,,,,,,,,,,,,,,,,,,,,1.15,,0.12,,,0.16,0.0,,0.12,0.33,,0.7,,,,,0.58,,,0.121,0.0,,0.201,0.021,,2.24,,,0.022,,,,0.003,0.0,21.5,,,0.0,0.15,,0.22,1.0,,,0.047,0.255,,0.044,0.0,,0.003,,0.0,,0.0,0.011,0.0,0.014,,,0.005,,0.0,,0.003,,0.007,,0.0,,0.24,152.0,,,,288.0,0.49,,,,,,127.0,0.42,0.31,0.0,0.366,,1.18,0.122,3.47,0.07,1.04,0.016,,0.007,,0.004,0.258,,0.204,,0.128,,5.4,0.32,90.0,,,,,,,,,0.03,0.251,,0.068,0.0,,0.0,0.05,0.35,0.0,0.0,0.0,0.0,0.0,0.0,0.0,,,,10.85,0.1,0.22,0.29,,0.65,,,,,,,,,0.27,0.0,3.0,0.6,72.9,,0.32,,,,,
238,323445,"KALE, FRESH, UNPREPARED",2019-04-01,,,,,,,1.26,,,,,,,,203.0,,,,,,,,,,,,,,0.054,,,,,,,,,,,,,,,,,,,,,,,,,,,,,,,,,,,1.36,,,,,,,,,,,,,,,,,,,,,,,,,,29.1,,,0.775,,,,0.51,,,,,,,,,,,,,,,,,,,,,,,,,,,,,,62.0,,,,352.0,,,,,,,,,,,,,,,,,,,,,,,,,,,,,,,16.0,,,,,,,,,,,,,,,,,,,,,,,,,,,,1.49,,,,,,,96.3,,,,,,,,,,,90.2,,0.4,,,,,
239,323451,"KALE, FRESH, UNPREPARED",2019-04-01,,,,,,,1.51,,,,,,,,247.0,,,,,,,,,,,,,,0.04,,,,,,,,,,,,,,,,,,,,,,,,,,,,,,,,,,,0.77,,,,,,,,,,,,,,,,,,,,,,,,,,28.4,,,0.632,,,,0.37,,,,,,,,,,,,,,,,,,,,,,,,,,,,0.37,,47.0,,,,389.0,,,,,,,,,,,,,,,,,,,,,,,,,,,,,,,18.0,,,,,,,,,,,,,,,,,,,,,,,,,,,,1.56,,,,,,,104.0,,,,,,,,,,,89.4,,0.33,,,,,
240,323458,"KALE, FRESH, UNPREPARED",2019-04-01,,,,,,,1.75,,,,,,,,264.0,,,0.0,3830.0,,,,,,,,,,0.075,,37.0,,,,,,,,,,,,,,,,,,4.0,53.0,,,,,,,,,,,,,,1.1,,,,,,8560.0,0.0,,,,,,,,,,,,,,,,,,,45.8,,,1.22,,,1.59,0.61,,,,,,,,,,,,,,,,,,,,,,,,,,,,,,58.0,,,,341.0,,,,,,,,0.28,,,,,,,,,,,,,,,,,,,,,,,105.0,,,,,,,,,,,,,,,,0.13,,0.0,0.0,0.1,0.0,0.0,0.0,0.0,,,,1.45,,,,,,0.16,87.0,,,,,,,0.5,0.0,0.0,378.0,88.8,,0.44,,,,,
241,323473,"KALE, FRESH, UNPREPARED",2019-04-01,,,,,,,1.66,,,,,,,,281.0,,,0.0,2160.0,,,,,,,,,,0.032,,19.0,,,,,,,,,,,,,,,,,,4.2,72.0,0.5,0.0,,,0.48,,,,,,,,,3.61,,0.0,,,,4460.0,0.0,,,,,,,,,,,,,,,,,,,29.7,,0.0,0.512,,,0.93,0.36,,,,,,,,,,,,,,,,,,,,,,,,,,,,0.37,,50.0,,,,301.0,,,,,,,,0.33,,,,,,,,,,,,,,,,,,,,,,,107.0,,,,,,0.0,,,,,,,,,,0.08,,0.0,0.0,0.2,0.0,0.0,0.0,0.0,,,,1.43,,,,,,0.12,95.5,,,,,,,0.75,0.0,0.0,369.0,89.9,,0.2,,,,,
242,323490,"KALE, FRESH, UNPREPARED",2019-04-01,,,,,,,1.53,,,,,,,,277.0,,,0.0,2630.0,,,,,,,,,,0.065,,26.0,,,,,,,,,,,,,,,,,,,60.0,0.31,0.0,,,0.32,,,,,,,,,1.14,,0.0,,,,5760.0,0.0,,,,,,,,,,,,,,,,,,,30.5,,0.0,1.46,,,1.02,0.49,,,,,,,,,,,,,,,,,,,,,,,,,,,,,,58.0,,,,358.0,,,,,,,,0.43,,,,,,,,,,,,,,,,,,,,,,,17.0,,,,,,0.0,,,,,,,,,,0.13,,0.0,0.0,0.13,0.0,0.0,0.0,0.0,,,,1.51,,,,,,0.16,84.4,,,,,,,0.74,0.0,0.0,422.0,89.8,,0.57,,,,,
243,323506,"EGG, LIQUID WHOLE, Producer C, LOT 3",2019-04-01,,0.6,,,,,1.28,,,,,,,,54.0,,,,,,463.0,,,,,,,,0.0,,,,,,,,,,,,,,,,,,,,,,,,,,,,,,,,,,80.9,1.82,,,,,,,,,,,,,,,,,,,,,,,,,,10.4,,,0.0,,,,1.98,,,,,,,,,,,,,,,,,,,,,,,,,,,,,,197.0,,,,116.0,,,,,,,,,,,,,,,,,,,,,,,,,,,,,,,111.0,,,,,,,,,,,,,,,,,,,,,,,,,,,,11.5,,,,,,,,,,0.0,1.8,,,,,,,74.2,,1.28,,,,,
244,323513,"EGG, LIQUID WHOLE, Producer D, LOT 3",2019-04-01,,0.5,,,,,1.22,,,,,,,,56.0,,,,,,405.0,,,,,,,,0.0,,,,,,,,,,,,,,,,,,,,,,,,,,,,,,,,,,75.8,1.66,,,,,,,,,,,,,,,,,,,,,,,,,,11.1,,,0.0,,,,1.98,,,,,,,,,,,,,,,,,,,,,,,,,,,,,,182.0,,,,114.0,,,,,,,,,,,,,,,,,,,,,,,,,,,,,,,116.0,,,,,,,,,,,,,,,,,,,,,,,,,,,,10.1,,,,,,,,,,0.0,1.2,,,,,,,75.8,,1.17,,,,,
245,323520,"EGG, LIQUID WHOLE, Producer D, LOT 3",2019-04-01,,0.4,,,,,1.24,,,,,,,,59.0,,,,,,398.0,,,,,,,,0.0,,,,,,,,,,,,,,,,,,,,,,,,,,,,,,,,,,69.1,1.81,,,,,,,,,,,,,,,,,,,,,,,,,,12.4,,,0.0,,,,2.01,,,,,,,,,,,,,,,,,,,,,,,,,,,,,,192.0,,,,118.0,,,,,,,,,,,,,,,,,,,,,,,,,,,,,,,128.0,,,,,,,,,,,,,,,,,,,,,,,,,,,,9.62,,,,,,,,,,0.0,0.8,,,,,,,75.4,,1.22,,,,,
246,323527,"EGG, LIQUID WHOLE, Producer C, LOT 3",2019-04-01,,0.6,,,,,1.24,,,,,,,,56.0,,,,,,458.0,,,,,,,,0.0,,,,,,,,,,,,,,,,,,,,,,,,,,,,,,,,,,77.8,1.91,,,,,,,,,,,,,,,,,,,,,,,,,,11.0,,,0.0,,,,1.99,,,,,,,,,,,,,,,,,,,,,,,,,,,,,,186.0,,,,118.0,,,,,,,,,,,,,,,,,,,,,,,,,,,,,,,118.0,,,,,,,,,,,,,,,,,,,,,,,,,,,,10.8,,,,,,,,,,0.0,2.0,,,,,,,74.0,,1.21,,,,,
247,323534,"EGG, LIQUID WHOLE, Producer C, LOT 3",2019-04-01,,0.4,,,,,1.28,,,,,,,,62.0,,,,,,463.0,,,,,,,,0.0,,,,,,,,,,,,,,,,,,,,,,,,,,,,,,,,,,80.5,1.95,,,,,,,,,,,,,,,,,,,,,,,,,,11.4,,,0.0,,,,2.02,,,,,,,,,,,,,,,,,,,,,,,,,,,,,,202.0,,,,123.0,,,,,,,,,,,,,,,,,,,,,,,,,,,,,,,120.0,,,,,,,,,,,,,,,,,,,,,,,,,,,,11.1,,,,,,,,,,0.0,0.9,,,,,,,74.1,,1.32,,,,,
248,323541,"EGG, LIQUID WHOLE, Producer D, LOT 3",2019-04-01,,0.6,,,,,1.15,,,,,,,,59.0,,,,,,402.0,,,,,,,,0.0,,,,,,,,,,,,,,,,,,,,,,,,,,,,,,,,,,73.6,1.9,,,,,,,,,,,,,,,,,,,,,,,,,,12.2,,,0.0,,,,2.01,,,,,,,,,,,,,,,,,,,,,,,,,,,,,,190.0,,,,115.0,,,,,,,,,,,,,,,,,,,,,,,,,,,,,,,121.0,,,,,,,,,,,,,,,,,,,,,,,,,,,,9.79,,,,,,,,,,0.0,1.9,,,,,,,75.6,,1.28,,,,,
249,323548,"EGG, LIQUID WHOLE, Producer A, LOT 2",2019-04-01,,0.7,,,,,1.11,,,,,,,,56.0,,,,,,429.0,,,,,,,,0.0,,,,,,,,,,,,,,,,,,,,,,,,,,,,,,,,,,45.1,2.01,,,,,,,,,,,,,,,,,,,,,,,,,,11.5,,,0.0,,,,1.93,,,,,,,,,,,,,,,,,,,,,,,,,,,,,,208.0,,,,121.0,,,,,,,,,,,,,,,,,,,,,,,,,,,,,,,117.0,,,,,,,,,,,,,,,,,,,,,,,,,,,,10.3,,,,,,,,,,0.0,2.4,,,,,,,75.4,,1.31,,,,,
250,323555,"EGG, LIQUID WHOLE, Producer A, LOT 2",2019-04-01,,0.7,,,,,1.15,,,,,,,,47.0,,,,,,429.0,,,,,,,,0.0,,,,,,,,,,,,,,,,,,,,,,,,,,,,,,,,,,46.0,1.56,,,,,,,,,,,,,,,,,,,,,,,,,,10.1,,,0.0,,,,1.96,,,,,,,,,,,,,,,,,,,,,,,,,,,,,,178.0,,,,110.0,,,,,,,,,,,,,,,,,,,,,,,,,,,,,,,100.0,,,,,,,,,,,,,,,,,,,,,,,,,,,,10.2,,,,,,,,,,0.0,2.3,,,,,,,75.3,,1.13,,,,,
251,323562,"EGG, LIQUID WHOLE, Producer F, LOT 3",2019-04-01,,0.5,,,,,1.07,,,,,,,,50.0,,,,,,386.0,,,,,,,,0.0,,,,,,,,,,,,,,,,,,,,,,,,,,,,,,,,,,57.4,1.84,,,,,,,,,,,,,,,,,,,,,,,,,,11.4,,,0.0,,,,1.96,,,,,,,,,,,,,,,,,,,,,,,,,,,,,,184.0,,,,125.0,,,,,,,,,,,,,,,,,,,,,,,,,,,,,,,132.0,,,,,,,,,,,,,,,,,,,,,,,,,,,,9.39,,,,,,,,,,0.0,1.6,,,,,,,76.7,,1.2,,,,,
252,323569,"EGG, LIQUID WHOLE, Producer B, LOT 3",2019-04-01,,0.6,,,,,1.04,,,,,,,,50.0,,,,,,385.0,,,,,,,,0.0,,,,,,,,,,,,,,,,,,,,,,,,,,,,,,,,,,52.1,1.62,,,,,,,,,,,,,,,,,,,,,,,,,,11.0,,,0.0,,,,1.98,,,,,,,,,,,,,,,,,,,,,,,,,,,,,,178.0,,,,109.0,,,,,,,,,,,,,,,,,,,,,,,,,,,,,,,137.0,,,,,,,,,,,,,,,,,,,,,,,,,,,,9.57,,,,,,,,,,0.0,3.9,,,,,,,76.3,,1.11,,,,,
253,323576,"EGG, LIQUID WHOLE, Producer F, LOT 3",2019-04-01,,0.6,,,,,1.22,,,,,,,,58.0,,,,,,426.0,,,,,,,,0.0,,,,,,,,,,,,,,,,,,,,,,,,,,,,,,,,,,54.8,1.69,,,,,,,,,,,,,,,,,,,,,,,,,,11.5,,,0.0,,,,1.93,,,,,,,,,,,,,,,,,,,,,,,,,,,,,,194.0,,,,117.0,,,,,,,,,,,,,,,,,,,,,,,,,,,,,,,122.0,,,,,,,,,,,,,,,,,,,,,,,,,,,,10.8,,,,,,,,,,0.0,1.4,,,,,,,75.1,,1.22,,,,,
254,323583,"EGG, LIQUID WHOLE, Producer F, LOT 3",2019-04-01,,0.7,,,,,1.23,,,,,,,,60.0,,,,,,432.0,,,,,,,,0.0,,,,,,,,,,,,,,,,,,,,,,,,,,,,,,,,,,53.2,1.7,,,,,,,,,,,,,,,,,,,,,,,,,,11.5,,,0.0,,,,1.97,,,,,,,,,,,,,,,,,,,,,,,,,,,,,,192.0,,,,118.0,,,,,,,,,,,,,,,,,,,,,,,,,,,,,,,124.0,,,,,,,,,,,,,,,,,,,,,,,,,,,,10.6,,,,,,,,,,0.0,2.1,,,,,,,75.0,,1.21,,,,,
255,323590,"EGG, LIQUID WHOLE, Producer B, LOT 3",2019-04-01,,0.8,,,,,1.0,,,,,,,,51.0,,,,,,401.0,,,,,,,,0.0,,,,,,,,,,,,,,,,,,,,,,,,,,,,,,,,,,48.7,1.65,,,,,,,,,,,,,,,,,,,,,,,,,,10.6,,,0.0,,,,1.89,,,,,,,,,,,,,,,,,,,,,,,,,,,,,,184.0,,,,112.0,,,,,,,,,,,,,,,,,,,,,,,,,,,,,,,125.0,,,,,,,,,,,,,,,,,,,,,,,,,,,,10.0,,,,,,,,,,0.0,4.4,,,,,,,76.2,,1.13,,,,,
256,323597,"EGG, LIQUID WHOLE, Producer B, LOT 3",2019-04-01,,0.8,,,,,1.03,,,,,,,,51.0,,,,,,406.0,,,,,,,,0.0,,,,,,,,,,,,,,,,,,,,,,,,,,,,,,,,,,47.3,1.67,,,,,,,,,,,,,,,,,,,,,,,,,,10.9,,,0.0,,,,1.92,,,,,,,,,,,,,,,,,,,,,,,,,,,,,,185.0,,,,117.0,,,,,,,,,,,,,,,,,,,,,,,,,,,,,,,129.0,,,,,,,,,,,,,,,,,,,,,,,,,,,,10.3,,,,,,,,,,0.0,5.1,,,,,,,75.7,,1.06,,,,,
257,323605,"EGG, LIQUID WHITE, Producer D, LOT 3",2019-04-01,,,,,,,0.77,,,,,,,,5.0,,,,,,3.0,,,,,,,,0.0,,,,,,,,,,,,,,,,,,,,,,,,,,,,,,,,,,,1.47,,,,,,,,,,,,,,,,,,,,,,,,,,10.5,,,0.0,,,,1.56,,,,,,,,,,,,,,,,,,,,,,,,,,,,,,0.0,,,,77.0,,,,,,,,,,,,,,,,,,,,,,,,,,,,,,,86.0,,,,,,,,,,,,,,,,,,,,,,,,,,,,0.1,,,,,,,,,,,,,,,,,,88.4,,0.31,,,,,
258,323610,"EGG, LIQUID WHITE, Producer D, LOT 3",2019-04-01,,,,,,,0.74,,,,,,,,,,,,,,2.0,,,,,,,,0.0,,,,,,,,,,,,,,,,,,,,,,,,,,,,,,,,,,0.0,0.0,,,,,,,,,,,,,,,,,,,,,,,,,,9.0,,,0.0,,,,1.52,,,,,,,,,,,,,,,,,,,,,,,,,,,,,,0.0,,,,138.0,,,,,,,,,,,,,,,,,,,,,,,,,,,,,,,142.0,,,,,,,,,,,,,,,,,,,,,,,,,,,,0.13,,,,,,,,,,,,,,,,,,89.0,,0.0,,,,,
259,323616,"EGG, LIQUID WHITE, Producer D, LOT 3",2019-04-01,,0.0,,,,,0.73,,,,,,,,5.0,,,,,,3.0,,,,,,,,0.0,,,,,,,,,,,,,,,,,,,,,,,,,,,,,,,,,,,0.0,,,,,,,,,,,,,,,,,,,,,,,,,,10.1,,,0.0,,,,1.6,,,,,,,,,,,,,,,,,,,,,,,,,,,,,,0.0,,,,176.0,,,,,,,,,,,,,,,,,,,,,,,,,,,,,,,141.0,,,,,,,,,,,,,,,,,,,,,,,,,,,,0.15,,,,,,,,,,0.0,0.0,,,,,,,88.4,,0.0,,,,,
260,323622,"EGG, LIQUID WHITE, Producer C, LOT 3",2019-04-01,,,,,,,0.62,,,,,,,,7.0,,,,,,2.0,,,,,,,,0.0,,,,,,,,,,,,,,,,,,,,,,,,,,,,,,,,,,,0.0,,,,,,,,,,,,,,,,,,,,,,,,,,10.2,,,0.0,,,,1.62,,,,,,,,,,,,,,,,,,,,,,,,,,,,,,0.0,,,,154.0,,,,,,,,,,,,,,,,,,,,,,,,,,,,,,,133.0,,,,,,,,,,,,,,,,,,,,,,,,,,,,0.19,,,,,,,,,,,,,,,,,,88.3,,0.0,,,,,
261,323627,"EGG, LIQUID WHITE, Producer E, LOT 1",2019-04-01,,0.0,,,,,0.74,,,,,,,,20.0,,,,,,1.0,,,,,,,,0.0,,,,,,,,,,,,,,,,,,,,,,,,,,,,,,,,,,0.0,0.0,,,,,,,,,,,,,,,,,,,,,,,,,,12.0,,,0.0,,,,1.63,,,,,,,,,,,,,,,,,,,,,,,,,,,,,,0.0,,,,139.0,,,,,,,,,,,,,,,,,,,,,,,,,,,,,,,148.0,,,,,,,,,,,,,,,,,,,,,,,,,,,,0.12,,,,,,,,,,0.0,0.0,,,,,,,88.3,,0.0,,,,,
262,323634,"EGG, LIQUID WHITE, Producer C, LOT 3",2019-04-01,,0.0,,,,,0.73,,,,,,,,9.0,,,,,,2.0,,,,,,,,0.0,,,,,,,,,,,,,,,,,,,,,,,,,,,,,,,,,,0.0,0.0,,,,,,,,,,,,,,,,,,,,,,,,,,10.7,,,0.0,,,,1.61,,,,,,,,,,,,,,,,,,,,,,,,,,,,,,0.0,,,,166.0,,,,,,,,,,,,,,,,,,,,,,,,,,,,,,,128.0,,,,,,,,,,,,,,,,,,,,,,,,,,,,0.15,,,,,,,,,,0.0,0.0,,,,,,,88.4,,0.0,,,,,
263,323641,"EGG, LIQUID WHITE, Producer C, LOT 3",2019-04-01,,,,,,,0.68,,,,,,,,6.0,,,,,,2.0,,,,,,,,0.0,,,,,,,,,,,,,,,,,,,,,,,,,,,,,,,,,,,0.0,,,,,,,,,,,,,,,,,,,,,,,,,,10.5,,,0.0,,,,1.62,,,,,,,,,,,,,,,,,,,,,,,,,,,,,,0.0,,,,126.0,,,,,,,,,,,,,,,,,,,,,,,,,,,,,,,138.0,,,,,,,,,,,,,,,,,,,,,,,,,,,,0.15,,,,,,,,,,,,,,,,,,88.2,,0.0,,,,,
264,323646,"EGG, LIQUID WHITE, Producer A, LOT 3",2019-04-01,,,,,,,0.65,,,,,,,,8.0,,,,,,5.0,,,,,,,,0.0,,,,,,,,,,,,,,,,,,,,,,,,,,,,,,,,,,,0.0,,,,,,,,,,,,,,,,,,,,,,,,,,9.7,,,0.0,,,,1.55,,,,,,,,,,,,,,,,,,,,,,,,,,,,,,0.0,,,,136.0,,,,,,,,,,,,,,,,,,,,,,,,,,,,,,,152.0,,,,,,,,,,,,,,,,,,,,,,,,,,,,0.16,,,,,,,,,,,,,,,,,,88.7,,0.0,,,,,
265,323651,"EGG, LIQUID WHITE, Producer A, LOT 3",2019-04-01,,,,,,,0.72,,,,,,,,8.0,,,,,,2.0,,,,,,,,0.0,,,,,,,,,,,,,,,,,,,,,,,,,,,,,,,,,,0.0,0.0,,,,,,,,,,,,,,,,,,,,,,,,,,11.9,,,0.0,,,,1.65,,,,,,,,,,,,,,,,,,,,,,,,,,,,,,0.0,,,,138.0,,,,,,,,,,,,,,,,,,,,,,,,,,,,,,,153.0,,,,,,,,,,,,,,,,,,,,,,,,,,,,0.14,,,,,,,,,,,,,,,,,,88.1,,0.0,,,,,
266,323657,"EGG, LIQUID WHITE, Producer A, LOT 3",2019-04-01,,0.0,,,,,0.69,,,,,,,,7.0,,,,,,2.0,,,,,,,,0.0,,,,,,,,,,,,,,,,,,,,,,,,,,,,,,,,,,,0.0,,,,,,,,,,,,,,,,,,,,,,,,,,11.8,,,0.0,,,,1.63,,,,,,,,,,,,,,,,,,,,,,,,,,,,,,0.0,,,,101.0,,,,,,,,,,,,,,,,,,,,,,,,,,,,,,,154.0,,,,,,,,,,,,,,,,,,,,,,,,,,,,0.1,,,,,,,,,,0.0,0.0,,,,,,,88.1,,0.0,,,,,
267,323663,"EGG, LIQUID WHITE, Producer F, LOT 3",2019-04-01,,,,,,,0.63,,,,,,,,9.0,,,,,,2.0,,,,,,,,0.0,,,,,,,,,,,,,,,,,,,,,,,,,,,,,,,,,,0.0,0.0,,,,,,,,,,,,,,,,,,,,,,,,,,10.6,,,0.0,,,,1.58,,,,,,,,,,,,,,,,,,,,,,,,,,,,,,0.0,,,,132.0,,,,,,,,,,,,,,,,,,,,,,,,,,,,,,,158.0,,,,,,,,,,,,,,,,,,,,,,,,,,,,0.17,,,,,,,,,,,,,,,,,,88.7,,0.0,,,,,
268,323669,"EGG, LIQUID WHITE, Producer F, LOT 3",2019-04-01,,,,,,,0.7,,,,,,,,7.0,,,,,,3.0,,,,,,,,0.0,,,,,,,,,,,,,,,,,,,,,,,,,,,,,,,,,,,1.49,,,,,,,,,,,,,,,,,,,,,,,,,,10.7,,,0.0,,,,1.64,,,,,,,,,,,,,,,,,,,,,,,,,,,,,,0.0,,,,122.0,,,,,,,,,,,,,,,,,,,,,,,,,,,,,,,159.0,,,,,,,,,,,,,,,,,,,,,,,,,,,,0.11,,,,,,,,,,,,,,,,,,88.0,,0.0,,,,,
269,323674,"EGG, LIQUID WHITE, Producer B, LOT 3",2019-04-01,,,,,,,0.68,,,,,,,,10.0,,,,,,3.0,,,,,,,,0.0,,,,,,,,,,,,,,,,,,,,,,,,,,,,,,,,,,,0.0,,,,,,,,,,,,,,,,,,,,,,,,,,9.8,,,0.0,,,,1.62,,,,,,,,,,,,,,,,,,,,,,,,,,,,,,0.0,,,,114.0,,,,,,,,,,,,,,,,,,,,,,,,,,,,,,,152.0,,,,,,,,,,,,,,,,,,,,,,,,,,,,0.16,,,,,,,,,,,,,,,,,,88.2,,0.0,,,,,
270,323679,"EGG, LIQUID WHITE, Producer F, LOT 3",2019-04-01,,0.0,,,,,0.74,,,,,,,,8.0,,,,,,4.0,,,,,,,,0.0,,,,,,,,,,,,,,,,,,,,,,,,,,,,,,,,,,,0.0,,,,,,,,,,,,,,,,,,,,,,,,,,11.2,,,0.0,,,,1.7,,,,,,,,,,,,,,,,,,,,,,,,,,,,,,0.0,,,,145.0,,,,,,,,,,,,,,,,,,,,,,,,,,,,,,,153.0,,,,,,,,,,,,,,,,,,,,,,,,,,,,0.23,,,,,,,,,,0.0,0.0,,,,,,,87.9,,0.0,,,,,
271,323685,"EGG, LIQUID WHITE, Producer B, LOT 3",2019-04-01,,0.0,,,,,0.63,,,,,,,,10.0,,,,,,3.0,,,,,,,,0.0,,,,,,,,,,,,,,,,,,,,,,,,,,,,,,,,,,0.0,0.0,,,,,,,,,,,,,,,,,,,,,,,,,,10.4,,,0.0,,,,1.65,,,,,,,,,,,,,,,,,,,,,,,,,,,,,,0.0,,,,128.0,,,,,,,,,,,,,,,,,,,,,,,,,,,,,,,142.0,,,,,,,,,,,,,,,,,,,,,,,,,,,,0.17,,,,,,,,,,0.0,0.0,,,,,,,88.2,,0.0,,,,,
272,323692,"EGG, LIQUID WHITE, Producer B, LOT 3",2019-04-01,,,,,,,0.74,,,,,,,,10.0,,,,,,5.0,,,,,,,,0.0,,,,,,,,,,,,,,,,,,,,,,,,,,,,,,,,,,,0.0,,,,,,,,,,,,,,,,,,,,,,,,,,10.5,,,0.0,,,,1.64,,,,,,,,,,,,,,,,,,,,,,,,,,,,,,0.0,,,,87.0,,,,,,,,,,,,,,,,,,,,,,,,,,,,,,,164.0,,,,,,,,,,,,,,,,,,,,,,,,,,,,0.26,,,,,,,,,,,,,,,,,,88.2,,0.0,,,,,
273,323698,"EGG, DRIED WHITE STABILIZED, Producer C, LOT 3",2019-04-01,,0.0,,,,,5.15,,,,,,,,152.0,,,,,,10.0,,,,,,,,0.0,,,,,,,,,,,,,,,,,,,,,,,,,,,,,,,,,,49.6,0.0,,,,,,,,,,,,,,,,,,,,,,,,,,93.6,,,0.0,,,,12.5,,,,,,,,,,,,,,,,,,,,,,,,,,,,,,109.0,,,,948.0,,,,,,,,,,,,,,,,,,,,,,,,,,,,,,,1200.0,,,,,,,,,,,,,,,,,,,,,,,,,,,,0.34,,,,,,,,,,0.0,0.0,,,,,,,8.26,,0.44,,,,,
274,323705,"EGG, DRIED WHITE STABILIZED, Producer E, LOT 3",2019-04-01,,,,,,,5.22,,,,,,,,168.0,,,,,,10.0,,,,,,,,0.0,,,,,,,,,,,,,,,,,,,,,,,,,,,,,,,,,,33.0,0.0,,,,,,,,,,,,,,,,,,,,,,,,,,83.7,,,0.0,,,,12.8,,,,,,,,,,,,,,,,,,,,,,,,,,,,,,97.0,,,,868.0,,,,,,,,,,,,,,,,,,,,,,,,,,,,,,,1230.0,,,,,,,,,,,,,,,,,,,,,,,,,,,,0.58,,,,,,,,,,,,,,,,,,7.94,,0.52,,,,,
275,323711,"EGG, DRIED WHITE STABILIZED, Producer E, LOT 3",2019-04-01,,0.0,,,,,5.48,,,,,,,,128.0,,,,,,10.0,,,,,,,,0.0,,,,,,,,,,,,,,,,,,,,,,,,,,,,,,,,,,40.1,0.0,,,,,,,,,,,,,,,,,,,,,,,,,,89.6,,,0.0,,,,12.6,,,,,,,,,,,,,,,,,,,,,,,,,,,,,,103.0,,,,881.0,,,,,,,,,,,,,,,,,,,,,,,,,,,,,,,1230.0,,,,,,,,,,,,,,,,,,,,,,,,,,,,0.59,,,,,,,,,,0.0,0.0,,,,,,,8.85,,0.28,,,,,
276,323718,"EGG, DRIED WHITE STABILIZED, Producer E, LOT 3",2019-04-01,,,,,,,5.39,,,,,,,,113.0,,,,,,12.0,,,,,,,,0.0,,,,,,,,,,,,,,,,,,,,,,,,,,,,,,,,,,40.7,0.0,,,,,,,,,,,,,,,,,,,,,,,,,,87.8,,,0.0,,,,12.7,,,,,,,,,,,,,,,,,,,,,,,,,,,,,,106.0,,,,939.0,,,,,,,,,,,,,,,,,,,,,,,,,,,,,,,1160.0,,,,,,,,,,,,,,,,,,,,,,,,,,,,0.51,,,,,,,,,,,,,,,,,,8.73,,0.51,,,,,
277,323724,"EGG, DRIED WHITE STABILIZED, Producer C, LOT 3",2019-04-01,,,,,,,5.97,,,,,,,,147.0,,,,,,9.0,,,,,,,,0.0,,,,,,,,,,,,,,,,,,,,,,,,,,,,,,,,,,44.0,0.0,,,,,,,,,,,,,,,,,,,,,,,,,,89.9,,,0.0,,,,12.5,,,,,,,,,,,,,,,,,,,,,,,,,,,,,,103.0,,,,947.0,,,,,,,,,,,,,,,,,,,,,,,,,,,,,,,1450.0,,,,,,,,,,,,,,,,,,,,,,,,,,,,0.54,,,,,,,,,,,,,,,,,,8.85,,0.0,,,,,
278,323730,"EGG, DRIED WHITE STABILIZED, Producer C, LOT 3",2019-04-01,,,,,,,5.44,,,,,,,,61.0,,,,,,26.0,,,,,,,,0.0,,,,,,,,,,,,,,,,,,,,,,,,,,,,,,,,,,59.0,0.0,,,,,,,,,,,,,,,,,,,,,,,,,,87.8,,,0.0,,,,12.9,,,,,,,,,,,,,,,,,,,,,,,,,,,,,,108.0,,,,1070.0,,,,,,,,,,,,,,,,,,,,,,,,,,,,,,,1260.0,,,,,,,,,,,,,,,,,,,,,,,,,,,,0.72,,,,,,,,,,,,,,,,,,7.09,,0.55,,,,,
279,323736,"EGG, DRIED WHITE STABILIZED, Producer D, LOT 3",2019-04-01,,,,,,,6.13,,,,,,,,148.0,,,,,,14.0,,,,,,,,0.0,,,,,,,,,,,,,,,,,,,,,,,,,,,,,,,,,,30.3,0.0,,,,,,,,,,,,,,,,,,,,,,,,,,86.1,,,0.0,,,,12.5,,,,,,,,,,,,,,,,,,,,,,,,,,,,,,107.0,,,,961.0,,,,,,,,,,,,,,,,,,,,,,,,,,,,,,,1170.0,,,,,,,,,,,,,,,,,,,,,,,,,,,,0.61,,,,,,,,,,,,,,,,,,8.57,,0.51,,,,,
280,323742,"EGG, DRIED WHITE STABILIZED, Producer D, LOT 3",2019-04-01,,,,,,,5.62,,,,,,,,120.0,,,,,,15.0,,,,,,,,0.0,,,,,,,,,,,,,,,,,,,,,,,,,,,,,,,,,,29.7,0.0,,,,,,,,,,,,,,,,,,,,,,,,,,84.2,,,0.0,,,,12.8,,,,,,,,,,,,,,,,,,,,,,,,,,,,,,106.0,,,,972.0,,,,,,,,,,,,,,,,,,,,,,,,,,,,,,,1380.0,,,,,,,,,,,,,,,,,,,,,,,,,,,,0.63,,,,,,,,,,,,,,,,,,8.46,,0.5,,,,,
281,323748,"EGG, DRIED WHITE STABILIZED, Producer B, LOT 3",2019-04-01,,,,,,,5.45,,,,,,,,76.0,,,,,,26.0,,,,,,,,0.0,,,,,,,,,,,,,,,,,,,,,,,,,,,,,,,,,,29.2,0.0,,,,,,,,,,,,,,,,,,,,,,,,,,82.7,,,0.0,,,,12.7,,,,,,,,,,,,,,,,,,,,,,,,,,,,,,107.0,,,,989.0,,,,,,,,,,,,,,,,,,,,,,,,,,,,,,,1190.0,,,,,,,,,,,,,,,,,,,,,,,,,,,,0.8,,,,,,,,,,,,,,,,,,8.25,,0.65,,,,,
282,323754,"EGG, DRIED WHITE STABILIZED, Producer B, LOT 3",2019-04-01,,,,,,,5.06,,,,,,,,71.0,,,,,,25.0,,,,,,,,0.0,,,,,,,,,,,,,,,,,,,,,,,,,,,,,,,,,,27.0,0.0,,,,,,,,,,,,,,,,,,,,,,,,,,90.4,,,0.0,,,,12.7,,,,,,,,,,,,,,,,,,,,,,,,,,,,,,112.0,,,,979.0,,,,,,,,,,,,,,,,,,,,,,,,,,,,,,,1260.0,,,,,,,,,,,,,,,,,,,,,,,,,,,,0.82,,,,,,,,,,,,,,,,,,8.29,,0.26,,,,,
283,323760,"EGG, DRIED WHITE STABILIZED, Producer D, LOT 3",2019-04-01,,0.0,,,,,5.71,,,,,,,,114.0,,,,,,14.0,,,,,,,,0.0,,,,,,,,,,,,,,,,,,,,,,,,,,,,,,,,,,29.6,0.0,,,,,,,,,,,,,,,,,,,,,,,,,,85.9,,,0.0,,,,12.8,,,,,,,,,,,,,,,,,,,,,,,,,,,,,,107.0,,,,994.0,,,,,,,,,,,,,,,,,,,,,,,,,,,,,,,1380.0,,,,,,,,,,,,,,,,,,,,,,,,,,,,0.68,,,,,,,,,,0.0,0.0,,,,,,,8.17,,0.42,,,,,
284,323767,"EGG, DRIED WHITE STABILIZED, Producer B, LOT 3",2019-04-01,,0.1,,,,,5.01,,,,,,,,69.0,,,,,,20.0,,,,,,,,0.0,,,,,,,,,,,,,,,,,,,,,,,,,,,,,,,,,,27.9,0.0,,,,,,,,,,,,,,,,,,,,,,,,,,87.8,,,0.0,,,,12.8,,,,,,,,,,,,,,,,,,,,,,,,,,,,,,105.0,,,,1030.0,,,,,,,,,,,,,,,,,,,,,,,,,,,,,,,1260.0,,,,,,,,,,,,,,,,,,,,,,,,,,,,0.79,,,,,,,,,,0.0,0.0,,,,,,,8.44,,0.53,,,,,
285,323774,"EGG, DRIED WHITE STABILIZED, Producer A, LOT 3",2019-04-01,,,,,,,5.5,,,,,,,,69.0,,,,,,18.0,,,,,,,,0.0,,,,,,,,,,,,,,,,,,,,,,,,,,,,,,,,,,22.1,0.0,,,,,,,,,,,,,,,,,,,,,,,,,,90.1,,,0.0,,,,13.2,,,,,,,,,,,,,,,,,,,,,,,,,,,,,,110.0,,,,909.0,,,,,,,,,,,,,,,,,,,,,,,,,,,,,,,1180.0,,,,,,,,,,,,,,,,,,,,,,,,,,,,0.8,,,,,,,,,,,,,,,,,,6.09,,0.49,,,,,
286,323780,"EGG, DRIED WHITE STABILIZED, Producer A, LOT 3",2019-04-01,,0.0,,,,,5.33,,,,,,,,61.0,,,,,,22.0,,,,,,,,0.0,,,,,,,,,,,,,,,,,,,,,,,,,,,,,,,,,,24.0,0.0,,,,,,,,,,,,,,,,,,,,,,,,,,86.5,,,0.0,,,,13.2,,,,,,,,,,,,,,,,,,,,,,,,,,,,,,110.0,,,,941.0,,,,,,,,,,,,,,,,,,,,,,,,,,,,,,,1200.0,,,,,,,,,,,,,,,,,,,,,,,,,,,,0.73,,,,,,,,,,0.0,0.0,,,,,,,5.96,,0.41,,,,,
287,323787,"EGG, DRIED WHITE STABILIZED, Producer A, LOT 3",2019-04-01,,,,,,,5.6,,,,,,,,68.0,,,,,,21.0,,,,,,,,0.0,,,,,,,,,,,,,,,,,,,,,,,,,,,,,,,,,,24.0,0.0,,,,,,,,,,,,,,,,,,,,,,,,,,88.3,,,0.0,,,,13.0,,,,,,,,,,,,,,,,,,,,,,,,,,,,,,110.0,,,,953.0,,,,,,,,,,,,,,,,,,,,,,,,,,,,,,,1210.0,,,,,,,,,,,,,,,,,,,,,,,,,,,,0.6,,,,,,,,,,,,,,,,,,7.82,,0.36,,,,,
288,323794,"SALSA, TOSTITOS CHUNKY - MEDIUM",2019-04-01,,,,,,,2.31,,,,,,,,30.0,,,,,,,,,,,,,,0.051,,,,,,,,,,,,,,,,,,,,,,1.72,0.0,,,1.64,,,,,,,,,0.37,,0.0,,,,,,,,,,,,,,,,,,,,,,,,13.0,,0.0,0.097,,,,0.2,,,,,,,,,,,,,,,,,,,,,,,,,,,,,,29.0,,,,272.0,,,,,,,,,,,,,,,,,,,,,,,,,,,,,,,692.0,,,,,,0.28,,,,,,,,,,,,,,,,,,,,,,0.3,,,,,,,,,,,,,,,,,,89.7,,0.18,,,,,
289,323802,"SALSA, TOSTITOS CHUNKY - MEDIUM",2019-04-01,,,,,,,2.3,,,,,,,,27.0,,,,,,,,,,,,,,0.076,,,,,,,,,,,,,,,,,,,,,,1.71,0.0,,,1.61,,,,,,,,,0.39,,0.0,,,,,,,,,,,,,,,,,,,,,,,,14.4,,0.0,0.105,,,,0.24,,,,,,,,,,,,,,,,,,,,,,,,,,,,,,30.0,,,,265.0,,,,,,,,,,,,,,,,,,,,,,,,,,,,,,,665.0,,,,,,0.32,,,,,,,,,,,,,,,,,,,,,,0.2,,,,,,,,,,,,,,,,,,89.6,,0.38,,,,,
290,323810,"SALSA, TOSTITOS CHUNKY - MEDIUM",2019-04-01,,,,,,,2.26,,,,,,,,28.0,,,,,,,,,,,,,,0.06,,,,,,,,,,,,,,,,,,,,,,1.86,0.0,,,1.73,,,,,,,,,0.53,,0.0,,,,,,,,,,,,,,,,,,,,,,,,15.4,,0.0,0.112,,,,0.21,,,,,,,,,,,,,,,,,,,,,,,,,,,,,,31.0,,,,258.0,,,,,,,,,,,,,,,,,,,,,,,,,,,,,,,643.0,,,,,,0.34,,,,,,,,,,,,,,,,,,,,,,0.1,,,,,,,,,,,,,,,,,,89.6,,0.25,,,,,
291,323818,"SALSA, TOSTITOS CHUNKY - MEDIUM",2019-04-01,,,,,,,2.13,,,,,,,,27.0,,,,,,,,,,,,,,0.052,,,,,,,,,,,,,,,,,,,,,,1.85,0.0,,,1.73,,,,,,,,,0.49,,0.0,,,,,,,,,,,,,,,,,,,,,,,,14.0,,0.0,0.107,,,,0.2,,,,,,,,,,,,,,,,,,,,,,,,,,,,,,28.0,,,,242.0,,,,,,,,,,,,,,,,,,,,,,,,,,,,,,,640.0,,,,,,0.0,,,,,,,,,,,,,,,,,,,,,,0.2,,,,,,,,,,,,,,,,,,89.6,,0.18,,,,,
292,323826,"SALSA, TOSTITOS CHUNKY - MEDIUM",2019-04-01,,,,,,,2.18,,,,,,,,26.0,,,,,,,,,,,,,,0.062,,,,,,,,,,,,,,,,,,,,,,1.64,0.0,,,1.55,,,,,,,,,0.33,,0.0,,,,,,,,,,,,,,,,,,,,,,,,12.0,,0.0,0.088,,,,0.17,,,,,,,,,,,,,,,,,,,,,,,,,,,,,,26.0,,,,235.0,,,,,,,,,,,,,,,,,,,,,,,,,,,,,,,638.0,,,,,,0.27,,,,,,,,,,,,,,,,,,,,,,0.2,,,,,,,,,,,,,,,,,,90.7,,0.16,,,,,
293,323833,"SALSA, TOSTITOS CHUNKY - MEDIUM",2019-04-01,,,,,,,2.31,,,,,,,,27.0,,,,,,,,,,,,,,0.052,,,,,,,,,,,,,,,,,,,,,,1.81,0.0,,,1.6,,,,,,,,,0.7,,0.0,,,,,,,,,,,,,,,,,,,,,,,,14.1,,0.0,0.107,,,,0.21,,,,,,,,,,,,,,,,,,,,,,,,,,,,,,30.0,,,,267.0,,,,,,,,,,,,,,,,,,,,,,,,,,,,,,,682.0,,,,,,0.0,,,,,,,,,,,,,,,,,,,,,,0.2,,,,,,,,,,,,,,,,,,89.7,,0.18,,,,,
294,323841,"SALSA, PACE CHUNKY - MEDIUM",2019-04-01,,,,,,,2.01,,,,,,,,25.0,,,,,,,,,,,,,,0.065,,,,,,,,,,,,,,,,,,,,,,1.97,0.0,,,1.75,,,,,,,,,0.44,,0.0,,,,,,,,,,,,,,,,,,,,,,,,16.7,,0.0,0.121,,,,0.23,,,,,,,,,,,,,,,,,,,,,,,,,,,,,,32.0,,,,243.0,,,,,,,,,,,,,,,,,,,,,,,,,,,,,,,649.0,,,,,,0.0,,,,,,,,,,,,,,,,,,,,,,0.1,,,,,,,,,,,,,,,,,,89.2,,0.18,,,,,
295,323847,"SALSA, PACE CHUNKY - MEDIUM",2019-04-01,,,,,,,2.21,,,,,,,,24.0,,,,,,,,,,,,,,0.062,,,,,,,,,,,,,,,,,,,,,,1.89,0.0,,,1.51,,,,,,,,,0.38,,0.0,,,,,,,,,,,,,,,,,,,,,,,,14.6,,0.0,0.102,,,,0.21,,,,,,,,,,,,,,,,,,,,,,,,,,,,,,30.0,,,,297.0,,,,,,,,,,,,,,,,,,,,,,,,,,,,,,,662.0,,,,,,0.3,,,,,,,,,,,,,,,,,,,,,,0.3,,,,,,,,,,,,,,,,,,89.0,,0.18,,,,,
296,323855,"SALSA, PACE CHUNKY - MEDIUM",2019-04-01,,,,,,,2.15,,,,,,,,25.0,,,,,,,,,,,,,,0.076,,,,,,,,,,,,,,,,,,,,,,2.02,0.0,,,1.79,,,,,,,,,0.46,,0.0,,,,,,,,,,,,,,,,,,,,,,,,16.8,,0.0,0.114,,,,0.24,,,,,,,,,,,,,,,,,,,,,,,,,,,,,,32.0,,,,253.0,,,,,,,,,,,,,,,,,,,,,,,,,,,,,,,626.0,,,,,,0.0,,,,,,,,,,,,,,,,,,,,,,0.2,,,,,,,,,,,,,,,,,,89.0,,0.21,,,,,
297,323863,"SALSA, PACE CHUNKY - MEDIUM",2019-04-01,,,,,,,2.27,,,,,,,,25.0,,,,,,,,,,,,,,0.076,,,,,,,,,,,,,,,,,,,,,,1.92,0.0,,,1.7,,,,,,,,,0.46,,0.0,,,,,,,,,,,,,,,,,,,,,,,,17.1,,0.0,0.118,,,,0.22,,,,,,,,,,,,,,,,,,,,,,,,,,,,,,32.0,,,,250.0,,,,,,,,,,,,,,,,,,,,,,,,,,,,,,,664.0,,,,,,0.28,,,,,,,,,,,,,,,,,,,,,,0.2,,,,,,,,,,,,,,,,,,89.2,,0.36,,,,,
298,323871,"SALSA, PACE CHUNKY - MEDIUM",2019-04-01,,,,,,,2.14,,,,,,,,24.0,,,,,,,,,,,,,,0.064,,,,,,,,,,,,,,,,,,,,,,1.83,0.0,,,1.65,,,,,,,,,0.43,,0.0,,,,,,,,,,,,,,,,,,,,,,,,16.3,,0.0,0.12,,,,0.22,,,,,,,,,,,,,,,,,,,,,,,,,,,,,,31.0,,,,247.0,,,,,,,,,,,,,,,,,,,,,,,,,,,,,,,639.0,,,,,,0.25,,,,,,,,,,,,,,,,,,,,,,0.2,,,,,,,,,,,,,,,,,,89.1,,0.18,,,,,
299,323879,"SALSA, PACE CHUNKY - MEDIUM",2019-04-01,,,,,,,2.32,,,,,,,,26.0,,,,,,,,,,,,,,0.071,,,,,,,,,,,,,,,,,,,,,,1.96,0.0,,,1.69,,,,,,,,,0.38,,0.0,,,,,,,,,,,,,,,,,,,,,,,,16.2,,0.0,0.106,,,,0.22,,,,,,,,,,,,,,,,,,,,,,,,,,,,,,32.0,,,,271.0,,,,,,,,,,,,,,,,,,,,,,,,,,,,,,,675.0,,,,,,0.0,,,,,,,,,,,,,,,,,,,,,,0.3,,,,,,,,,,,,,,,,,,89.2,,0.19,,,,,
300,323887,"Salsa, TOSTITOS CHUNKY, MEDIUM (FL,MO) - CY0914L",2019-04-01,,,,,,,2.22,,,,,,,,28.0,,,,,,,,,,,,,,0.07,,,,,,,,,,,,,,,,,,,,1.8,,2.1,0.0,,,1.7,,,,,,,,,0.39,,0.0,,,,,,,,,,,,,,,,,,,,,,,,13.7,,0.0,0.108,,,,0.27,,,,,,,,,,,,,,,,,,,,,,,,,,,,,,32.0,,,,,,,,,,,,,,,,,,,,,,,,,,,,,,,,,,,,,,,,,0.2,,,,,,,,,,,,,,,,,,,,,,0.1,,,,,,,,,,,,,,,,,,89.7,,0.17,,,,,
301,323896,"Salsa, TOSTITOS CHUNKY, MEDIUM (CO,CT) - CY0914K",2019-04-01,,,,,,,2.38,,,,,,,,29.0,,,,,,,,,,,,,,0.067,,,,,,,,,,,,,,,,,,,,1.9,,2.1,0.0,,,1.7,,,,,,,,,0.41,,0.0,,,,,,,,,,,,,,,,,,,,,,,,14.7,,0.0,0.113,,,,0.25,,,,,,,,,,,,,,,,,,,,,,,,,,,,,,33.0,,,,,,,,,,,,,,,,,,,,,,,,,,,,,,,,,,,,,,,,,0.3,,,,,,,,,,,,,,,,,,,,,,0.2,,,,,,,,,,,,,,,,,,89.4,,0.18,,,,,
302,323905,"Salsa, TOSTITOS CHUNKY, MEDIUM (AL,CA1) - CY0914I",2019-04-01,,,,,,,2.46,,,,,,,,28.0,,,,,,,,,,,,,,0.067,,,,,,,,,,,,,,,,,,,,2.0,,2.2,0.0,,,1.8,,,,,,,,,0.63,,0.0,,,,,,,,,,,,,,,,,,,,,,,,14.8,,0.0,0.118,,,,0.24,,,,,,,,,,,,,,,,,,,,,,,,,,,,,,33.0,,,,,,,,,,,,,,,,,,,,,,,,,,,,,,,,,,,,,,,,,0.3,,,,,,,,,,,,,,,,,,,,,,0.1,,,,,,,,,,,,,,,,,,89.0,,0.18,,,,,
303,323914,"Salsa, TOSTITOS CHUNKY, MEDIUM (IN,NY) - CY0914H",2019-04-01,,,,,,,2.55,,,,,,,,31.0,,,0.0,236.0,,,,,,,,,,0.064,,0.0,,,,,,,,,,,,,,,,,,1.8,,2.1,0.0,,,1.7,,,,,,,,,0.46,,0.0,,,,201.0,6310.0,,,,,,,,,,,,,,,,,,,14.6,,0.0,0.112,,,1.11,0.21,,,,,,,,,,,,,,,,,,,,,,,,,,,,0.19,,32.0,,,,,,,,,,,,,,,,,,,,,,,,,,,,,,,,,,,,,,0.0,,,0.2,,,,,,,,,,0.03,,0.03,0.0,0.1,0.0,0.44,0.04,0.0,,,,0.2,,,,,,0.162,,,,,,,,1.31,,,4.6,89.2,,0.18,,,,,
304,323931,"Salsa, TOSTITOS CHUNKY, MEDIUM (CA2,NC) - CY0914J",2019-04-01,,,,,,,2.31,,,,,,,,33.0,,,0.0,297.0,,,,,,,,,,0.055,,0.0,,,,,,,,,,,,,,,,,,1.9,,2.1,0.0,,,1.7,,,,,,,,,0.4,,0.0,,,,209.0,5150.0,,,,,,,,,,,,,,,,,,,15.1,,0.0,0.109,,,1.05,0.22,,,,,,,,,,,,,,,,,,,,,,,,,,,,,,31.0,,,,,,,,,,,,,,,,,,,,,,,,,,,,,,,,,,,,,,0.0,,,0.3,,,,,,,,,,0.03,,0.02,0.0,0.17,0.0,0.47,0.01,0.0,,,,0.2,,,,,,0.174,,,,,,,,1.38,,,4.3,89.4,,0.17,,,,,
305,323947,"Salsa, TOSTITOS CHUNKY, MEDIUM (MI,OK) - CY0914M",2019-04-01,,,,,,,2.44,,,,,,,,28.0,,,0.0,252.0,,,,,,,,,,0.061,,0.0,,,,,,,,,,,,,,,,,,1.9,,2.1,0.0,,,1.7,,,,,,,,,0.39,,0.0,,,,177.0,5780.0,,,,,,,,,,,,,,,,,,,13.9,,0.0,0.105,,,1.0,0.26,,,,,,,,,,,,,,,,,,,,,,,,,,,,0.2,,32.0,,,,,,,,,,,,,,,,,,,,,,,,,,,,,,,,,,,,,,0.0,,,0.3,,,,,,,,,,0.03,,,,,,,,,,,,0.2,,,,,,0.162,,,,,,,,,,,4.0,89.7,,0.17,,,,,
306,323963,"Salsa, PACE CHUNKY, MEDIUM (AL,CA1) - CY0914O",2019-04-01,,,,,,,2.29,,,,,,,,28.0,,,,,,,,,,,,,,0.066,,,,,,,,,,,,,,,,,,,,1.9,,2.1,0.0,,,1.5,,,,,,,,,0.38,,0.0,,,,,,,,,,,,,,,,,,,,,,,,16.7,,0.0,0.122,,,,0.26,,,,,,,,,,,,,,,,,,,,,,,,,,,,,,36.0,,,,,,,,,,,,,,,,,,,,,,,,,,,,,,,,,,,,,,,,,0.2,,,,,,,,,,,,,,,,,,,,,,0.1,,,,,,,,,,,,,,,,,,88.9,,0.19,,,,,
307,323972,"Salsa, PACE CHUNKY, MEDIUM (IN,NY) - CY0914N",2019-04-01,,,,,,,2.4,,,,,,,,32.0,,,0.0,291.0,,,,,,,,,,0.068,,0.0,,,,,,,,,,,,,,,,,,1.8,,2.2,0.0,,,1.5,,,,,,,,,0.35,,0.0,,,,229.0,7060.0,,,,,,,,,,,,,,,,,,,15.7,,0.0,0.113,,,1.15,0.23,,,,,,,,,,,,,,,,,,,,,,,,,,,,0.22,,37.0,,,,,,,,,,,,,,,,,,,,,,,,,,,,,,,,,,,,,,0.0,,,0.2,,,,,,,,,,0.04,,0.04,0.0,0.09,0.0,0.4,0.0,0.0,,,,0.2,,,,,,0.191,,,,,,,,1.13,,,4.3,88.8,,0.2,,,,,
308,323988,"Salsa, PACE CHUNKY, MEDIUM (CA2,NC) - CY0914P",2019-04-01,,,,,,,2.35,,,,,,,,27.0,,,0.0,300.0,,,,,,,,,,0.072,,0.0,,,,,,,,,,,,,,,,,,1.9,,2.2,0.0,,,1.5,,,,,,,,,0.39,,0.0,,,,240.0,6780.0,,,,,,,,,,,,,,,,,,,16.9,,0.0,0.125,,,1.17,0.25,,,,,,,,,,,,,,,,,,,,,,,,,,,,,,36.0,,,,,,,,,,,,,,,,,,,,,,,,,,,,,,,,,,,,,,0.0,,,0.2,,,,,,,,,,0.04,,,,,,,,,,,,0.2,,,,,,0.188,,,,,,,,,,,4.2,88.9,,0.19,,,,,
309,324003,"Salsa, PACE CHUNKY, MEDIUM (CO,CT) - CY0914Q",2019-04-01,,,,,,,2.33,,,,,,,,31.0,,,,,,,,,,,,,,0.062,,,,,,,,,,,,,,,,,,,,1.8,,2.0,0.0,,,1.4,,,,,,,,,0.31,,0.0,,,,,,,,,,,,,,,,,,,,,,,,16.0,,0.0,0.107,,,,0.22,,,,,,,,,,,,,,,,,,,,,,,,,,,,,,34.0,,,,,,,,,,,,,,,,,,,,,,,,,,,,,,,,,,,,,,,,,0.2,,,,,,,,,,,,,,,,,,,,,,0.1,,,,,,,,,,,,,,,,,,89.1,,0.2,,,,,
310,324012,"Salsa, PACE CHUNKY, MEDIUM (FL,MO) - CY0914R",2019-04-01,,,,,,,2.47,,,,,,,,31.0,,,,,,,,,,,,,,0.077,,,,,,,,,,,,,,,,,,,,1.7,,2.1,0.0,,,1.4,,,,,,,,,0.34,,0.0,,,,,,,,,,,,,,,,,,,,,,,,16.2,,0.0,0.116,,,,0.26,,,,,,,,,,,,,,,,,,,,,,,,,,,,,,37.0,,,,,,,,,,,,,,,,,,,,,,,,,,,,,,,,,,,,,,,,,0.2,,,,,,,,,,,,,,,,,,,,,,0.2,,,,,,,,,,,,,,,,,,89.0,,0.21,,,,,
311,324021,"Salsa, PACE CHUNKY, MEDIUM (MI,OK) - CY0914S",2019-04-01,,,,,,,2.52,,,,,,,,31.0,,,0.0,351.0,,,,,,,,,,0.076,,0.0,,,,,,,,,,,,,,,,,,1.8,,2.1,0.0,,,1.5,,,,,,,,,0.35,,0.0,,,,208.0,6790.0,,,,,,,,,,,,,,,,,,,15.7,,0.0,0.105,,,1.24,0.3,,,,,,,,,,,,,,,,,,,,,,,,,,,,0.2,,38.0,,,,,,,,,,,,,,,,,,,,,,,,,,,,,,,,,,,,,,0.0,,,0.2,,,,,,,,,,0.04,,0.02,0.0,0.19,0.0,0.4,0.0,0.0,,,,0.2,,,,,,0.18,,,,,,,,1.07,,,3.8,89.1,,0.21,,,,,
312,324039,"BEEF BREAKFAST SAUSAGE, BANQUET BROWN N SERVE SAUSAGE LINKS",2019-04-01,,,,,,,2.64,,,,,,,,26.0,,,,,,,,,,,,,,0.077,,,,,,,,,,,,,,,,,,,,,,,,,,,,,,,,,,,2.07,,,,,,,,,,,0.318,0.0,,1.22,0.228,,11.0,,,0.088,,,,0.003,0.0,23.3,,,0.235,,,,2.22,,,0.153,0.825,,0.059,0.0,,0.003,,0.008,,0.0,0.026,0.0,0.037,,,0.0,,0.0,,0.012,,0.009,,0.0,,,106.0,,,,226.0,,,,,,,,,0.0,0.0,0.016,,0.866,0.121,6.78,0.284,3.38,0.021,,0.004,,0.003,0.004,,0.0,,0.0,,,,787.0,,,,,,,,,0.072,1.13,,0.065,0.003,,0.0,,,,,,,,,,,,,29.7,,,,,,,,,,,,,,,,,,53.2,,2.29,,,,,
313,324053,"BEEF BREAKFAST SAUSAGE, ECKRICH SAUSAGE LINKS",2019-04-01,,,,,,,3.36,,,,,,,,14.0,,,,,,53.0,,,,,,,,0.048,,,,,,,,,,,,,,,,,,,,,,,,,,,,,,,,,,,1.23,,,,,,,,,,,0.229,0.0,,0.904,0.19,,9.43,,,0.091,,,,0.055,0.004,13.7,,,0.034,,,2.23,2.0,,,0.135,0.651,,0.06,0.0,,0.0,,0.008,,0.003,0.02,0.0,0.027,,,0.0,,0.0,,0.009,,0.007,,0.0,0.31,,143.0,,,,341.0,,,,,,,,0.15,0.0,0.0,0.014,,0.762,0.11,5.88,0.268,3.31,0.021,,0.006,,0.003,0.006,,0.0,,0.0,,,,1030.0,,,,,,,,,0.065,1.02,,0.097,0.003,,0.0,0.053,,,,,,,,,,,,25.4,,,,,1.2,0.176,19.2,,,,,,,,,,,52.0,,2.37,,,,,
314,324071,"BEEF BREAKFAST SAUSAGE, ECKRICH SAUSAGE LINKS",2019-04-01,,,,,,,3.35,,,,,,,,8.0,,,,,,59.0,,,,,,,,0.053,,,,,,,,,,,,,,,,,,,,,,0.0,0.0,,,1.0,,,,,,,,,1.03,,0.0,,,,,,,,,0.285,0.0,,1.11,0.243,,11.7,,,0.106,,,,0.03,0.003,10.6,,0.0,0.018,,,2.39,1.74,,,0.151,0.723,,0.058,0.003,,0.003,,0.008,,0.0,0.024,0.0,0.029,,,0.0,,0.0,,0.009,,0.008,,0.0,0.29,,124.0,,,,361.0,,,,,,,,0.1,0.0,0.0,0.016,,0.872,0.127,6.88,0.314,3.78,0.024,,0.004,,0.0,0.0,,0.0,,0.0,,,,1010.0,,,,,,0.0,,,0.074,1.0,,0.116,0.003,,0.0,0.052,,0.0,0.0,0.0,0.0,0.0,0.0,0.0,,,,28.35,,,,,1.2,0.137,,,,,,,,0.24,,,,47.6,,1.98,,,,,
315,324091,"BEEF BREAKFAST SAUSAGE, BANQUET BROWN N SERVE SAUSAGE LINKS",2019-04-01,,,,,,,2.74,,,,,,,,34.0,,,,,,61.0,,,,,,,,0.089,,,,,,,,,,,,,,,,,,,,,,,,,,,,,,,,,,,1.85,,,,,,,,,,,0.339,0.0,,1.33,0.239,,11.3,,,0.085,,,,0.0,0.0,23.5,,,0.258,,,2.14,2.43,,,0.141,1.01,,0.06,0.0,,0.0,,0.011,,0.0,0.034,0.0,0.036,,,0.0,,0.0,,0.014,,0.008,,0.0,0.22,,111.0,,,,218.0,,,,,,,,0.12,0.005,0.0,0.018,,0.933,0.125,7.12,0.296,3.79,0.024,,0.004,,0.004,0.005,,0.0,,0.0,,,,794.0,,,,,,,,,0.078,1.39,,0.129,0.0,,0.0,0.041,,0.0,0.0,0.23,0.0,0.0,0.0,0.0,,,,28.1,,,,,1.2,0.137,,,,,,,,0.36,,,,54.2,,2.35,,,,,
316,324113,"BEEF BREAKFAST SAUSAGE, BANQUET BROWN N SERVE SAUSAGE LINKS",2019-04-01,,,,,0.77,0.83,2.78,1.19,,,,,,,31.0,,,,,,60.0,,,,,,,,0.094,,,0.17,,,,,,,,,,,,,,,,,,,,,,,,1.89,,0.94,,,0.35,0.29,,1.76,0.46,,0.93,,,,,0.95,,,0.329,0.0,,1.31,0.247,,11.3,,,0.09,,,,0.003,0.0,24.0,,,0.273,0.26,,2.4,2.37,,,0.145,0.953,,0.052,0.003,,0.0,,0.01,,0.0,0.031,0.0,0.04,,,0.0,,0.0,,0.016,,0.008,,0.0,,0.6,109.0,,,,214.0,0.84,,,,,,18.0,0.12,0.0,0.0,0.016,,0.91,0.126,6.94,0.299,3.57,0.022,,0.003,,0.003,0.004,,0.0,,0.0,,,0.55,789.0,,,,,,,,,0.077,1.43,,0.12,0.003,,0.0,0.035,0.5,,,,,,,,,,,28.0,0.12,0.39,0.53,,1.2,0.142,,,,,,,,,,,,53.9,,2.33,,,,,
317,324135,"BEEF BREAKFAST SAUSAGE, BANQUET BROWN N SERVE SAUSAGE LINKS, MAPLE FLAVOR",2019-04-01,,,,,,,2.97,,,,,2.8,,,96.0,,,,,,71.0,2.3,1.9,27.7,0.4,6.0,38.3,,0.09,,,,,,,,,,,,,,,,,,,,,,,,,,,,,,,,,,,1.38,,,,,,,,,,,0.018,0.0,,0.709,0.063,,11.1,,,0.215,,,,0.007,0.005,23.2,,,0.227,,,2.97,2.01,,,0.044,5.25,,0.264,0.008,,0.0,,0.152,,0.02,0.03,0.0,0.108,,,0.003,,0.0,,0.032,,0.016,,0.009,0.47,,149.0,,,,219.0,,,,,,,,0.17,0.009,0.0,0.026,,0.358,0.021,6.37,0.078,2.97,0.049,,0.005,,0.004,0.004,,0.0,,0.0,,11.6,,784.0,,,,,,,,,0.007,0.141,,0.033,0.0,,0.0,0.088,,0.0,0.0,0.19,0.0,0.0,0.0,0.0,,,,32.5,,,,,0.83,0.159,,,,,,,,0.4,,,,49.3,,1.52,,,,,
318,324158,"Onion rings, frozen, oven-heated, ALEXIA (CA2,NC) - CY1205A",2019-04-01,,,,,,,1.44,,,,,,,,26.0,,,,,,,,,,,,,,0.122,,,,,,,,,,,,,,,,,,,,,,,,,,,,,,,,,,,0.89,,,,,,,,,,,,,,,,,,,,,,,,,,29.0,,,0.65,,,,0.91,,,,,,,,,,,,,,,,,,,,,,,,,,,,,,98.0,,,,172.0,,,,,,,,,,,,,,,,,,,,,,,,,,,,,,,351.0,,,,,,,,,,,,,,,,,,,,,,,,,,,,15.0,,,,,,,,,,,,,,,,,,37.7,,1.02,,,,,
319,324165,"Onion rings, frozen, oven-heated, Store brand/other (AL,MI) - CY1205E",2019-04-01,,,,,,,1.35,,,,,,,,32.0,,,,,,,,,,,,,,0.069,,,,,,,,,,,,,,,,,,,,,,,,,,,,,,,,,,,1.42,,,,,,,,,,,,,,,,,,,,,,,,,,13.9,,,0.259,,,,0.51,,,,,,,,,,,,,,,,,,,,,,,,,,,,,,78.0,,,,118.0,,,,,,,,,,,,,,,,,,,,,,,,,,,,,,,386.0,,,,,,,,,,,,,,,,,,,,,,,,,,,,15.7,,,,,,,,,,,,,,,,,,50.5,,0.3,,,,,
320,324170,"Onion rings, frozen, oven-heated, ORE-IDA (CA2,NC) - CY1205G",2019-04-01,,,,,,,1.89,,,,,,,,21.0,,,,,,,,,,,,,,0.058,,,,,,,,,,,,,,,,,,,,,,,,,,,,,,,,,,,1.39,,,,,,,,,,,,,,,,,,,,,,,,,,16.8,,,0.336,,,,0.7,,,,,,,,,,,,,,,,,,,,,,,,,,,,,,62.0,,,,126.0,,,,,,,,,,,,,,,,,,,,,,,,,,,,,,,542.0,,,,,,,,,,,,,,,,,,,,,,,,,,,,12.8,,,,,,,,,,,,,,,,,,43.9,,0.34,,,,,
321,324177,"Onion rings, frozen, oven-heated, ALEXIA (FL,MO) - CY1205D",2019-04-01,,,,,,,1.39,,,,,,,,22.0,,,,,,,,,,,,,,0.1,,,,,,,,,,,,,,,,,,,,2.8,26.0,1.1,0.0,,,1.0,,,,,,,,,0.9,,0.0,,,,,,,,,,0.0,,0.014,0.008,,3.26,,0.043,,,0.0,,,0.0,26.5,,0.8,0.575,,,1.76,0.87,,,0.005,7.82,,1.03,0.054,0.0,0.0,,0.005,,0.0,0.0,0.0,0.006,,,0.0,,0.0,,0.0,,0.0,,0.0,,,88.0,,,,158.0,,,,,,,,0.12,0.011,0.0,0.006,,0.013,0.005,1.66,0.016,0.649,0.049,,0.045,,0.015,0.0,,0.0,,0.005,,6.5,,321.0,,,30.9,,,1.7,,,0.0,0.007,,0.034,,,0.003,0.16,,6.31,2.67,0.0,0.0,0.27,0.0,0.0,,,,15.8,,,,,,0.14,,,,,,,,0.73,,,,37.5,,0.92,,,,,
322,324195,"Onion rings, frozen, oven-heated, ORE-IDA (CA1,CT) - CY1205F",2019-04-01,,,,,,,1.65,,,,,,,,22.0,,,,,,,,,,,,,,0.061,,,,,,,,,,,,,,,,,,,,1.9,41.0,1.2,0.0,,,1.2,,,,,,,,,1.53,,0.0,,,,,,,,,,0.0,,0.01,0.008,,2.69,,0.044,,,0.0,,,0.0,16.3,,0.7,0.36,,,1.82,0.7,,,0.005,6.44,,0.829,0.052,0.0,0.0,,0.004,,0.0,0.0,0.0,0.006,,,0.0,,0.0,,0.0,,0.0,,0.0,,,60.0,,,,114.0,,,,,,,,0.14,0.01,0.0,0.004,,0.011,0.003,1.39,0.014,0.532,0.04,,0.039,,0.015,0.0,,0.0,,0.006,,5.3,,476.0,,,29.3,,,0.4,,,0.0,0.008,,0.033,,,0.002,0.25,,0.07,1.61,2.83,0.0,0.24,0.0,0.0,,,,12.6,,,,,,0.11,1.6,,,,,,,0.55,,,,44.8,,0.32,,,,,
323,324214,"Onion rings, frozen, oven-heated, ALEXIA (CO,CT) - CY1205B",2019-04-01,,,,,,,1.16,,,,,,,,26.0,,,,,,,,,,,,,,0.088,,,,,,,,,,,,,,,,,,,,2.6,28.0,1.2,0.0,,,1.1,,,,,,,,,0.79,,0.0,,,,,,,,,,0.0,,0.015,0.008,,2.98,,0.031,,,0.0,,,0.0,24.6,,0.7,0.55,,,1.57,0.78,,,0.006,7.23,,0.968,0.045,0.0,0.0,,0.004,,0.0,0.0,0.0,0.005,,,0.0,,0.0,,0.0,,0.0,,0.0,0.4,,82.0,,,,144.0,,,,,,,,0.09,0.014,0.0,0.005,,0.01,0.005,1.53,0.014,0.593,0.042,,0.041,,0.015,0.0,,0.0,,0.0,,5.7,,272.0,,,28.1,,,1.4,,,0.0,0.005,,0.025,,,0.0,0.17,,0.12,2.99,7.93,0.0,0.19,0.0,0.0,,,,14.8,,,,,,0.15,,,,,,,,0.7,,,,44.0,,0.86,,,,,
324,324233,"Onion rings, frozen, oven-heated, ORE-IDA (NY,OK) - CY1205J",2019-04-01,,,,,,,1.54,,,,,,,,53.0,,,,,,,,,,,,,,0.072,,,,,,,,,,,,,,,,,,,,2.6,37.0,1.4,0.0,,,1.6,,,,,,,,,1.41,,0.0,,,,,,,,,,0.0,,0.011,0.007,,2.71,,0.039,,,0.0,,,0.0,15.9,,0.7,0.294,,,1.6,0.67,,,0.006,6.35,,0.819,0.043,0.0,0.0,,0.004,,0.0,0.0,0.0,0.004,,,0.0,,0.0,,0.0,,0.0,,0.0,0.26,,62.0,,,,127.0,,,,,,,,0.13,0.011,0.0,0.003,,0.011,0.004,1.41,0.013,0.546,0.041,,0.038,,0.014,0.0,,0.0,,0.009,,5.2,,370.0,,,27.7,,,1.6,,,0.0,0.008,,0.033,,,0.0,0.23,,0.07,1.32,2.54,0.0,0.18,0.0,0.0,,,,13.7,,,,,,0.13,,,,,,,,0.44,,,,44.2,,0.34,,,,,
325,324252,"Onion rings, frozen, oven-heated, ALEXIA (IN,NY) - CY12058",2019-04-01,,,,,,,1.25,,,,,,,,23.0,,,,,,,,,,,,,,0.097,,,,,,,,,,,,,,,,,,,,,,,,,,,,,,,,,,,0.81,,,,,,,,,,,,,,,,,,,,,,,,,,24.5,,,0.535,,,,0.82,,,,,,,,,,,,,,,,,,,,,,,,,,,,,,83.0,,,,151.0,,,,,,,,,,,,,,,,,,,,,,,,,,,,,,,282.0,,,,,,,,,,,,,,,,,,,,,,,,,,,,15.8,,,,,,,,,,,,,,,,,,40.5,,0.87,,,,,
326,324259,"Onion rings, frozen, oven-heated, Store brand/other, KROGER (CO,IN) - CY1205H",2019-04-01,,,,,,,1.15,,,,,,,,37.0,,,,,,,,,,,,,,0.074,,,,,,,,,,,,,,,,,,,,2.2,35.0,1.3,0.0,,,1.4,,,,,,,,,1.07,,0.2,,,,,,,,,,0.0,,0.013,0.007,,2.8,,0.054,,,0.0,,,0.0,15.1,,0.6,0.329,,,1.07,0.67,,,0.001,6.16,,0.734,0.047,0.0,0.0,,0.003,,0.0,0.0,0.0,0.006,,,0.0,,0.0,,0.0,,0.0,,0.0,0.28,,66.0,,,,112.0,,,,,,,,0.11,0.015,0.0,0.005,,0.012,0.004,1.44,0.013,0.56,0.043,,0.042,,0.015,0.0,,0.0,,0.019,,5.6,,259.0,,,24.2,,,2.4,,,0.0,0.02,,0.043,,,0.003,0.16,,0.09,1.05,1.39,0.0,0.09,0.0,0.0,,,,13.9,,,,,,0.11,,,,,,,,0.37,,,,47.8,,0.37,,,,,
327,324278,"Onion rings, frozen, oven-heated, ORE-IDA (FL,MO) - CY1205I",2019-04-01,,,,,,,1.81,,,,,,,,20.0,,,,,,,,,,,,,,0.054,,,,,,,,,,,,,,,,,,,,1.8,20.0,1.2,0.0,,,1.1,,,,,,,,,1.49,,0.0,,,,,,,,,,0.0,,0.011,0.006,,2.41,,0.042,,,0.0,,,0.0,15.0,,0.7,0.317,,,1.66,0.7,,,0.004,5.77,,0.737,0.045,0.0,0.0,,0.003,,0.0,0.0,0.0,0.006,,,0.0,,0.0,,0.0,,0.0,,0.0,0.27,,56.0,,,,110.0,,,,,,,,0.13,0.013,0.0,0.004,,0.01,0.003,1.26,0.011,0.478,0.035,,0.035,,0.014,0.0,,0.0,,0.005,,5.4,,552.0,,,21.4,,,0.3,,,0.0,0.004,,0.033,,,0.0,0.23,,0.07,1.32,2.35,0.0,0.12,0.0,0.0,,,,12.6,,,,,,0.11,,,,,,,,0.5,,,,46.2,,0.32,,,,,
328,324297,"Onion rings, frozen, oven-heated, ALEXIA (AL,OK) - CY12059",2019-04-01,,,,,,,1.25,,,,,36.4,,,22.0,,,,,,,4.9,2.0,0.5,3.3,0.0,10.7,,0.102,,,,,,,,,,,,,,,,,,,,2.5,27.0,1.1,0.0,,,1.0,,,,,,,,,0.83,,0.0,,,,,,,,,,0.0,,0.013,0.008,,2.79,,0.037,,,0.0,,,0.0,26.3,,0.8,0.578,,,1.53,0.86,,,0.0,6.83,,0.902,0.044,0.0,0.0,,0.0,,0.0,0.0,0.0,0.0,,,0.0,,0.0,,0.0,,0.0,,0.0,,,86.0,,,,151.0,,,,,,,,0.09,0.011,0.0,0.006,,0.011,0.004,1.45,0.014,0.557,0.0,,0.038,,0.016,0.0,,0.0,,0.0,,5.5,,305.0,,,28.8,,,1.6,,,0.0,0.007,,0.022,,,0.0,0.17,,0.13,2.8,7.25,0.0,0.32,0.0,0.0,,,,15.4,,,,,,0.14,1.7,,,,,,,0.7,,,,40.1,,0.88,,,,,
329,324318,"Pickles, kosher dill, spears, VLASIC (FL,MO) - CY120OX",2019-04-01,,,,,,,2.18,,,,,,,,62.0,,,,,,,,,,,,,,0.034,,,,,,,,,,,,,,,,,,,,,,,,,,,,,,,,,,,0.27,,,,,,,,,,,,,,,,,,,,,,,,,,6.6,,,0.086,,,,0.08,,,,,,,,,,,,,,,,,,,,,,,,,,,,,,14.0,,,,129.0,,,,,,,,,,,,,,,,,,,,,,,,,,,,,,,712.0,,,,,,,,,,,,,,,,,,,,,,,,,,,,0.24,,,,,,,,,,,,,,,,,,94.9,,0.13,,,,,
330,324325,"Pickles, kosher dill, spears, VLASIC (CA2,NC) - CY120OV",2019-04-01,,,,,,,2.27,,,,,,,,62.0,,,,,,,,,,,,,,0.028,,,,,,,,,,,,,,,,,,,,,,,,,,,,,,,,,,,0.17,,,,,,,,,,,,,,,,,,,,,,,,,,5.4,,,0.042,,,,0.07,,,,,,,,,,,,,,,,,,,,,,,,,,,,,,14.0,,,,106.0,,,,,,,,,,,,,,,,,,,,,,,,,,,,,,,748.0,,,,,,,,,,,,,,,,,,,,,,,,,,,,0.36,,,,,,,,,,,,,,,,,,94.8,,0.09,,,,,
331,324332,"Pickles, kosher dill, spears, VLASIC (IN,NY) - CY120OT",2019-04-01,,,,,,,2.15,,,,,,,,54.0,,,,,,,,,,,,,,0.028,,,,,,,,,,,,,,,,,,,,,,,,,,,,,,,,,,,0.22,,,,,,,,,,,,,,,,,,,,,,,,,,6.6,,,0.064,,,,0.1,,,,,,,,,,,,,,,,,,,,,,,,,,,,,,12.0,,,,124.0,,,,,,,,,,,,,,,,,,,,,,,,,,,,,,,680.0,,,,,,,,,,,,,,,,,,,,,,,,,,,,0.3,,,,,,,,,,,,,,,,,,95.0,,0.12,,,,,
332,324339,"Pickles, kosher dill, spears, VLASIC (CO,CT) - CY120OW",2019-04-01,,,,,,,2.09,,,,,,,,55.0,,,,,,,,,,,,,,0.028,,,,,,,,,,,,,,,,,,,,1.1,,,,,,,,,,,,,,,0.25,,,,,,,,,,,,,,,,,,,,,,,,,,6.6,,,0.054,,,0.11,0.08,,,,,,,,,,,,,,,,,,,,,,,,,,,,0.17,,16.0,,,,116.0,,,,,,,,0.063,,,,,,,,,,,,,,,,,,,,,,,627.0,,,,,,,,,,,,,,,,0.05,,,,,,,,,,,,0.4,,,,,,0.03,,,,,,,,,,,,95.2,,0.11,,,,,
333,324352,"Pickles, kosher dill, spears, CLAUSEN (IN,NY) - CY120OZ",2019-04-01,,,,,,,3.07,,,,,,,,53.0,,,,,,,,,,,,,,0.024,,,,,,,,,,,,,,,,,,,,,,,,,,,,,,,,,,,0.22,,,,,,,,,,,,,,,,,,,,,,,,,,7.4,,,0.062,,,,0.08,,,,,,,,,,,,,,,,,,,,,,,,,,,,,,18.0,,,,118.0,,,,,,,,,,,,,,,,,,,,,,,,,,,,,,,1100.0,,,,,,,,,,,,,,,,,,,,,,,,,,,,0.3,,,,,,,,,,,,,,,,,,93.3,,0.11,,,,,
334,324359,"Pickles, kosher dill, spears, CLAUSEN (CA2,NC) - CY120P1",2019-04-01,,,,,,,3.2,,,,,,,,57.0,,,,,,,,,,,,,,0.025,,,,,,,,,,,,,,,,,,,,,,,,,,,,,,,,,,,0.38,,,,,,,,,,,,,,,,,,,,,,,,,,7.9,,,0.07,,,,0.07,,,,,,,,,,,,,,,,,,,,,,,,,,,,,,17.0,,,,129.0,,,,,,,,,,,,,,,,,,,,,,,,,,,,,,,1170.0,,,,,,,,,,,,,,,,,,,,,,,,,,,,0.24,,,,,,,,,,,,,,,,,,93.2,,0.08,,,,,
335,324366,"Pickles, kosher dill, spears, VLASIC (MI,OK) - CY120OY",2019-04-01,,,,,,,1.89,,,,,,,,63.0,,,0.0,36.0,,,,,,,,,,0.028,,1.0,,,,,,,,,,,,,,,,,,1.0,,0.59,0.0,,,0.59,,,,,,,,,0.28,,0.0,,,,142.0,0.0,,,,,,,,,,,,,,,,,,,7.6,,0.0,0.036,,,0.11,0.07,,,,,,,,,,,,,,,,,,,,,,,,,,,,0.17,,18.0,,,,118.0,,,,,,,,0.061,,,,,,,,,,,,,,,,,,,,,,,564.0,,,,,,0.0,,,,,,,,,,0.05,,0.0,0.0,0.0,0.0,0.0,0.0,0.0,,,,0.24,,,,,,0.03,,,,,,,,0.1,0.0,0.0,12.3,95.2,,0.1,,,,,
336,324383,"Pickles, kosher dill, spears, VLASIC (AL,CA1) - CY120OU",2019-04-01,,,,,,,2.08,,,,,,,,60.0,,,0.0,37.0,,,,,,,,,,0.028,,1.0,,,,,,,,,,,,,,,,,,0.9,8.0,0.58,0.0,,,0.46,,,,,,,,,0.24,,0.0,,,,146.0,0.0,,,,,,,,,,,,,,,,,,,6.2,,0.0,0.048,,,0.1,0.06,,,,,,,,,,,,,,,,,,,,,,,,,,,,,,14.0,,,,106.0,,,,,,,,0.055,,,,,,,,,,,,,,,,,,,,,,,689.0,,,,,,0.0,,,,,,,,,,0.05,,0.0,0.0,0.04,0.0,0.0,0.0,0.0,,,,0.32,,,,,,0.03,1.9,,,,,,,0.11,0.0,0.0,14.8,94.1,,0.1,,,,,
337,324401,"Pickles, kosher dill, spears, CLAUSEN (CO,CT) - CY120P2",2019-04-01,,,,,,,2.87,,,,,,,,50.0,,,,,,,,,,,,,,0.027,,,,,,,,,,,,,,,,,,,,1.1,,,,,,,,,,,,,,,0.3,,,,,,,,,,,,,,,,,,,,,,,,,,7.8,,,0.07,,,0.13,0.08,,,,,,,,,,,,,,,,,,,,,,,,,,,,0.19,,17.0,,,,132.0,,,,,,,,0.057,,,,,,,,,,,,,,,,,,,,,,,974.0,,,,,,,,,,,,,,,,0.04,,,,,,,,,,,,0.2,,,,,,0.04,,,,,,,,,,,,94.1,,0.09,,,,,
338,324414,"Pickles, kosher dill, spears, CLAUSEN (MI,OK) - CY120P3",2019-04-01,,,,,,,3.4,,,,,,,,55.0,,,,,,,,,,,,,,0.029,,,,,,,,,,,,,,,,,,,,,,,,,,,,,,,,,,,0.29,,,,,,,,,,,,,,,,,,,,,,,,,,6.9,,,0.07,,,,0.07,,,,,,,,,,,,,,,,,,,,,,,,,,,,,,16.0,,,,118.0,,,,,,,,,,,,,,,,,,,,,,,,,,,,,,,1050.0,,,,,,,,,,,,,,,,,,,,,,,,,,,,0.36,,,,,,,,,,,,,,,,,,93.6,,0.09,,,,,
339,324421,"Pickles, kosher dill, spears, CLAUSEN (AL,CA1) - CY120P0",2019-04-01,,,,,,,2.85,,,,,,,,50.0,,,0.0,64.0,,,,,,,,,,0.026,,1.0,,,,,,,,,,,,,,,,,,1.1,,0.52,0.0,,,0.47,,,,,,,,,0.2,,0.0,,,,300.0,0.0,,,,,,,,,,,,,,,,,,,6.9,,0.0,0.07,,,0.11,0.07,,,,,,,,,,,,,,,,,,,,,,,,,,,,,,16.0,,,,145.0,,,,,,,,0.054,,,,,,,,,,,,,,,,,,,,,,,929.0,,,,,,0.0,,,,,,,,,,0.05,,0.0,0.0,0.06,0.0,0.0,0.0,0.0,,,,0.35,,,,,,0.03,3.5,,,,,,,0.14,0.0,0.0,20.0,94.0,,0.09,,,,,
340,324438,"Pickles, kosher dill, spears, store brand, AMERICAS CHOICE & SHOP RITE (NY,CT1) - CY120P5",2019-04-01,,,,,,,2.16,,,,,,,,63.0,,,,,,,,,,,,,,0.028,,,,,,,,,,,,,,,,,,,,,,,,,,,,,,,,,,,0.23,,,,,,,,,,,,,,,,,,,,,,,,,,10.8,,,0.045,,,,0.08,,,,,,,,,,,,,,,,,,,,,,,,,,,,,,17.0,,,,115.0,,,,,,,,,,,,,,,,,,,,,,,,,,,,,,,703.0,,,,,,,,,,,,,,,,,,,,,,,,,,,,0.28,,,,,,,,,,,,,,,,,,94.7,,0.09,,,,,
341,324445,"Pickles, kosher dill, spears, store brand, HY VEE & PUBLIX (MO1,FL) - CY120P9",2019-04-01,,,,,,,2.06,,,,,,,,56.0,,,,,,,,,,,,,,0.027,,,,,,,,,,,,,,,,,,,,,,,,,,,,,,,,,,,0.31,,,,,,,,,,,,,,,,,,,,,,,,,,6.4,,,0.068,,,,0.09,,,,,,,,,,,,,,,,,,,,,,,,,,,,,,16.0,,,,98.0,,,,,,,,,,,,,,,,,,,,,,,,,,,,,,,564.0,,,,,,,,,,,,,,,,,,,,,,,,,,,,0.3,,,,,,,,,,,,,,,,,,95.0,,0.15,,,,,
342,324452,"Pickles, kosher dill, spears, store brand, FOOD LION & SUNNY SELECT (NC1,CA2) - CY120P7",2019-04-01,,,,,,,1.87,,,,,,,,54.0,,,,,,,,,,,,,,0.028,,,,,,,,,,,,,,,,,,,,,,,,,,,,,,,,,,,0.23,,,,,,,,,,,,,,,,,,,,,,,,,,9.0,,,0.063,,,,0.11,,,,,,,,,,,,,,,,,,,,,,,,,,,,,,19.0,,,,124.0,,,,,,,,,,,,,,,,,,,,,,,,,,,,,,,586.0,,,,,,,,,,,,,,,,,,,,,,,,,,,,0.28,,,,,,,,,,,,,,,,,,94.3,,0.12,,,,,
343,324459,"Pickles, kosher dill, spears, store brand, SAFEWAY (CA1,CO1) - CY120P6",2019-04-01,,,,,,,1.7,,,,,,,,58.0,,,,,,,,,,,,,,0.025,,,,,,,,,,,,,,,,,,,,1.0,,0.54,0.0,,,0.52,,,,,,,,,0.26,,0.0,,,,,,,,,,,,,,,,,,,,,,,,8.3,,0.0,0.069,,,0.13,0.08,,,,,,,,,,,,,,,,,,,,,,,,,,,,,,18.0,,,,117.0,,,,,,,,0.056,,,,,,,,,,,,,,,,,,,,,,,502.0,,,,,,0.0,,,,,,,,,,0.05,,0.0,0.0,0.06,0.0,0.0,0.0,0.0,,,,0.25,,,,,,0.03,1.0,,,,,,,0.14,,,,95.4,,0.13,,,,,
344,324472,"Pickles, kosher dill, spears, store brand, GREAT VALUE (AL1,OK1) - CY120P8",2019-04-01,,,,,,,2.13,,,,,,,,53.0,,,,,,,,,,,,,,0.026,,,,,,,,,,,,,,,,,,,,0.9,,,,,,,,,,,,,,,0.32,,,,,,,,,,,,,,,,,,,,,,,,,,6.4,,,0.053,,,0.11,0.08,,,,,,,,,,,,,,,,,,,,,,,,,,,,0.26,,13.0,,,,93.0,,,,,,,,0.057,,,,,,,,,,,,,,,,,,,,,,,691.0,,,,,,,,,,,,,,,,0.05,,,,,,,,,,,,0.36,,,,,,0.04,,,,,,,,,,,,94.9,,0.09,,,,,
345,324485,"Pickles, kosher dill, spears, CLAUSEN (FL,MO) - CY120P4",2019-04-01,,,,,,,3.37,,,,,,,,58.0,,,0.0,55.0,,,,,,,,,,0.031,,1.0,,,,,,,,,,,,,,,,,,1.3,,0.55,0.0,,,0.54,,,,,,,,,0.21,,0.0,,,,270.0,0.0,,,,,,,,,,,,,,,,,,,7.4,,0.0,0.061,,,0.08,0.07,,,,,,,,,,,,,,,,,,,,,,,,,,,,0.22,,16.0,,,,93.0,,,,,,,,0.054,,,,,,,,,,,,,,,,,,,,,,,1120.0,,,,,,0.0,,,,,,,,,,0.04,,0.0,0.0,0.06,0.0,0.0,0.0,0.0,,,,0.33,,,,,,0.04,,,,,,,,0.12,0.0,0.0,19.2,93.2,,0.1,,,,,
346,324502,"PICKLES, KOSHER, DILL, SPEARS, CLAUSSEN",2019-04-01,,,,,,,2.78,,,,,,,,45.0,,,,,,,,,,,,,,0.025,,,,,,,,,,,,,,,,,,,,,,0.7,0.0,,,0.64,,,,,,,,,0.2,,0.0,,,,,,,,,,,,,,,,,,,,,,,,7.6,,0.0,0.046,,,,0.07,,,,,,,,,,,,,,,,,,,,,,,,,,,,,,15.0,,,,113.0,,,,,,,,,,,,,,,,,,,,,,,,,,,,,,,945.0,,,,,,0.0,,,,,,,,,,,,,,,,,,,,,,0.44,,,,,,,,,,,,,,,,,,95.7,,0.1,,,,,
347,324508,"PICKLES, KOSHER, DILL, SPEARS, CLAUSSEN",2019-04-01,,,,,,,3.44,,,,,,,,54.0,,,,,,,,,,,,,,0.027,,,,,,,,,,,,,,,,,,,,,,0.63,0.0,,,0.68,,,,,,,,,0.21,,0.0,,,,,,,,,,,,,,,,,,,,,,,,7.1,,0.0,0.044,,,,0.07,,,,,,,,,,,,,,,,,,,,,,,,,,,,,,14.0,,,,99.0,,,,,,,,,,,,,,,,,,,,,,,,,,,,,,,1220.0,,,,,,0.0,,,,,,,,,,,,,,,,,,,,,,0.7,,,,,,,,,,,,,,,,,,93.7,,0.11,,,,,
348,324514,"Pickles, kosher dill, spears, store brand, KROGER (IN1,MI1) - CY120PA",2019-04-01,,,,,,,1.35,,,,,,,,76.0,,,0.0,33.0,,,,,,,,,,0.027,,1.0,,,,,,,,,,,,,,,,,,0.8,,,,,,,,,,,,,,,0.25,,,,,,137.0,0.0,,,,,,,,,,,,,,,,,,,7.2,,,0.068,,,0.1,0.12,,,,,,,,,,,,,,,,,,,,,,,,,,,,0.19,,14.0,,,,109.0,,,,,,,,0.057,,,,,,,,,,,,,,,,,,,,,,,644.0,,,,,,,,,,,,,,,,0.04,,,,,,,,,,,,0.37,,,,,,0.04,,,,,,,,,0.0,0.0,17.8,95.0,,0.1,,,,,
349,324529,"PICKLES, KOSHER, DILL, SPEARS, CLAUSSEN",2019-04-01,,,,,,,2.96,,,,,,,,46.0,,,,,,,,,,,,,,0.027,,,,,,,,,,,,,,,,,,,,,,0.74,0.0,,,0.69,,,,,,,,,0.18,,0.0,,,,,,,,,,,,,,,,,,,,,,,,7.1,,0.0,0.05,,,,0.07,,,,,,,,,,,,,,,,,,,,,,,,,,,,,,17.0,,,,108.0,,,,,,,,,,,,,,,,,,,,,,,,,,,,,,,1060.0,,,,,,0.0,,,,,,,,,,,,,,,,,,,,,,0.63,,,,,,,,,,,,,,,,,,94.3,,0.1,,,,,
350,324537,"PICKLES, KOSHER, DILL, SPEARS, CLAUSSEN",2019-04-01,,,,,,,2.85,,,,,,,,47.0,,,,,,,,,,,,,,0.027,,,,,,,,,,,,,,,,,,,,,,0.84,0.0,,,0.8,,,,,,,,,0.21,,0.0,,,,,,,,,,,,,,,,,,,,,,,,8.4,,0.0,0.055,,,,0.07,,,,,,,,,,,,,,,,,,,,,,,,,,,,,,19.0,,,,118.0,,,,,,,,,,,,,,,,,,,,,,,,,,,,,,,971.0,,,,,,0.0,,,,,,,,,,,,,,,,,,,,,,0.65,,,,,,,,,,,,,,,,,,94.2,,0.11,,,,,
351,324545,"PICKLES, KOSHER, DILL, SPEARS, CLAUSSEN",2019-04-01,,,,,,,2.73,,,,,,,,45.0,,,,,,,,,,,,,,0.024,,,,,,,,,,,,,,,,,,,,,,0.75,0.0,,,0.74,,,,,,,,,0.25,,0.0,,,,,,,,,,,,,,,,,,,,,,,,7.7,,0.0,0.074,,,,0.06,,,,,,,,,,,,,,,,,,,,,,,,,,,,,,18.0,,,,107.0,,,,,,,,,,,,,,,,,,,,,,,,,,,,,,,999.0,,,,,,0.0,,,,,,,,,,,,,,,,,,,,,,0.87,,,,,,,,,,,,,,,,,,94.3,,0.11,,,,,
352,324553,"PICKLES, KOSHER, DILL, SPEARS, CLAUSSEN",2019-04-01,,,,,,,3.08,,,,,,,,51.0,,,,,,,,,,,,,,0.026,,,,,,,,,,,,,,,,,,,,,,0.64,0.0,,,0.62,,,,,,,,,0.21,,0.0,,,,,,,,,,,,,,,,,,,,,,,,7.4,,0.0,0.042,,,,0.07,,,,,,,,,,,,,,,,,,,,,,,,,,,,,,15.0,,,,112.0,,,,,,,,,,,,,,,,,,,,,,,,,,,,,,,1040.0,,,,,,0.0,,,,,,,,,,,,,,,,,,,,,,0.57,,,,,,,,,,,,,,,,,,94.2,,0.09,,,,,
353,324561,"PICKLES, KOSHER, DILL, SPEARS, MT. OLIVE",2019-04-01,,,,,,,2.18,,,,,,,,39.0,,,,,,,,,,,,,,0.022,,,,,,,,,,,,,,,,,,,,,,0.65,0.0,,,0.72,,,,,,,,,0.17,,0.0,,,,,,,,,,,,,,,,,,,,,,,,6.2,,0.0,0.039,,,,0.07,,,,,,,,,,,,,,,,,,,,,,,,,,,,,,16.0,,,,111.0,,,,,,,,,,,,,,,,,,,,,,,,,,,,,,,739.0,,,,,,0.0,,,,,,,,,,,,,,,,,,,,,,0.26,,,,,,,,,,,,,,,,,,95.0,,0.12,,,,,
354,324567,"PICKLES, KOSHER, DILL, SPEARS, MT. OLIVE",2019-04-01,,,,,,,2.02,,,,,,,,51.0,,,,,,,,,,,,,,0.023,,,,,,,,,,,,,,,,,,,,,,0.71,0.0,,,0.72,,,,,,,,,0.19,,0.0,,,,,,,,,,,,,,,,,,,,,,,,6.8,,0.0,0.071,,,,0.08,,,,,,,,,,,,,,,,,,,,,,,,,,,,,,17.0,,,,97.0,,,,,,,,,,,,,,,,,,,,,,,,,,,,,,,701.0,,,,,,0.0,,,,,,,,,,,,,,,,,,,,,,0.6,,,,,,,,,,,,,,,,,,95.2,,0.15,,,,,
355,324575,"PICKLES, KOSHER, DILL, SPEARS, MT. OLIVE",2019-04-01,,,,,,,2.33,,,,,,,,49.0,,,,,,,,,,,,,,0.022,,,,,,,,,,,,,,,,,,,,,,0.77,0.0,,,0.74,,,,,,,,,0.18,,0.0,,,,,,,,,,,,,,,,,,,,,,,,6.8,,0.0,0.064,,,,0.08,,,,,,,,,,,,,,,,,,,,,,,,,,,,,,16.0,,,,118.0,,,,,,,,,,,,,,,,,,,,,,,,,,,,,,,810.0,,,,,,0.0,,,,,,,,,,,,,,,,,,,,,,0.55,,,,,,,,,,,,,,,,,,94.9,,0.12,,,,,
356,324582,"PICKLES, KOSHER, DILL, SPEARS, MT. OLIVE",2019-04-01,,,,,,,2.38,,,,,,,,51.0,,,,,,,,,,,,,,0.021,,,,,,,,,,,,,,,,,,,,,,0.69,0.0,,,0.67,,,,,,,,,0.35,,0.0,,,,,,,,,,,,,,,,,,,,,,,,6.6,,0.0,0.043,,,,0.08,,,,,,,,,,,,,,,,,,,,,,,,,,,,,,17.0,,,,110.0,,,,,,,,,,,,,,,,,,,,,,,,,,,,,,,806.0,,,,,,0.0,,,,,,,,,,,,,,,,,,,,,,0.68,,,,,,,,,,,,,,,,,,94.9,,0.1,,,,,
357,324590,"PICKLES, KOSHER, DILL, SPEARS, MT. OLIVE",2019-04-01,,,,,,,2.33,,,,,,,,40.0,,,,,,,,,,,,,,0.021,,,,,,,,,,,,,,,,,,,,,,0.75,0.0,,,0.73,,,,,,,,,0.18,,0.0,,,,,,,,,,,,,,,,,,,,,,,,7.0,,0.0,0.072,,,,0.08,,,,,,,,,,,,,,,,,,,,,,,,,,,,,,15.0,,,,123.0,,,,,,,,,,,,,,,,,,,,,,,,,,,,,,,800.0,,,,,,0.0,,,,,,,,,,,,,,,,,,,,,,0.55,,,,,,,,,,,,,,,,,,94.6,,0.12,,,,,
358,324598,"PICKLES, KOSHER, DILL, SPEARS, VLASIC",2019-04-01,,,,,,,2.74,,,,,,,,50.0,,,,,,,,,,,,,,0.029,,,,,,,,,,,,,,,,,,,,,,0.64,0.0,,,0.61,,,,,,,,,0.17,,0.0,,,,,,,,,,,,,,,,,,,,,,,,7.1,,0.0,0.054,,,,0.08,,,,,,,,,,,,,,,,,,,,,,,,,,,,,,15.0,,,,107.0,,,,,,,,,,,,,,,,,,,,,,,,,,,,,,,799.0,,,,,,0.0,,,,,,,,,,,,,,,,,,,,,,0.49,,,,,,,,,,,,,,,,,,95.0,,0.1,,,,,
359,324606,"PICKLES, KOSHER, DILL, SPEARS, VLASIC",2019-04-01,,,,,,,2.46,,,,,,,,65.0,,,,,,,,,,,,,,0.024,,,,,,,,,,,,,,,,,,,,,,0.52,0.0,,,0.52,,,,,,,,,0.14,,0.0,,,,,,,,,,,,,,,,,,,,,,,,5.3,,0.0,0.019,,,,0.07,,,,,,,,,,,,,,,,,,,,,,,,,,,,,,13.0,,,,101.0,,,,,,,,,,,,,,,,,,,,,,,,,,,,,,,722.0,,,,,,0.0,,,,,,,,,,,,,,,,,,,,,,0.63,,,,,,,,,,,,,,,,,,95.4,,0.08,,,,,
360,324613,"PICKLES, KOSHER, DILL, SPEARS, VLASIC",2019-04-01,,,,,,,2.2,,,,,,,,61.0,,,,,,,,,,,,,,0.025,,,,,,,,,,,,,,,,,,,,,,0.58,0.0,,,0.57,,,,,,,,,0.24,,0.0,,,,,,,,,,,,,,,,,,,,,,,,6.7,,0.0,0.066,,,,0.07,,,,,,,,,,,,,,,,,,,,,,,,,,,,,,14.0,,,,112.0,,,,,,,,,,,,,,,,,,,,,,,,,,,,,,,709.0,,,,,,0.0,,,,,,,,,,,,,,,,,,,,,,0.6,,,,,,,,,,,,,,,,,,95.4,,0.1,,,,,
361,324621,"PICKLES, KOSHER, DILL, SPEARS, VLASIC",2019-04-01,,,,,,,2.02,,,,,,,,45.0,,,,,,,,,,,,,,0.02,,,,,,,,,,,,,,,,,,,,,,0.7,0.0,,,0.65,,,,,,,,,0.13,,0.0,,,,,,,,,,,,,,,,,,,,,,,,5.8,,0.0,0.042,,,,0.08,,,,,,,,,,,,,,,,,,,,,,,,,,,,,,14.0,,,,87.0,,,,,,,,,,,,,,,,,,,,,,,,,,,,,,,643.0,,,,,,0.0,,,,,,,,,,,,,,,,,,,,,,0.9,,,,,,,,,,,,,,,,,,95.4,,0.08,,,,,
362,324629,"PICKLES, KOSHER, DILL, SPEARS, VLASIC",2019-04-01,,,,,,,1.99,,,,,,,,44.0,,,,,,,,,,,,,,0.025,,,,,,,,,,,,,,,,,,,,,,0.62,0.0,,,0.6,,,,,,,,,0.16,,0.0,,,,,,,,,,,,,,,,,,,,,,,,6.6,,0.0,0.038,,,,0.08,,,,,,,,,,,,,,,,,,,,,,,,,,,,,,14.0,,,,105.0,,,,,,,,,,,,,,,,,,,,,,,,,,,,,,,659.0,,,,,,0.0,,,,,,,,,,,,,,,,,,,,,,0.42,,,,,,,,,,,,,,,,,,95.4,,0.1,,,,,
363,324637,"PICKLES, KOSHER, DILL, SPEARS, VLASIC",2019-04-01,,,,,,,2.41,,,,,,,,58.0,,,,,,,,,,,,,,0.024,,,,,,,,,,,,,,,,,,,,,,0.68,0.0,,,0.58,,,,,,,,,0.17,,0.0,,,,,,,,,,,,,,,,,,,,,,,,6.1,,0.0,0.045,,,,0.05,,,,,,,,,,,,,,,,,,,,,,,,,,,,,,15.0,,,,98.0,,,,,,,,,,,,,,,,,,,,,,,,,,,,,,,688.0,,,,,,0.0,,,,,,,,,,,,,,,,,,,,,,0.52,,,,,,,,,,,,,,,,,,95.5,,0.1,,,,,
364,324645,"PICKLES, KOSHER, DILL, SPEARS, OTHER",2019-04-01,,,,,,,2.12,,,,,,,,50.0,,,,,,,,,,,,,,0.028,,,,,,,,,,,,,,,,,,,,,,0.63,0.0,,,0.59,,,,,,,,,0.15,,0.0,,,,,,,,,,,,,,,,,,,,,,,,7.8,,0.0,0.064,,,,0.09,,,,,,,,,,,,,,,,,,,,,,,,,,,,,,17.0,,,,105.0,,,,,,,,,,,,,,,,,,,,,,,,,,,,,,,733.0,,,,,,0.0,,,,,,,,,,,,,,,,,,,,,,0.0,,,,,,,,,,,,,,,,,,95.1,,0.11,,,,,
365,324654,"Peanut butter, creamy, SKIPPY (MI) - CY120GH",2019-04-01,,,,,,,2.98,,,,,,,,48.0,,,,,,,,,,,,,,0.426,,,,,,,,,,,,,,,,,,,,,,,,,,,,,,,,,,,1.8,,,,,,,,,,,,0.0,,0.03,0.026,,24.5,,0.587,,,0.044,,,0.0,176.0,,,1.73,,,,4.28,,,0.011,12.3,,0.025,0.0,0.0,0.0,,0.008,,0.009,0.0,0.0,0.018,,,0.0,,0.0,,0.0,,0.0,,0.0,,,357.0,,,,585.0,,,,,,,,,0.0,0.0,0.0,,0.026,0.006,4.78,0.045,2.05,0.67,,1.5,,0.741,0.0,,0.0,,0.0,,,,419.0,,,,,,,,,0.0,0.014,,0.011,,,0.001,,,,,,,,,,,,,50.2,,,,,,,,,,,,,,,,,,0.88,,2.57,,,,,
366,324661,"Peanut butter, creamy, SKIPPY (IN,NY) - CY120GD",2019-04-01,,,,,,,3.07,,,,,,,,47.0,,,,,,,,,,,,,,0.415,,,,,,,,,,,,,,,,,,,,,,,,,,,,,,,,,,,1.61,,,,,,,,,,,,0.0,,0.03,0.027,,24.5,,0.58,,,0.044,,,0.0,170.0,,,1.65,,,,4.28,,,0.011,12.4,,0.026,0.0,0.0,0.0,,0.009,,0.011,0.0,0.0,0.018,,,0.0,,0.0,,0.0,,0.0,,0.0,,,346.0,,,,592.0,,,,,,,,,0.0,0.0,0.0,,0.023,0.006,4.88,0.045,2.12,0.679,,1.52,,0.745,0.0,,0.0,,0.0,,,,425.0,,,,,,,,,0.0,0.012,,0.015,,,0.001,,,,,,,,,,,,,50.4,,,,,,,,,,,,,,,,,,0.81,,2.64,,,,,
367,324668,"Peanut butter, creamy, SKIPPY (CO,CT) - CY120GG",2019-04-01,,,,,,,2.93,,,,,,,,47.0,,,,,,,,,,,,,,0.402,,,,,,,,,,,,,,,,,,,,5.2,84.0,0.0,0.0,,,0.0,,,,,,,,,1.59,,0.0,,,,,,,,,,0.0,,0.031,0.028,,23.9,,0.588,,,0.046,,,0.0,170.0,,0.0,1.69,,,13.2,4.16,,,0.011,12.4,,0.026,0.001,0.0,0.0,,0.009,,0.009,0.0,0.0,0.017,,,0.0,,0.0,,0.0,,0.0,,0.0,,,343.0,,,,556.0,,,,,,,,0.19,0.0,0.0,0.0,,0.021,0.005,4.76,0.045,2.11,0.655,,1.48,,0.715,0.0,,0.0,,0.0,,3.9,,457.0,,,,,,10.8,,,0.001,0.013,,0.014,,,0.002,0.1,,0.56,0.48,7.33,0.0,0.0,0.0,0.0,,,,50.3,,,,,,0.45,,,,,,,,8.55,,,,0.74,,2.5,,,,,
368,324683,"Peanut butter, creamy, JIF (IN,NY) - CY120GJ",2019-04-01,,,,,,,2.79,,,,,,,,46.0,,,,,,,,,,,,,,0.409,,,,,,,,,,,,,,,,,,,,,,,,,,,,,,,,,,,1.61,,,,,,,,,,,,0.0,,0.03,0.029,,26.0,,0.592,,,0.048,,,0.0,159.0,,,1.57,,,,3.89,,,0.011,12.1,,0.029,0.0,0.0,0.0,,0.008,,0.011,0.0,0.0,0.018,,,0.0,,0.0,,0.0,,0.0,,0.0,,,318.0,,,,538.0,,,,,,,,,0.0,0.0,0.0,,0.02,0.006,4.82,0.048,2.34,0.749,,1.8,,0.756,0.0,,0.0,,0.0,,,,414.0,,,,,,,,,0.0,0.071,,0.039,,,0.0,,,,,,,,,,,,,52.0,,,,,,,,,,,,,,,,,,1.66,,2.4,,,,,
369,324689,"Peanut butter, creamy, SKIPPY (FL,MO) - CY120GI",2019-04-01,,,,,,,2.95,,,,,,,,45.0,,,,,,,,,,,,,,0.397,,,,,,,,,,,,,,,,,,,,5.0,93.0,0.0,0.0,,,0.0,,,,,,,,,1.61,,0.0,,,,,,,,,,0.0,,0.031,0.029,,24.1,,0.588,,,0.045,,,0.0,168.0,,0.0,1.67,,,13.7,4.21,,,0.011,12.3,,0.026,0.001,0.0,0.0,,0.009,,0.01,0.0,0.0,0.018,,,0.0,,0.0,,0.0,,0.0,,0.0,1.1,,341.0,,,,561.0,,,,,,,,0.2,0.0,0.0,0.0,,0.021,0.006,4.72,0.045,2.07,0.66,,1.49,,0.721,0.0,,0.0,,0.0,,3.9,,434.0,,,3.3,,,10.7,,,0.001,0.014,,0.015,,,0.001,0.1,,0.55,0.65,7.19,0.0,0.0,0.0,0.0,,,,49.7,,,,,,0.39,,,,,,,,9.54,,,,0.77,,2.57,,,,,
370,324710,"Peanut butter, creamy, SKIPPY (AL,CA1) - CY120GE",2019-04-01,,,,,,,2.93,,,,,,,,46.0,,,,,,,,,,,,,,0.429,,,,,,,,,,,,,,,,,,,,3.8,90.0,0.0,0.0,,,0.0,,,,,,,,,1.72,,0.0,,,,,,,,,,0.0,,0.03,0.029,,24.2,,0.576,,,0.045,,,0.0,170.0,,0.0,1.73,,,13.7,4.2,,,0.011,12.4,,0.025,0.001,0.0,0.0,,0.008,,0.01,0.0,0.0,0.018,,,0.0,,0.0,,0.0,,0.0,,0.0,0.98,,342.0,,,,568.0,,,,,,,,0.2,0.0,0.0,0.0,,0.021,0.007,4.78,0.047,2.12,0.663,,1.46,,0.706,0.0,,0.0,,0.0,,4.0,,431.0,,,3.9,,,10.7,,,0.0,0.012,,0.015,,,0.001,0.11,,,,,,,,,,,,50.8,,,,,,0.47,,,,,,,,,,,,0.83,,2.56,,,,,
371,324726,"Peanut butter, creamy, JIF (CA2,NC) - CY120GL",2019-04-01,,,,,,,2.87,,,,,,,,51.0,,,,,,,,,,,,,,0.444,,,,,,,,,,,,,,,,,,,,,,,,,,,,,,,,,,,1.81,,,,,,,,,,,,0.0,,0.03,0.028,,24.7,,0.575,,,0.041,,,0.0,169.0,,,1.7,,,,4.04,,,0.012,12.5,,0.027,0.0,0.0,0.0,,0.008,,0.01,0.0,0.0,0.019,,,0.0,,0.0,,0.0,,0.0,,0.0,,,335.0,,,,547.0,,,,,,,,,0.0,0.0,0.0,,0.019,0.006,4.74,0.046,2.22,0.74,,1.78,,0.748,0.0,,0.0,,0.0,,,,432.0,,,,,,,,,0.0,0.081,,0.042,,,0.0,,,,,,,,,,,,,51.8,,,,,,,,,,,,,,,,,,1.6,,2.47,,,,,
372,324732,"Peanut butter, creamy, JIF (AL,CA1) - CY120GK",2019-04-01,,,,,,,2.85,,,,,,,,50.0,,,,,,,,,,,,,,0.424,,,,,,,,,,,,,,,,,,,,6.1,89.0,0.0,0.0,,,0.0,,,,,,,,,1.81,,0.0,,,,,,,,,,0.0,,0.031,0.028,,24.6,,0.593,,,0.046,,,0.0,163.0,,0.0,1.6,,,12.4,3.9,,,0.012,12.5,,0.028,0.002,0.0,0.0,,0.008,,0.01,0.0,0.0,0.018,,,0.0,,0.0,,0.0,,0.0,,0.0,1.2,,326.0,,,,538.0,,,,,,,,0.19,0.0,0.0,0.0,,0.017,0.005,4.75,0.046,2.23,0.725,,1.79,,0.743,0.0,,0.0,,0.0,,3.9,,418.0,,,,,,10.5,,,0.001,0.064,,0.043,,,0.001,0.19,,0.55,0.97,7.72,0.0,0.0,0.0,0.0,,,,52.2,,,,,,0.38,,,,,,,,8.44,,,,1.67,,2.42,,,,,
373,324748,"Peanut butter, creamy, JIF (FL,MO) - CY120GN",2019-04-01,,,,,,,2.81,,,,,,,,43.0,,,,,,,,,,,,,,0.39,,,,,,,,,,,,,,,,,,,,,,,,,,,,,,,,,,,1.72,,,,,,,,,,,,0.0,,0.031,0.028,,24.7,,0.599,,,0.047,,,0.0,155.0,,,1.46,,,,3.84,,,0.011,12.5,,0.029,0.0,0.0,0.0,,0.009,,0.011,0.0,0.0,0.019,,,0.0,,0.0,,0.0,,0.0,,0.0,,,313.0,,,,541.0,,,,,,,,,0.0,0.0,0.0,,0.02,0.006,4.78,0.045,2.24,0.728,,1.83,,0.754,0.0,,0.0,,0.0,,,,418.0,,,,,,,,,0.0,0.066,,0.041,,,0.002,,,,,,,,,,,,,51.4,,,,,,,,,,,,,,,,,,1.72,,2.43,,,,,
374,324754,"Peanut butter, creamy, store brand/other brand, AMERICAS CHOICE & GREAT VALUE (NY) - CY120GP",2019-04-01,,,,,,,2.9,,,,,,,,53.0,,,,,,,,,,,,,,0.484,,,,,,,,,,,,,,,,,,,,,,,,,,,,,,,,,,,2.08,,,,,,,,,,,,0.0,,0.03,0.029,,25.6,,0.546,,,0.039,,,0.0,182.0,,,1.88,,,,4.29,,,0.013,12.3,,0.024,0.001,0.0,0.0,,0.008,,0.011,0.0,0.0,0.019,,,0.0,,0.0,,0.0,,0.0,,0.0,,,354.0,,,,592.0,,,,,,,,,0.0,0.0,0.0,,0.024,0.006,4.94,0.051,2.35,0.774,,1.75,,0.716,0.0,,0.0,,0.0,,,,450.0,,,,,,,,,0.0,0.017,,0.019,,,0.001,,,,,,,,,,,,,52.5,,,,,,,,,,,,,,,,,,0.7,,2.64,,,,,
375,324760,"Peanut butter, creamy, store brand/other brand, MY ESSENTIALS & SUNNY SELECT (CA2,NC) - CY120GR",2019-04-01,,,,,,,2.92,,,,,,,,52.0,,,,,,,,,,,,,,0.438,,,,,,,,,,,,,,,,,,,,,,,,,,,,,,,,,,,1.75,,,,,,,,,,,,0.0,,0.029,0.028,,24.3,,0.571,,,0.044,,,0.0,173.0,,,1.64,,,,4.27,,,0.012,12.3,,0.025,0.0,0.0,0.0,,0.009,,0.01,0.0,0.0,0.018,,,0.0,,0.0,,0.0,,0.0,,0.0,,,348.0,,,,572.0,,,,,,,,,0.0,0.0,0.0,,0.022,0.006,4.72,0.046,2.09,0.721,,1.76,,0.733,0.0,,0.0,,0.0,,,,416.0,,,,,,,,,0.0,0.014,,0.014,,,0.002,,,,,,,,,,,,,50.0,,,,,,,,,,,,,,,,,,0.94,,2.69,,,,,
376,324766,"Peanut butter, creamy, JIF (CO,CT) - CY120GM",2019-04-01,,,,,,,2.87,,,,,,,,50.0,,,,,,,,,,,,,,0.446,,,,,,,,,,,,,,,,,,,,5.2,93.0,0.0,0.0,,,0.0,,,,,,,,,1.78,,0.0,,,,,,,,,,0.0,,0.031,0.029,,25.1,,0.598,,,0.049,,,0.0,165.0,,0.0,1.66,,,13.4,3.93,,,0.012,11.6,,0.026,0.002,0.0,0.0,,0.008,,0.01,0.0,0.0,0.018,,,0.0,,0.0,,0.0,,0.0,,0.0,,,324.0,,,,548.0,,,,,,,,0.2,0.0,0.0,0.0,,0.018,0.006,4.63,0.046,2.22,0.73,,1.74,,0.73,0.0,,0.0,,0.0,,4.7,,415.0,,,3.2,,,11.0,,,0.0,0.081,,0.043,,,0.002,0.19,,,,,,,,,,,,51.7,,,,,,0.48,,,,,,,,,,,,1.61,,2.47,,,,,
377,324781,"Peanut butter, creamy, JIF (MI,OK) - CY120GO",2019-04-01,,,,,,,2.8,,,,,,,,50.0,,,,,,,,,,,,,,0.422,,,,,,,,,,,,,,,,,,,,4.7,87.0,0.0,0.0,,,0.0,,,,,,,,,1.75,,0.0,,,,,,,,,,0.0,,0.03,0.027,,23.6,,0.568,,,0.045,,,0.0,162.0,,0.0,1.6,,,12.2,3.93,,,0.011,12.0,,0.026,0.002,0.0,0.0,,0.009,,0.009,0.0,0.0,0.018,,,0.0,,0.0,,0.0,,0.0,,0.0,1.2,,322.0,,,,533.0,,,,,,,,0.21,0.0,0.0,0.0,,0.017,0.006,4.56,0.044,2.14,0.699,,1.72,,0.719,0.0,,0.0,,0.0,,3.7,,409.0,,,3.3,,,10.5,,,0.001,0.07,,0.047,,,0.002,0.17,,0.49,0.83,7.91,0.0,0.0,0.0,0.0,,,,52.7,,,,,,0.42,,,,,,,,9.59,,,,1.51,,2.37,,,,,
378,324798,"Peanut butter, creamy, store brand/other brand, HYVEE & PUBLIX (FL,MO) - CY120GT",2019-04-01,,,,,,,3.01,,,,,,,,46.0,,,,,,,,,,,,,,0.428,,,,,,,,,,,,,,,,,,,,,,,,,,,,,,,,,,,1.63,,,,,,,,,,,,0.0,,0.03,0.029,,25.0,,0.563,,,0.042,,,0.0,173.0,,,1.76,,,,4.32,,,0.012,12.0,,0.022,0.0,0.0,0.0,,0.008,,0.01,0.0,0.0,0.016,,,0.0,,0.0,,0.0,,0.0,,0.0,,,347.0,,,,579.0,,,,,,,,,0.0,0.0,0.0,,0.024,0.006,4.76,0.047,2.24,0.741,,1.74,,0.729,0.0,,0.0,,0.0,,,,409.0,,,,,,,,,0.0,0.02,,0.019,,,0.0,,,,,,,,,,,,,51.0,,,,,,,,,,,,,,,,,,0.76,,2.6,,,,,
379,324805,"Peanut butter, creamy, store brand/other brand, GREAT VALUE (AL,OK) - CY120GQ",2019-04-01,,,,,,,2.81,,,,,,,,54.0,,,,,,,,,,,,,,0.4,,,,,,,,,,,,,,,,,,,,4.9,78.0,0.0,0.0,,,0.0,,,,,,,,,1.71,,0.0,,,,,,,,,,0.0,,0.03,0.031,,24.5,,0.558,,,0.041,,,0.0,172.0,,0.0,1.73,,,13.4,4.13,,,0.011,12.2,,0.034,0.002,0.0,0.0,,0.008,,0.01,0.0,0.0,0.018,,,0.0,,0.0,,0.0,,0.0,,0.0,1.1,,350.0,,,,574.0,,,,,,,,0.18,0.0,0.0,0.0,,0.021,0.005,4.69,0.049,2.08,0.726,,1.66,,0.71,0.0,,0.0,,0.0,,3.6,,440.0,,,3.6,,,10.8,,,0.0,0.013,,0.016,,,0.002,0.11,,0.47,0.66,7.51,0.0,0.0,0.0,0.0,,,,50.2,,,,,,0.46,,,,,,,,9.36,,,,0.98,,2.64,,,,,
380,324822,"Peanut butter, creamy, store brand/other brand, KROGER (IN,MI) - CY120GS",2019-04-01,,,,,,,3.12,,,,,,,,55.0,,,,,,,,,,,,,,0.435,,,,,,,,,,,,,,,,,,,,4.8,84.0,0.0,0.0,,,0.0,,,,,,,,,1.97,,0.0,,,,,,,,,,0.0,,0.03,0.031,,24.9,,0.552,,,0.04,,,0.0,179.0,,0.0,1.85,,,13.7,4.22,,,0.012,12.0,,0.022,0.001,0.0,0.0,,0.008,,0.01,0.0,0.0,0.019,,,0.0,,0.0,,0.0,,0.0,,0.0,,,355.0,,,,589.0,,,,,,,,0.18,0.0,0.0,0.0,,0.02,0.006,4.67,0.049,2.14,0.727,,1.71,,0.697,0.0,,0.0,,0.0,,4.9,,482.0,,,4.5,,,9.82,,,0.0,0.015,,0.015,,,0.002,0.12,,0.51,0.53,7.56,0.0,0.0,0.0,0.0,,,,51.2,,,,,,0.49,,,,,,,,9.16,,,,0.87,,2.54,,,,,
381,324838,"Peanut butter, creamy, store brand/other brand, SAFEWAY KITCHENS & SHOP RITE (CO,CT) - CY120GU",2019-04-01,,,,,,,2.91,,,,,,,,47.0,,,,,,,,,,,,,,0.397,,,,,,,,,,,,,,,,,,,,3.6,78.0,1.2,0.0,,,1.27,,,,,,,,,1.71,,0.0,,,,,,,,,,0.0,,0.031,0.03,,25.7,,0.56,,,0.04,,,0.0,171.0,,0.0,1.72,,,13.6,4.07,,,0.011,11.7,,0.039,0.002,0.0,0.0,,0.007,,0.01,0.0,0.0,0.018,,,0.0,,0.0,,0.0,,0.0,,0.0,1.1,,334.0,,,,558.0,,,,,,,,0.17,0.0,0.0,0.0,,0.02,0.006,4.67,0.049,2.01,0.743,,1.69,,0.703,0.0,,0.0,,0.0,,4.3,,411.0,,,,,,7.01,,,0.0,0.018,,0.02,,,0.001,0.15,,,,,,,,,,,,51.8,,,,,,0.46,,,,,,,,,,,,2.4,,2.51,,,,,
382,324853,"Peanut butter, creamy, SKIPPY (CA2,NC) - CY120GF",2019-04-01,,,,,,,2.95,,,,,,,,45.0,,,,,,,,,,,,,,0.383,,,,,,,,,,,,,,,,,,,,,,,,,,,,,,,,,,,1.54,,,,,,,,,,,,0.0,,0.031,0.029,,25.2,,0.612,,,0.046,,,0.0,171.0,,,1.63,,,,4.09,,,0.011,12.7,,0.027,0.0,0.0,0.0,,0.008,,0.011,0.0,0.0,0.017,,,0.0,,0.0,,0.0,,0.0,,0.0,,,345.0,,,,582.0,,,,,,,,,0.0,0.0,0.0,,0.022,0.005,4.92,0.045,2.15,0.684,,1.55,,0.755,0.0,,0.0,,0.0,,,,447.0,,,,,,,,,0.0,0.013,,0.012,,,0.002,,,,,,,,,,,,,50.1,,,,,,,,,,,,,,,,,,0.8,,2.68,,,,,
383,324861,"Parmesan cheese, grated, KRAFT 100% (FL,MO) - CY120JF",2019-04-01,,,,,,,6.86,,,,,,,,1060.0,,,,,,,,,,,,,,0.038,,,,,,,,,,,,,,,,,,,,,,,,,,,,,,,,,,,0.28,,,,,,,,,,,,0.0,,0.285,0.046,,5.55,,0.048,,,0.0,,,0.0,36.7,,,0.043,,,,5.43,,,0.148,0.838,,0.103,0.0,0.003,0.0,,0.008,,0.0,0.035,0.0,0.054,,,0.008,,0.0,,0.012,,0.016,,0.0,,,690.0,,,,186.0,,,,,,,,,0.777,0.0,0.868,,2.69,0.273,7.07,0.168,3.14,0.045,,0.012,,0.011,0.582,,0.503,,0.321,,,,1440.0,,,,,,,,,0.085,0.729,,0.181,,,0.0,,,,,,,,,,,,,28.7,,,,,,,,,,,,,,,,,,23.9,,4.83,,,,,
384,324871,"Parmesan cheese, grated, KRAFT 100% (IN,NY) - CY120JB",2019-04-01,,,,,,,7.09,,,,,,,,1070.0,,,,,,,,,,,,,,0.045,,,,,,,,,,,,,,,,,,,,,,,,,,,,,,,,,,,0.26,,,,,,,,,,,,0.0,,0.281,0.046,,5.62,,0.054,,,0.001,,,0.0,37.7,,,0.042,,,,5.49,,,0.155,0.854,,0.098,0.0,0.003,0.0,,0.007,,0.001,0.037,0.0,0.053,,,0.006,,0.0,,0.011,,0.016,,0.0,,,657.0,,,,252.0,,,,,,,,,0.775,0.0,0.869,,2.67,0.27,6.94,0.166,3.12,0.045,,0.013,,0.009,0.589,,0.514,,0.327,,,,1540.0,,,,,,,,,0.084,0.766,,0.185,,,0.0,,,,,,,,,,,,,28.7,,,,,,,,,,,,,,,,,,23.4,,5.12,,,,,
385,324881,"Parmesan cheese, grated, KRAFT 100% (CA2,NC) - CY120JD",2019-04-01,,,,,,,7.09,,,,,,,,1040.0,,,,,,,,,,,,,,0.039,,,,,,,,,,,,,,,,,,,,,,,,,,,,,,,,,,,0.22,,,,,,,,,,,,0.0,,0.287,0.049,,5.78,,0.06,,,0.002,,,0.0,37.1,,,0.037,,,,5.55,,,0.156,0.846,,0.105,0.001,0.003,0.0,,0.008,,0.004,0.035,0.0,0.054,,,0.007,,0.002,,0.011,,0.015,,0.002,,,662.0,,,,189.0,,,,,,,,,0.736,0.0,0.826,,2.64,0.264,7.09,0.164,3.18,0.045,,0.013,,0.009,0.586,,0.503,,0.313,,,,1610.0,,,,,,,,,0.083,0.759,,0.189,,,0.0,,,,,,,,,,,,,30.4,,,,,,,,,,,,,,,,,,23.7,,5.07,,,,,
386,324891,"Parmesan cheese, grated, KRAFT 100% (AL,CA1) - CY120JC",2019-04-01,,,,,,,7.02,,,,,,,,1000.0,,,,,,89.0,,,,,,,,0.033,,,,,,,,,,,,,,,,,,,,,6.0,0.0,0.07,,,0.0,,,,,,,,,0.26,,0.0,,,,,,,,,,0.0,,0.278,0.046,,5.76,,0.055,,,0.0,,,0.0,36.3,,0.0,0.039,,,0.07,5.48,,,0.148,0.828,,0.1,0.0,0.002,0.0,,0.008,,0.0,0.035,0.0,0.056,,,0.007,,0.0,,0.012,,0.015,,0.0,0.48,,665.0,,,,187.0,,,,,,,201.0,0.28,0.757,0.0,0.837,,2.64,0.266,7.0,0.165,3.28,0.047,,0.013,,0.008,0.577,,0.501,,0.316,,37.7,,1460.0,,,,,,0.0,,,0.085,0.737,,0.184,,,0.0,0.03,,0.0,0.0,0.0,0.0,0.0,0.0,0.0,,,,28.8,,,,,1.1,0.08,,,,,,,,0.44,,,,23.8,,4.79,,,,,
387,324913,"Parmesan cheese, grated, store brand/other brand, PRICE CHOPPER (CT) - CY120JH",2019-04-01,,,,,,,6.63,,,,,,,,348.0,,,,,,,,,,,,,,0.029,,,,,,,,,,,,,,,,,,,,,,,,,,,,,,,,,,,1.1,,,,,,,,,,,,0.0,,0.133,0.021,,7.25,,0.031,,,0.0,,,0.0,25.0,,,0.16,,,,1.73,,,0.061,1.56,,0.07,0.005,0.0,0.0,,0.0,,0.0,0.007,0.0,0.012,,,0.004,,0.0,,0.002,,0.006,,0.0,,,411.0,,,,183.0,,,,,,,,,0.225,0.0,0.273,,0.972,0.096,8.51,0.065,1.48,0.067,,0.014,,0.015,0.186,,0.153,,0.097,,,,2350.0,,,,,,,,,0.028,0.313,,0.076,,,0.0,,,,,,,,,,,,,23.8,,,,,,,,,,,,,,,,,,21.5,,1.62,,,,,
388,324921,"Parmesan cheese, grated, KRAFT 100% (CO,CT) - CY120JE",2019-04-01,,,,,,,6.97,,,,,,,,1070.0,,,,,,88.0,,,,,,,,0.04,,,,,,,,,,,,,,,,,,,,,,,,,,,,,,,,,,,0.26,,,,,,,,,,,,0.0,,0.277,0.045,,5.41,,0.047,,,0.0,,,0.0,38.4,,,0.04,,,0.03,5.5,,,0.143,0.79,,0.097,0.0,0.003,0.0,,0.007,,0.0,0.033,0.0,0.051,,,0.006,,0.0,,0.011,,0.015,,0.0,,,644.0,,,,203.0,,,,,,,,0.39,0.736,0.0,0.818,,2.58,0.26,6.79,0.16,3.01,0.042,,0.012,,0.007,0.585,,0.499,,0.312,,40.7,,1680.0,,,,,,,,,0.087,0.715,,0.178,,,0.0,0.03,,0.0,0.0,0.05,0.0,0.0,0.0,0.0,,,,29.6,,,,,1.7,0.083,,,,,,,,0.35,0.0,6.8,1.5,23.6,,4.88,,,,,
389,324940,"Parmesan cheese, grated, KRAFT 100% (MI,OK) - CY120JG",2019-04-01,,,,,,,6.85,,,,,0.2,,,1070.0,,,,,,88.0,1.7,3.1,0.0,4.9,4.4,14.1,,0.044,,,,,,,,,,,,,,,,,,,,,6.0,,,,,,,,,,,,,,0.26,,,,,,,,,,,,0.0,,0.304,0.049,,5.39,,0.052,,,0.002,,,0.0,37.9,,,0.044,,,0.07,5.54,,,0.141,0.725,,0.1,0.0,0.003,0.0,,0.007,,0.004,0.031,0.0,0.049,,,0.008,,0.002,,0.009,,0.015,,0.001,0.45,,671.0,,,,223.0,,,,,,,,0.34,0.714,0.0,0.812,,2.58,0.264,7.02,0.164,2.85,0.04,,0.011,,0.008,0.562,,0.48,,0.3,,38.6,,1480.0,,,,,,,,,0.081,0.687,,0.19,,,0.0,0.03,,0.0,0.0,0.0,0.0,0.0,0.0,0.0,,,,27.9,,,,,1.3,0.081,,,,,,,,0.47,0.0,7.4,1.9,23.4,,5.39,,,,,
390,324960,"Parmesan cheese, grated, store brand/other brand, MY ESSENTIALS & SUNNYSIDE FARMS (CA2,NC) - CY120JJ",2019-04-01,,,,,,,6.85,,,,,,,,699.0,,,,,,,,,,,,,,0.05,,,,,,,,,,,,,,,,,,,,,,,,,,,,,,,,,,,0.46,,,,,,,,,,,,0.0,,0.263,0.04,,6.51,,0.048,,,0.001,,,0.0,34.1,,,0.092,,,,3.51,,,0.117,1.12,,0.096,0.004,0.002,0.0,,0.004,,0.003,0.017,0.0,0.029,,,0.007,,0.002,,0.004,,0.013,,0.0,,,552.0,,,,212.0,,,,,,,,,0.468,0.0,0.557,,1.86,0.191,8.13,0.124,2.1,0.053,,0.011,,0.011,0.364,,0.311,,0.196,,,,1800.0,,,,,,,,,0.065,0.504,,0.147,,,0.0,,,,,,,,,,,,,26.6,,,,,,,,,,,,,,,,,,20.3,,3.45,,,,,
391,324970,"Parmesan cheese, grated, store brand/other brand, GREAT VALUE (AL,OK) - CY120JI",2019-04-01,,,,,,,8.91,,,,,,,,864.0,,,,,,81.0,,,,,,,,0.038,,,,,,,,,,,,,,,,,,,,,,0.0,0.07,,,0.0,,,,,,,,,0.74,,0.0,,,,,,,,,,0.0,,0.342,0.052,,4.93,,0.047,,,0.0,,,0.0,35.6,,0.0,0.052,,,0.1,4.79,,,0.141,0.531,,0.101,0.0,0.003,0.0,,0.006,,0.0,0.025,0.0,0.039,,,0.009,,0.003,,0.007,,0.017,,0.0,0.42,,760.0,,,,151.0,,,,,,,255.0,0.38,0.687,0.0,0.799,,2.55,0.267,7.09,0.16,2.42,0.036,,0.01,,0.007,0.521,,0.446,,0.282,,32.4,,2270.0,,,,,,0.0,,,0.089,0.61,,0.169,,,0.0,0.03,,0.0,0.0,0.0,0.0,0.0,0.0,0.0,,,,26.0,,,,,1.1,0.082,,,,,,,,0.68,,,,23.1,,4.52,,,,,
392,324989,"Parmesan cheese, grated, store brand/other brand, SAFEWAY KITCHENS (CO,CA1) - CY120JK",2019-04-01,,,,,,,7.74,,,,,,,,722.0,,,,,,73.0,,,,,,,,0.044,,,,,,,,,,,,,,,,,,,,,,,,,,,,,,,,,,,0.82,,,,,,,,,,,,0.0,,0.298,0.044,,4.16,,0.039,,,0.001,,,0.0,34.6,,,0.122,,,0.06,3.87,,,0.167,0.412,,0.103,0.0,0.003,0.002,,0.003,,0.001,0.018,0.0,0.029,,,0.01,,0.004,,0.004,,0.016,,0.001,,,703.0,,,,153.0,,,,,,,,0.27,0.583,0.0,0.689,,2.22,0.233,5.99,0.14,2.1,0.031,,0.01,,0.007,0.467,,0.398,,0.248,,19.2,,2080.0,,,,,,,,,0.091,0.598,,0.178,,,0.0,0.01,,0.0,0.0,0.0,0.0,0.0,0.0,0.0,,,,22.3,,,,,1.1,0.065,,,,,,,,0.59,,,,25.1,,3.7,,,,,
393,325007,"Parmesan cheese, grated, store brand/other brand, FLORA & HYVEE (FL,MO) - CY120JL",2019-04-01,,,,,,,6.83,,,,,,,,639.0,,,,,,,,,,,,,,0.032,,,,,,,,,,,,,,,,,,,,,,,,,,,,,,,,,,,0.5,,,,,,,,,,,,0.0,,0.289,0.044,,6.79,,0.056,,,0.001,,,0.0,26.6,,,0.078,,,,3.48,,,0.111,1.13,,0.104,0.005,0.003,0.0,,0.005,,0.002,0.021,0.0,0.031,,,0.007,,0.0,,0.006,,0.013,,0.0,,,510.0,,,,121.0,,,,,,,,,0.555,0.0,0.651,,2.12,0.221,8.57,0.137,2.29,0.055,,0.012,,0.011,0.417,,0.357,,0.228,,,,1840.0,,,,,,,,,0.068,0.516,,0.148,,,0.0,,,,,,,,,,,,,28.4,,,,,,,,,,,,,,,,,,22.0,,3.32,,,,,
394,325017,"Parmesan cheese, grated, store brand/other brand, KROGER (MI,IN) - CY120JM",2019-04-01,,,,,,,6.93,,,,,,,,1030.0,,,,,,102.0,,,,,,,,0.046,,,,,,,,,,,,,,,,,,,,,,,,,,,,,,,,,,,0.27,,,,,,,,,,,,0.0,,0.403,0.063,,6.27,,0.059,,,0.002,,,0.0,38.5,,,0.041,,,0.14,5.25,,,0.172,0.697,,0.143,0.001,0.004,0.001,,0.008,,0.004,0.033,0.0,0.049,,,0.012,,0.001,,0.007,,0.021,,0.001,0.48,,678.0,,,,144.0,,,,,,,,0.41,0.824,0.0,0.947,,3.09,0.327,8.54,0.197,3.06,0.045,,0.01,,0.007,0.661,,0.561,,0.347,,41.3,,1480.0,,,,,,,,,0.103,0.808,,0.237,,,0.0,0.03,,0.0,0.0,0.0,0.0,0.0,0.0,0.0,,,,35.2,,,,,1.8,0.095,,,,,,,,0.57,,,,20.2,,5.27,,,,,
395,325037,"American cheese, pasteurized process, mixed store brand (AL,OK) - CY090XU - other",2019-04-01,,,,,,,5.92,,,,,,,,,,,0.0,0.0,,,,,,,,,,,,0.0,,,,,,,,,,,,,,,,,,,,0.0,0.16,,,0.0,,,,,,,,,,,4.67,,,,9.0,0.0,,,,,,,,,,,,,,,,,,,,,0.0,,,,,2.57,,,,,,,,,,,,,,,,,,,,,,,,,,,,,,,,,,,,,,,,,282.0,,,,,,,,,,,,,,,,,,,,,,16.7,,,,,,,,0.0,,,,,,,,,,,,,,,,,,,,,,30.2,,,,,,,,,,,,,,,,,,39.5,,,,,,,
396,325046,"American cheese, pasteurized process, KRAFT (IN,NY) - CY090XB",2019-04-01,,,,,,,7.3,,,,,2.7,,,1210.0,,,,,,103.0,2.6,4.5,0.7,5.9,5.6,19.2,,0.049,,,,,,,,,,,,,,,,,,,,,,,,,,,,,,,,,,,0.81,,,,,,,,,,,,,,,,,,,,,,,,,,26.4,,,0.045,,,0.07,2.87,,,,,,,,,,,,,,,,,,,,,,,,,,,,0.4,,688.0,,,,119.0,,,,,,,,0.22,,,,,,,,,,,,,,,,,,,,,,,1700.0,,,,,,,,,,,,,,,,0.015,,,,,,,,,,,,31.0,,,,,1.6,0.053,,,,,,,,,,,,39.4,,2.4,,,,,
397,325061,"American cheese, pasteurized process, KRAFT (CA2,NC) - CY090XD",2019-04-01,,,,,,,7.13,,,,,,,,1240.0,,,0.0,78.0,,,,,,,,,,0.043,,11.0,,,,,,,,,,,,,,,,,,,,,,,,,,,,,,,,,0.75,,,,,,28.0,0.0,,,,,0.0,,0.37,0.06,,6.33,,0.22,,,0.003,,,0.002,26.5,,,0.046,,,,2.87,,,0.019,0.779,,0.133,0.0,,0.007,,0.008,,0.0,0.033,,0.047,,,0.012,,0.006,,0.008,,0.021,,0.003,,,672.0,,,,125.0,,,,,,,331.0,0.23,0.799,0.019,0.882,,2.92,0.308,8.04,0.189,3.23,0.046,,0.021,,0.009,0.601,,0.504,,0.325,,,,1750.0,,,,,,,,,0.108,0.865,,0.186,,,0.0,,,0.0,0.04,0.13,0.02,0.02,0.09,0.02,,,,31.2,,,,,1.5,,,,,,,,,0.8,,15.2,3.9,39.6,,2.55,,,,,
398,325075,"American cheese, pasteurized process, LAND-O-LAKES (FL) - CY090XL",2019-04-01,,,,,,,5.68,,,,,,,,605.0,,,0.0,0.0,,99.0,,,,,,,,0.029,,0.0,,,,,,,,,,,,,,,,,,,,0.0,0.2,,,0.0,,,,,,,,,0.18,,1.21,,,,10.0,0.0,,,,,0.0,,0.383,0.06,,6.51,,0.223,,,0.0,,,0.0,23.1,,0.0,0.018,,,0.12,3.37,,,0.023,0.879,,0.137,0.0,,0.007,,0.009,,0.003,0.037,,0.047,,,0.012,,0.003,,0.01,,0.021,,0.005,0.43,,767.0,,,,99.0,,,,,,,278.0,0.32,0.815,0.019,0.89,,2.94,0.311,8.1,0.19,3.42,0.027,,0.021,,0.01,0.628,,0.516,,0.328,,23.1,,1620.0,,,,,,0.0,,,0.101,0.887,,0.201,,,0.002,0.015,,0.0,0.04,0.14,0.02,0.01,0.0,0.11,,,,31.0,,,,,1.2,0.059,,,,,,,,0.78,,5.4,2.5,38.4,,3.14,,,,,
399,325096,"American cheese, pasteurized process, mixed store brand (IN,CT) - CY090XT - other",2019-04-01,,,,,,,6.12,,,,,,,,,,,,,,92.0,,,,,,,,,,,,,,,,,,,,,,,,,,,,,,,,,,,,,,,,,,,,,,,,,,,,,,,,,,,,,,,,,,,,,,,,,,,,2.77,,,,,,,,,,,,,,,,,,,,,,,,,,,,,,,,,,,,,,,,,,,,,,,,,,,,,,,,,,,,,,,,,,,,,,,,,,,,,,,,,,,,,,,,,,,,,30.0,,,,,,,,,,,,,,,,,,40.8,,,,,,,
400,325101,"American cheese, pasteurized process, KRAFT DELI DELUXE (CO) - CY090XE",2019-04-01,,,,,,,7.25,,,,,,,,1330.0,,,,,,,,,,,,,,0.046,,,,,,,,,,,,,,,,,,,,,,0.0,0.07,,,0.0,,,,,,,,,0.8,,1.15,,,,,,,,,,,,,,,,,,,,,,,,25.5,,0.0,0.052,,,,2.88,,,,,,,,,,,,,,,,,,,,,,,,,,,,,,731.0,,,,123.0,,,,,,,,,,,,,,,,,,,,,,,,,,,,,,,1720.0,,,,,,0.0,,,,,,,,,,,,,,,,,,,,,,30.8,,,,,,,,,,,,,,,,,,40.1,,2.37,,,,,
401,325107,"American cheese, pasteurized process, KRAFT (MI,OK) - CY090XG",2019-04-01,,,,,,,6.81,,,,,,,,1380.0,,,,,,,,,,,,,,0.078,,,,,,,,,,,,,,,,,,,,,,,,,,,,,,,,,,,0.85,,,,,,,,,,,,,,,,,,,,,,,,,,27.1,,,0.046,,,,2.81,,,,,,,,,,,,,,,,,,,,,,,,,,,,,,744.0,,,,131.0,,,,,,,,,,,,,,,,,,,,,,,,,,,,,,,1690.0,,,,,,,,,,,,,,,,,,,,,,,,,,,,31.0,,,,,,,,,,,,,,,,,,39.8,,2.6,,,,,
402,325114,"American cheese, pasteurized process, mixed store brand (CA2,MO) - CY090XV - other",2019-04-01,,,,,,,5.93,,,,,,,,,,,,,,,,,,,,,,,,,,,,,,,,,,,,,,,,,,,,,,,,,,,,,,,,,,,,,,,,,,,,,0.0,,0.389,0.06,,6.53,,0.205,,,0.0,,,0.0,,,,,,,,2.55,,,0.014,0.862,,0.133,0.003,,0.007,,0.009,,0.001,0.039,,0.046,,,0.011,,0.0,,0.009,,0.02,,0.007,,,,,,,,,,,,,,,,0.776,0.017,0.829,,2.84,0.31,8.17,0.191,3.38,0.047,,0.019,,0.01,0.631,,0.502,,0.352,,,,,,,,,,,,,0.103,0.803,,0.238,,,0.002,,,,,,,,,,,,,30.6,,,,,,,,,,,,,,,,,,40.4,,,,,,,
403,325119,"American cheese, pasteurized process, KRAFT (AL,CA1) - CY090XC",2019-04-01,,,,,,,7.39,,,,,,,,1150.0,,,,,,,,,,,,,,0.036,,,,,,,,,,,,,,,,,,,,,,0.0,0.07,,,0.0,,,,,,,,,0.86,,1.32,,,,,,,,,,,,,,,,,,,,,,,,26.7,,0.0,0.047,,,,2.85,,,,,,,,,,,,,,,,,,,,,,,,,,,,,,736.0,,,,109.0,,,,,,,,,,,,,,,,,,,,,,,,,,,,,21.5,,1590.0,,,,,,0.0,,,,,,,,,,,,,,,,,,,,,,30.9,,,,,,,,,301.0,0.0,7.5,,,,,,,39.7,,2.48,,,,,
404,325129,"American cheese, pasteurized process, KROGER DELUXE (IN) - CY090XZ - other",2019-04-01,,,,,,,,,,,,,,,625.0,,,,,,,,,,,,,,0.035,,,,,,,,,,,,,,,,,,,,,,,,,,,,,,,,,,,0.23,,,,,,,,,,,,,,,,,,,,,,,,,,26.2,,,0.019,,,,,,,,,,,,,,,,,,,,,,,,,,,,,,,,,,429.0,,,,155.0,,,,,,,,,,,,,,,,,,,,,,,,,,,,,,,1420.0,,,,,,,,,,,,,,,,,,,,,,,,,,,,,,,,,,,,,,,,,,,,,,,,2.71,,,,,
405,325133,"American cheese, pasteurized process, LUCERNE  (CO,CA1) - CY090XW - other",2019-04-01,,,,,,,7.08,,,,,,,,,,,,,,,,,,,,,,,,,,,,,,,,,,,,,,,,,,,,0.0,0.16,,,0.0,,,,,,,,,,,4.15,,,,,,,,,,,,,,,,,,,,,,,,,,0.0,,,,,2.65,,,,,,,,,,,,,,,,,,,,,,,,,,,,,,,,,,,,,,,,,,,,,,,,,,,,,,,,,,,,,,,,,,,,,,,0.0,,,,,,,,,,,,,,,,,,,,,,30.1,,,,,,,,,,,,,,,,,,39.0,,,,,,,
406,325138,"American cheese, pasteurized process, KRAFT DELI DELUXE (FL,MO) - CY090XF",2019-04-01,,,,,,,7.46,,,,,,,,1280.0,,,,,,,,,,,,,,0.04,,,,,,,,,,,,,,,,,,,,,,,,,,,,,,,,,,,0.85,,,,,,,,,,,,0.0,,0.413,0.061,,6.35,,0.236,,,0.0,,,0.0,26.8,,,0.049,,,,2.77,,,0.018,0.761,,0.133,0.0,,0.008,,0.009,,0.0,0.032,,0.044,,,0.011,,0.003,,0.008,,0.02,,0.007,,,762.0,,,,110.0,,,,,,,,0.22,0.812,0.019,0.896,,2.98,0.313,8.3,0.189,3.19,0.045,,0.02,,0.009,0.632,,0.518,,0.331,,,,1670.0,,,,,,,,,0.107,0.848,,0.179,,,0.0,,,,,,,,,,,,,30.7,,,,,1.5,,,,,,,,,,,,,39.7,,2.49,,,,,
407,325148,"American cheese, pasteurized process, KROGER DELUXE (MI) - CY090XY - other",2019-04-01,,,,,,,4.59,,,,,,,,540.0,,,,,,,,,,,,,,0.13,,,,,,,,,,,,,,,,,,,,,,,,,,,,,,,,,,,0.2,,,,,,,,,,,,,,,,,,,,,,,,,,23.1,,,0.044,,,,2.93,,,,,,,,,,,,,,,,,,,,,,,,,,,,,,376.0,,,,140.0,,,,,,,,,,,,,,,,,,,,,,,,,,,,,,,1270.0,,,,,,,,,,,,,,,,,,,,,,,,,,,,29.8,,,,,,,,,,,,,,,,,,39.3,,2.57,,,,,
408,325153,"American cheese, pasteurized process, GREAT VALUE DELUXE  (AL) - CY090Y1 - other",2019-04-01,,,,,,,,,,,,,,,497.0,,,,,,,,,,,,,,0.055,,,,,,,,,,,,,,,,,,,,,,,,,,,,,,,,,,,0.15,,,,,,,,,,,,,,,,,,,,,,,,,,24.6,,,0.037,,,,,,,,,,,,,,,,,,,,,,,,,,,,,,,,,,343.0,,,,204.0,,,,,,,,,,,,,,,,,,,,,,,,,,,,,,,1760.0,,,,,,,,,,,,,,,,,,,,,,,,,,,,,,,,,,,,,,,,,,,,,,,,2.22,,,,,
409,325157,"American cheese, pasteurized process, LUCERNE DELUXE SLICES (CA1) - CY090Y2 - other",2019-04-01,,,,,,,,,,,,,,,1390.0,,,,,,,,,,,,,,0.06,,,,,,,,,,,,,,,,,,,,,,,,,,,,,,,,,,,1.03,,,,,,,,,,,,,,,,,,,,,,,,,,27.9,,,0.066,,,,,,,,,,,,,,,,,,,,,,,,,,,,,,,,,,729.0,,,,148.0,,,,,,,,,,,,,,,,,,,,,,,,,,,,,,,1520.0,,,,,,,,,,,,,,,,,,,,,,,,,,,,,,,,,,,,,,,,,,,,,,,,2.5,,,,,
410,325161,"American cheese, pasteurized process,, HAVILY CHEESE COMPANY (MO) - CY090Y4 - other",2019-04-01,,,,,,,,,,,,,,,494.0,,,,,,,,,,,,,,0.03,,,,,,,,,,,,,,,,,,,,,,,,,,,,,,,,,,,0.23,,,,,,,,,,,,,,,,,,,,,,,,,,23.9,,,0.026,,,,,,,,,,,,,,,,,,,,,,,,,,,,,,,,,,338.0,,,,201.0,,,,,,,,,,,,,,,,,,,,,,,,,,,,,,,1800.0,,,,,,,,,,,,,,,,,,,,,,,,,,,,,,,,,,,,,,,,,,,,,,,,2.21,,,,,
411,325164,"American cheese, pasteurized process, mixed store brand (FL,NY) - CY090XX - other",2019-04-01,,,,,,,7.04,,,,,,,,,,,,,,,,,,,,,,,,,,,,,,,,,,,,,,,,,,,,,,,,,,,,,,,,,,,,,,,,,,,,,0.0,,0.419,0.064,,6.21,,0.229,,,0.0,,,0.003,,,,,,,,2.7,,,0.019,0.759,,0.156,0.003,,0.008,,0.008,,0.002,0.03,,0.041,,,0.014,,0.006,,0.007,,0.023,,0.009,,,,,,,,,,,,,,,,0.805,0.018,0.912,,2.98,0.313,8.14,0.191,3.0,0.063,,0.022,,0.009,0.586,,0.504,,0.331,,,,,,,,,,,,,0.103,0.807,,0.198,,,0.0,,,,,,,,,,,,,30.1,,,,,,,,,,,,,,,,,,39.2,,,,,,,
412,325169,"American cheese, pasteurized process, SUNNYSIDE FARMS (CA2) - CY090Y3 - other",2019-04-01,,,,,,,,,,,,,,,492.0,,,,,,,,,,,,,,0.025,,,,,,,,,,,,,,,,,,,,,,,,,,,,,,,,,,,0.13,,,,,,,,,,,,,,,,,,,,,,,,,,24.3,,,0.026,,,,,,,,,,,,,,,,,,,,,,,,,,,,,,,,,,339.0,,,,197.0,,,,,,,,,,,,,,,,,,,,,,,,,,,,,,,1860.0,,,,,,,,,,,,,,,,,,,,,,,,,,,,,,,,,,,,,,,,,,,,,,,,2.21,,,,,
413,325173,"American cheese, pasteurized process, LUCERNE DELUXE SLICES (CO) - CY090Y5 - other",2019-04-01,,,,,,,,,,,,,,,1260.0,,,,,,,,,,,,,,0.025,,,,,,,,,,,,,,,,,,,,,,,,,,,,,,,,,,,0.83,,,,,,,,,,,,,,,,,,,,,,,,,,25.5,,,0.046,,,,,,,,,,,,,,,,,,,,,,,,,,,,,,,,,,661.0,,,,110.0,,,,,,,,,,,,,,,,,,,,,,,,,,,,,,,1530.0,,,,,,,,,,,,,,,,,,,,,,,,,,,,,,,,,,,,,,,,,,,,,,,,2.25,,,,,
414,325177,"American cheese, pasteurized process, SHOP RITE SINGLES (CT) - CY090Y6 - other",2019-04-01,,,,,,,,,,,,,,,545.0,,,,,,,,,,,,,,0.037,,,,,,,,,,,,,,,,,,,,,,,,,,,,,,,,,,,0.16,,,,,,,,,,,,,,,,,,,,,,,,,,22.9,,,0.019,,,,,,,,,,,,,,,,,,,,,,,,,,,,,,,,,,360.0,,,,138.0,,,,,,,,,,,,,,,,,,,,,,,,,,,,,,,1700.0,,,,,,,,,,,,,,,,,,,,,,,,,,,,,,,,,,,,,,,,,,,,,,,,2.45,,,,,
415,325181,"American cheese, pasteurized process, BEST CHOICE DELUXE (OK) - CY090YA - other",2019-04-01,,,,,,,,,,,,,,,489.0,,,,,,,,,,,,,,0.036,,,,,,,,,,,,,,,,,,,,,,,,,,,,,,,,,,,0.21,,,,,,,,,,,,,,,,,,,,,,,,,,24.5,,,0.028,,,,,,,,,,,,,,,,,,,,,,,,,,,,,,,,,,338.0,,,,212.0,,,,,,,,,,,,,,,,,,,,,,,,,,,,,,,1770.0,,,,,,,,,,,,,,,,,,,,,,,,,,,,,,,,,,,,,,,,,,,,,,,,2.16,,,,,
416,325186,"American cheese, pasteurized process, HYVEE DELUXE SLICED (MO) - CY090Y8 - other",2019-04-01,,,,,,,,,,,,,,,508.0,,,,,,,,,,,,,,0.063,,,,,,,,,,,,,,,,,,,,,,,,,,,,,,,,,,,0.14,,,,,,,,,,,,,,,,,,,,,,,,,,24.4,,,0.028,,,,,,,,,,,,,,,,,,,,,,,,,,,,,,,,,,340.0,,,,196.0,,,,,,,,,,,,,,,,,,,,,,,,,,,,,,,1890.0,,,,,,,,,,,,,,,,,,,,,,,,,,,,,,,,,,,,,,,,,,,,,,,,2.2,,,,,
417,325190,"American cheese, pasteurized process, PUBLIX DELUXE (FL) - CY090Y7 - other",2019-04-01,,,,,,,,,,,,,,,947.0,,,,,,,,,,,,,,0.029,,,,,,,,,,,,,,,,,,,,,,,,,,,,,,,,,,,0.55,,,,,,,,,,,,,,,,,,,,,,,,,,23.7,,,0.048,,,,,,,,,,,,,,,,,,,,,,,,,,,,,,,,,,571.0,,,,112.0,,,,,,,,,,,,,,,,,,,,,,,,,,,,,,,1570.0,,,,,,,,,,,,,,,,,,,,,,,,,,,,,,,,,,,,,,,,,,,,,,,,2.35,,,,,
418,325194,"American cheese, pasteurized process, TROPICAL DELUXE AMERICAN CHEESE (NY) - CY090Y9 - other",2019-04-01,,,,,,,,,,,,,,,479.0,,,,,,,,,,,,,,0.025,,,,,,,,,,,,,,,,,,,,,,,,,,,,,,,,,,,0.25,,,,,,,,,,,,,,,,,,,,,,,,,,24.3,,,0.027,,,,,,,,,,,,,,,,,,,,,,,,,,,,,,,,,,336.0,,,,205.0,,,,,,,,,,,,,,,,,,,,,,,,,,,,,,,1740.0,,,,,,,,,,,,,,,,,,,,,,,,,,,,,,,,,,,,,,,,,,,,,,,,2.1,,,,,
419,325199,"GRAPEFRUIT JUICE, WHITE, SHELF STABLE, STORE BRAND",2019-04-01,,,,,,,0.3,,,,,,,,20.0,,,,,,,,,,,,,,0.032,,,,,,,,,,,,,,,,,,,,,,,,,,,,,,,,,,,0.1,,,,,,,,,,,,,,,,,,,,,,,,,,10.1,,,0.02,,,,0.09,,,,,,,,,,,,,,,,,,,,,,,,,,,,,,17.0,,,,142.0,,,,,,,,,,,,,,,,,,,,,,,,,,,,,,,3.0,,,,,,,,,,,,,,,,,,,,,,,,,,,,0.86,,,,,,,,,,,,,,,,,,90.7,,0.04,,,,,
420,325203,"GRAPEFRUIT JUICE, WHITE, SHELF STABLE, STORE BRAND",2019-04-01,,,,,,,0.11,,,,,,,,19.0,,,,,,,,,,,,,,0.032,,,,,,,,,,,,,,,,,,,,,,,,,,,,,,,,,,,0.08,,,,,,,,,,,,,,,,,,,,,,,,,,10.0,,,0.019,,,,0.08,,,,,,,,,,,,,,,,,,,,,,,,,,,,,,17.0,,,,141.0,,,,,,,,,,,,,,,,,,,,,,,,,,,,,,,0.0,,,,,,,,,,,,,,,,,,,,,,,,,,,,0.87,,,,,,,,,,,,,,,,,,90.8,,0.04,,,,,
421,325208,"GRAPEFRUIT JUICE, WHITE, SHELF STABLE, STORE BRAND",2019-04-01,,,,,,,0.3,,,,,,,,16.0,,,,,,,,,,,,,,0.03,,,,,,,,,,,,,,,,,,,,,,3.21,0.0,,,3.15,,,,,,,,,0.06,,0.0,,,,,,,,,,,,,,,,,,,,,,,,9.1,,0.0,0.017,,,0.23,0.1,,,,,,,,,,,,,,,,,,,,,,,,,,,,,,16.0,,,,127.0,,,,,,,,,,,,,,,,,,,,,,,,,,,,,,,0.0,1.04,,,,,1.06,,,,,,,,,,0.05,,,,,,,,,,,,0.5,,,,,,0.0,46.5,,,,,,,,,,,90.8,,0.04,,,,,
422,325219,"GRAPEFRUIT JUICE, WHITE, SHELF STABLE, OCEAN SPRAY",2019-04-01,,,,,,,0.3,,,,,,,,16.0,,,,,,,,,,,,,,0.032,,,,,,,,,,,,,,,,,,,,,,,,,,,,,,,,,,,0.07,,,,,,,,,,,,,,,,,,,,,,,,,,9.7,,,0.022,,,,0.09,,,,,,,,,,,,,,,,,,,,,,,,,,,,0.28,,18.0,,,,149.0,,,,,,,,,,,,,,,,,,,,,,,,,,,,,,,3.0,,,,,,,,,,,,,,,,,,,,,,,,,,,,0.69,,,,,,,,,,,,,,,,,,90.9,,0.04,,,,,
423,325224,"GRAPEFRUIT JUICE, WHITE, SHELF STABLE, STORE BRAND",2019-04-01,,,,,,,0.31,,,,,,,,16.0,,,,,,,,,,,,,,0.028,,,,,,,,,,,,,,,,,,,,,14.0,3.14,0.0,,,3.06,,,,,,,,,0.07,,0.0,,,,,,,,,,,,,,,,,,,,,,,,9.7,,0.0,0.018,,,0.25,0.1,,,,,,,,,,,,,,,,,,,,,,,,,,,,,,16.0,,,,134.0,,,,,,,,,,,,,,,,,,,,,,,,,,,,,,,3.0,1.04,,,,,1.23,,,,,,,,,,,,0.0,0.0,0.0,0.0,0.0,0.0,0.0,,,,0.83,,,,,,0.0,31.8,,,,,,,0.23,,,,90.7,,0.04,,,,,
424,325236,"GRAPEFRUIT JUICE, WHITE, SHELF STABLE, OCEAN SPRAY",2019-04-01,,,,,,,0.31,,,,,,,,15.0,,,,,,,,,,,,,,0.033,,,,,,,,,,,,,,,,,,,,,15.0,3.66,0.0,,,3.52,,,,,,,,,0.07,,0.0,,,,,,,,,,,,,,,,,,,,,,,,9.2,,0.0,0.02,,,0.27,0.09,,,,,,,,,,,,,,,,,,,,,,,,,,,,,,17.0,,,,145.0,,,,,,,,0.02,,,,,,,,,,,,,,,,,,,,,,,0.0,,,,,,1.61,,,,,,,,,,0.07,,,,,,,,,,,,0.73,,,,,,0.0,34.5,,,,,,,,,,,91.0,,0.04,,,,,
425,325248,"GRAPEFRUIT JUICE, WHITE, SHELF STABLE, OCEAN SPRAY",2019-04-01,,,,,,,0.28,,,,,,,,16.0,,,,,,,,,,,,,,0.032,,,,,,,,,,,,,,,,,,,,,,,,,,,,,,,,,,,0.07,,,,,,,,,,,,,,,,,,,,,,,,,,9.3,,,0.018,,,,0.07,,,,,,,,,,,,,,,,,,,,,,,,,,,,,,17.0,,,,133.0,,,,,,,,,,,,,,,,,,,,,,,,,,,,,,,0.0,,,,,,,,,,,,,,,,,,,,,,,,,,,,0.65,,,,,,,,,,,,,,,,,,90.8,,0.04,,,,,
426,325252,"GRAPEFRUIT JUICE, WHITE, SHELF STABLE, OCEAN SPRAY",2019-04-01,,,,,,,0.35,,,,,,,,16.0,,,,,,,,,,,,,,0.033,,,,,,,,,,,,,,,,,,,,,,3.32,0.0,,,3.22,,,,,,,,,0.07,,0.0,,,,,,,,,,,,,,,,,,,,,,,,9.1,,0.0,0.02,,,0.26,0.08,,,,,,,,,,,,,,,,,,,,,,,,,,,,,,17.0,,,,133.0,,,,,,,,,,,,,,,,,,,,,,,,,,,,,,,0.0,1.04,,,,,0.69,,,,,,,,,,0.06,,0.0,0.0,0.0,0.0,0.0,0.0,0.0,,,,0.43,,,,,,,29.0,,,,,,,0.21,,,,91.0,,0.04,,,,,
427,325263,"GRAPEFRUIT JUICE, WHITE, SHELF STABLE, SIGNATURE KITCHEN",2019-04-01,,,,,,,0.34,,,,,,,,12.0,,,,,,,,,,,,,,0.033,,,,,,,,,,,,,,,,,,,,0.0,8.0,3.56,0.0,,,3.43,,,,,,,,,0.06,,0.0,,,,,,,,,,,,,,,,,,,,,,,,10.1,,0.0,0.022,,,0.25,0.08,,,,,,,,,,,,,,,,,,,,,,,,,,,,,,17.0,,,,146.0,,,,,,,,0.02,,,,,,,,,,,,,,,,,,,,,,,0.0,1.04,,,,,1.21,,,,,,,,,,0.07,,,,,,,,,,,,0.68,,,,,,,62.1,,,,,,,,,,,90.8,,0.05,,,,,
428,325276,"GRAPEFRUIT JUICE, WHITE, SHELF STABLE, OCEAN SPRAY",2019-04-01,,,,,,,0.32,,,,,,,,17.0,,,,,,,,,,,,,,0.032,,,,,,,,,,,,,,,,,,,,0.5,,3.03,0.0,,,2.96,,,,,,,,,0.08,,0.0,,,,,,,,,,,,,,,,,,,,,,,,10.1,,0.0,0.021,,,0.26,0.1,,,,,,,,,,,,,,,,,,,,,,,,,,,,,,19.0,,,,160.0,,,,,,,,,,,,,,,,,,,,,,,,,,,,,,,0.0,1.04,,,,,1.24,,,,,,,,,,,,,,,,,,,,,,0.72,,,,,,0.0,32.7,,,,,,,,,,,91.0,,0.05,,,,,
429,325288,"Peaches, raw, Region 2, C0009D, Pure Composite",2019-04-01,,,,,,,0.46,,,,,,,,7.0,,,0.0,125.0,,,,,,,,,,0.095,,106.0,,,,,,,,,,,,,,,,0.8,0.4,,10.0,1.2,0.0,,,1.39,,,,,,,,,0.41,,0.0,,,,81.0,0.0,,,,,,,,,,,,,,,,,,,8.1,,0.14,0.052,,,0.692,0.15,,,,,,,,,,,,,,,,,,,,,,,,,,,,0.194,,22.0,,,,170.0,,,,,,,,0.036,,,,,,,,,,,,,,,,,,,,,3.2,,15.0,,,0.0,,,4.99,,,,,,,,,,0.028,,,,,,,,,,,,0.07,,,,,,0.036,6.2,,,,,,,,,,,89.2,,0.26,,,,,
430,325305,"Peaches, raw, Region 4, C0009N, Pure Composite",2019-04-01,,,,,,,0.46,,,,,,,,8.0,,,0.0,232.0,,,,,,,,,,0.165,,84.0,,,,,,,,,,,,,,,,0.9,0.7,,7.0,2.17,0.0,,,2.56,,,,,,,,,0.49,,0.0,,,,128.0,0.0,,,,,,,,,,,,,,,,,,,7.8,,0.14,0.059,,,0.684,0.13,,,,,,,,,,,,,,,,,,,,,,,,,,,,0.195,,20.0,,,,140.0,,,,,,,,0.036,,,,,,,,,,,,,,,,,,,,,3.5,,23.0,,,0.0,,,3.66,,,,,,,,,,0.028,,,,,,,,,,,,0.28,,,,,,0.036,3.4,,,,,,,,,,,88.2,,0.27,,,,,
431,325323,"Peaches, raw, Region 1, C0009C, Pure Composite",2019-04-01,,,,,,,0.42,0.47,,,,,,,7.0,,,0.0,255.0,,,,,,,,,,0.11,,142.0,,,,,,,,,,,,,,,,0.9,0.7,,10.0,1.23,0.0,,,1.82,,,,,,,,,0.41,,0.0,,,,147.0,0.0,,,,,,,,,,,,,,,,,,,8.3,,0.14,0.05,,,0.865,0.16,,,,,,,,,,,,,,,,,,,,,,,,,,,,0.215,,23.0,,,,161.0,,,,,,,,0.036,,,,,,,,,,,,,,,,,,,,,2.1,,17.0,,,0.0,,,5.97,,,,,,,,,,0.028,,,,,,,,,,,,0.22,,,,,,0.036,5.6,,,,,,,,,,,87.0,,0.23,,,,,
432,325341,"Peaches, raw, Region 3, C0009M, Pure Composite",2019-04-01,,,,,,,0.43,0.38,,,,,,,5.0,,,0.0,289.0,,,,,,,,,,0.13,,127.0,,,,,,,,,,,,,,,,1.0,0.8,,7.0,1.75,0.0,,,2.87,,,,,,,,,0.42,,0.0,,,,123.0,0.0,,,,,,,,,,,,,,,,,,,7.4,,0.14,0.049,,,0.999,0.15,,,,,,,,,,,,,,,,,,,,,,,,,,,,0.191,,22.0,,,,138.0,,,,,,,,0.036,,,,,,,,,,,,,,,,,,,,,3.5,,21.0,,,0.0,,,4.79,,,,,,,,,,0.028,,,,,,,,,,,,0.18,,,,,,0.036,3.3,,,,,,,,,,,87.7,,0.26,,,,,
433,325360,"Peaches, Raw, Pass 2, Region 2, Pure Composite, CY010G1",2019-04-01,,,,,,,0.35,,,,,,,,0.0,,,0.0,248.0,,,,,,,,,,0.023,,178.0,,,,,,,,,,,,,,,,0.9,0.3,,4.0,1.29,0.12,,,1.25,,,,,,,,,,,0.0,,,,145.0,0.0,,,,,,,,,,,,,,,,,,,8.2,,0.0,0.0,,,0.82,0.15,,,,,,,,,,,,,,,,,,,,,,,,,,,,0.114,,20.0,,,,70.0,,,,,,,,0.02,,,,,,,,,,,,,,,,,,,,,0.1,,2.0,,,,,,3.82,,,,,,,,,,0.015,,,,,,,,,,,,0.51,,,,,,0.016,2.7,,,,,,,,0.0,,2.9,89.7,,0.16,,,,,
434,325378,"Peaches, Raw, Pass 2, Region 4, Pure Composite, CY010G3",2019-04-01,,,,,,,0.4,,,,,,,,1.0,,,0.0,197.0,,,,,,,,,,0.04,,67.0,,,,,,,,,,,,,,,,1.2,0.4,,3.0,1.86,0.07,,,2.36,,,,,,,,,0.24,,0.0,,,,167.0,0.0,,,,,,,,,,,,,,,,,,,8.6,,0.1,0.0,,,0.787,0.15,,,,,,,,,,,,,,,,,,,,,,,,,,,,0.113,,24.0,,,,126.0,,,,,,,,0.03,,,,,,,,,,,,,,,,,,,,,0.1,,4.0,,,,,,4.85,,,,,,,,,,0.025,,,,,,,,,,,,0.35,,,,,,0.014,3.9,,,,,,,,0.0,,3.6,88.0,,0.26,,,,,
435,325396,"Peaches, Raw, Pass 2, Region 3, Pure Composite, CY010G2",2019-04-01,,,,,0.025,0.017,0.49,0.431,,,,,,,0.0,,,,,,,,,,,,,,0.038,,,,0.007,,,,,,,,,,,,,,1.0,0.2,,3.0,1.34,0.17,,,1.71,0.053,,0.02,,,0.012,,,0.23,0.016,0.0,0.026,,,,,0.028,,,,,,,,,,,,,,,,,,7.6,,0.0,0.0,0.007,,0.925,0.15,,,,,,,,,,,,,,,,,,,,,,,,,,,,0.092,0.017,19.0,,,,89.0,0.016,,,,,,,0.04,,,,,,,,,,,,,,,,,,,,,,0.03,11.0,,,,,,5.26,,,,,,,,,,0.022,0.014,,,,,,,,,,,0.16,0.007,0.013,0.021,,,0.016,3.5,,,,,,,,0.0,,3.1,88.4,,0.22,,,,,
436,325413,"Peaches, Raw, Pass 2, Region 1, Pure Composite, CY010G0",2019-04-01,,,,,0.029,0.017,0.43,0.379,,,,,,,0.0,,,,,,,,,,,,,,0.021,,,,0.015,,,,,,,,,,,,,,0.8,0.9,,4.0,1.44,0.12,,,1.65,0.055,,0.02,,,0.013,,,0.19,0.017,0.0,0.027,,,,,0.029,,,,,,,,,,,,,,,,,,8.4,,0.0,0.0,0.011,,0.68,0.13,,,,,,,,,,,,,,,,,,,,,,,,,,,,0.109,0.02,24.0,,,,81.0,0.018,,,,,,,0.02,,,,,,,,,,,,,,,,,,,,,,0.032,10.0,,,,,,4.73,,,,,,,,,,0.015,0.016,,,,,,,,,,,0.38,0.011,0.014,0.021,,,0.015,4.1,,,,,,,,0.0,,2.5,88.3,,0.21,,,,,
437,325431,"SUNFLOWER SEEDS, DRY ROASTED, SALTED, STORE/OTHER",2019-04-01,,,,,,,4.07,,,,,,,,76.0,,,,,,,,,,,,,,1.74,,,,,,,,,,,,,,,,,,,,,,,,,,,,,,,,,,,5.16,,,,,,,,,,,,,,,,,,,,,,,,,,338.0,,,2.77,,,,3.79,,,,,,,,,,,,,,,,,,,,,,,,,,,,,,721.0,,,,664.0,,,,,,,,,,,,,,,,,,,,,,,,,,,,,,,405.0,,,,,,,,,,,,,,,,,,,,,,,,,,,,58.3,,,,,,,,,,,,,,,,,,1.85,,6.01,,,,,
438,325439,"SUNFLOWER SEEDS, DRY ROASTED, SALTED, PLANTERS",2019-04-01,,,,,,,4.27,,,,,,,,87.0,,,,,,,,,,,,,,1.92,,,,,,,,,,,,,,,,,,,,,,,,,,,,,,,,,,,4.65,,,,,,,,,,,,,,,,,,,,,,,,,,386.0,,,3.08,,,,4.3,,,,,,,,,,,,,,,,,,,,,,,,,,,,,,785.0,,,,785.0,,,,,,,,,,,,,,,,,,,,,,,,,,,,,48.2,,469.0,,,,,,,,,,,,,,,,,,,,,,,,,,,,53.5,,,,,,,,,,,,,,,,,,1.21,,5.74,,,,,
439,325449,"SUNFLOWER SEEDS, DRY ROASTED, SALTED, STORE/OTHER",2019-04-01,,,,,,,3.91,,,,,8.7,,,79.0,,,,,,,6.9,3.0,41.7,0.5,0.0,52.0,,1.85,,,,,,,,,,,,,,,,,,,,,,,,,,,,,,,,,,,5.47,,,,,,,,,,,,,,,,,,,,,,,,,,348.0,,,2.85,,,,3.97,,,,,,,,,,,,,,,,,,,,,,,,,,,,0.76,,721.0,,,,661.0,,,,,,,,,,,,,,,,,,,,,,,,,,,,,,,538.0,,,,,,,,,,,,,,,,,,,,,,,,,,,,58.3,,,,,,,,,,,,,,,,,,1.56,,6.08,,,,,
440,325460,"SUNFLOWER SEEDS, DRY ROASTED, SALTED, STORE/OTHER",2019-04-01,,,,,,,4.95,,,,,,,,81.0,,,,,,,,,,,,,,1.84,,,,,,,,,,,,,,,,,,,,9.6,162.0,0.0,0.0,,,0.0,,,,,,,,,5.38,,0.0,,,,,,,,,0.0,0.0,,0.029,0.027,,33.5,,,0.126,,,,0.0,0.008,369.0,,0.0,2.97,,,6.54,3.89,,,0.0,13.6,,0.057,0.0,,0.0,,0.0,,0.0,0.0,0.0,0.02,,,0.0,,0.005,,0.0,,0.0,,0.0,,,762.0,,,,678.0,,,,,,,,0.53,0.0,0.0,0.0,,0.021,0.009,2.13,0.024,2.19,0.166,,0.529,,0.17,0.0,,0.0,,0.0,,97.7,,652.0,,,,,,3.48,,,0.0,0.018,,0.011,0.0,,0.0,0.39,,1.09,0.0,0.27,0.0,0.0,0.0,0.0,,,,54.3,,,,,,0.74,0.0,,,,,,,22.3,0.0,0.0,0.2,1.38,,6.19,,,,,
441,325479,"SUNFLOWER SEEDS, DRY ROASTED, SALTED, STORE/OTHER",2019-04-01,,,,,,,4.1,,,,,,,,69.0,,,0.0,10.0,,,,,,,,,,1.79,,1.0,,,,,,,,,,,,,,,,,,11.0,192.0,0.0,0.0,,,0.0,,,,,,,,,5.3,,0.0,,,,42.0,0.0,,,,0.0,0.0,,0.03,0.025,,31.7,,,0.177,,,,0.007,0.007,350.0,,0.0,2.83,,,7.2,3.97,,,0.0,12.1,,0.052,0.0,,0.0,,0.0,,0.0,0.0,0.0,0.02,,,0.0,,0.006,,0.0,,0.0,,0.0,0.92,,755.0,,,,675.0,,,,,,,,0.5,0.0,0.0,0.0,,0.02,0.009,2.27,0.027,1.96,0.207,,0.589,,0.217,0.0,,0.0,,0.0,,,,537.0,,,,,,3.09,,,0.0,0.024,,0.017,0.0,,0.0,0.54,,0.72,0.0,0.32,0.1,0.0,0.0,0.0,,,,55.3,,,,,,0.87,,,,,,,,14.4,0.0,0.0,0.0,1.22,,5.95,,,,,
442,325502,"SUNFLOWER SEEDS, DRY ROASTED, SALTED, STORE/OTHER",2019-04-01,,,,,,,4.53,,,,,,,,73.0,,,,,,,,,,,,,,1.85,,,,,,,,,,,,,,,,,,,,10.3,153.0,0.0,0.0,,,0.0,,,,,,,,,5.28,,0.0,,,,,,,,,0.0,0.0,,0.029,0.027,,34.3,,,0.134,,,,0.0,0.006,357.0,,0.0,2.83,,,7.13,3.86,,,0.018,13.1,,0.069,0.005,,0.0,,0.0,,0.0,0.0,0.0,0.02,,,0.0,,0.003,,0.0,,0.0,,0.0,,,753.0,,,,672.0,,,,,,,,0.49,0.0,0.0,0.0,,0.024,0.009,2.37,0.027,2.25,0.172,,0.511,,0.164,0.0,,0.0,,0.0,,95.4,,592.0,,,1.5,,,2.84,,,0.0,0.596,,0.225,0.0,,0.0,0.49,,1.17,0.98,2.3,0.04,0.0,0.0,0.0,,,,56.9,,,,,,0.67,0.0,,,,,,,22.3,4.0,0.0,3.4,1.75,,6.06,,,,,
443,325525,"ITALIAN PORK SAUSAGE, STORE/OTHER, COOKED",2019-04-01,,,,,,,2.77,,,,,,,,16.0,,,,,,,,,,,,,,0.092,,,,,,,,,,,,,,,,,,,,,,,,,,,,,,,,,,,1.27,,,,,,,,,,,0.006,0.0,,0.588,0.064,,11.3,,,0.23,,,,0.006,0.0,23.2,,,0.057,,,,3.53,,,0.031,4.56,,0.211,0.007,,0.0,,0.198,,0.027,0.033,0.0,0.116,,,0.034,,0.006,,0.032,,0.02,,0.008,,,182.0,,,,394.0,,,,,,,,,0.021,0.0,0.018,,0.342,0.014,5.83,0.074,2.93,0.05,,0.008,,0.0,0.006,,0.0,,0.004,,,,774.0,,,,,,,,,0.006,0.093,,0.026,0.0,,0.0,,,,,,,,,,,,,29.2,,,,,,,,,,,,,,,,,,46.8,,2.58,,,,,
444,325533,"ITALIAN PORK SAUSAGE, STORE/OTHER, COOKED",2019-04-01,,,,,,,2.46,,,,,,,,15.0,,,,,,,,,,,,,,0.078,,,,,,,,,,,,,,,,,,,,,,,,,,,,,,,,,,,1.38,,,,,,,,,,,0.008,0.0,,0.735,0.082,,13.1,,,0.334,,,,0.009,0.0,18.5,,,0.041,,,,2.97,,,0.041,5.06,,0.215,0.006,,0.0,,0.247,,0.032,0.041,0.0,0.136,,,0.003,,0.003,,0.052,,0.028,,0.005,,,149.0,,,,266.0,,,,,,,,,0.021,0.0,0.021,,0.412,0.018,6.88,0.098,3.46,0.073,,0.012,,0.0,0.006,,0.0,,0.003,,,,713.0,,,,,,,,,0.011,0.122,,0.029,0.0,,0.0,,,,,,,,,,,,,28.4,,,,,,,,,,,,,,,,,,46.5,,2.5,,,,,
445,325541,"ITALIAN PORK SAUSAGE, STORE/OTHER, COOKED",2019-04-01,,,,,,,3.05,,,,,,,,16.0,,,,,,,,,,,,,,0.07,,,,,,,,,,,,,,,,,,,,,,,,,,,,,,,,,,,1.08,,,,,,,,,,,0.005,0.0,,0.503,0.055,,7.98,,,0.186,,,,0.006,0.0,19.3,,,0.033,,,,3.13,,,0.027,2.75,,0.106,0.003,,0.0,,0.125,,0.015,0.025,0.0,0.106,,,0.0,,0.0,,0.033,,0.016,,0.003,,,168.0,,,,592.0,,,,,,,,,0.015,0.0,0.012,,0.251,0.01,4.24,0.056,2.07,0.042,,0.008,,0.0,0.006,,0.0,,0.003,,,,760.0,,,,,,,,,0.005,0.06,,0.016,0.0,,0.0,,,,,,,,,,,,,19.1,,,,,,,,,,,,,,,,,,57.1,,2.33,,,,,
446,325549,"ITALIAN PORK SAUSAGE, KROGER, COOKED",2019-04-01,,,,,,,2.92,,,,,,,,15.0,,,,,,76.0,,,,,,,,0.06,,,,,,,,,,,,,,,,,,,,,,,,,,,,,,,,,,,1.2,,,,,,,,,,,0.004,0.0,,0.51,0.045,,10.1,,,0.347,,,,0.012,0.0,15.8,,,0.045,,,,2.4,,,0.023,3.8,,0.221,0.005,,0.0,,0.22,,0.043,0.032,0.0,0.104,,,0.004,,0.004,,0.043,,0.033,,0.004,,,125.0,,,,324.0,,,,,,,,,0.013,0.0,0.014,,0.301,0.011,5.31,0.058,2.74,0.07,,0.009,,0.0,0.006,,0.0,,0.0,,,,937.0,,,,,,,,,0.004,0.05,,0.014,0.0,,0.0,,,0.0,0.0,0.18,0.0,0.0,0.0,0.0,,,,25.450000000000003,,,,,,,,,,,,,,0.59,,,,53.3,,1.98,,,,,
447,325559,"ITALIAN PORK SAUSAGE, STORE/OTHER, COOKED",2019-04-01,,,,,,,3.26,,,,,,,,8.0,,,,,,97.0,,,,,,,,0.079,,,,,,,,,,,,,,,,,,,,,,,,,,,,,,,,,,,1.2,,,,,,,,,,,0.006,0.0,,0.605,0.06,,11.4,,,0.304,,,,0.008,0.0,20.0,,,0.021,,,,2.99,,,0.033,4.89,,0.203,0.003,,0.0,,0.243,,0.029,0.04,0.0,0.139,,,0.005,,0.004,,0.054,,0.025,,0.004,0.86,,170.0,,,,309.0,,,,,,,,,0.019,0.0,0.019,,0.364,0.013,6.24,0.073,3.18,0.074,,0.011,,0.0,0.005,,0.0,,0.003,,,,1010.0,,,,,,,,,0.006,0.078,,0.02,0.0,,0.0,0.418,,,,,,,,,,,,30.35,,,,,,0.387,,,,,,,,,,,,45.6,,2.6,,,,,
448,325572,"ITALIAN PORK SAUSAGE, JOHNSONVILLE HOT, COOKED",2019-04-01,,,,,,,2.42,,,,,,,,11.0,,,,,,,,,,,,,,0.098,,,,,,,,,,,,,,,,,,,,,,,,,,,,,,,,,,,1.25,,,,,,,,,,,0.006,0.0,,0.513,0.048,,10.0,,,0.289,,,,0.008,0.0,18.2,,,0.036,,,,2.65,,,0.021,4.61,,0.145,0.004,,0.0,,0.235,,0.022,0.035,0.0,0.119,,,0.0,,0.003,,0.048,,0.02,,0.0,,,133.0,,,,275.0,,,,,,,,,0.015,0.0,0.016,,0.338,0.011,5.56,0.063,2.84,0.066,,0.009,,0.0,0.006,,0.0,,0.0,,,,664.0,,,,,,,,,0.003,0.066,,0.016,0.0,,0.0,,,,,,,,,,,,,26.8,,,,,,,,,,,,,,,,,,52.4,,2.36,,,,,
449,325580,"ITALIAN PORK SAUSAGE, GREAT VALUE, COOKED",2019-04-01,,,,,,,2.63,,,,,,,,12.0,,,,,,73.0,,,,,,,,0.066,,,,,,,,,,,,,,,,,,,,,,0.0,0.0,,,1.39,,,,,,,,,1.22,,0.0,,,,,,,,,0.0,0.0,,0.479,0.047,,9.53,,,0.269,,,,0.009,0.0,19.7,,0.0,0.032,,,6.47,2.81,,,0.026,3.82,,0.139,0.003,,0.0,,0.194,,0.022,0.032,0.0,0.118,,,0.003,,0.003,,0.041,,0.021,,0.003,,,149.0,,,,281.0,,,,,,,18.0,0.27,0.014,0.0,0.015,,0.287,0.01,5.01,0.059,2.58,0.058,,0.009,,0.0,0.006,,0.0,,0.0,,16.4,,772.0,,,,,,0.0,,,0.008,0.0,,0.018,0.0,,0.0,0.308,,,,,,,,,,,,27.0,,,,,0.85,0.391,,,,,,,,,,,,52.8,,2.35,,,,,
450,325598,"ITALIAN PORK SAUSAGE, JOHNSONVILLE MILD, COOKED",2019-04-01,,,,,,,2.41,,,,,3.9,,,10.0,,,,,,,5.9,10.5,46.1,0.3,7.6,70.4,,0.067,,,,,,,,,,,,,,,,,,,,,0.0,,,,,,,,,,,,,,1.8,,,,,,,,,,,0.006,0.0,,0.555,0.051,,10.4,,,0.302,,,,0.008,0.0,17.4,,,0.025,,,,2.89,,,0.027,4.23,,0.155,0.004,,0.0,,0.217,,0.026,0.036,0.0,0.122,,,0.0,,0.003,,0.044,,0.021,,0.0,0.72,,133.0,,,,244.0,,,,,,,,,0.015,0.0,0.016,,0.328,0.011,5.57,0.064,2.88,0.065,,0.01,,0.0,0.006,,0.0,,0.0,,,,737.0,,,,,,,,,0.009,0.078,,0.019,0.0,,0.0,,,,,,,,,,,,,25.8,,,,,,,,,,,,,,,,,,51.1,,2.54,,,,,
451,325609,"ITALIAN PORK SAUSAGE, JOHNSONVILLE MILD, COOKED",2019-04-01,,,,,,,2.41,,,,,,,,9.0,,,,,,76.0,,,,,,,,0.07,,,,,,,,,,,,,,,,,,,,,,,,,,,,,,,,,,,1.3,,,,,,,,,,,0.006,0.0,,0.575,0.048,,10.3,,,0.291,,,,0.011,0.0,19.4,,,0.024,,,6.5,2.99,,,0.027,4.23,,0.161,0.004,,0.0,,0.21,,0.024,0.037,0.0,0.129,,,0.0,,0.003,,0.044,,0.022,,0.003,0.77,,146.0,,,,274.0,,,,,,,,0.24,0.014,0.0,0.016,,0.304,0.012,5.4,0.06,2.64,0.057,,0.009,,0.0,0.006,,0.0,,0.0,,,,694.0,,,,,,,,,0.007,0.068,,0.02,0.0,,0.0,0.212,,0.0,0.0,0.12,0.0,0.0,0.0,0.0,,,,23.9,,,,,1.0,,,,,,,,,1.01,0.0,18.8,0.0,51.7,,2.62,,,,,
452,325624,"ITALIAN PORK SAUSAGE, JOHNSONVILLE MILD, COOKED",2019-04-01,,,,,,,2.35,,,,,,,,9.0,,,,,,83.0,,,,,,,,0.066,,,,,,,,,,,,,,,,,,,,,,,,,,,,,,,,,,,1.24,,,,,,,,,,,0.006,0.0,,0.673,0.06,,12.2,,,0.37,,,,0.011,0.0,16.4,,,0.027,,,4.73,2.83,,,0.033,4.52,,0.196,0.005,,0.0,,0.241,,0.033,0.04,0.0,0.138,,,0.003,,0.003,,0.057,,0.034,,0.004,,,117.0,,,,222.0,,,,,,,25.0,0.22,0.016,0.0,0.018,,0.381,0.014,6.47,0.077,3.26,0.076,,0.012,,0.0,0.007,,0.0,,0.003,,21.4,,676.0,,,,,,,,,0.008,0.087,,0.021,0.0,,0.0,0.336,,,,,,,,,,,,27.6,,,,,1.1,0.275,,,,,,,,,,,,49.6,,2.23,,,,,
453,325641,"ITALIAN PORK SAUSAGE, JOHNSONVILLE MILD, COOKED",2019-04-01,,,,,,,2.26,,,,,,,,9.0,,,,,,75.0,,,,,,,,0.064,,,,,,,,,,,,,,,,,,,,,,0.0,0.0,,,1.53,,,,,,,,,1.25,,0.0,,,,,,,,,0.006,0.0,,0.597,0.056,,11.1,,,0.341,,,,0.01,0.0,16.6,,0.0,0.022,,,5.22,2.78,,,0.029,4.94,,0.175,0.006,,0.0,,0.255,,0.028,0.04,0.0,0.15,,,0.0,,0.004,,0.056,,0.025,,0.003,,,125.0,,,,225.0,,,,,,,,0.24,0.017,0.0,0.019,,0.382,0.013,6.33,0.077,3.36,0.081,,0.012,,0.003,0.007,,0.0,,0.003,,22.9,,685.0,,,,,,0.0,,,0.009,0.096,,0.023,0.0,,0.0,0.275,,,,,,,,,,,,24.15,,,,,1.3,0.319,,,,,,,,,,,,53.0,,2.39,,,,,
454,325659,"White bread, store brand, mixed composite (IN1,NY1) - CY090EH",2019-04-01,,,,,,,,,,,,,,,,,,,,,,,,,,,,,,,,,,,,,,,,,,,,,,,,,1.7,,1.7,0.0,,,0.9,,,,,,,,,,,0.0,,,,,,,,,,0.0,,0.017,0.0,,0.378,,0.007,,,0.0,,,0.0,,,1.8,,,,,,,,0.0,1.04,,0.113,0.0,,0.0,,0.001,,0.0,0.0,,0.002,,,0.002,,0.0,,0.004,,0.0,,0.0,0.53,,,,,,,,,,,,,,,0.005,0.0,0.008,,0.005,0.003,0.332,0.003,0.186,0.005,,0.005,,0.003,0.003,,0.0,,0.004,,21.1,,,,,40.1,,,0.0,,,0.0,0.006,,0.003,,,0.0,,,,,,,,,,,,,,,,,,,0.082,,,,,,,,,,,,,,,,,,,
455,325669,"White bread, store brand, mixed composite (MI1,OK1) - CY090EM",2019-04-01,,,,,,,,,,,,,,,,,,,,,,,,,,,,,,,,,,,,,,,,,,,,,,,,,1.8,,2.4,0.0,,,1.5,,,,,,,,,,,0.0,,,,,,,,,,0.0,,0.02,0.003,,0.518,,0.008,,,0.0,,,0.0,,,1.0,,,,,,,,0.002,1.34,,0.154,0.0,,0.0,,0.002,,0.0,0.0,,0.003,,,0.002,,0.0,,0.009,,0.0,,0.0,0.51,,,,,,,,,,,,,,,0.005,0.0,0.036,,0.017,0.003,0.394,0.004,0.195,0.008,,0.008,,0.003,0.002,,0.0,,0.009,,25.7,,,,,40.9,,,0.0,,,0.0,0.022,,0.007,,,0.0,,,,,,,,,,,,,,,,,,,0.086,,,,,,,,,,,,,,,,,,,
456,325679,"White bread, store brand, mixed composite (CA2,NC) - CY090EJ",2019-04-01,,,,,,,,,,,,,,,,,,,,,,,,,,,,,,,,,,,,,,,,,,,,,,,,,2.4,,2.2,0.0,,,1.4,,,,,,,,,,,0.0,,,,,,,,,,0.0,,0.019,0.003,,0.673,,0.014,,,0.0,,,0.0,,,1.2,,,,,,,,0.002,1.69,,0.196,0.0,,0.0,,0.002,,0.0,0.0,,0.003,,,0.002,,0.0,,0.004,,0.0,,0.0,0.57,,,,,,,,,,,,,,,0.005,0.0,0.031,,0.016,0.003,0.5,0.005,0.252,0.01,,0.01,,0.005,0.003,,0.0,,0.009,,20.3,,,,,36.1,,,0.0,,,0.0,0.039,,0.009,,,0.0,,,,,,,,,,,,,,,,,,,0.116,,,,,,,,,,,,,,,,,,,
457,325689,"White bread, store brand, PUBLIX BREAD (FL1) - CY090EL",2019-04-01,,,,,,,,,,,,,,,,,,,,,,,,,,,,,,,,,,,,,,,,,,,,,,,,,2.1,,2.9,0.0,,,1.8,,,,,,,,,,,0.0,,,,,,,,,,0.0,,0.022,0.002,,0.569,,0.01,,,0.0,,,0.0,,,0.6,,,,,,,,0.002,1.54,,0.192,0.0,,0.0,,0.002,,0.0,0.0,,0.003,,,0.0,,0.0,,0.006,,0.0,,0.0,0.65,,,,,,,,,,,,,,,0.006,0.0,0.0,,0.003,0.004,0.433,0.004,0.23,0.008,,0.008,,0.004,0.004,,0.0,,0.003,,20.4,,,,,36.8,,,0.0,,,0.0,0.014,,0.002,,,0.0,,,,,,,,,,,,,,,,,,,0.113,,,,,,,,,,,,,,,,,,,
458,325698,"White bread, store brand, mixed composite (AL1,CA1) - CY090EI",2019-04-01,,,,,,,,,,,,,,,,,,,,,,,,,,,,,,,,,,,,,,,,,,,,,,,,,1.8,,1.7,0.0,,,1.1,,,,,,,,,,,0.0,,,,,,,,,,0.0,,0.014,0.002,,0.534,,0.011,,,0.001,,,0.001,,,1.6,,,,,,,,0.002,1.43,,0.173,0.0,,0.0,,0.001,,0.0,0.0,,0.002,,,0.001,,0.0,,0.004,,0.0,,0.0,0.52,,,,,,,,,,,,,,,0.005,0.0,0.007,,0.007,0.003,0.433,0.004,0.197,0.007,,0.007,,0.003,0.004,,0.0,,0.004,,14.0,,,,,37.5,,,0.0,,,0.0,0.014,,0.004,,,0.0,,,,,,,,,,,,,,,,,,,0.092,,,,,,,,,,,,,,,,,,,
459,325708,"White bread, store brand, mixed composite (CO2,CT1) - CY090EK",2019-04-01,,,,,,,,,,,,,,,,,,,,,,,,,,,,,,,,,,,,,,,,,,,,,,,,,1.8,,2.4,0.0,,,1.7,,,,,,,,,,,0.0,,,,,,,,,,0.0,,0.016,0.002,,0.485,,0.01,,,0.0,,,0.0,,,1.7,,,,,,,,0.001,1.29,,0.148,0.0,,0.0,,0.002,,0.0,0.0,,0.002,,,0.002,,0.0,,0.005,,0.0,,0.0,0.59,,,,,,,,,,,,,,,0.005,0.0,0.007,,0.005,0.003,0.375,0.003,0.183,0.007,,0.007,,0.003,0.002,,0.0,,0.004,,33.8,,,,,38.4,,,0.0,,,0.0,0.03,,0.006,,,0.0,,,,,,,,,,,,,,,,,,,0.073,,,,,,,,,,,,,,,,,,,
460,325718,"White bread, store brand, FOOD WORLD SANDWICH BREAD (AL1) - CY090EP",2019-04-01,,,,,,,1.93,,,,,,,,135.0,,,,,,,,,,,,,,0.099,,,,,,,,,,,,,,,,,,,,,,,,,,,,,,,,,,,3.14,,,,,,,,,,,,,,,,,,,,,,,,,,22.4,,,0.676,,,4.31,1.17,,,,,,,,,,,,,,,,,,,,,,,,,,,,,,92.0,,,,120.0,,,,,,,,0.21,,,,,,,,,,,,,,,,,,,,,,,555.0,,,,,,,,,,,,,,,,0.81,,,,,,,,,,,,2.9,,,,,,,,,,,,,,,,,,41.1,,0.68,,,,,
461,325725,"White bread, store brand, AMERICAS CHOICE LARGE WHITE (NY1) - CY090EO",2019-04-01,,,,,,,1.59,,,,,,,,105.0,,,,,,,,,,,,,,0.118,,,,,,,,,,,,,,,,,,,,,,,,,,,,,,,,,,,3.17,,,,,,,,,,,,,,,,,,,,,,,,,,27.4,,,0.445,,,4.9,1.44,,,,,,,,,,,,,,,,,,,,,,,,,,,,,,105.0,,,,116.0,,,,,,,,0.22,,,,,,,,,,,,,,,,,,,,,,,431.0,,,,,,,,,,,,,,,,0.59,,,,,,,,,,,,2.4,,,,,,,,,,,,,,,,,,38.8,,0.88,,,,,
462,325732,"White bread, store brand, SUNNYSIDE FARMS BREAD (CA2) - CY090ER",2019-04-01,,,,,,,1.91,,,,,,,,87.0,,,,,,,,,,,,,,0.176,,,,,,,,,,,,,,,,,,,,,,,,,,,,,,,,,,,3.09,,,,,,,,,,,,,,,,,,,,,,,,,,44.3,,,1.2,,,4.63,1.79,,,,,,,,,,,,,,,,,,,,,,,,,,,,,,161.0,,,,156.0,,,,,,,,0.18,,,,,,,,,,,,,,,,,,,,,,,499.0,,,,,,,,,,,,,,,,0.38,,,,,,,,,,,,4.3,,,,,,,,,,,,,,,,,,36.4,,1.22,,,,,
463,325739,"White bread, store brand, SAFEWAY PREMIUM WHITE (CA1) - CY090EQ",2019-04-01,,,,,,,2.19,,,,,,,,172.0,,,,,,,,,,,,,,0.12,,,,,,,,,,,,,,,,,,,,,,,,,,,,,,,,,,,2.86,,,,,,,,,,,,,,,,,,,,,,,,,,22.1,,,0.516,,,4.06,1.43,,,,,,,,,,,,,,,,,,,,,,,,,,,,,,87.0,,,,108.0,,,,,,,,0.21,,,,,,,,,,,,,,,,,,,,,,,552.0,,,,,,,,,,,,,,,,0.42,,,,,,,,,,,,3.3,,,,,,,,,,,,,,,,,,36.8,,0.81,,,,,
464,325746,"White bread, store brand, KROGER BREAD (IN1) - CY090EN",2019-04-01,,,,,,,1.74,,,,,,,,115.0,,,,,,,,,,,,,,0.097,,,,,,,,,,,,,,,,,,,,,,,,,,,,,,,,,,,2.11,,,,,,,,,,,,,,,,,,,,,,,,,,22.2,,,0.501,,,4.0,1.32,,,,,,,,,,,,,,,,,,,,,,,,,,,,,,92.0,,,,114.0,,,,,,,,0.18,,,,,,,,,,,,,,,,,,,,,,,471.0,,,,,,,,,,,,,,,,0.46,,,,,,,,,,,,2.3,,,,,,,,,,,,,,,,,,37.7,,0.75,,,,,
465,325753,"White bread, store brand, LOWES FOOD STORE (NC1) - CY090ES",2019-04-01,,,,,,,1.87,,,,,,,,146.0,,,,,,,,,,,,,,0.128,,,,,,,,,,,,,,,,,,,,,,,,,,,,,,,,,,,3.59,,,,,,,,,,,,,,,,,,,,,,,,,,24.8,,,0.622,,,4.75,1.61,,,,,,,,,,,,,,,,,,,,,,,,,,,,,,109.0,,,,127.0,,,,,,,,0.23,,,,,,,,,,,,,,,,,,,,,,,474.0,,,,,,,,,,,,,,,,0.45,,,,,,,,,,,,3.2,,,,,,,,,,,,,,,,,,34.6,,0.83,,,,,
466,325760,"White bread, store brand, SHOP RITE ROUND TOP WHITE (CT1) - CY090EU",2019-04-01,,,,,,,1.96,,,,,,,,167.0,,,,,,,,,,,,,,0.102,,,,,,,,,,,,,,,,,,,,,,,,,,,,,,,,,,,3.7,,,,,,,,,,,,,,,,,,,,,,,,,,22.6,,,0.514,,,5.44,1.29,,,,,,,,,,,,,,,,,,,,,,,,,,,,,,94.0,,,,111.0,,,,,,,,0.36,,,,,,,,,,,,,,,,,,,,,,,477.0,,,,,,,,,,,,,,,,0.65,,,,,,,,,,,,2.6,,,,,,,,,,,,,,,,,,36.2,,0.75,,,,,
467,325767,"White bread, store brand, KROGER BREAD (MI1) - CY090EX",2019-04-01,,,,,,,1.96,,,,,,,,99.0,,,,,,,,,,,,,,0.127,,,,,,,,,,,,,,,,,,,,,,,,,,,,,,,,,,,4.03,,,,,,,,,,,,,,,,,,,,,,,,,,24.6,,,0.612,,,4.86,1.37,,,,,,,,,,,,,,,,,,,,,,,,,,,,,,102.0,,,,117.0,,,,,,,,0.22,,,,,,,,,,,,,,,,,,,,,,,528.0,,,,,,,,,,,,,,,,0.52,,,,,,,,,,,,3.2,,,,,,,,,,,,,,,,,,34.0,,0.86,,,,,
468,325774,"White bread, store brand, PUBLIX BREAD (FL1) - CY090EV",2019-04-01,,,,,,,1.72,,,,,,,,110.0,,,,,,,,,,,,,,0.129,,,,,,,,,,,,,,,,,,,,,,,,,,,,,,,,,,,3.9,,,,,,,,,,,,,,,,,,,,,,,,,,29.5,,,0.636,,,4.9,1.56,,,,,,,,,,,,,,,,,,,,,,,,,,,,,,115.0,,,,129.0,,,,,,,,0.27,,,,,,,,,,,,,,,,,,,,,,,410.0,,,,,,,,,,,,,,,,0.5,,,,,,,,,,,,3.3,,,,,,,,,,,,,,,,,,34.5,,1.07,,,,,
469,325781,"White bread, store brand, GREAT VALUE WHITE (OK1) - CY090EY",2019-04-01,,,,,,,2.2,,,,,,,,198.0,,,,,,,,,,,,,,0.097,,,,,,,,,,,,,,,,,,,,,,,,,,,,,,,,,,,3.57,,,,,,,,,,,,,,,,,,,,,,,,,,19.1,,,0.53,,,5.6,1.45,,,,,,,,,,,,,,,,,,,,,,,,,,,,,,109.0,,,,115.0,,,,,,,,0.28,,,,,,,,,,,,,,,,,,,,,,,500.0,,,,,,,,,,,,,,,,0.73,,,,,,,,,,,,3.4,,,,,,,,,,,,,,,,,,34.9,,0.76,,,,,
470,325788,"White bread, store brand, SAFEWAY PREMIUM WHITE (CO1) - CY090ET",2019-04-01,,,,,,,1.68,,,,,,,,123.0,,,,,,,,,,,,,,0.123,,,,,,,,,,,,,,,,,,,,,,,,,,,,,,,,,,,4.36,,,,,,,,,,,,,,,,,,,,,,,,,,22.1,,,0.495,,,5.28,1.55,,,,,,,,,,,,,,,,,,,,,,,,,,,,,,100.0,,,,88.0,,,,,,,,0.3,,,,,,,,,,,,,,,,,,,,,,,465.0,,,,,,,,,,,,,,,,0.46,,,,,,,,,,,,3.1,,,,,,,,,,,,,,,,,,35.3,,0.8,,,,,
471,325795,"White bread, PEPPERIDGE FARMS (FL1,MO1) - CY090F2",2019-04-01,,,,,,,2.39,,,,,,,,342.0,,,,,,,,,,,,,,0.115,,,,,,,,,,,,,,,,,,,,2.3,,2.0,0.0,,,1.3,,,,,,,,,3.65,,0.1,,,,,,,,,,0.0,,0.018,0.003,,0.997,,0.013,,,0.0,,,0.001,23.7,,2.5,0.408,,,4.59,1.44,,,0.002,2.4,,0.309,0.0,,0.0,,0.002,,0.0,0.0,,0.002,,,0.002,,0.0,,0.0,,0.0,,0.0,0.47,,89.0,,,,91.0,,,,,,,,0.23,0.003,0.0,0.005,,0.015,0.004,0.634,0.006,0.28,0.014,,0.014,,0.005,0.002,,0.002,,0.005,,23.0,,482.0,,,36.3,,,0.0,,,0.001,0.031,,0.01,,,0.0,0.44,,,,,,,,,,,,5.2,,,,,,0.056,,,,,,,,,,,,34.4,,0.75,,,,,
472,325810,"White bread, PEPPERIDGE FARMS (CO1,CT1) - CY090F1",2019-04-01,,,,,,,2.52,,,,,,,,330.0,,,,,,,,,,,,,,0.125,,,,,,,,,,,,,,,,,,,,2.1,,2.2,0.0,,,1.4,,,,,,,,,3.34,,0.07,,,,,,,,,,0.0,,0.02,0.003,,1.0,,0.015,,,0.0,,,0.0,23.6,,2.3,0.433,,,4.4,1.5,,,0.002,2.39,,0.306,0.0,,0.0,,0.002,,0.0,0.0,,0.002,,,0.001,,0.0,,0.0,,0.0,,0.0,0.48,,99.0,,,,90.0,,,,,,,,0.26,0.003,0.0,0.006,,0.016,0.005,0.633,0.007,0.298,0.015,,0.016,,0.005,0.004,,0.002,,0.005,,29.3,,530.0,,,37.0,,,0.0,,,0.0,0.03,,0.01,,,0.0,0.39,,,,,,,,,,,,5.4,,,,,,0.059,,,,,,,,,,,,33.0,,0.76,,,,,
473,325825,"White bread, PEPPERIDGE FARMS (NC1,NY1,MI1) - CY090F4",2019-04-01,,,,,,,2.48,,,,,,,,343.0,,,,,,,,,,,,,,0.128,,,,,,,,,,,,,,,,,,,,2.2,,2.0,0.0,,,1.2,,,,,,,,,3.86,,0.07,,,,,,,,,,0.0,,0.02,0.003,,1.01,,0.014,,,0.0,,,0.0,24.8,,2.4,0.453,,,4.97,1.52,,,0.003,2.38,,0.295,0.0,,0.0,,0.002,,0.0,0.0,,0.002,,,0.002,,0.0,,0.0,,0.0,,0.0,0.48,,101.0,,,,97.0,,,,,,,,0.27,0.004,0.0,0.006,,0.019,0.004,0.644,0.005,0.288,0.014,,0.015,,0.005,0.005,,0.003,,0.004,,29.0,,525.0,,,37.0,,,0.0,,,0.001,0.029,,0.011,,,0.001,0.44,,,,,,,,,,,,5.3,,,,,,0.061,,,,,,,,,,,,33.0,,0.8,,,,,
474,325841,"White bread, SARA LEE SOFT AND SMOOTH CLASSIC WHOLE (IN1,MO1) - CY090F5",2019-04-01,,,,,,,2.88,,,,,,,,452.0,,,,,,,,,,,,,,0.151,,,,,,,,,,,,,,,,,,,,2.9,,2.8,0.0,,,1.8,,,,,,,,,2.76,,0.3,,,,,,,,,,0.0,,0.034,0.002,,0.692,,0.012,,,0.0,,,0.001,37.9,,1.1,0.998,,,4.9,1.74,,,0.001,1.48,,0.165,0.0,,0.0,,0.002,,0.0,0.0,,0.004,,,0.003,,0.0,,0.007,,0.0,,0.0,0.62,,179.0,,,,155.0,,,,,,,,0.24,0.006,0.0,0.013,,0.025,0.006,0.524,0.005,0.338,0.011,,0.009,,0.005,0.005,,0.003,,0.007,,22.3,,405.0,,,35.5,,,0.0,,,0.002,0.038,,0.007,,,0.0,0.47,,,,,,,,,,,,4.0,,,,,,0.147,,,,,,,,,,,,34.9,,1.17,,,,,
475,325856,"White bread, SARA LEE SOFT AND SMOOTH CLASSIC WHOLE (AL1,CA1) - CY090F6",2019-04-01,,,,,,,2.61,,,,,,,,450.0,,,,,,,,,,,,,,0.15,,,,,,,,,,,,,,,,,,,,4.0,,2.8,0.0,,,1.7,,,,,,,,,2.57,,0.1,,,,,,,,,,0.0,,0.029,0.002,,0.644,,0.011,,,0.0,,,0.0,38.9,,1.0,1.07,,,4.56,1.97,,,0.003,1.34,,0.146,0.0,,0.0,,0.002,,0.0,0.0,,0.0,,,0.001,,0.0,,0.009,,0.0,,0.0,0.61,,168.0,,,,143.0,,,,,,,,0.18,0.007,0.0,0.023,,0.031,0.006,0.516,0.005,0.33,0.01,,0.008,,0.005,0.01,,0.003,,0.009,,16.2,,333.0,,,33.3,,,0.0,,,0.002,0.044,,0.011,,,0.0,0.41,,,,,,,,,,,,3.6,,,,,,0.132,,,,,,,,,,,,35.9,,1.21,,,,,
476,325872,"TURKEY BREAKFAST SAUSAGE, HONEYSUCKLE WHITE",2019-04-01,,,,,,,2.02,,,,,,,,6.0,,,,,,,,,,,,,,0.071,,,,,,,,,,,,,,,,,,,,,,,,,,,,,,,,,,,1.16,,,,,,,,,,,0.011,0.0,,0.196,0.012,,3.02,,,0.049,,,,0.003,0.005,17.5,,,0.0,,,,2.58,,,0.026,2.74,,0.173,0.006,,0.0,,0.017,,0.0,0.011,0.0,0.083,,,0.003,,0.0,,0.013,,0.008,,0.006,0.89,,156.0,,,,253.0,,,,,,,,,0.003,0.0,0.027,,0.105,0.013,1.93,0.027,0.812,0.012,,0.005,,0.003,0.003,,0.0,,0.0,,,,509.0,,,,,,,,,0.003,0.133,,0.029,0.0,,0.0,,,,,,,,,,,,,10.4,,,,,,,,,,,,,,,,,,71.6,,2.63,,,,,
477,325881,"TURKEY BREAKFAST SAUSAGE, HILLSHIRE SMOKED",2019-04-01,,,,,,,3.17,,,,,,,,54.0,,,,,,69.0,,,,,,,,0.07,,,,,,,,,,,,,,,,,,,,,,,,,,,,,,,,,,,1.43,,,,,,,,,,,0.024,0.0,,0.21,0.021,,2.54,,,0.055,,,,0.074,0.008,22.9,,,0.13,,,,2.49,,,0.018,2.24,,0.177,0.003,,0.0,,0.015,,0.003,0.011,0.0,0.082,,,0.0,,0.0,,0.015,,0.009,,0.005,0.76,,166.0,,,,242.0,,,,,,,,,0.0,0.0,0.004,,0.099,0.016,1.64,0.034,0.696,0.011,,0.005,,0.003,0.004,,0.0,,0.0,,,,914.0,,,,,,,,,0.006,0.12,,0.018,0.0,,0.0,,,,,,,,,,,,,9.37,,,,,,,,,,,,,,,,,,67.6,,2.23,,,,,
478,325891,"TURKEY BREAKFAST SAUSAGE, JIMMY DEAN",2019-04-01,,,,,,,3.11,,,,,,,,54.0,,,,,,84.0,,,,,,,,0.057,,,,,,,,,,,,,,,,,,,,,,,,,,,,,,,,,,,1.07,,,,,,,,,,,0.019,0.0,,0.262,0.016,,2.82,,,0.042,,,,0.0,0.004,21.2,,,0.08,,,5.4,3.15,,,0.014,3.12,,0.198,0.0,,0.0,,0.021,,0.0,0.014,0.0,0.11,,,0.003,,0.0,,0.023,,0.011,,0.006,,,268.0,,,,728.0,,,,,,,,0.28,0.004,0.0,0.006,,0.091,0.014,1.89,0.029,0.701,0.009,,0.004,,0.003,0.003,,0.0,,0.003,,,,630.0,,,,,,,,,0.004,0.088,,0.016,0.0,,0.0,0.041,,,,,,,,,,,,11.0,,,,,1.3,0.285,,,,,,,,,,,,64.7,,2.55,,,,,
479,325910,"TURKEY BREAKFAST SAUSAGE, HONEYSUCKLE WHITE",2019-04-01,,,,,,,2.03,,,,,,,,6.0,,,,,,72.0,,,,,,,,0.058,,,,,,,,,,,,,,,,,,,,,,,,,,,,,,,,,,,0.85,,,,,,,,,,,0.01,0.0,,0.11,0.007,,2.11,,,0.039,,,,0.015,0.006,18.6,,,0.0,,,5.81,2.62,,,0.039,2.44,,0.168,0.006,,0.0,,0.01,,0.0,0.007,0.0,0.057,,,0.0,,0.0,,0.011,,0.006,,0.006,1.13,,161.0,,,,263.0,,,,,,,,0.29,0.0,0.0,0.031,,0.066,0.009,1.27,0.017,0.466,0.011,,0.006,,0.003,0.0,,0.0,,0.0,,,,480.0,,,,,,,,,0.0,0.062,,0.015,0.0,,0.0,0.047,,0.0,0.0,0.17,0.0,0.0,0.0,0.0,,,,9.705,,,,,0.81,0.481,,,,,,,,0.21,,,,71.7,,1.94,,,,,
480,325929,"TURKEY BREAKFAST SAUSAGE, JENNIE O - MILD",2019-04-01,,,,,0.94,1.03,2.34,1.48,,,,,,,31.0,,,,,,80.0,,,,,,,,0.074,,,0.19,,,,,,,,,,,,,,,,,,,,,,,,2.5,,0.88,,,0.42,0.2,,1.24,0.65,,1.24,,,,,1.41,,,0.014,0.0,,0.226,0.011,,2.44,,,0.037,,,,0.004,0.005,17.8,,,0.016,0.45,,5.1,2.71,,,0.011,2.31,,0.137,0.006,,0.0,,0.014,,0.0,0.011,0.0,0.097,,,0.0,,0.0,,0.017,,0.009,,0.006,,0.82,163.0,,,,250.0,0.77,,,,,,,0.33,0.0,0.0,0.004,,0.065,0.011,1.46,0.02,0.55,0.009,,0.005,,0.0,0.0,,0.0,,0.0,,,0.7,605.0,,,,,,,,,0.003,0.061,,0.017,0.0,,0.0,0.057,0.71,0.0,0.0,0.29,0.0,0.0,0.0,0.0,,,,9.72,0.15,0.56,0.65,,1.3,0.419,,,,,,,,0.21,0.0,40.4,0.4,71.5,,3.02,,,,,
481,325948,"TURKEY BREAKFAST SAUSAGE, HONEYSUCKLE FRESH",2019-04-01,,,,,,,2.07,,,,,,,,14.0,,,,,,,,,,,,,,0.08,,,,,,,,,,,,,,,,,,,,,,,,,,,,,,,,,,,1.08,,,,,,,,,,,0.008,0.0,,0.133,0.007,,2.41,,,0.036,,,,0.003,0.005,18.3,,,0.015,,,,2.68,,,0.014,4.08,,0.298,0.003,,0.0,,0.019,,0.0,0.01,0.0,0.09,,,0.003,,0.0,,0.017,,0.01,,0.006,,,162.0,,,,262.0,,,,,,,,,0.0,0.0,0.003,,0.048,0.011,1.69,0.021,0.578,0.012,,0.005,,0.003,0.0,,0.0,,0.0,,,,527.0,,,,,,,,,0.0,0.04,,0.012,0.0,,0.0,,,,,,,,,,,,,11.2,,,,,,,,,,,,,,,,,,70.2,,2.45,,,,,
482,325956,"TURKEY BREAKFAST SAUSAGE, BUTTERBALL",2019-04-01,,,,,,,2.02,,,,,,,,63.0,,,,,,84.0,,,,,,,,0.076,,,,,,,,,,,,,,,,,,,,,,,,,,,,,,,,,,,1.27,,,,,,,,,,,0.017,0.0,,0.478,0.012,,4.1,,,0.067,,,,0.004,0.004,16.9,,,0.027,,,4.16,2.52,,,0.015,3.11,,0.191,0.005,,0.0,,0.022,,0.0,0.018,0.0,0.11,,,0.006,,0.0,,0.023,,0.012,,0.012,,,178.0,,,,232.0,,,,,,,,0.3,0.003,0.0,0.007,,0.104,0.016,2.44,0.025,0.816,0.012,,0.005,,0.003,0.0,,0.0,,0.0,,,,480.0,,,,,,,,,0.0,0.095,,0.022,0.0,,0.0,0.034,,,,,,,,,,,,11.9,,,,,1.3,0.225,,,,,,,,,,,,67.5,,2.77,,,,,
483,325970,"TURKEY BREAKFAST SAUSAGE, JENNIE O - MILD",2019-04-01,,,,,,,2.2,,,,,8.1,,,30.0,,,,,,80.0,1.6,2.1,46.4,1.0,8.4,59.6,,0.072,,,,,,,,,,,,,,,,,,,,,,,,,,,,,,,,,,,1.26,,,,,,,,,,,0.012,0.0,,0.238,0.012,,2.56,,,0.04,,,,0.003,0.004,18.0,,,0.015,,,4.61,2.63,,,0.009,2.37,,0.144,0.007,,0.0,,0.014,,0.0,0.011,0.0,0.099,,,0.0,,0.0,,0.019,,0.009,,0.006,1.03,,166.0,,,,249.0,,,,,,,,0.28,0.0,0.0,0.005,,0.069,0.01,1.54,0.022,0.58,0.009,,0.004,,0.0,0.0,,0.0,,0.0,,12.5,,644.0,,,,,,,,,0.003,0.07,,0.017,0.0,,0.0,0.057,,0.0,2.05,0.25,0.0,0.0,0.0,0.0,,,,9.855,,,,,1.3,0.263,,,,,,,,0.29,0.0,32.8,0.3,72.1,,3.04,,,,,
484,325993,"Cheese, swiss, slices, SARGENTO ULTRA THIN (FL) 18c-16-04",2019-04-01,,,,,,,2.89,,,,,,,,876.0,,,,,,,,,,,,,,0.049,,,,,,,,,,,,,,,,,,,,,,,,,,,,,,,,,,,0.14,,,,,,,,,,,,0.0,,0.501,0.06,,6.3,,0.06,,,0.002,,,0.0,32.4,,,0.032,,,,4.22,,,0.17,0.717,,0.125,0.001,0.003,0.0,,0.007,,0.002,0.03,0.0,0.044,,,0.008,,0.003,,0.006,,0.017,,0.0,,,560.0,,,,60.0,,,,,,,,,0.745,0.0,0.857,,2.92,0.301,8.23,0.186,3.02,0.042,,0.014,,0.009,0.667,,0.53,,0.319,,,,158.0,,,,,,,,,0.1,0.744,,0.198,,,0.0,,,,,,,,,,,,,31.0,,,,,,,,,,,,,,,,,,38.0,,4.4,,,,,
485,325998,"Cheese, swiss, slices, SARGENTO ULTRA THIN (MI, OK) 18c-16-06",2019-04-01,,,,,,,2.91,,,,,,,,932.0,,,,,,,,,,,,,,0.05,,,,,,,,,,,,,,,,,,,,,,,,,,,,,,,,,,,0.16,,,,,,,,,,,,0.0,,0.501,0.061,,6.34,,0.06,,,0.002,,,0.0,35.2,,,0.024,,,,4.31,,,0.168,0.73,,0.112,0.0,0.0,0.0,,0.006,,0.001,0.032,0.0,0.046,,,0.008,,0.002,,0.008,,0.016,,0.0,,,594.0,,,,75.0,,,,,,,,,0.758,0.0,0.874,,2.94,0.311,8.18,0.188,3.11,0.042,,0.013,,0.009,0.67,,0.532,,0.322,,,,179.0,,,,,,,,,0.102,0.775,,0.197,,,0.0,,,,,,,,,,,,,31.4,,,,,,,,,,,,,,,,,,37.8,,4.57,,,,,
486,326004,"Cheese, swiss, slices, SARGENTO ULTRA THIN (AL, CA1) 18c-16-02",2019-04-01,,,,,,,2.89,,,,,,,,884.0,,,,,,,,,,,,,,0.044,,,,,,,,,,,,,,,,,,,,,,,,,,,,,,,,,,,0.14,,,,,,,,,,,,0.0,,0.514,0.064,,6.38,,0.058,,,0.001,,,0.0,33.4,,,0.032,,,,4.23,,,0.173,0.704,,0.135,0.001,0.003,0.0,,0.006,,0.002,0.029,0.0,0.041,,,0.009,,0.003,,0.006,,0.02,,0.0,,,573.0,,,,61.0,,,,,,,,,0.761,0.0,0.875,,2.98,0.292,8.37,0.189,3.06,0.043,,0.014,,0.009,0.683,,0.544,,0.327,,,,181.0,,,,,,,,,0.102,0.727,,0.18,,,0.0,,,,,,,,,,,,,30.9,,,,,,,,,,,,,,,,,,38.0,,4.37,,,,,
487,326010,"Cheese, swiss, slices, SARGENTO ULTRA THIN (CO, CT) 18c-16-05",2019-04-01,,,,,,,3.06,,,,,,,,906.0,,,,,,94.0,,,,,,,,0.04,,,,,,,,,,,,,,,,,,,,,,,,,,,,,,,,,,,0.19,,,,,,,,,,,,0.0,,0.496,0.063,,6.35,,0.058,,,0.002,,,0.0,34.2,,,0.034,,,0.05,4.15,,,0.163,0.73,,0.121,0.002,0.003,0.0,,0.006,,0.002,0.033,0.0,0.047,,,0.009,,0.002,,0.007,,0.018,,0.0,,,579.0,,,,68.0,,,,,,,,0.3,0.75,0.0,0.857,,2.9,0.307,8.19,0.189,3.22,0.042,,0.012,,0.008,0.652,,0.526,,0.321,,32.5,,199.0,,,,,,,,,0.102,0.755,,0.194,,,0.0,0.01,,0.0,0.0,0.08,0.14,0.0,0.0,0.0,,,,30.85,,,,,3.5,0.065,,,,,,,,0.65,,,,37.599999999999994,,4.48,,,,,
488,326024,"Cheese, swiss, slices, store brand, FOOD LION & AMERICAN CHOICE (NY, NC) 18c-17-06",2019-04-01,,,,,,,3.18,,,,,,,,907.0,,,,,,,,,,,,,,0.037,,,,,,,,,,,,,,,,,,,,,,,,,,,,,,,,,,,0.13,,,,,,,,,,,,0.0,,0.49,0.061,,6.46,,0.057,,,0.003,,,0.0,34.7,,,0.03,,,,4.12,,,0.171,0.756,,0.119,0.0,0.003,0.0,,0.007,,0.002,0.032,0.0,0.044,,,0.008,,0.003,,0.007,,0.017,,0.0,,,580.0,,,,82.0,,,,,,,,,0.777,0.0,0.891,,2.93,0.301,8.21,0.19,3.3,0.044,,0.014,,0.008,0.682,,0.544,,0.332,,,,248.0,,,,,,,,,0.105,0.8,,0.206,,,0.0,,,,,,,,,,,,,30.7,,,,,,,,,,,,,,,,,,37.9,,4.36,,,,,
489,326030,"Cheese, swiss, slices, SARGENTO ULTRA THIN (CA2, NC) 18c-16-03",2019-04-01,,,,,,,2.83,,,,,,,,860.0,,,0.0,58.0,,93.0,,,,,,,,0.041,,2.0,,,,,,,,,,,,,,,,,,,8.0,0.0,0.0,,,0.0,,,,,,,,,0.13,,0.0,,,,7.0,0.0,,,,,0.0,,0.414,0.068,,6.38,,0.065,,,0.002,,,0.002,32.1,,0.0,0.022,,,0.03,4.28,,,0.178,0.7,,0.139,0.003,0.004,0.004,,0.006,,0.004,0.031,0.0,0.049,,,0.01,,0.003,,0.007,,0.019,,0.0,0.35,,559.0,,,,66.0,,,,,,,308.0,0.32,0.771,0.0,0.88,,2.96,0.316,8.22,0.195,3.11,0.046,,0.016,,0.009,0.676,,0.533,,0.328,,28.9,,154.0,,,,,,0.0,,,0.107,0.746,,0.186,,,0.0,0.01,,0.0,0.0,0.1,0.18,0.0,0.0,0.0,,,,31.0,,,,,2.3,0.071,,,,0.0,0.0,,,0.61,0.0,7.0,1.5,37.15,,4.25,,,,,
490,326051,"Cheese, swiss, slices, store brand, PIGGLY WIGGLY (AL, CA1) 18c-17-02",2019-04-01,,,,,,,3.06,,,,,,,,910.0,,,,,,,,,,,,,,0.05,,,,,,,,,,,,,,,,,,,,,,,,,,,,,,,,,,,0.11,,,,,,,,,,,,0.0,,0.435,0.055,,5.79,,0.056,,,0.002,,,0.0,34.5,,,0.029,,,,4.33,,,0.124,0.741,,0.125,0.001,0.003,0.0,,0.006,,0.002,0.034,0.0,0.042,,,0.01,,0.002,,0.006,,0.019,,0.0,,,583.0,,,,69.0,,,,,,,,,0.768,0.0,0.854,,2.76,0.288,8.48,0.178,3.28,0.041,,0.015,,0.009,0.734,,0.569,,0.315,,,,161.0,,,,,,,,,0.091,0.665,,0.186,,,0.0,,,,,,,,,,,,,30.3,,,,,,,,,,,,,,,,,,38.0,,4.42,,,,,
491,326057,"Cheese, swiss, slices, SARGENTO ULTRA THIN (IN, NY) 18c-16-01",2019-04-01,,,,,,,2.99,,,,,0.1,,,860.0,,,1.0,56.0,,91.0,3.3,0.0,0.1,6.0,4.4,13.8,,0.042,,2.0,,,,,,,,,,,,,,,,,,,,0.0,0.0,,,0.0,,,,,,,,,0.14,,0.0,,,,7.0,2.0,,,,,0.0,,0.42,0.066,,6.42,,0.065,,,0.002,,,0.0,32.4,,0.0,0.024,,,0.022,4.25,,,0.183,0.71,,0.13,0.003,0.003,0.004,,0.007,,0.003,0.03,0.0,0.049,,,0.01,,0.003,,0.007,,0.02,,0.0,0.35,,557.0,,,,56.0,,,,,,,318.0,0.31,0.764,0.0,0.866,,2.96,0.311,8.32,0.191,3.12,0.045,,0.015,,0.009,0.638,,0.52,,0.322,,31.0,,175.0,,,,,,0.0,,,0.108,0.787,,0.189,,,0.0,0.01,,0.0,0.0,0.06,0.11,0.0,0.0,0.0,,,,30.35,,,,,2.4,0.066,,,,,,,,0.69,,,,37.5,,4.29,,,,,
492,326076,"Cheese, swiss, slices, store brand, SHOP RITE & GREAT VALUE (CT, OK) 18c-17-04",2019-04-01,,,,,,,3.03,,,,,,,,861.0,,,,,,,,,,,,,,0.044,,,,,,,,,,,,,,,,,,,,,,,,,,,,,,,,,,,0.12,,,,,,,,,,,,0.0,,0.412,0.063,,6.45,,0.066,,,0.002,,,0.0,32.1,,,0.021,,,,4.12,,,0.161,0.736,,0.116,0.004,0.004,0.004,,0.007,,0.004,0.034,0.0,0.051,,,0.009,,0.002,,0.009,,0.017,,0.0,,,563.0,,,,75.0,,,,,,,,,0.842,0.0,0.96,,3.06,0.32,8.5,0.194,3.28,0.045,,0.014,,0.009,0.724,,0.585,,0.358,,,,204.0,,,,,,,,,0.106,0.76,,0.196,,,0.0,,,,,,,,,,,,,32.1,,,,,,,,,,,,,,,,,,38.2,,4.26,,,,,
493,326082,"Cheese, swiss, slices, store brand, KROGER (IN, MI) 18c-17-01",2019-04-01,,,,,,,3.16,,,,,,,,899.0,,,1.0,70.0,,90.0,,,,,,,,0.048,,2.0,,,,,,,,,,,,,,,,,,,,0.0,0.0,,,0.0,,,,,,,,,0.1,,0.0,,,,12.0,0.0,,,,,0.0,,0.37,0.063,,6.18,,0.059,,,0.002,,,0.0,33.2,,0.0,0.016,,,0.12,4.44,,,0.133,0.7,,0.154,0.003,0.003,0.004,,0.007,,0.005,0.033,0.0,0.051,,,0.014,,0.001,,0.007,,0.022,,0.0,0.38,,593.0,,,,96.0,,,,,,,226.0,0.3,0.748,0.0,0.853,,2.78,0.31,8.32,0.192,2.8,0.043,,0.017,,0.01,0.607,,0.498,,0.309,,29.6,,246.0,,,,,,0.0,,,0.094,0.006,,0.155,,,0.0,0.02,,0.0,0.0,0.11,0.13,0.0,0.0,0.0,,,,29.65,,,,,2.7,0.077,,,,,,,,0.35,,,,37.25,,4.32,,,,,
494,326100,"Cheese, swiss, slices, store brand, HYVEE & PUBLIX (FL, MO) 18c-17-05",2019-04-01,,,,,,,2.81,,,,,,,,938.0,,,,,,96.0,,,,,,,,0.076,,,,,,,,,,,,,,,,,,,,,,,,,,,,,,,,,,,0.12,,,,,,,,,,,,0.0,,0.492,0.062,,6.56,,0.058,,,0.001,,,0.0,34.6,,,0.025,,,0.08,4.26,,,0.154,0.771,,0.116,0.0,0.0,0.0,,0.007,,0.001,0.034,0.0,0.045,,,0.008,,0.002,,0.006,,0.017,,0.0,,,589.0,,,,70.0,,,,,,,,0.3,0.741,0.0,0.839,,2.84,0.288,8.47,0.187,3.44,0.044,,0.014,,0.007,0.691,,0.546,,0.326,,29.7,,144.0,,,,,,,,,0.101,0.805,,0.207,,,0.0,0.007,,0.0,0.0,0.1,0.11,0.0,0.0,0.0,,,,31.55,,,,,3.9,0.074,,,,,,,,0.57,,,,36.8,,4.58,,,,,
495,326114,"Cheese, swiss, slices, store brand, LUCERNE (CA2, CO) 18c-17-03",2019-04-01,,,,,,,2.81,,,,,,,,842.0,,,1.0,57.0,,96.0,,,,,,,,0.043,,2.0,,,,,,,,,,,,,,,,,,,11.0,0.0,0.0,,,0.0,,,,,,,,,0.12,,0.0,,,,6.0,0.0,,,,,0.0,,0.526,0.065,,6.81,,0.06,,,0.002,,,0.0,31.5,,0.0,0.029,,,0.06,4.03,,,0.175,0.782,,0.109,0.001,0.0,0.0,,0.007,,0.002,0.035,0.0,0.048,,,0.008,,0.003,,0.01,,0.016,,0.0,0.33,,553.0,,,,71.0,,,,,,,297.0,0.29,0.772,0.0,0.881,,3.03,0.32,8.62,0.194,3.47,0.046,,0.014,,0.009,0.724,,0.564,,0.335,,28.9,,170.0,,,,,,0.0,,,0.108,0.831,,0.201,,,0.0,0.007,,0.12,0.0,0.0,0.1,0.0,0.0,0.0,,,,31.950000000000003,,,,,3.3,0.07,,,,0.0,0.0,,,0.75,0.0,5.7,1.3,37.5,,4.17,,,,,
496,326136,"KALE, FROZEN, COOKED",2019-04-01,,,,,,,0.96,,,,,,,,203.0,,,,,,,,,,,,,,0.05,,,,,,,,,,,,,,,,,,,,,,,,,,,,,,,,,,,0.92,,,,,,,,,,,,,,,,,,,,,,,,,,27.2,,,0.581,,,,0.52,,,,,,,,,,,,,,,,,,,,,,,,,,,,,,44.0,,,,183.0,,,,,,,,,,,,,,,,,,,,,,,,,,,,,,,19.0,,,,,,,,,,,,,,,,,,,,,,,,,,,,1.3,,,,,,,,,,,,,,,,,,89.5,,0.27,,,,,
497,326141,"KALE, FROZEN, COOKED",2019-04-01,,,,,,,0.62,,,,,,,,122.0,,,,,,,,,,,,,,0.052,,,,,,,,,,,,,,,,,,,,,,,,,,,,,,,,,,,0.76,,,,,,,,,,,,,,,,,,,,,,,,,,25.8,,,0.511,,,,0.5,,,,,,,,,,,,,,,,,,,,,,,,,,,,,,39.0,,,,122.0,,,,,,,,,,,,,,,,,,,,,,,,,,,,,,,0.0,,,,,,,,,,,,,,,,,,,,,,,,,,,,1.34,,,,,,,,,,,,,,,,,,88.6,,0.34,,,,,
498,326146,"KALE, FROZEN, COOKED",2019-04-01,,,,,,,0.49,,,,,,,,123.0,,,,,,,,,,,,,,0.07,,,,,,,,,,,,,,,,,,,,,,,,,,,,,,,,,,,0.94,,,,,,,,,,,,,,,,,,,,,,,,,,33.8,,,0.583,,,,0.49,,,,,,,,,,,,,,,,,,,,,,,,,,,,,,45.0,,,,77.0,,,,,,,,,,,,,,,,,,,,,,,,,,,,,,,34.0,,,,,,,,,,,,,,,,,,,,,,,,,,,,0.91,,,,,,,,,,,,,,,,,,91.3,,0.21,,,,,
499,326151,"KALE, FROZEN, COOKED",2019-04-01,,,,,,,0.77,,,,,,,,151.0,,,14.0,2470.0,,,,,,,,,,0.098,,39.0,,,,,,,,,,,,,,,,,,,87.0,,,,,,,,,,,,,,0.96,,,,,,6600.0,0.0,,,,,,,,,,,,,,,,,,,26.1,,,0.796,,,0.48,0.54,,,,,,,,,,,,,,,,,,,,,,,,,,,,,,48.0,,,,158.0,,,,,,,,0.17,,,,,,,,,,,,,,,,,,,,,,,6.0,,,,,,,,,,,,,,,,0.07,,0.0,0.0,0.16,0.0,0.0,0.0,0.0,,,,1.25,,,,,,0.05,19.0,,,,,,,1.84,0.0,0.0,477.0,89.6,,0.4,,,,,
500,326165,"KALE, FROZEN, COOKED",2019-04-01,,,,,,,0.82,,,,,,,,170.0,,,7.0,1430.0,,,,,,,,,,0.038,,17.0,,,,,,,,,,,,,,,,,,,50.0,0.36,0.0,,,0.49,,,,,,,,,0.67,,0.0,,,,4280.0,0.0,,,,,,,,,,,,,,,,,,,20.1,,0.0,0.409,,,0.36,0.35,,,,,,,,,,,,,,,,,,,,,,,,,,,,0.16,,35.0,,,,156.0,,,,,,,,0.13,,,,,,,,,,,,,,,,,,,,,,,12.0,,,,,,0.0,,,,,,,,,,0.06,,,,,,,,,,,,1.27,,,,,,0.07,24.4,,,,,,,,0.0,0.0,368.0,90.0,,0.15,,,,,
501,326180,"KALE, FROZEN, COOKED",2019-04-01,,,,,,,0.74,,,,,,,,133.0,,,10.0,1290.0,,,,,,,,,,0.096,,23.0,,,,,,,,,,,,,,,,,,,59.0,0.48,0.0,,,0.59,,,,,,,,,0.8,,0.0,,,,4070.0,0.0,,,,,,,,,,,,,,,,,,,17.3,,0.0,0.371,,,0.53,0.42,,,,,,,,,,,,,,,,,,,,,,,,,,,,0.18,,39.0,,,,166.0,,,,,,,,0.12,,,,,,,,,,,,,,,,,,,,,,,23.0,,,,,,0.31,,,,,,,,,,0.06,,0.0,0.0,0.08,0.0,0.0,0.0,0.0,,,,1.19,,,,,,0.07,10.0,,,,,,,1.38,0.0,0.0,410.0,90.1,,0.27,,,,,
502,326197,"Carrots, sliced or crinkle cut, frozen, unprepared, mixed composite, C9818L",2019-04-01,,,,,,,0.69,,,,,,,,35.0,,,,,,,,,,,,,,0.088,,,,,,,,,,,,,,,,,,2.0,1.5,,7.0,0.37,0.0,,,0.44,,,,,,,,,0.53,,0.0,,,,,,,,,,,,,,,,,,,,,,,,11.8,,0.0,0.172,,,,0.15,,,,,,,,,,,,,,,,,,,,,,,,,,,,,,32.0,,,,206.0,,,,,,,,,,,,,,,,,,,,,,,,,,,,,,,62.0,,,0.31,,,3.56,,,,,,,,,,,,,,,,,,,,,,0.25,,,,,,,2.3,,,,,,,,,,,90.3,,0.33,,,,,
503,326217,"Carrots, sliced or crinkle cut, frozen, unprepared, mixed composite, C9818P",2019-04-01,,,,,,,0.73,,,,,,,,37.0,,,,,,,,,,,,,,0.082,,,,,,,,,,,,,,,,,,2.0,1.3,,7.0,0.3,0.0,,,0.35,,,,,,,,,0.59,,0.0,,,,,,,,,,,,,,,,,,,,,,,,12.8,,0.0,0.168,,,,0.18,,,,,,,,,,,,,,,,,,,,,,,,,,,,,,34.0,,,,241.0,,,,,,,,,,,,,,,,,,,,,,,,,,,,,,,64.0,,,0.34,,,4.01,,,,,,,,,,,,,,,,,,,,,,0.26,,,,,,,2.2,,,,,,,,,,,89.2,,0.34,,,,,
504,326237,"Carrots, sliced or crinkle cut, frozen, unprepared, mixed composite, C9818Q",2019-04-01,,,,,0.068,0.041,1.15,0.123,,,,,,,36.0,,,,,,,,,,,,,,0.056,,,,0.072,,,,,,,,,,,,,,2.1,1.2,,7.0,0.28,0.0,,,0.35,0.193,,0.024,,,0.035,,,0.41,0.051,0.0,0.059,,,,,0.093,,,,,,,,0.0,,,0.0,,0.0,,,,,11.1,,0.0,0.176,0.016,,0.462,0.08499999999999999,,0.205,,,0.0,,,,0.0,,,,,,,0.0,,,0.0,,,,,,0.0,,0.0,0.2,0.037,33.0,,,,235.0,0.033,,,,,,,0.037,0.0,,0.0,,0.0,0.0,0.0,0.0,0.0,0.0,,0.0,,0.0,0.0,,0.0,,0.0,,,0.03,75.0,,,0.26,,,4.19,,,,,,,,,,0.043,0.11,0.02,0.0,0.0,0.0,0.0,0.0,0.0,,,0.42,0.6266666666666666,0.007,0.018,0.035,,,0.094,2.4,,,,,,,0.7,,,,90.45,,0.29,,,,,
505,326265,"Carrots, sliced or crinkle cut, frozen, unprepared, mixed composite, C9818T",2019-04-01,,,,,,,0.87,,,,,,,,39.0,,,,,,,,,,,,,,0.086,,,,,,,,,,,,,,,,,,2.0,1.4,,7.0,0.26,0.0,,,0.35,,,,,,,,,0.41,,0.0,,,,,,,,,,,,,,,,,,,,,,,,12.8,,0.0,0.177,,,,0.18,,,,,,,,,,,,,,,,,,,,,,,,,,,,,,38.0,,,,290.0,,,,,,,,,,,,,,,,,,,,,,,,,,,,,,,63.0,,,0.26,,,4.25,,,,,,,,,,,,,,,,,,,,,,0.29,,,,,,,3.0,,,,,,,,0.0,,18.4,89.0,,0.34,,,,,
506,326285,"Carrots, sliced or crinkle cut, frozen, unprepared, mixed composite, C9818M",2019-04-01,,,,,0.071,0.063,0.68,0.124,,,,,,,35.0,,,,,,,,,,,,,,0.069,,,,0.051,,,,,,,,,,,,,,1.9,1.2,,7.0,0.34,0.0,,,0.4,0.21,,0.026,,,0.027,,,0.45,0.053,0.0,0.06,,,,,0.057,,,,,,,,0.0,,,0.0,,0.0,,,,,11.5,,0.0,0.174,0.016,,0.477,0.09999999999999999,,0.146,,,0.0,,,,0.0,,,,,,,0.0,,,0.0,,,,,,0.0,,0.0,0.19,0.039,32.0,,,,214.0,0.036,,,,,,,0.037,0.0,,0.0,,0.0,0.0,0.0,0.0,0.0,0.0,,0.0,,0.0,0.0,,0.0,,0.0,,,0.032,66.0,,,0.25,,,4.01,,,,,,,,,,0.043,0.168,0.01,0.0,0.0,0.0,0.0,0.0,0.0,,,0.33,0.5566666666666666,0.007,0.028,0.04,,,0.095,2.0,,,,,,,0.64,,,,90.4,,0.36,,,,,
507,326314,"Carrots, whole, frozen, unprepared, mixed composite, C9818Z",2019-04-01,,,,,,,0.61,,,,,,,,29.0,,,,,,,,,,,,,,0.062,,,,,,,,,,,,,,,,,,1.7,1.3,,,1.85,0.0,,,1.4,,,,,,,,,0.41,,0.0,,,,,,,,,,,,,,,,,,,,,,,,8.8,,0.0,0.112,,,,0.14,,,,,,,,,,,,,,,,,,,,,,,,,,,,,,28.0,,,,171.0,,,,,,,,,,,,,,,,,,,,,,,,,,,,,,,59.0,,,0.57,,,0.61,,,,,,,,,,,,,,,,,,,,,,0.35,,,,,,,0.7,,,,,,,,,,,90.6,,0.19,,,,,
508,326333,"Carrots, whole, frozen, unprepared, mixed composite, C98193",2019-04-01,,,,,,,0.63,,,,,,,,31.0,,,,,,,,,,,,,,0.066,,,,,,,,,,,,,,,,,,1.6,1.4,,,1.94,0.0,,,1.22,,,,,,,,,0.47,,0.0,,,,,,,,,,,,,,,,,,,,,,,,9.4,,0.0,0.115,,,,0.15,,,,,,,,,,,,,,,,,,,,,,,,,,,,,,29.0,,,,158.0,,,,,,,,,,,,,,,,,,,,,,,,,,,,,,,68.0,,,0.62,,,0.15,,,,,,,,,,,,,,,,,,,,,,0.3,,,,,,,2.3,,,,,,,,,,,90.5,,0.12,,,,,
509,326351,"Carrots, sliced or crinkle cut, frozen, unprepared, mixed composite, C9818I",2019-04-01,,,,,0.104,0.1,0.735,0.088,,,,,,,35.0,,,,,,,,,,,,,,0.071,,,,0.06,,,,,,,,,,,,,,1.8,1.5,,7.0,0.31,0.0,,,0.48,0.084,,0.051,,,0.047,,,0.41,0.074,0.0,0.1,,,,,0.115,,,,,,,,0.0,,,0.0,,0.0,,,,,11.0,,0.0,0.156,0.019,,0.453,0.09,,0.186,,,0.0,,,,0.0,,,,,,,0.0,,,0.0,,,,,,0.0,,0.0,0.171,0.068,32.0,,,,230.0,0.042,,,,,,,0.037,0.0,,0.0,,0.0,0.0,0.0,0.0,0.0,0.0,,0.0,,0.0,0.0,,0.0,,0.0,,,0.037,73.0,,,0.2,,,4.21,,,,,,,,,,0.045,0.125,0.02,0.0,0.0,0.0,0.0,0.0,0.0,,,0.36,0.55,0.007,0.061,0.071,,,0.095,2.9,,,,,,,0.78,0.0,,16.9,90.05,,0.33,,,,,
510,326380,"Carrots, whole, frozen, unprepared, mixed composite, C98197",2019-04-01,,,,,,,0.68,,,,,,,,31.0,,,,,,,,,,,,,,0.074,,,,,,,,,,,,,,,,,,1.9,1.1,,,1.98,0.0,,,1.36,,,,,,,,,0.34,,0.0,,,,,,,,,,,,,,,,,,,,,,,,10.2,,0.0,0.116,,,,0.16,,,,,,,,,,,,,,,,,,,,,,,,,,,,,,28.0,,,,198.0,,,,,,,,,,,,,,,,,,,,,,,,,,,,,,,68.0,,,0.44,,,0.15,,,,,,,,,,,,,,,,,,,,,,0.37,,,,,,,3.8,,,,,,,,,,,90.2,,0.14,,,,,
511,326399,"Carrots, whole, frozen, unprepared, mixed composite, C98190",2019-04-01,,,,,0.066,0.0505,0.55,0.109,,,,,,,29.0,,,,,,,,,,,,,,0.176,,,,0.0315,,,,,,,,,,,,,,1.6,1.6,,7.0,1.98,0.0,,,1.54,0.243,,0.0245,,,0.0195,,,0.31,0.037,0.0,0.056999999999999995,,,,,0.049,,,,,,,,,,,,,,,,,,9.5,,0.0,0.103,0.0095,,0.445,0.08,,,,,,,,,,,,,,,,,,,,,,,,,,,,,0.0315,27.0,,,,190.0,0.0275,,,,,,,0.059,,,,,,,,,,,,,,,,,,,,,,0.032,57.0,,,0.39,,,0.15,,,,,,,,,,0.032,0.124,0.0,0.0,0.0,0.0,0.0,0.0,0.0,,,,0.8799999999999999,0.007,0.02,0.038000000000000006,,,0.074,1.8,,,,,,,0.7,,,,90.0,,0.46,,,,,
512,326427,"Carrots, whole, frozen, unprepared, mixed composite, C9818W",2019-04-01,,,,,0.0645,0.0465,0.615,0.1175,,,,,,,31.0,,,,,,,,,,,,,,0.056,,,,0.024,,,,,,,,,,,,,,1.7,1.4,,7.0,1.9,0.0,,,1.31,0.251,,0.028499999999999998,,,0.022,,,0.34,0.046,0.0,0.055999999999999994,,,,,0.059,,,,,,,,0.0,,,0.0,,0.0,,,,,9.5,,0.0,0.1,0.0135,,0.486,0.08,,0.117,,,0.0,,,,0.0,,,,,,,0.0,,,0.0,,,,,,0.0,,0.0,0.224,0.034999999999999996,28.0,,,,174.0,0.0315,,,,,,,0.065,0.0,,0.0,,0.0,0.0,0.0,0.0,0.0,0.0,,0.0,,0.0,0.0,,0.0,,0.0,,,0.034,65.0,,,0.53,,,0.15,,,,,,,,,,0.033,0.1085,0.0,0.0,0.05,0.0,0.0,0.0,0.0,,,0.22,0.7733333333333333,0.007,0.028999999999999998,0.051500000000000004,,,0.08,1.0,,,,,,,0.63,0.0,,9.8,90.19999999999999,,0.16,,,,,
513,326459,"Mustard, yellow, FRENCHS CLASSIC (CA2,NC) - CY120PV",2019-04-01,,,,,,,3.01,,,,,,,,62.0,,,,,,,,,,,,,,0.065,,,,,,,,,,,,,,,,,,,,,,,,,,,,,,,,,,,1.8,,,,,,,,,,,,,,,,,,,,,,,,,,47.2,,,0.374,,,,0.64,,,,,,,,,,,,,,,,,,,,,,,,,,,,,,106.0,,,,184.0,,,,,,,,,,,,,,,,,,,,,,,,,,,,,,,1050.0,,,,,,,,,,,,,,,,,,,,,,,,,,,,3.57,,,,,,,,,,,,,,,,,,83.9,,0.61,,,,,
514,326466,"Mustard, yellow, FRENCHS CLASSIC (FL,MO) - CY120PX",2019-04-01,,,,,,,3.43,,,,,,,,61.0,,,,,,,,,,,,,,0.072,,,,,,,,,,,,,,,,,,,,,,,,,,,,,,,,,,,1.64,,,,,,,,,,,,,,,,,,,,,,,,,,47.5,,,0.393,,,,0.68,,,,,,,,,,,,,,,,,,,,,,,,,,,,,,106.0,,,,135.0,,,,,,,,,,,,,,,,,,,,,,,,,,,,,,,1130.0,,,,,,,,,,,,,,,,,,,,,,,,,,,,3.7,,,,,,,,,,,,,,,,,,83.7,,0.6,,,,,
515,326473,"Mustard, yellow, FRENCHS CLASSIC (IN,NY) - CY120PT",2019-04-01,,,,,,,3.38,,,,,,,,61.0,,,,,,,,,,,,,,0.07,,,,,,,,,,,,,,,,,,,,,,,,,,,,,,,,,,,1.7,,,,,,,,,,,,,,,,,,,,,,,,,,47.3,,,0.482,,,,0.66,,,,,,,,,,,,,,,,,,,,,,,,,,,,,,105.0,,,,142.0,,,,,,,,,,,,,,,,,,,,,,,,,,,,,,,1020.0,,,,,,,,,,,,,,,,,,,,,,,,,,,,3.24,,,,,,,,,,,,,,,,,,84.4,,0.63,,,,,
516,326480,"Mustard, yellow, store brand, AMERICAS CHOICE & SHOP RITE  (NY,CT1) - CY120PZ",2019-04-01,,,,,,,3.55,,,,,,,,63.0,,,,,,,,,,,,,,0.068,,,,,,,,,,,,,,,,,,,,,,,,,,,,,,,,,,,1.41,,,,,,,,,,,,,,,,,,,,,,,,,,48.2,,,0.415,,,,0.67,,,,,,,,,,,,,,,,,,,,,,,,,,,,,,109.0,,,,178.0,,,,,,,,,,,,,,,,,,,,,,,,,,,,,,,1160.0,,,,,,,,,,,,,,,,,,,,,,,,,,,,3.22,,,,,,,,,,,,,,,,,,83.9,,0.62,,,,,
517,326487,"Mustard, yellow, store brand, MY ESSENTIALS & SUNNY SELECT (NC1,CA2) - CY120Q1",2019-04-01,,,,,,,3.19,,,,,,,,61.0,,,,,,,,,,,,,,0.068,,,,,,,,,,,,,,,,,,,,,,,,,,,,,,,,,,,1.31,,,,,,,,,,,,,,,,,,,,,,,,,,47.7,,,0.414,,,,0.67,,,,,,,,,,,,,,,,,,,,,,,,,,,,,,102.0,,,,140.0,,,,,,,,,,,,,,,,,,,,,,,,,,,,,,,1180.0,,,,,,,,,,,,,,,,,,,,,,,,,,,,2.91,,,,,,,,,,,,,,,,,,84.3,,0.63,,,,,
518,326494,"Mustard, yellow, FRENCHS CLASSIC (CO,CT) - CY120PW",2019-04-01,,,,,,,3.45,,,,,,,,62.0,,,1.0,58.0,,,,,,,,,,0.073,,32.0,,,,,,,,,,,,,,,,,,4.5,8.0,,,,,,,,,,,,,,1.71,,,,,,133.0,0.0,,,,,,,,,,,,,,,,,,,48.7,,,0.432,,,0.55,0.66,,,,,,,,,,,,,,,,,,,,,,,,,,,,0.24,,108.0,,,,134.0,,,,,,,,0.084,,,,,,,,,,,,,,,,,,,,,35.5,,1050.0,,,,,,,,,,,,,,,,0.11,,,,,,,,,,,,2.67,,,,,,0.07,,,,,,,,,,,,84.0,,0.64,,,,,
519,326510,"Mustard, yellow, FRENCHS CLASSIC (MI,OK) - CY120PY",2019-04-01,,,,,,,3.44,,,,,,,,60.0,,,,,,,,,,,,,,0.066,,,,,,,,,,,,,,,,,,,,6.6,,0.18,0.0,,,0.39,,,,,,,,,1.56,,0.0,,,,,,,,,,,,,,,,,,,,,,,,47.5,,0.0,0.456,,,0.55,0.64,,,,,,,,,,,,,,,,,,,,,,,,,,,,0.2,,105.0,,,,172.0,,,,,,,,0.082,,,,,,,,,,,,,,,,,,,,,33.9,,1080.0,,,0.6,,,0.18,,,,,,,,,,0.1,,0.0,0.05,2.23,0.0,0.0,0.0,0.0,,,,3.58,,,,,,0.08,0.0,,,,,,,0.31,0.0,0.0,1.4,84.0,,0.59,,,,,
520,326529,"Mustard, yellow, store brand, HY VEE & PUBLIX (MO1,FL) - CY120Q3",2019-04-01,,,,,,,3.6,,,,,,,,68.0,,,,,,,,,,,,,,0.08,,,,,,,,,,,,,,,,,,,,,,,,,,,,,,,,,,,1.48,,,,,,,,,,,,,,,,,,,,,,,,,,48.1,,,0.433,,,,0.64,,,,,,,,,,,,,,,,,,,,,,,,,,,,,,116.0,,,,133.0,,,,,,,,,,,,,,,,,,,,,,,,,,,,,,,1270.0,,,,,,,,,,,,,,,,,,,,,,,,,,,,3.16,,,,,,,,,,,,,,,,,,83.8,,0.68,,,,,
521,326537,"Mustard, yellow, FRENCHS CLASSIC (AL,CA1) - CY120PU",2019-04-01,,,,,,,3.29,,,,,,,,61.0,,,2.0,49.0,,,,,,,,,,0.065,,26.0,,,,,,,,,,,,,,,,,,2.6,7.0,0.18,0.0,,,0.37,,,,,,,,,1.63,,0.0,,,,107.0,0.0,,,,,0.0,,0.008,0.001,,0.892,,0.354,,,1.24,,,0.0,45.6,,0.0,0.362,,,0.52,0.63,,,0.0,0.391,,0.4,0.002,0.0,0.0,,0.01,,0.0,0.0,0.0,0.0,,,0.0,,0.012,,0.0,,0.0,,0.0,,,98.0,,,,184.0,,,,,,,,0.081,0.022,0.0,0.004,,0.005,0.003,0.132,0.002,0.042,0.025,,0.018,,0.011,0.0,,0.0,,0.0,,26.4,,1040.0,,,0.8,,,0.18,,,0.0,0.0,,0.0,,,0.0,0.09,,0.0,0.05,2.13,0.0,0.0,0.0,0.0,,,,3.38,,,,,,0.07,0.0,,,,,,,0.31,0.0,0.0,1.3,84.3,,0.58,,,,,
522,326558,"Mustard, yellow, store brand, SAFEWAY (CA1,CO1) - CY120Q2",2019-04-01,,,,,,,2.09,,,,,,,,64.0,,,,,,,,,,,,,,0.066,,,,,,,,,,,,,,,,,,,,5.2,,,,,,,,,,,,,,,1.5,,,,,,,,,,,,,,,,,,,,,,,,,,49.0,,,0.459,,,0.63,0.71,,,,,,,,,,,,,,,,,,,,,,,,,,,,0.25,,110.0,,,,151.0,,,,,,,,0.08,,,,,,,,,,,,,,,,,,,,,32.9,,1050.0,,,,,,,,,,,,,,,,0.12,,,,,,,,,,,,3.11,,,,,,0.07,,,,,,,,,,,,83.4,,0.68,,,,,
523,326572,"Mustard, yellow, store brand, GREAT VALUE (AL1,OK1) - CY120Q0",2019-04-01,,,,,,,3.82,,,,,,,,65.0,,,1.0,48.0,,,,,,,,,,0.084,,24.0,,,,,,,,,,,,,,,,,,3.3,,0.18,0.0,,,0.44,,,,,,,,,1.77,,0.0,,,,106.0,0.0,,,,,,,,,,,,,,,,,,,50.7,,0.0,0.497,,,0.62,0.7,,,,,,,,,,,,,,,,,,,,,,,,,,,,,,118.0,,,,150.0,,,,,,,,0.089,,,,,,,,,,,,,,,,,,,,,39.8,,1260.0,,,0.6,,,0.18,,,,,,,,,,0.13,,0.0,0.07,2.2,0.0,0.0,0.0,0.0,,,,2.8,,,,,,0.07,0.0,,,,,,,0.33,0.0,0.0,1.2,82.8,,0.7,,,,,
524,326591,"Mustard, yellow, store brand, KROGER (IN1,MI1) - CY120Q4",2019-04-01,,,,,,,3.38,,,,,,,,66.0,,,,,,,,,,,,,,0.074,,,,,,,,,,,,,,,,,,,,3.6,,,,,,,,,,,,,,,1.63,,,,,,,,,,,,,,,,,,,,,,,,,,50.0,,,0.423,,,0.61,0.68,,,,,,,,,,,,,,,,,,,,,,,,,,,,0.25,,116.0,,,,142.0,,,,,,,,0.086,,,,,,,,,,,,,,,,,,,,,34.5,,1000.0,,,,,,,,,,,,,,,,0.12,,,,,,,,,,,,3.25,,,,,,0.07,,,,,,,,,,,,83.4,,0.68,,,,,
525,326605,"Prepared Yellow Mustard, Frenchs Classic Yellow Mustard, National, Pure - CY01335",2019-04-01,,,,,0.17,0.25,3.62,0.45,,,,,,,64.0,,,0.0,11.0,,,,,,,,,,0.092,,56.0,,0.07,,,,,,,,,,,,,,,,,7.0,0.25,0.94,,,0.58,0.73,,0.23,,,0.12,0.0,,1.58,0.15,0.0,0.3,,,,0.0,0.27,,,,0.0,,0.009,0.0,,0.904,,0.335,,,1.25,,,0.082,44.5,,0.0,0.344,0.07,,0.53,0.72,,,0.0,0.424,,0.454,0.0,,0.0,,0.012,,0.03,0.0,,0.0,,,0.0,,0.011,,,,0.0,,0.0,0.3,0.16,101.0,,,,142.0,0.34,,,,,,,0.03,0.0,0.0,0.002,,0.005,0.001,0.146,0.002,0.052,0.023,,0.019,,0.01,0.0,,0.0,,0.0,,31.0,0.22,1080.0,,,0.6,,,0.48,,,0.0,0.011,,0.007,,,0.0,0.315,0.18,0.0,0.11,2.01,0.04,0.0,0.0,0.0,,,,3.97,0.01,0.14,0.19,,,0.05,0.7,,,,,,,0.43,0.0,,1.7,83.5,,0.6,,,,,
526,326636,"Prepared Yellow Mustard, Store Brand, National, Pure - CY01337",2019-04-01,,,,,0.19,0.3,3.94,0.42,,,,,,,64.0,,,0.0,11.0,,,,,,,,,,0.092,,11.0,,0.12,,,,,,,,,,,,,,,,,7.0,0.34,1.1,,,0.56,0.86,,0.27,,,0.14,0.0,,1.79,0.17,0.0,0.34,,,,0.0,0.32,,,,0.0,,0.01,0.0,,0.958,,0.348,,,1.28,,,0.086,47.7,,0.0,0.453,0.1,,0.53,0.78,,,0.0,0.453,,0.47,0.0,,0.0,,0.012,,0.03,0.0,,0.0,,,0.0,,0.01,,,,0.0,,0.0,0.29,0.19,111.0,,,,141.0,0.57,,,,,,,0.03,0.0,0.0,0.002,,0.004,0.002,0.142,0.002,0.045,0.023,,0.019,,0.01,0.0,,0.0,,0.0,,35.0,0.23,1180.0,,,0.6,,,0.07,,,0.0,0.004,,0.009,,,0.0,0.449,0.19,0.02,0.11,2.15,0.05,0.0,0.0,0.0,,,,4.11,0.01,0.15,0.22,,,0.08,0.7,,,,,,,0.41,0.0,,1.6,82.4,,0.69,,,,,
527,326667,"Prepared Yellow Mustard, National, Mixed - CY01338",2019-04-01,,,,,0.18,0.28,3.41,0.41,,,,,,,63.0,,,0.0,11.0,,,,,,,,,,0.075,,11.0,,0.05,,,,,,,,,,,,,,,,,8.0,0.21,1.06,,,0.55,0.79,,0.25,,,0.13,0.0,,1.33,0.16,0.0,0.32,,,,0.0,0.28,,,,0.0,,0.009,0.0,,0.91,,0.341,,,1.26,,,0.082,46.0,,0.0,0.367,0.08,,0.51,0.72,,,0.001,0.429,,0.451,0.0,,0.0,,0.012,,0.03,0.0,,0.0,,,0.0,,0.01,,,,0.0,,0.0,0.31,0.18,104.0,,,,125.0,0.27,,,,,,,0.03,0.0,0.0,0.005,,0.003,0.002,0.133,0.001,0.041,0.023,,0.019,,0.01,0.0,,0.0,,0.0,,36.8,0.22,985.0,,,0.7,,,0.07,,,0.0,0.001,,0.007,,,0.0,0.264,0.18,0.02,0.11,2.11,0.1,0.0,0.0,0.0,,,,3.96,0.01,0.15,0.21,,,0.06,0.7,,,,,,,0.3,0.0,,1.7,83.4,,0.62,,,,,
528,326699,"Figs, Mission, Dried, Region 3, Pure Composite, CY0100S",2019-04-01,,,,,0.104,0.065,1.6,0.389,,,,,,,159.0,,,0.0,6.0,,,,,,,,,,0.277,,0.0,,0.029,,,,,,,,,,,,,,8.0,1.3,,9.0,22.1,0.0,,,25.9,0.228,,0.09,,,0.029,,,1.72,0.071,0.0,0.109,,,50.0,0.0,0.073,,,,,,,,,,,,,,,,,,63.3,,0.0,0.374,0.027,,0.615,0.39,,,,,,,,,,,,,,,,,,,,,,,,,,,,0.35,0.062,68.0,,,,703.0,0.473,,,,,,,0.099,,,,,,,,,,,,,,,,,,,,,0.4,0.101,7.0,,,,,,0.07,,,,,,,,,,0.06,0.069,0.01,0.01,0.64,0.0,0.0,0.0,0.0,,,,0.59,0.015,0.034,0.097,,,0.127,0.7,,,,,,,0.46,0.0,,13.3,30.9,,0.44,,,,,
529,326724,"Figs, Mission, Dried, Region 2, Pure Composite, CY0100R",2019-04-01,,,,,0.122,0.071,1.7,0.594,,,,,,,167.0,,,0.0,6.0,,,,,,,,,,0.312,,0.0,,0.032,,,,,,,,,,,,,,9.2,1.1,,11.0,23.4,0.0,,,25.9,0.273,,0.097,,,0.033,,,2.1,0.077,0.0,0.114,,,35.0,0.0,0.076,,,,,,,,,,,,,,,,,,63.1,,0.0,0.52,0.027,,0.576,0.46,,,,,,,,,,,,,,,,,,,,,,,,,,,,0.45,0.066,62.0,,,,760.0,0.609,,,,,,,0.106,,,,,,,,,,,,,,,,,,,,,0.4,0.114,10.0,,,,,,0.07,,,,,,,,,,0.08,0.078,0.01,0.0,0.49,0.05,0.0,0.0,0.0,,,,0.7,0.016,0.035,0.106,,,0.099,0.7,,,,,,,0.32,0.0,,13.0,28.2,,0.48,,,,,
530,326749,"Figs, Pass 2, Region 1, Mixed Composite, CY010GQ",2019-04-01,,,,,0.144,0.074,2.0,0.871,,,,,,,158.5,,,0.0,6.0,,,,,,,,,,0.2375,,0.0,,0.039,,,,,,,,,,,,,,8.0,2.55,,10.0,22.6,0.28,,,23.9,0.313,,0.108,,,0.04,,,2.7800000000000002,0.097,0.0,0.126,,,30.0,0.0,0.094,,,,,,,,,,,,,,,,,,71.25,,0.0,0.6335,0.04,,0.5880000000000001,0.63,,,,,,,,,,,,,,,,,,,,,,,,,,,,0.531,0.08,67.5,,,,633.0,0.587,,,,,,,0.07,,,,,,,,,,,,,,,,,,,,,,0.141,12.0,,,,,,0.07,,,,,,,,,,0.12,0.086,,,,,,,,,,,1.28,0.026,0.043,0.135,,,0.087,0.2,,,,,,,,0.0,,18.0,32.2,,0.95,,,,,
531,326780,"Figs, Pass 2, Region 2, Pure Composite, CY010GR",2019-04-01,,,,,,,2.0700000000000003,,,,,,,,162.0,,,0.0,6.0,,,,,,,,,,0.261,,0.0,,,,,,,,,,,,,,,,8.5,2.05,,10.0,22.8,0.57,,,24.5,,,,,,,,,2.02,,0.0,,,,25.0,0.0,,,,,,,,,,,,,,,,,,,70.05,,0.0,0.486,,,0.5315000000000001,0.615,,,,,,,,,,,,,,,,,,,,,,,,,,,,0.402,,70.0,,,,622.5,,,,,,,,0.05,,,,,,,,,,,,,,,,,,,,,,,14.0,,,,,,0.07,,,,,,,,,,0.123,,,,,,,,,,,,1.11,,,,,,0.084,0.2,,,,,,,,0.0,,20.0,31.1,,0.885,,,,,
532,326806,"Figs, Mission, Dried, Region 4, Mixed Composite, CY0100T",2019-04-01,,,,,,,1.83,,,,,,,,166.0,,,0.0,6.0,,,,,,,,,,0.32,,0.0,,,,,,,,,,,,,,,,6.7,1.1,,4.0,23.6,0.0,,,24.0,,,,,,,,,1.9,,0.0,,,,26.0,0.0,,,,,,,,,,,,,,,,,,,65.3,,0.0,0.497,,,0.624,0.46,,,,,,,,,,,,,,,,,,,,,,,,,,,,0.49,,65.0,,,,773.0,,,,,,,,0.093,,,,,,,,,,,,,,,,,,,,,0.5,,11.0,,,,,,0.07,,,,,,,,,,0.05,,0.0,0.01,0.18,0.0,0.0,0.0,0.0,,,,0.69,,,,,,0.176,0.7,,,,,,,0.37,0.0,,11.4,29.5,,0.5,,,,,
533,326832,"Figs, Pass 2, Region 4, Pure Composite, CY010GT",2019-04-01,,,,,,,2.0,,,,,,,,168.5,,,0.0,6.0,,,,,,,,,,0.315,,0.0,,,,,,,,,,,,,,,,8.75,2.0,,12.0,22.2,0.11,,,23.7,,,,,,,,,1.7,,0.0,,,,31.0,0.0,,,,,,,,,,,,,,,,,,,73.4,,0.0,0.7,,,0.631,0.675,,,,,,,,,,,,,,,,,,,,,,,,,,,,0.386,,66.5,,,,663.5,,,,,,,,0.07,,,,,,,,,,,,,,,,,,,,,,,10.0,,,,,,0.07,,,,,,,,,,0.078,,,,,,,,,,,,1.13,,,,,,0.073,3.0,,,,,,,,0.0,,17.3,30.7,,0.73,,,,,
534,326854,"Figs, Pass 2, Region 3, Pure Composite, CY010GS",2019-04-01,,,,,,,1.9699999999999998,,,,,,,,152.5,,,0.0,6.0,,,,,,,,,,0.28500000000000003,,0.0,,,,,,,,,,,,,,,,8.9,1.4,,12.0,23.4,0.07,,,25.6,,,,,,,,,1.95,,0.0,,,,33.0,0.0,,,,,,,,,,,,,,,,,,,69.8,,0.0,0.44499999999999995,,,0.7144999999999999,0.55,,,,,,,,,,,,,,,,,,,,,,,,,,,,0.426,,70.5,,,,581.0,,,,,,,,0.08,,,,,,,,,,,,,,,,,,,,,,,9.5,,,,,,0.07,,,,,,,,,,0.106,,,,,,,,,,,,1.3050000000000002,,,,,,0.09,2.9,,,,,,,,0.0,,18.0,29.6,,0.8,,,,,
535,326880,"Figs, Mission, Dried, Region 1, Mixed Composite, CY0100Q",2019-04-01,,,,,,,1.68,,,,,,,,166.0,,,0.0,6.0,,,,,,,,,,0.287,,0.0,,,,,,,,,,,,,,,,8.1,0.7,,7.0,23.4,0.0,,,24.7,,,,,,,,,2.06,,0.0,,,,23.0,0.0,,,,,,,,,,,,,,,,,,,65.0,,0.0,0.421,,,0.669,0.44,,,,,,,,,,,,,,,,,,,,,,,,,,,,0.44,,70.0,,,,707.0,,,,,,,,0.091,,,,,,,,,,,,,,,,,,,,,0.9,,7.0,,,5.07,,,0.07,,,,,,,,,,0.06,,0.01,0.0,0.16,0.05,0.0,0.0,0.0,,,,0.59,,,,,,0.109,0.7,,,,,,,0.27,0.0,,13.8,28.2,,0.49,,,,,
536,326906,"Kiwi, Pass 2, Region 2, Pure Composite, CY010GA",2019-04-01,,,,,,,0.72,,,,,,,,26.0,,,0.0,61.0,,,,,,,,,,0.111,,0.0,,,,,,,,,,,,,,,,1.7,0.6,,,4.09,0.07,,,3.83,,,,,,,,,0.2,,0.12,,,,110.0,0.0,,,,,,,,,,,,,,,,,,,14.1,,0.3,0.037,,,,0.16,,,,,,,,,,,,,,,,,,,,,,,,,,,,,,35.0,,,,121.0,,,,,,,,,,,,,,,,,,,,,,,,,,,,,,,,,,,,,0.33,,,,,,,,,,,,,,,,,,,,,,1.09,,,,,,,84.0,,,,,,,,0.0,,40.2,84.8,,,,,,,
537,326918,"Kiwi, Region 4, Pure Composite, CY0100X",2019-04-01,,,,,,,0.67,,,,,,,,,,,0.0,41.0,,,,,,,,,,0.122,,0.0,,,,,,,,,,,,,,,,3.0,0.7,3.8,29.0,4.74,0.0,,,4.4,,,,,,,,,0.19,,0.0,,,,123.0,0.0,,,,,,,,,,,,,,,,,,,17.1,,0.17,0.069,,,0.34,0.21,,,,,,,,,,,,,,,,,,,,,,,,,,,,0.22,,,,,,,,,,,,,,0.03,,,,,,,,,,,,,,,,,,,,,0.3,,,,,0.0,,,0.07,,,,,,,,,,,,0.0,0.0,0.04,0.0,0.0,0.0,0.14,,,,0.4,,,,,,0.062,63.8,,,,,,,1.33,0.0,,41.7,82.7,,0.11,,,,,
538,326938,"Kiwi, Region 2, Pure Composite, CY0100V",2019-04-01,,,,,0.049,0.076,0.61,0.115,,,,,,,43.0,,,0.0,43.0,,,,,,,,,,0.14,,0.0,,0.029,,,,,,,,,,,,,,2.7,0.7,3.5,32.0,4.8,0.0,,,4.47,0.16,,0.057,,,0.023,,,0.17,0.049,0.0,0.059,,,114.0,0.0,0.053,,,,,,,,,,,,,,,,,,17.7,,0.18,0.089,0.02,,0.39,0.2,,,,,,,,,,,,,,,,,,,,,,,,,,,,0.21,0.038,35.0,,,,302.0,0.042,,,,,,,0.02,,,,,,,,,,,,,,,,,,,,,0.3,0.045,4.0,,,0.0,,,0.07,,,,,,,,,,,0.048,0.0,0.0,0.02,0.0,0.0,0.0,0.07,,,,0.34,0.015,0.027,0.055,,,0.063,63.0,,,,,,,1.28,0.0,,41.0,83.3,,0.11,,,,,
539,326959,"Kiwi, Pass 2, Region 1, Pure Composite, CY010G9",2019-04-01,,,,,0.045,0.068,0.72,0.1,,,,,,,33.0,,,,,,,,,,,,,,0.077,,,,0.032,,,,,,,,,,,,,,2.9,0.5,,21.0,4.19,0.41,,,3.8,0.161,,0.049,,,0.023,,,0.34,0.041,0.0,0.054,,,,,0.052,,,,,,,,,,,,,,,,,,15.2,,0.2,0.037,0.027,,0.251,0.16,,,,,,,,,,,,,,,,,,,,,,,,,,,,0.173,0.038,38.0,,,,130.0,0.036,,,,,,,0.02,,,,,,,,,,,,,,,,,,,,,0.1,0.047,8.0,,,,,,0.27,,,,,,,,,,0.038,0.037,,,,,,,,,,,0.9,0.018,0.031,0.045,,,0.063,88.0,,,,,,,,0.0,,39.5,84.8,,,,,,,
540,326978,"Kiwi, Region 3, Pure Composite, CY0100W",2019-04-01,,,,,0.051,0.082,0.46,0.127,,,,,,,44.0,,,0.0,67.0,,,,,,,,,,0.143,,0.0,,0.028,,,,,,,,,,,,,,1.7,0.7,2.4,25.0,4.54,0.0,,,4.54,0.182,,0.059,,,0.026,,,0.2,0.05,0.0,0.065,,,137.0,0.0,0.061,,,,,,,,,,,,,,,,,,18.3,,0.15,0.097,0.023,,0.444,0.16,,,,,,,,,,,,,,,,,,,,,,,,,,,,0.22,0.042,35.0,,,,300.0,0.044,,,,,,,0.03,,,,,,,,,,,,,,,,,,,,,0.1,0.05,2.0,,,0.0,,,0.07,,,,,,,,,,,0.05,0.0,0.0,0.02,0.0,0.0,0.0,0.1,,,,0.11,0.013,0.034,0.056,,,0.057,55.5,,,,,,,1.29,0.0,,38.6,82.6,,0.12,,,,,
541,326999,"Kiwi, Region 1, Pure Composite, CY0100U",2019-04-01,,,,,,,0.54,,,,,,,,40.0,,,0.0,69.0,,,,,,,,,,0.116,,0.0,,,,,,,,,,,,,,,,1.7,0.7,2.5,20.0,4.1,0.0,,,4.06,,,,,,,,,0.27,,0.0,,,,150.0,0.0,,,,,,,,,,,,,,,,,,,17.1,,0.16,0.11,,,0.444,0.19,,,,,,,,,,,,,,,,,,,,,,,,,,,,0.28,,42.0,,,,314.0,,,,,,,,0.03,,,,,,,,,,,,,,,,,,,,,0.3,,4.0,,,0.0,,,0.07,,,,,,,,,,,,0.0,0.0,0.03,0.0,0.0,0.0,0.11,,,,0.27,,,,,,0.061,58.3,,,,,,,1.31,0.0,,37.2,83.4,,0.13,,,,,
542,327019,"Kiwi, Pass 2, Region 3, Pure Composite, CY010GB",2019-04-01,,,,,,,0.65,,,,,,,,36.0,,,,,,,,,,,,,,0.18,,,,,,,,,,,,,,,,,,2.4,0.7,,,4.29,0.82,,,3.92,,,,,,,,,0.31,,0.0,,,,,,,,,,,,,,,,,,,,,,,,14.8,,0.15,0.037,,,,0.13,,,,,,,,,,,,,,,,,,,,,,,,,,,,,,30.0,,,,117.0,,,,,,,,,,,,,,,,,,,,,,,,,,,,,,,6.0,,,,,,,,,,,,,,,,,,,,,,,,,,,,0.19,,,,,,,79.9,,,,,,,,0.0,,33.9,84.6,,0.18,,,,,
543,327030,"Kiwi, Pass 2, Region 4, Pure Composite, CY010GC",2019-04-01,,,,,0.047,0.065,0.7,0.109,,,,,,,21.0,,,0.0,32.0,,,,,,,,,,0.18,,0.0,,0.024,,,,,,,,,,,,,,2.5,0.8,,,4.04,0.07,,,3.86,0.158,,0.051,,,0.024,,,0.26,0.045,0.0,0.058,,,96.0,0.0,0.054,,,,,,,,,,,,,,,,,,11.6,,0.24,0.037,0.016,,0.349,0.14,,,,,,,,,,,,,,,,,,,,,,,,,,,,0.131,0.039,27.0,,,,105.0,0.036,,,,,,,0.02,,,,,,,,,,,,,,,,,,,,,,0.046,6.0,,,,,,,,,,,,,,,,0.015,0.037,,,,,,,,,,,0.25,0.007,0.03,0.05,,,0.059,105.0,,,,,,,,0.0,,50.3,85.1,,0.2,,,,,
544,327047,"Cantaloupe, raw, Region 2, C0009H, Pure Composite",2019-04-01,,,,,,,,,,,,,,,12.0,,,0.0,2760.0,,,,,,,,,,0.104,,0.0,,,,,,,,,,,,,,,,0.6,0.4,,7.0,1.72,0.0,,,1.37,,,,,,,,,0.52,,0.0,,,,15.0,0.0,,,,,,,,,,,,,,,,,,,13.6,,0.0,0.055,,,0.746,,,,,,,,,,,,,,,,,,,,,,,,,,,,,0.071,,20.0,,,,266.0,,,,,,,,0.036,,,,,,,,,,,,,,,,,,,,,3.2,,34.0,,,0.1,,,4.47,,,,,,,,,,0.048,,,,,,,,,,,,,,,,,,0.036,11.5,,,,,,,,,,,,,0.3,,,,,
545,327065,"Cantaloupe, raw, Region 3, C0009Q, Pure Composite",2019-04-01,,,,,,,0.63,0.11,,,,,,,12.0,,,0.0,1870.0,,,,,,,,,,0.204,,0.0,,,,,,,,,,,,,,,,0.4,0.4,,7.0,2.96,0.0,,,2.89,0.17,,,,,,,,0.45,,0.0,,,,22.0,0.0,,,,,,,,,,,,,,,,,,,13.8,,0.0,0.051,,,0.624,0.14,,,,,,,,,,,,,,,,,,,,,,,,,,,,0.071,,17.0,,,,156.0,,,,,,,,0.036,,,,,,,,,,,,,,,,,,,,,3.4,,58.0,,,0.0,,,1.63,,,,,,,,,,0.042,,,,,,,,,,,,0.18,,,,,,0.036,8.0,,,,,,,,,,,91.5,,0.37,,,,,
546,327085,"Cantaloupe, raw, Region 1, C0009G, Pure Composite",2019-04-01,,,,,,,0.735,0.12,,,,,,,10.0,,,0.0,2340.0,,,,,,,,,,0.148,,0.0,,,,,,,,,,,,,,,,0.4,0.4,,7.0,1.9,0.0,,,1.9,0.18,,,,,,,,0.64,,0.0,,,,20.0,0.0,,,,,,,,,,,,,,,,,,,12.5,,0.0,0.057,,,0.68,0.13,,,,,,,,,,,,,,,,,,,,,,,,,,,,0.129,,14.0,,,,245.0,,,,,,,,0.036,,,,,,,,,,,,,,,,,,,,,2.1,,45.0,,,0.0,,,3.54,,,,,,,,,,0.028,,,,,,,,,,,,0.18,,,,,,0.036,14.3,,,,,,,,,,,90.6,,0.34,,,,,
547,327105,"Cantaloupe, raw, Region 4, C0009R, Pure Composite",2019-04-01,,,,,,,0.73,,,,,,,,13.0,,,0.0,1980.0,,,,,,,,,,0.141,,0.0,,,,,,,,,,,,,,,,0.4,0.4,,15.0,3.0,0.0,,,2.85,,,,,,,,,0.36,,0.0,,,,25.0,0.0,,,,,,,,,,,,,,,,,,,18.2,,0.0,0.058,,,0.72,0.15,,,,,,,,,,,,,,,,,,,,,,,,,,,,0.071,,18.0,,,,221.0,,,,,,,,0.036,,,,,,,,,,,,,,,,,,,,,3.5,,45.0,,,0.0,,,1.57,,,,,,,,,,0.05,,,,,,,,,,,,0.23,,,,,,0.036,11.7,,,,,,,,,,,90.9,,0.31,,,,,
548,327124,"Cantaloupe, Raw, Pass 2, Region 4, Pure Composite, CY010H7",2019-04-01,,,,,,,0.71,,,,,,,,8.0,,,0.0,2860.0,,,,,,,,,,0.015,,0.0,,,,,,,,,,,,,,,,0.6,0.2,,,2.2,0.1,,,1.74,,,,,,,,,0.26,,0.0,,,,33.0,0.0,,,,,,,,,,,,,,,,,,,12.9,,0.0,0.037,,,0.754,0.16,,,,,,,,,,,,,,,,,,,,,,,,,,,,0.042,,24.0,,,,110.0,,,,,,,,0.02,,,,,,,,,,,,,,,,,,,,,0.5,,20.0,,,,,,4.08,,,,,,,,,,0.044,,,,,,,,,,,,0.32,,,,,,0.031,3.9,,,,,,,,0.0,,2.8,89.3,,0.33,,,,,
549,327142,"Cantaloupe, Raw, Pass 2, Region 2, Pure Composite, CY010HK",2019-04-01,,,,,,,0.6,,,,,,,,6.0,,,0.0,4710.0,,,,,,,,,,0.021,,0.0,,,,,,,,,,,,,,,,0.5,0.1,,24.0,2.31,0.13,,,1.75,,,,,,,,,0.29,,0.0,,,,51.0,0.0,,,,,,,,,,,,,,,,,,,14.0,,0.19,0.037,,,0.738,0.12,,,,,,,,,,,,,,,,,,,,,,,,,,,,0.062,,16.0,,,,90.0,,,,,,,,0.02,,,,,,,,,,,,,,,,,,,,,0.3,,16.0,,,,,,4.74,,,,,,,,,,0.08,,,,,,,,,,,,0.25,,,,,,0.068,10.5,,,,,,,,0.0,,1.6,88.8,,0.3,,,,,
550,327160,"Cantaloupe, Raw, Pass 2, Region 3, Pure Composite, CY010HL",2019-04-01,,,,,0.083,0.028,0.55,0.125,,,,,,,4.0,,,0.0,2990.0,,,,,,,,,,0.033,,0.0,,0.002,,,,,,,,,,,,,,0.6,0.2,,19.0,2.89,0.1,,,2.4,0.229,,0.021,,,0.013,,,0.32,0.018,0.0,0.024,,,46.0,0.0,0.024,,,,,,,,,,,,,,,,,,10.5,,0.0,0.037,0.013,,0.528,0.12,,,,,,,,,,,,,,,,,,,,,,,,,,,,0.075,0.021,11.0,,,,93.0,0.015,,,,,,,0.02,,,,,,,,,,,,,,,,,,,,,0.4,0.037,12.0,,,,,,2.82,,,,,,,,,,0.04,0.014,,,,,,,,,,,0.01,0.002,0.012,0.028,,,0.05,18.4,,,,,,,,0.0,,2.4,90.0,,0.36,,,,,
551,327179,"Cantaloupe, Raw, Pass 2, Region 1, Pure Composite, CY010H6",2019-04-01,,,,,0.071,0.02,0.45,0.097,,,,,,,9.0,,,0.0,2720.0,,,,,,,,,,0.015,,0.0,,0.002,,,,,,,,,,,,,,0.6,0.3,,21.0,2.22,0.12,,,1.73,0.118,,0.021,,,0.011,,,0.2,0.016,0.0,0.023,,,43.0,0.0,0.024,,,,,,,,,,,,,,,,,,8.4,,0.0,0.037,0.007,,0.76,0.1,,,,,,,,,,,,,,,,,,,,,,,,,,,,0.157,0.017,16.0,,,,76.0,0.016,,,,,,,0.015,,,,,,,,,,,,,,,,,,,,,0.2,0.031,10.0,,,,,,3.69,,,,,,,,,,0.058,0.014,,,,,,,,,,,0.14,0.002,0.011,0.026,,,0.028,8.7,,,,,,,,0.0,,4.0,90.4,,1.2,,,,,
552,327199,"Nectarines, Raw, Pass 2, Region 2, Pure Composite, CY010G5",2019-04-01,,,,,,,0.35,,,,,,,,0.0,,,0.0,253.0,,,,,,,,,,0.021,,159.0,,,,,,,,,,,,,,,,0.8,0.3,,8.0,1.54,0.0,,,1.74,,,,,,,,,0.13,,0.0,,,,171.0,0.0,,,,,,,,,,,,,,,,,,,7.8,,0.0,0.037,,,1.1,0.13,,,,,,,,,,,,,,,,,,,,,,,,,,,,0.123,,22.0,,,,74.0,,,,,,,,0.02,,,,,,,,,,,,,,,,,,,,,,,13.0,,,,,,4.48,,,,,,,,,,0.039,,,,,,,,,,,,0.7,,,,,,0.016,3.4,,,,,,,,0.0,,1.3,89.2,,0.31,,,,,
553,327217,"Fresh Nectarines, Region 2, C0006C, Pure composite",2019-04-01,,,,,,,0.52,,,,,,,,5.0,,,0.0,114.0,,,,,,,,,,0.175,,98.0,,,,,,,,,,,,,,,,0.7,0.5,,7.0,1.18,0.0,,,1.26,,,,,,,,,0.4,,0.0,,,,63.0,0.0,,,,,,,,,,,,,,,,,,,8.9,,0.0,0.059,,,0.812,0.16,,,,,,,,,,,,,,,,,,,,,,,,,,,,0.249,,22.0,,,,150.0,,,,,,,,0.028,,,,,,,,,,,,,,,,,,,,,,,16.0,,,0.15,,,5.01,,,,,,,,,,0.028,,,,,,,,,,,,0.13,,,,,,0.036,3.0,,,,,,,,,,,89.4,,0.14,,,,,
554,327236,"Fresh Nectarines, Region 4, C0006E, Pure composite",2019-04-01,,,,,,,0.52,,,,,,,,5.0,,,0.0,193.0,,,,,,,,,,0.123,,127.0,,,,,,,,,,,,,,,,0.9,0.7,,7.0,1.31,0.0,,,1.39,,,,,,,,,0.31,,0.0,,,,102.0,0.0,,,,,,,,,,,,,,,,,,,9.1,,0.0,0.059,,,1.08,0.19,,,,,,,,,,,,,,,,,,,,,,,,,,,,0.216,,27.0,,,,166.0,,,,,,,,0.028,,,,,,,,,,,,,,,,,,,,,,,17.0,,,0.0,,,4.97,,,,,,,,,,0.028,,,,,,,,,,,,0.17,,,,,,0.036,2.95,,,,,,,,,,,89.2,,0.2,,,,,
555,327258,"Nectarines, Raw, Pass 2, Region 1, Pure Composite, CY010G4",2019-04-01,,,,,0.035,0.017,0.44,0.615,,,,,,,0.0,,,0.0,331.0,,,,,,,,,,0.032,,149.0,,0.012,,,,,,,,,,,,,,1.0,0.7,,4.0,1.43,0.0,,,1.63,0.068,,0.023,,,0.016,,,0.24,0.018,0.0,0.028,,,245.0,0.0,0.031,,,,,,,,,,,,,,,,,,9.4,,0.0,0.037,0.013,,1.39,0.13,,,,,,,,,,,,,,,,,,,,,,,,,,,,0.125,0.021,30.0,,,,111.0,0.02,,,,,,,0.03,,,,,,,,,,,,,,,,,,,,,0.0,0.035,9.0,,,,,,4.23,,,,,,,,,,0.04,0.019,,,,,,,,,,,0.43,0.011,0.014,0.025,,,0.015,2.4,,,,,,,,0.0,,1.7,88.8,,0.18,,,,,
556,327278,"Fresh Nectarines, Region 3, C0006D, Pure composite",2019-04-01,,,,,0.0,0.0,0.47,0.552,,,,,,,,,,0.0,177.0,,,,,,,,,,,,115.0,,0.0,,,,,,,,,,,,,,0.9,0.7,,7.0,1.31,0.0,,,1.51,0.0,,0.0,,,0.0,,,,0.0,0.0,0.0,,,87.0,0.0,0.0,,,,,,,,0.0,,,0.0,,0.0,,,,,,,0.0,,0.0,,0.991,0.19,,0.0,,,0.0,,,,0.0,,,,,,,0.0,,,0.0,,0.0,,,,,,0.0,0.214,0.0,,,,,,0.0,,,,,,,0.028,0.0,,0.0,,0.0,0.0,0.0,0.0,0.0,0.0,,0.0,,0.0,0.0,,0.0,,0.0,,,0.0,,,,0.14,,,4.74,,,,,,,,,,0.028,0.0,0.01,0.03,0.04,,,,,,,0.14,0.23,0.0,0.0,0.0,,,0.036,2.8,,,,,,,0.61,,,,89.4,,,,,,,
557,327298,"Nectarines, Raw, Pass 2, Region 3, Pure Composite, CY010G6",2019-04-01,,,,,,,0.49,,,,,,,,0.0,,,0.0,157.0,,,,,,,,,,0.047,,85.0,,,,,,,,,,,,,,,,0.9,0.2,,3.0,1.43,0.0,,,1.65,,,,,,,,,0.21,,0.0,,,,117.0,0.0,,,,,,,,,,,,,,,,,,,8.8,,0.0,0.037,,,1.32,0.18,,,,,,,,,,,,,,,,,,,,,,,,,,,,0.156,,25.0,,,,153.0,,,,,,,,0.03,,,,,,,,,,,,,,,,,,,,,0.1,,5.0,,,,,,5.24,,,,,,,,,,0.049,,,,,,,,,,,,0.39,,,,,,0.012,3.2,,,,,,,,0.0,,2.3,88.9,,0.19,,,,,
558,327317,"Nectarines, Raw, Pass 2, Region 4, Pure Composite, CY010G7",2019-04-01,,,,,0.025,0.015,0.45,0.609,,,,,,,0.0,,,0.0,180.0,,,,,,,,,,0.044,,103.0,,0.007,,,,,,,,,,,,,,0.7,1.0,,3.0,1.53,0.0,,,1.98,0.058,,0.019,,,0.014,,,0.45,0.015,0.0,0.025,,,157.0,0.0,0.028,,,,,,,,,,,,,,,,,,8.6,,0.0,0.037,0.007,,1.32,0.2,,,,,,,,,,,,,,,,,,,,,,,,,,,,0.14,0.018,25.0,,,,114.0,0.015,,,,,,,0.02,,,,,,,,,,,,,,,,,,,,,,0.03,15.0,,,,,,4.74,,,,,,,,,,0.027,0.013,,,,,,,,,,,0.01,0.007,0.012,0.021,,,0.013,2.6,,,,,,,,0.0,,2.5,89.3,,0.26,,,,,
559,327336,"Fresh Nectarines, Region 1, C0006B, Pure composite",2019-04-01,,,,,0.0,0.0,0.6,0.49,,,,,,,6.0,,,0.0,189.0,,,,,,,,,,0.131,,102.0,,0.0,,,,,,,,,,,,,,0.9,0.6,,7.0,1.37,0.0,,,2.17,0.0,,0.0,,,0.0,,,0.35,0.0,0.0,0.0,,,96.0,0.0,0.0,,,,,,,,0.0,,,0.0,,0.0,,,,,8.9,,0.0,0.061,0.0,,0.979,0.18,,0.0,,,0.0,,,,0.0,,,,,,,0.0,,,0.0,,0.0,,,,,,0.0,0.259,0.0,28.0,,,,149.0,0.0,,,,,,,0.028,0.0,,0.0,,0.0,0.0,0.0,0.0,0.0,0.0,,0.0,,0.0,0.0,,0.0,,0.0,,,0.0,15.0,,,0.0,,,5.25,,,,,,,,,,0.028,0.0,,,,,,,,,,0.12,0.13,0.0,0.0,0.0,,,0.036,2.5,,,,,,,,,,,88.1,,0.16,,,,,
560,327358,"Oranges, Navel, Pass 2, Region 2, CY0109W, Yes",2019-04-01,,,,,,,0.37,,,,,,,,38.0,,,,,,,,,,,,,,0.075,,,,,,,,,,,,,,,,,,,,,8.0,2.59,,,,2.51,,,,,,,,,0.29,,0.0,,,,,,,,,,,,,,,,,,,,,,,,10.8,,0.0,0.041,,,0.414,0.16,,,,,,,,,,,,,,,,,,,,,,,,,,,,0.381,,24.0,,,,147.0,,,,,,,,0.06,,,,,,,,,,,,,,,,,,,,,,,21.0,,,,,,4.0,,,,,,,,,,0.113,,,,,,,,,,,,0.31,,,,,,0.077,64.5,,,,,,,,0.0,,0.0,87.9,,0.32,,,,,
561,327374,"Oranges, Navel, Pass 2, Region 4, CY0109Y, Yes",2019-04-01,,,,,0.03,0.1,0.42,0.12,,,,,,,40.0,,,,,,,,,,,,,,0.104,,,,0.01,,,,,,,,,,,,,,,,,8.0,1.86,,,,1.01,0.6,,0.02,,,0.01,,,0.91,0.01,0.0,0.02,,,,,0.03,,,,,,,,,,,,,,,,,,11.1,,0.0,0.037,0.007,,0.443,0.15,,,,,,,,,,,,,,,,,,,,,,,,,,,,0.258,0.12,25.0,,,,155.0,0.13,,,,,,,0.049,,,,,,,,,,,,,,,,,,,,,,0.03,16.0,,,,,,3.28,,,,,,,,,,0.088,0.02,,,,,,,,,,,0.24,0.01,0.01,0.02,,,0.099,51.8,,,,,,,,0.0,,0.0,87.8,,0.08,,,,,
562,327391,"Oranges, Navel, Pass 2, Region 3, CY0109X, Yes",2019-04-01,,,,,,,0.53,,,,,,,,42.0,,,,,,,,,,,,,,0.098,,,,,,,,,,,,,,,,,,,,,8.0,2.57,,,,2.56,,,,,,,,,0.34,,0.0,,,,,,,,,,,,,,,,,,,,,,,,11.3,,0.0,0.031,,,0.456,0.17,,,,,,,,,,,,,,,,,,,,,,,,,,,,0.383,,22.0,,,,155.0,,,,,,,,0.054,,,,,,,,,,,,,,,,,,,,,,,13.0,,,,,,4.05,,,,,,,,,,0.116,,,,,,,,,,,,0.05,,,,,,0.087,65.6,,,,,,,,0.0,,0.0,87.4,,0.09,,,,,
563,327408,"Oranges, Navel, Region 1, Pure Composite, CY0106Z",2019-04-01,,,,,0.025,0.089,0.46499999999999997,0.107,,,,,,,41.0,,,,,,,,,,,,,,0.03,,,,0.007,,,,,,,,,,,,,,1.7,0.2,1.9,37.0,2.03,0.0,,,1.97,0.056,,0.019,,,0.011,,,0.13,0.016,0.0,0.026,,,,,0.032,,,,,,,,,,,,,,,,,,10.2,,0.0,0.023,0.007,,0.353,0.10500000000000001,,,,,,,,,,,,,,,,,,,,,,,,,,,,0.19,0.016,24.0,,,,167.0,0.162,,,,,,,0.034,,,,,,,,,,,,,,,,,,,,,0.0,0.031,4.0,,,,,,4.67,,,,,,,,,,0.032,0.013,,,,,,,,,,,0.13,0.007,0.011,0.022,,,0.054,59.5,,,,,,,,0.0,,0.1,85.69999999999999,,0.06,,,,,
564,327428,"Oranges, Navel, Region 2, Pure Composite, CY01070",2019-04-01,,,,,,,0.38,,,,,,,,37.0,,,,,,,,,,,,,,0.04,,,,,,,,,,,,,,,,,,1.9,0.2,2.1,68.0,2.54,0.0,,,2.29,,,,,,,,,0.11,,0.0,,,,,,,,,,,,,,,,,,,,,,,,10.3,,0.0,0.017,,,0.395,0.15,,,,,,,,,,,,,,,,,,,,,,,,,,,,0.2,,22.0,,,,184.0,,,,,,,,0.064,,,,,,,,,,,,,,,,,,,,,0.1,,0.0,,,0.0,,,5.22,,,,,,,,,,0.027,,,,,,,,,,,,0.07,,,,,,0.059,56.4,,,,,,,,0.0,,0.0,85.45,,0.06,,,,,
565,327448,"Oranges, Navel, Region 4, Pure Composite, CY01072",2019-04-01,,,,,,,0.375,,,,,,,,46.0,,,,,,,,,,,,,,0.044,,,,,,,,,,,,,,,,,,1.9,0.2,2.0,26.0,2.7,0.0,,,2.39,,,,,,,,,0.13,,0.0,,,,,,,,,,,,,,,,,,,,,,,,10.0,,0.0,0.021,,,0.403,0.14,,,,,,,,,,,,,,,,,,,,,,,,,,,,0.21,,22.0,,,,168.0,,,,,,,,0.053,,,,,,,,,,,,,,,,,,,,,0.0,,0.0,,,,,,3.96,,,,,,,,,,0.029,,,,,,,,,,,,0.07,,,,,,0.062,56.0,,,,,,,,0.0,,0.1,86.25,,0.07,,,,,
566,327466,"Oranges, Navel, Region 3, Pure Composite, CY01071",2019-04-01,,,,,0.029,0.107,0.405,0.132,,,,,,,57.0,,,,,,,,,,,,,,0.043,,,,0.01,,,,,,,,,,,,,,1.8,0.2,2.0,39.0,2.15,0.0,,,2.04,0.071,,0.021,,,0.012,,,0.16,0.017,0.0,0.028,,,,,0.035,,,,,,,,,,,,,,,,,,10.2,,0.0,0.025,0.007,,0.468,0.12,,,,,,,,,,,,,,,,,,,,,,,,,,,,0.23,0.017,25.0,,,,188.0,0.168,,,,,,,0.038,,,,,,,,,,,,,,,,,,,,,0.1,0.035,0.0,,,,,,4.95,,,,,,,,,,0.039,0.015,,,,,,,,,,,0.185,0.007,0.013,0.025,,,0.063,64.9,,,,,,,,0.0,,0.1,85.85,,0.08,,,,,
567,327485,"Oranges, Navel, Pass 2, Region 1, CY0109V, Yes",2019-04-01,,,,,,,0.48,,,,,,,,42.0,,,,,,,,,,,,,,0.075,,,,,,,,,,,,,,,,,,,,,8.0,2.41,,,,1.38,,,,,,,,,0.6,,0.0,,,,,,,,,,,,,,,,,,,,,,,,11.7,,0.0,0.037,,,0.469,0.17,,,,,,,,,,,,,,,,,,,,,,,,,,,,0.236,,22.0,,,,162.0,,,,,,,,0.053,,,,,,,,,,,,,,,,,,,,,,,13.0,,,,,,3.4,,,,,,,,,,0.102,,,,,,,,,,,,0.12,,,,,,0.129,54.2,,,,,,,,0.0,,0.0,86.9,,0.08,,,,,
568,327502,"Strawberries, Fresh, Pass 2, Region 2, CY010CC, Yes",2019-04-01,,,,,,,0.35,,,,,,,,7.0,,,0.0,4.0,,,,,,,,,,0.156,,0.0,,,,,,,,,,,,,,,,0.9,1.1,2.0,7.0,,,,,,,,,,,,,,0.11,,0.0,,,,,0.0,,,,,,,,,,,,,,,,,,,12.0,,0.0,0.181,,,0.454,0.11,,,,,,,,,,,,,,,,,,,,,,,,,,,,0.123,,14.0,,,,66.0,,,,,,,,0.007,,,,,,,,,,,,,,,,,,,,,0.3,,2.0,,,0.0,,,0.07,,,,,,,,,,0.044,,,,,,,,,,,,0.25,,,,,,0.037,,,,,,,,,0.0,,2.0,90.7,,0.11,,,,,
569,327527,"Fresh Strawberries, Region 4, C0006A, Pure composite",2019-04-01,,,,,,,0.41,,,,,,,,18.0,,,0.0,5.0,,,,,,,,,,0.124,,0.0,,,,,,,,,,,,,,,,1.0,0.6,,7.0,2.59,0.0,,,2.46,,,,,,,,,0.33,,0.0,,,,13.0,0.0,,,,,,,,,,,,,,,,,,,13.4,,0.0,0.467,,,0.247,0.1,,,,,,,,,,,,,,,,,,,,,,,,,,,,0.138,,25.0,,,,140.0,,,,,,,,0.025,,,,,,,,,,,,,,,,,,,,,,,16.0,,,0.0,,,0.14,,,,,,,,,,0.02,,,,,,,,,,,,0.22,,,,,,0.036,56.0,,,,,,,,,,,92.2,,0.31,,,,,
570,327552,"Fresh Strawberries, Region 3, C00069, Pure composite",2019-04-01,,,,,0.0,0.0,0.49,0.136,,,,,,,16.0,,,0.0,12.0,,,,,,,,,,0.114,,0.0,,0.0,,,,,,,,,,,,,,0.9,0.6,,7.0,3.05,0.0,,,2.9,0.132,,0.0,,,0.0,,,0.46,0.0,0.0,0.0,,,43.0,0.0,0.0,,,,,,,,0.0,,,0.0,,0.0,,,,,12.3,,0.0,0.356,0.0,,0.339,0.11,,0.0,,,0.0,,,,0.0,,,,,,,0.0,,,0.0,,0.0,,,,,,0.0,0.146,0.0,26.0,,,,99.0,0.0,,,,,,,0.025,0.0,,0.0,,0.0,0.0,0.0,0.0,0.0,0.0,,0.0,,0.0,0.0,,0.0,,0.0,,,0.0,24.0,,,0.0,,,0.14,,,,,,,,,,0.02,0.0,,,,,,,,,,0.17,0.25,0.0,0.0,0.0,,,0.036,,,,,,,,,,,,91.4,,0.23,,,,,
571,327578,"Fresh Strawberries, Region 2, C00068, Pure composite",2019-04-01,,,,,,,0.44,,,,,,,,14.0,,,0.0,3.0,,,,,,,,,,0.036,,0.0,,,,,,,,,,,,,,,,1.0,0.5,,7.0,2.58,0.0,,,2.41,,,,,,,,,0.35,,0.0,,,,5.0,0.0,,,,,,,,,,,,,,,,,,,11.2,,0.0,0.317,,,0.316,0.09,,,,,,,,,,,,,,,,,,,,,,,,,,,,0.071,,22.0,,,,109.0,,,,,,,,0.025,,,,,,,,,,,,,,,,,,,,,,,12.0,,,0.12,,,0.14,,,,,,,,,,0.02,,,,,,,,,,,,0.13,,,,,,0.036,,,,,,,,,,,,91.6,,0.1,,,,,
572,327602,"Strawberries, Fresh, Pass 2, Region 1, CY010CB, Yes",2019-04-01,,,,,,,0.33,,,,,,,,4.0,,,,,,,,,,,,,,0.156,,,,,,,,,,,,,,,,,,0.6,1.6,2.1,8.0,,,,,,,,,,,,,,0.17,,0.0,,,,,,,,,,,,,,,,,,,,,,,,9.7,,0.0,0.238,,,0.494,0.08,,,,,,,,,,,,,,,,,,,,,,,,,,,,0.109,,9.0,,,,41.0,,,,,,,,0.007,,,,,,,,,,,,,,,,,,,,,,,3.0,,,0.0,,,0.07,,,,,,,,,,0.041,,,,,,,,,,,,0.32,,,,,,0.035,,,,,,,,,0.0,,1.7,89.5,,0.1,,,,,
573,327626,"Fresh Strawberries, Region 1, C00067, Pure composite",2019-04-01,,,,,0.0,0.0,0.48,0.136,,,,,,,14.0,,,0.0,7.0,,,,,,,,,,0.056,,0.0,,0.0,,,,,,,,,,,,,,0.9,0.6,,7.0,3.28,0.0,,,2.95,0.121,,0.0,,,0.0,,,0.39,0.0,0.0,0.0,,,26.0,0.0,0.0,,,,,,,,0.0,,,0.0,,0.0,,,,,11.7,,0.0,0.333,0.0,,0.386,0.11,,0.0,,,0.0,,,,0.0,,,,,,,0.0,,,0.0,,0.0,,,,,,0.0,0.143,0.0,22.0,,,,114.0,0.0,,,,,,,0.025,0.0,,0.0,,0.0,0.0,0.0,0.0,0.0,0.0,,0.0,,0.0,0.0,,0.0,,0.0,,,0.0,13.0,,,0.24,,,0.14,,,,,,,,,,0.02,0.0,,,,,,,,,,0.17,0.31,0.0,0.0,0.0,,,0.036,,,,,,,,,,,,91.0,,0.12,,,,,
574,327652,"Strawberries, Fresh, Pass 2, Region 4, CY010CE, Yes",2019-04-01,,,,,,,0.41,,,,,,,,12.0,,,0.0,10.0,,,,,,,,,,0.156,,0.0,,,,,,,,,,,,,,,,0.8,0.9,1.8,8.0,2.73,0.0,,,1.7,,,,,,,,,0.21,,0.0,,,,,0.0,,,,,,,,,,,,,,,,,,,13.0,,0.0,0.16,,,0.454,0.12,,,,,,,,,,,,,,,,,,,,,,,,,,,,0.139,,27.0,,,,85.0,,,,,,,,0.007,,,,,,,,,,,,,,,,,,,,,0.5,,7.0,,,0.0,,,0.07,,,,,,,,,,0.024,,,,,,,,,,,,0.26,,,,,,0.03,,,,,,,,,0.0,,2.8,91.1,,0.27,,,,,
575,327675,"Strawberries, Fresh, Pass 2, Region 3, CY010CD, Yes",2019-04-01,,,,,,,0.36,,,,,,,,11.0,,,,,,,,,,,,,,0.156,,,,,,,,,,,,,,,,,,1.0,0.1,1.1,8.0,2.78,0.0,,,1.9,,,,,,,,,0.22,,0.0,,,,,,,,,,,,,,,,,,,,,,,,10.8,,0.0,0.19,,,0.399,0.09,,,,,,,,,,,,,,,,,,,,,,,,,,,,0.107,,19.0,,,,59.0,,,,,,,,0.007,,,,,,,,,,,,,,,,,,,,,,,7.0,,,0.0,,,0.07,,,,,,,,,,0.007,,,,,,,,,,,,0.01,,,,,,0.034,,,,,,,,,0.0,,2.0,91.1,,0.22,,,,,
576,327700,"Lettuce, Romaine, fresh (FL1,MO1) - CY09070",2019-04-01,9.0,,5.0,41.0,,,,,,,,,,,,,,,,,,,,,,,,,,,,,,,,,,,,,,,,,,,,,,56.0,,,,,,,,,,,,,,,,,,,,,,,,,,,,,,,,,,,,,,,,,,,,,,,,,,,,,,,,,,,,,,,,,,,,,,,,,,,,,,,,,,,,,,,,,,,,,,,,,,,,,,,,,,,,,,,,,,,,,,,,,,,,,,,,,,,,,,,,,,,,,,,,,,,5.6,,,,,,,,,,,95.1,,,,,,,
577,327706,"Lettuce, Romaine, fresh (MI1,OK1) - CY09071",2019-04-01,9.0,,5.0,41.0,,,,,,,,,,,,,,,,,,,,,,,,,,,,,,,,,,,,,,,,,,,,,,55.0,,,,,,,,,,,,,,,,,,,,,,,,,,,,,,,,,,,,,,,,,,,,,,,,,,,,,,,,,,,,,,,,,,,,,,,,,,,,,,,,,,,,,,,,,,,,,,,,,,,,,,,,,,,,,,,,,,,,,,,,,,,,,,,,,,,,,,,,,,,,,,,,,,,9.3,,,,,,,,,,,94.4,,,,,,,
578,327713,"Lettuce, Romaine, fresh (AL1,CA1) - CY0906X",2019-04-01,10.0,,5.0,52.0,,,,,,,,,,,,,,,,,,,,,,,,,,,,,,,,,,,,,,,,,,,,,,67.0,,,,,,,,,,,,,,,,,,,,,,,,,,,,,,,,,,,,,,,,,,,,,,,,,,,,,,,,,,,,,,,,,,,,,,,,,,,,,,,,,,,,,,,,,,,,,,,,,,,,,,,,,,,,,,,,,,,,,,,,,,,,,,,,,,,,,,,,,,,,,,,,,,,7.2,,,,,,,,,,,94.3,,,,,,,
579,327720,"Lettuce, Romaine, fresh (IN1,NY1) - CY0906W",2019-04-01,11.0,,7.0,47.0,,,,,,,,,,,,,,,,,,,,,,,,,,,,,,,,,,,,,,,,,,,,,,65.0,,,,,,,,,,,,,,,,,,,,,,,,,,,,,,,,,,,,,,,,,,,,,,,,,,,,,,,,,,,,,,,,,,,,,,,,,,,,,,,,,,,,,,,,,,,,,,,,,,,,,,,,,,,,,,,,,,,,,,,,,,,,,,,,,,,,,,,,,,,,,,,,,,,6.8,,,,,,,,,,,94.4,,,,,,,
580,327728,"Lettuce, Romaine, fresh (CA2,NC1) - CY0906Y",2019-04-01,10.0,,5.0,41.0,,,,,,,,,,,,,,,,,,,,,,,,,,,,,,,,,,,,,,,,,,,,,,56.0,,,,,,,,,,,,,,,,,,,,,,,,,,,,,,,,,,,,,,,,,,,,,,,,,,,,,,,,,,,,,,,,,,,,,,,,,,,,,,,,,,,,,,,,,,,,,,,,,,,,,,,,,,,,,,,,,,,,,,,,,,,,,,,,,,,,,,,,,,,,,,,,,,,5.6,,,,,,,,,,,94.8,,,,,,,
581,327735,"Lettuce, Romaine, fresh (CO2,CT1) - CY0906Z",2019-04-01,8.0,,5.0,17.0,,,,,,,,,,,,,,,,,,,,,,,,,,,,,,,,,,,,,,,,,,,,,,29.0,,,,,,,,,,,,,,,,,,,,,,,,,,,,,,,,,,,,,,,,,,,,,,,,,,,,,,,,,,,,,,,,,,,,,,,,,,,,,,,,,,,,,,,,,,,,,,,,,,,,,,,,,,,,,,,,,,,,,,,,,,,,,,,,,,,,,,,,,,,,,,,,,,,7.5,,,,,,,,,,,94.6,,,,,,,
582,327742,"Romaine Lettuce, Pass 2, Pure Composite, CY01085",2019-04-01,,,,,0.05,0.05,0.49,0.14,,,,,,,,,,0.0,1770.0,,,,,,,,,,,,0.0,,0.01,,,,,,,,,,,,,,,,,39.0,,,,,,0.2,,0.04,,,0.02,,,,0.04,,0.07,,,931.0,0.0,0.07,,,,,,,,,,,,,,,,,,,,,,0.002,,0.33,0.21,,,,,,,,,,,,,,,,,,,,,,,,,,,,0.165,0.08,,0.0,0.0,,,0.04,,,,,,,0.067,,,,,,,,,,,,,,,,,,,,,0.2,0.05,,,,,,,,,,,,,,,,,,0.04,,,,,,,,,,,0.26,0.02,0.002,0.05,,,0.074,0.9,,,,,,,,0.0,,69.7,95.5,,,,,,,
583,327760,"Romaine Lettuce, Pass 2, Pure Composite, CY01084",2019-04-01,,,,,,,0.46,,,,,,,,32.0,,,,,,,,,,,,,,0.033,,,,,,,,,,,,,,,,,,1.5,0.1,1.6,31.0,,,,,,,,,,,,,,1.17,,,,,,,,,,,,,,,,,,,,,,,,,,11.1,,,0.224,,,0.291,0.16,,,,,,,,,,,,,,,,,,,,,,,,,,,,0.111,,29.0,,,,234.0,,,,,,,,0.063,,,,,,,,,,,,,,,,,,,,,0.7,,,,,,,,,,,,,,,,,,0.058,,0.0,0.0,0.17,0.03,0.0,0.0,0.0,,,,0.16,,,,,,0.088,0.8,,,,,,,0.04,0.0,,76.9,95.0,,0.22,,,,,
584,327781,"Romaine Lettuce, Pass 2, Pure Composite, CY01082",2019-04-01,,,,,0.07,0.05,0.55,0.15,,,,,,,28.0,,,,,,,,,,,,,,0.042,,,,0.01,,,,,,,,,,,,,,1.3,0.44999999999999996,1.75,35.0,,,,,,0.18,,0.06,,,0.02,,,0.85,0.05,,0.08,,,,,0.06,,,,,,,,,,,,,,,,,,12.4,,,0.042,0.02,,0.315,0.21,,,,,,,,,,,,,,,,,,,,,,,,,,,,0.162,0.09,32.0,,,,240.0,0.05,,,,,,,0.069,,,,,,,,,,,,,,,,,,,,,0.3,0.05,,,,,,,,,,,,,,,,,0.08,0.05,0.0,0.0,0.13,0.0,0.0,0.0,0.0,,,,0.28,0.02,0.03,0.06,,,0.079,2.7,,,,,,,0.11,0.0,,111.0,95.3,,0.33,,,,,
585,327803,"Romaine Lettuce, Pass 2, Pure Composite, CY01083",2019-04-01,,,,,,,0.48,,,,,,,,30.0,,,0.0,2670.0,,,,,,,,,,0.042,,0.0,,,,,,,,,,,,,,,,1.4,0.3,1.7,37.0,,,,,,,,,,,,,,1.54,,,,,,1320.0,0.0,,,,,,,,,,,,,,,,,,,13.9,,,0.042,,,0.315,0.19,,,,,,,,,,,,,,,,,,,,,,,,,,,,0.14,,27.0,0.0,0.0,,240.0,,,,,,,,0.083,,,,,,,,,,,,,,,,,,,,,0.5,,,,,,,,,,,,,,,,,,0.074,,0.0,0.0,0.26,0.0,0.0,0.0,0.0,,,,0.21,,,,,,0.103,2.9,,,,,,,0.21,0.0,,129.0,94.4,,0.19,,,,,
586,327826,"Romaine Lettuce, Region 1, Pure Composite, CY0104V",2019-04-01,,,,,,,0.65,,,,,,,,38.0,,,0.0,8750.0,,,,,,,,,,0.055,,0.0,,,,,,,,,,,,,,,,2.0,0.0,2.0,66.0,0.76,0.0,,,0.43,,,,,,,,,0.84,,0.0,,,,1910.0,0.0,,,,,,,,,,,,,,,,,,,15.2,,0.0,0.16,,,0.36,0.23,,,,,,,,,,,,,,,,,,,,,,,,,,,,0.183,,31.0,0.0,0.0,,273.0,,,,,,,,0.08,,,,,,,,,,,,,,,,,,,,,0.3,,,,,0.0,,,0.0,,,,,,,,,,0.092,,0.01,0.01,0.6,0.06,0.0,0.0,0.0,,,,0.31,,,,,,0.076,4.7,,,,,,,0.24,0.0,,116.0,94.3,,0.25,,,,,
587,327851,"Romaine Lettuce, Region 2, Pure Composite, CY0104W",2019-04-01,,,,,0.052,0.06,0.68,0.14,,,,,,,42.0,,,0.0,6340.0,,,,,,,,,,0.062,,0.0,,0.002,,,,,,,,,,,,,,1.8,0.0,1.8,57.0,0.68,0.0,,,0.14,0.175,,0.047,,,0.023,,,0.64,0.044,0.0,0.075,,,4040.0,0.0,0.062,,,,,,,,,,,,,,,,,,14.7,,0.0,0.149,0.019,,0.311,0.19,,,,,,,,,,,,,,,,,,,,,,,,,,,,0.166,0.046,29.0,0.0,0.0,,272.0,0.043,,,,,,,0.08,,,,,,,,,,,,,,,,,,,,,,0.051,,,,0.0,,,0.0,,,,,,,,,,0.088,0.042,0.0,0.01,0.39,0.06,0.0,0.0,0.0,,,,0.31,0.002,0.032,0.055,,,0.071,5.2,,,,,,,0.18,0.0,,100.0,94.8,,0.26,,,,,
588,327875,"Romaine Lettuce, Region 3, Pure Composite, CY0104X",2019-04-01,,,,,0.054,0.056,0.56,0.128,,,,,,,36.0,,,0.0,5260.0,,,,,,,,,,0.059,,0.0,,0.002,,,,,,,,,,,,,,1.8,0.0,1.8,56.0,0.95,0.0,,,0.52,0.161,,0.049,,,0.021,,,0.76,0.045,0.0,0.078,,,2310.0,0.0,0.063,,,,,,,,,,,,,,,,,,13.9,,0.0,0.144,0.017,,0.35,0.18,,,,,,,,,,,,,,,,,,,,,,,,,,,,0.12,0.05,30.0,0.0,0.0,,253.0,0.048,,,,,,,0.05,,,,,,,,,,,,,,,,,,,,,0.5,0.051,,,,0.0,,,0.0,,,,,,,,,,0.08,0.042,0.0,0.01,0.31,0.01,0.0,0.0,0.0,,,,0.23,0.002,0.034,0.055,,,0.068,3.4,,,,,,,0.08,0.0,,108.0,94.3,,0.24,,,,,
589,327899,"Romaine Lettuce, Region 4, Pure Composite, CY0104Y",2019-04-01,,,,,,,0.55,,,,,,,,40.0,,,0.0,6580.0,,,,,,,,,,0.042,,0.0,,,,,,,,,,,,,,,,2.0,0.0,2.0,58.0,0.81,0.0,,,0.46,,,,,,,,,0.84,,0.0,,,,3360.0,0.0,,,,,,,,,,,,,,,,,,,14.4,,0.0,0.128,,,0.31,0.21,,,,,,,,,,,,,,,,,,,,,,,,,,,,0.11,,29.0,0.0,0.0,,261.0,,,,,,,,0.08,,,,,,,,,,,,,,,,,,,,,0.4,,,,,0.0,,,0.0,,,,,,,,,,0.08,,0.0,0.01,0.35,0.01,0.0,0.0,0.0,,,,0.34,,,,,,0.064,2.4,,,,,,,0.13,0.0,,109.0,94.4,,0.27,,,,,
590,327924,"Cheddar cheese, sliced, CRACKER BARREL (NY,NC) - CY120I5",2019-04-01,,,,,,,3.64,,,,,,,,659.0,,,,,,,,,,,,,,0.028,,,,,,,,,,,,,,,,,,,,,,,,,,,,,,,,,,,0.18,,,,,,,,,,,,0.0,,0.467,0.075,,7.2,,0.061,,,0.0,,,0.0,24.8,,,0.026,,,,3.65,,,0.183,0.777,,0.164,0.0,0.004,0.0,,0.008,,0.0,0.035,0.0,0.041,,,0.012,,0.0,,0.006,,0.023,,0.0,,,435.0,,,,86.0,,,,,,,,,0.881,0.0,0.998,,3.36,0.352,9.4,0.225,3.48,0.054,,0.014,,0.009,0.717,,0.0,,0.372,,,,608.0,,,,,,,,,0.115,0.875,,0.255,,,0.0,,,,,,,,,,,,,35.9,,,,,,,,,,,,,,,,,,34.8,,3.54,,,,,
591,327936,"Cheddar cheese, sliced, TILLAMOOK (CO,CA1) - CY120I3",2019-04-01,,,,,,,3.72,,,,,,,,747.0,,,,,,,,,,,,,,0.039,,,,,,,,,,,,,,,,,,,,,,,,,,,,,,,,,,,0.13,,,,,,,,,,,,0.0,,0.372,0.062,,6.37,,0.069,,,0.002,,,0.0,27.9,,,0.028,,,,3.85,,,0.121,0.781,,0.11,0.003,0.003,0.0,,0.007,,0.001,0.042,0.0,0.054,,,0.01,,0.0,,0.01,,0.018,,0.002,,,492.0,,,,77.0,,,,,,,,,0.951,0.0,1.09,,3.36,0.39,9.15,0.222,3.61,0.052,,0.014,,0.01,0.685,,0.609,,0.385,,,,686.0,,,,,,,,,0.117,0.772,,0.21,,,0.0,,,,,,,,,,,,,36.2,,,,,,,,,,,,,,,,,,33.0,,3.81,,,,,
592,327948,"Cheddar cheese, sliced, CRACKER BARREL (FL,MO) - CY120I7",2019-04-01,,,,,,,3.59,,,,,,,,673.0,,,,,,,,,,,,,,0.025,,,,,,,,,,,,,,,,,,,,,,,,,,,,,,,,,,,0.14,,,,,,,,,,,,0.0,,0.453,0.074,,6.73,,0.064,,,0.003,,,0.0,26.9,,,0.021,,,,3.44,,,0.175,0.736,,0.165,0.0,0.004,0.0,,0.007,,0.002,0.033,0.0,0.048,,,0.015,,0.002,,0.007,,0.024,,0.003,,,426.0,,,,89.0,,,,,,,,,0.881,0.0,1.02,,3.33,0.352,9.23,0.214,3.24,0.052,,0.014,,0.01,0.686,,0.598,,0.375,,,,650.0,,,,,,,,,0.107,0.77,,0.246,,,0.0,,,,,,,,,,,,,37.6,,,,,,,,,,,,,,,,,,35.7,,3.29,,,,,
593,327960,"Cheddar cheese, sliced, CRACKER BARREL (AL,CT) - CY120I6",2019-04-01,,,,,,,3.51,,,,,,,,661.0,,,,,,106.0,,,,,,,,0.037,,,,,,,,,,,,,,,,,,,,,,,,,,,,,,,,,,,0.11,,,,,,,,,,,,0.0,,0.439,0.076,,7.48,,0.072,,,0.002,,,0.0,24.4,,,0.027,,,0.05,3.55,,,0.182,0.825,,0.161,0.0,0.004,0.0,,0.008,,0.002,0.04,0.0,0.051,,,0.014,,0.0,,0.009,,0.023,,0.001,,,446.0,,,,74.0,,,,,,,,0.47,0.862,0.0,0.99,,3.29,0.346,9.27,0.231,3.83,0.059,,0.016,,0.01,0.711,,0.591,,0.364,,23.3,,640.0,,,,,,,,,0.121,0.917,,0.269,,,0.0,0.03,,0.0,0.0,0.08,0.0,0.0,0.0,0.0,,,,36.6,,,,,0.92,0.078,,,,,,,,0.76,,,,35.7,,3.66,,,,,
594,327980,"Cheddar cheese, sliced, CRACKER BARREL (MI) - CY120I8",2019-04-01,,,,,,,3.53,,,,,,,,646.0,,,,,,104.0,,,,,,,,0.038,,,,,,,,,,,,,,,,,,,,,18.0,,,,,,,,,,,,,,0.17,,,,,,,,,,,,0.0,,0.468,0.076,,7.25,,0.06,,,0.0,,,0.0,23.7,,,0.028,,,0.03,3.58,,,0.185,0.788,,0.171,0.0,0.004,0.0,,0.008,,0.0,0.034,0.0,0.054,,,0.016,,0.001,,0.007,,0.024,,0.0,0.46,,423.0,,,,73.0,,,,,,,,0.49,0.899,0.0,1.02,,3.38,0.352,9.34,0.226,3.53,0.056,,0.014,,0.01,0.717,,0.607,,0.377,,24.4,,619.0,,,,,,,,,0.117,0.889,,0.273,,,0.0,0.03,,0.0,0.0,0.05,0.0,0.0,0.0,0.0,,,,36.0,,,,,1.2,0.08,,,,,,,,0.7,,,,36.3,,3.57,,,,,
595,327998,"Cheddar cheese, sliced, SARGENTO SHARP  (NY) - CY120I9",2019-04-01,,,,,,,3.77,,,,,,,,715.0,,,,,,,,,,,,,,0.039,,,,,,,,,,,,,,,,,,,,,,,,,,,,,,,,,,,0.16,,,,,,,,,,,,0.0,,0.319,0.048,,6.0649999999999995,,0.053500000000000006,,,0.001,,,0.0,25.6,,,0.026,,,,4.01,,,0.1555,0.751,,0.0905,0.0015,0.003,0.0,,0.007,,0.001,0.0335,0.0,0.0455,,,0.006,,0.0015,,0.008,,0.0125,,0.0,,,481.0,,,,58.0,,,,,,,,,0.8525,0.0,0.9245,,2.855,0.2865,7.865,0.161,3.425,0.041499999999999995,,0.012499999999999999,,0.006999999999999999,0.709,,0.6,,0.3695,,,,640.0,,,,,,,,,0.08549999999999999,0.7845,,0.1995,,,0.0,,,,,,,,,,,,,33.6,,,,,,,,,,,,,,,,,,34.7,,3.85,,,,,
596,328008,"Cheddar cheese, sliced, SARGENTO NATURAL SHARP CHEDDAR DELI STYLE (CA2,IN) - CY120IB",2019-04-01,,,,,,,3.42,,,,,,,,701.0,,,,,,,,,,,,,,0.031,,,,,,,,,,,,,,,,,,,,,,,,,,,,,,,,,,,0.17,,,,,,,,,,,,0.0,,0.437,0.069,,6.73,,0.057,,,0.0,,,0.0,27.1,,,0.024,,,,3.57,,,0.185,0.738,,0.158,0.0,0.003,0.0,,0.007,,0.0,0.033,0.0,0.048,,,0.013,,0.0,,0.006,,0.02,,0.002,,,442.0,,,,94.0,,,,,,,,,0.802,0.0,0.917,,3.1,0.328,8.76,0.206,3.2,0.048,,0.011,,0.008,0.645,,0.545,,0.338,,,,587.0,,,,,,,,,0.109,0.836,,0.248,,,0.0,,,,,,,,,,,,,33.7,,,,,,,,,,,,,,,,,,38.2,,3.69,,,,,
597,328020,"Cheddar cheese, sliced, TILLAMOOK (CA2,IN) - CY120I4",2019-04-01,,,,,,,3.74,,,,,,,,728.0,,,,,,104.0,,,,,,,,0.029,,,,,,,,,,,,,,,,,,,,,14.0,0.0,0.07,,,0.0,,,,,,,,,0.14,,0.18,,,,,,,,,,0.0,,0.373,0.061,,6.32,,0.071,,,0.003,,,0.0,27.5,,0.0,0.024,,,0.05,3.84,,,0.186,0.704,,0.148,0.0,0.004,0.002,,0.007,,0.002,0.034,0.0,0.045,,,0.012,,0.006,,0.007,,0.022,,0.002,0.46,,484.0,,,,94.0,,,,,,,356.0,0.55,0.95,0.0,1.08,,3.34,0.346,9.02,0.208,3.63,0.058,,0.016,,0.011,0.697,,0.636,,0.403,,22.7,,636.0,,,,,,0.0,,,0.124,0.821,,0.227,,,0.0,0.03,,0.0,0.0,0.04,0.0,0.0,0.0,0.0,,,,37.3,,,,,0.85,0.074,,,,,,,,0.76,0.0,8.6,2.3,32.8,,3.72,,,,,
598,328045,"Cheddar cheese, sliced, storebrand, KROGER (IN,MI) - CY120ID",2019-04-01,,,,,,,3.44,,,,,,,,673.0,,,,,,,,,,,,,,0.037,,,,,,,,,,,,,,,,,,,,,,,,,,,,,,,,,,,0.2,,,,,,,,,,,,0.0,,0.461,0.069,,6.4,,0.061,,,0.001,,,0.0,25.0,,,0.058,,,,3.77,,,0.162,0.691,,0.157,0.0,0.004,0.001,,0.007,,0.003,0.031,0.0,0.045,,,0.012,,0.0,,0.007,,0.024,,0.001,,,467.0,,,,77.0,,,,,,,,,0.898,0.0,1.04,,3.3,0.347,9.18,0.211,3.01,0.047,,0.012,,0.008,0.679,,0.593,,0.375,,,,644.0,,,,,,,,,0.102,0.727,,0.231,,,0.0,,,,,,,,,,,,,34.6,,,,,,,,,,,,,,,,,,34.9,,3.85,,,,,
599,328057,"Cheddar cheese, sliced, store brand, CRYSTAL FARMS & SHULLSBURG WISCONSIN (MO,NY) - CY120IF",2019-04-01,,,,,,,3.68,,,,,,,,695.0,,,,,,,,,,,,,,0.045,,,,,,,,,,,,,,,,,,,,,,,,,,,,,,,,,,,0.18,,,,,,,,,,,,0.0,,0.4205,0.062,,6.235,,0.0595,,,0.001,,,0.0,26.7,,,0.036,,,,3.77,,,0.16849999999999998,0.679,,0.15949999999999998,0.0025,0.004,0.0,,0.006500000000000001,,0.004,0.028999999999999998,0.0,0.046,,,0.0125,,0.0015,,0.006,,0.0225,,0.0,,,467.0,,,,73.0,,,,,,,,,0.8045,0.0,0.9159999999999999,,3.035,0.3145,8.36,0.1935,3.065,0.045,,0.015,,0.0095,0.6379999999999999,,0.5389999999999999,,0.3365,,,,619.0,,,,,,,,,0.0975,0.7205,,0.22,,,0.0,,,,,,,,,,,,,33.4,,,,,,,,,,,,,,,,,,35.1,,3.82,,,,,
600,328070,"Cheddar cheese, sliced, SARGENTO SHARP  (AL,CA1) - CY120IA",2019-04-01,,,,,,,3.66,,,,,,,,729.0,,,,,,99.0,,,,,,,,0.035,,,,,,,,,,,,,,,,,,,,,30.0,0.0,0.07,,,0.0,,,,,,,,,0.13,,0.18,,,,,,,,,,0.0,,0.339,0.053,,6.5,,0.057,,,0.002,,,0.0,27.2,,0.0,0.018,,,0.04,3.87,,,0.165,0.776,,0.089,0.0,0.003,0.0,,0.007,,0.002,0.036,0.0,0.047,,,0.012,,0.001,,0.01,,0.014,,0.0,0.48,,460.0,,,,70.0,,,,,,,249.0,0.41,0.833,0.0,0.937,,2.96,0.302,8.37,0.182,3.66,0.048,,0.012,,0.008,0.679,,0.575,,0.358,,28.5,,650.0,,,,,,0.0,,,0.097,0.845,,0.225,,,0.0,0.02,,0.0,0.0,0.07,0.0,0.0,0.0,0.0,,,,33.7,,,,,0.88,0.076,,,,,,,,0.77,,,,35.8,,3.69,,,,,
601,328094,"Cheddar cheese, sliced, SARGENTO SHARP  (CT,MI) - CY120IC",2019-04-01,,,,,,,3.72,,,,,,,,728.0,,,,,,98.0,,,,,,,,0.039,,,,,,,,,,,,,,,,,,,,,,,,,,,,,,,,,,,0.14,,,,,,,,,,,,0.0,,0.356,0.051,,6.57,,0.064,,,0.002,,,0.0,28.2,,,0.019,,,0.03,3.84,,,0.162,0.807,,0.089,0.002,0.003,0.0,,0.007,,0.003,0.037,0.0,0.053,,,0.008,,0.002,,0.008,,0.014,,0.0,,,459.0,,,,76.0,,,,,,,,0.47,0.85,0.0,0.949,,2.99,0.305,8.47,0.183,3.73,0.048,,0.015,,0.009,0.671,,0.566,,0.354,,29.5,,671.0,,,,,,,,,0.098,0.844,,0.213,,,0.0,0.03,,0.0,0.0,0.06,0.0,0.0,0.0,0.0,,,,33.3,,,,,0.78,0.068,,,,,,,,0.79,,,,37.0,,3.78,,,,,
602,328114,"Cheddar cheese, sliced, store brand, SUNNYSIDE FARMS DELI STYLE SLICED MEDIUM (CA2) - CY120IH",2019-04-01,,,,,,,3.65,,,,,,,,702.0,,,,,,,,,,,,,,0.029,,,,,,,,,,,,,,,,,,,,,,,,,,,,,,,,,,,0.23,,,,,,,,,,,,0.0,,0.35,0.049,,6.42,,0.058,,,0.0,,,0.0,27.4,,,0.023,,,,3.7,,,0.151,0.824,,0.085,0.0,0.003,0.0,,0.007,,0.0,0.041,0.0,0.054,,,0.008,,0.0,,0.01,,0.013,,0.0,,,451.0,,,,66.0,,,,,,,,,0.966,0.0,1.09,,3.17,0.344,8.76,0.189,3.77,0.046,,0.011,,0.007,0.674,,0.607,,0.396,,,,682.0,,,,,,,,,0.093,0.876,,0.215,,,0.0,,,,,,,,,,,,,34.9,,,,,,,,,,,,,,,,,,36.4,,3.7,,,,,
603,328122,"Cheddar cheese, sliced, store brand, HYVEE CRACKER CUTS & PUBLIX (FL,MO) - CY120IJ",2019-04-01,,,,,,,3.69,,,,,,,,705.0,,,,,,,,,,,,,,0.032,,,,,,,,,,,,,,,,,,,,,,,,,,,,,,,,,,,0.12,,,,,,,,,,,,0.0,,0.448,0.065,,6.28,,0.058,,,0.0,,,0.0,25.9,,,0.023,,,,3.82,,,0.177,0.637,,0.117,0.0,0.004,0.0,,0.005,,0.0,0.03,0.0,0.047,,,0.01,,0.003,,0.007,,0.017,,0.0,,,471.0,,,,71.0,,,,,,,,,0.803,0.0,0.931,,3.11,0.335,8.97,0.197,2.95,0.047,,0.012,,0.008,0.662,,0.554,,0.341,,,,662.0,,,,,,,,,0.108,0.744,,0.237,,,0.0,,,,,,,,,,,,,32.9,,,,,,,,,,,,,,,,,,37.1,,3.76,,,,,
604,328130,"Cheddar cheese, sliced, store brand, LUCERNE SLICED SHARP CHEDDAR NATURAL CHEESE (CO,CA1) - CY120IE",2019-04-01,,,,,,,3.76,,,,,,,,702.0,,,,,,97.0,,,,,,,,0.034,,,,,,,,,,,,,,,,,,,,,24.0,,,,,,,,,,,,,,0.15,,,,,,,,,,,,0.0,,0.316,0.051,,6.42,,0.052,,,0.0,,,0.0,27.0,,,0.018,,,0.04,3.78,,,0.17,0.803,,0.091,0.0,0.003,0.0,,0.007,,0.0,0.037,0.0,0.055,,,0.007,,0.003,,0.01,,0.013,,0.0,0.48,,450.0,,,,78.0,,,,,,,,0.33,0.894,0.0,0.991,,3.02,0.301,8.1,0.185,3.68,0.049,,0.014,,0.009,0.652,,0.575,,0.369,,28.8,,648.0,,,,,,,,,0.097,0.849,,0.225,,,0.0,0.03,,0.0,0.0,0.06,0.0,0.0,0.0,0.0,,,,32.8,,,,,0.93,0.084,,,,,,,,0.74,0.0,8.6,2.4,37.1,,3.56,,,,,
605,328153,"Cheddar cheese, sliced, store brand, GREAT VALUE DELI STYLE SLICED SHARP  (AL,OK) - CY120IG",2019-04-01,,,,,,,3.79,,,,,,,,710.0,,,,,,97.0,,,,,,,,0.035,,,,,,,,,,,,,,,,,,,,,,,,,,,,,,,,,,,0.22,,,,,,,,,,,,0.0,,0.346,0.054,,6.14,,0.055,,,0.001,,,0.0,29.8,,,0.033,,,0.08,3.78,,,0.16,0.764,,0.096,0.0,0.003,0.0,,0.006,,0.002,0.037,0.0,0.05,,,0.007,,0.002,,0.01,,0.015,,0.0,0.47,,472.0,,,,81.0,,,,,,,266.0,0.44,0.857,0.0,0.982,,2.92,0.341,8.01,0.185,3.24,0.044,,0.011,,0.008,0.648,,0.565,,0.36,,33.1,,699.0,,,,,,,,,0.095,0.783,,0.208,,,0.0,0.03,,0.0,0.0,0.04,0.0,0.0,0.0,0.0,,,,33.5,,,,,1.2,0.072,,,,,,,,0.94,,,,35.1,,3.77,,,,,
606,328175,"Cheddar cheese, sliced, store brand, PUBLIX & SHOPRITE (CT,FL) - CY120II",2019-04-01,,,,,,,3.84,,,,,,,,735.0,,,,,,99.0,,,,,,,,0.034,,,,,,,,,,,,,,,,,,,,,,,,,,,,,,,,,,,0.13,,,,,,,,,,,,0.0,,0.492,0.066,,6.52,,0.06,,,0.002,,,0.0,26.9,,,0.019,,,0.04,3.98,,,0.198,0.607,,0.107,0.002,0.004,0.0,,0.006,,0.005,0.03,0.0,0.046,,,0.01,,0.004,,0.007,,0.02,,0.001,,,469.0,,,,85.0,,,,,,,,0.34,0.764,0.0,0.891,,3.1,0.317,9.27,0.189,2.96,0.044,,0.012,,0.009,0.655,,0.534,,0.325,,24.4,,693.0,,,,,,,,,0.113,0.785,,0.241,,,0.0,0.03,,0.0,0.0,0.06,0.0,0.0,0.0,0.0,,,,32.9,,,,,0.93,0.078,,,,,,,,0.74,,,,35.2,,3.93,,,,,
607,328191,"Cheddar cheese, sliced, store brand, FOOD LION (NC) - CY120IK",2019-04-01,,,,,,,3.83,,,,,,,,708.0,,,,,,101.0,,,,,,,,0.034,,,,,,,,,,,,,,,,,,,,,,,,,,,,,,,,,,,0.28,,,,,,,,,,,,0.0,,0.387,0.061,,6.37,,0.062,,,0.0,,,0.0,26.2,,,0.023,,,0.03,3.86,,,0.191,0.727,,0.17,0.0,0.004,0.0,,0.007,,0.0,0.032,0.0,0.051,,,0.015,,0.004,,0.007,,0.024,,0.0,0.52,,461.0,,,,79.0,,,,,,,,0.48,0.859,0.0,0.975,,3.19,0.33,8.4,0.2,3.3,0.051,,0.013,,0.01,0.644,,0.56,,0.354,,26.3,,674.0,,,,,,,,,0.109,0.815,,0.24,,,0.0,0.03,,0.0,0.0,0.0,0.0,0.0,0.0,0.0,,,,33.3,,,,,0.86,0.087,,,,,,,,0.78,,,,36.0,,3.79,,,,,
608,328208,"Cheese, cheddar, natural shredded sharp, store brand, GREAT VALUE (CA1, NE) -  CY121GY",2019-04-01,,,,,,,3.9,,,,,,,,668.0,,,,,,98.0,,,,,,,,0.018,,,,,,,,,,,,,,,,,,,,,,,,,,,,,,,,,,,0.13,,,,,,,,,,,,0.0,,0.368,0.054,,6.54,,0.067,,,0.002,,,0.002,27.0,,,0.03,,,0.05,3.46,,,0.159,0.86,,0.098,0.003,0.0,0.001,,0.007,,0.0,0.041,0.0,0.059,,,0.01,,0.002,,0.01,,0.017,,0.003,0.45,,446.0,,,,68.0,,,,,,,,0.37,0.823,0.0,0.922,,2.86,0.314,8.78,0.186,3.5,0.048,,0.015,,0.009,0.635,,0.535,,0.339,,27.7,,743.0,,,,,,,,,0.098,0.842,,0.206,,,0.0,0.03,,,,,,,,,,,,33.1,,,,,1.3,0.059,,,,,,,,,0.0,7.9,2.6,36.5,,3.56,,,,,
609,328227,"Cheese, cheddar, natural shredded mild, KRAFT (KY, NE, NC) -  CY121GM",2019-04-01,,,,,,,3.45,,,,,,,,722.0,,,,,,95.0,,,,,,,,0.033,,,,,,,,,,,,,,,,,,,,,,,,,,,,,,,,,,,0.18,,,,,,,,,,,,0.0,,0.43,0.062,,6.18,,0.066,,,0.002,,,0.0,25.2,,,0.034,,,0.09,3.54,,,0.153,0.654,,0.101,0.002,0.003,0.0,,0.007,,0.0,0.034,0.0,0.049,,,0.01,,0.002,,0.007,,0.016,,0.0,0.38,,447.0,,,,62.0,,,,,,,309.0,0.39,0.842,0.0,0.973,,3.12,0.324,8.94,0.194,3.04,0.049,,0.015,,0.01,0.623,,0.539,,0.344,,30.3,,575.0,,,,,,,,,0.094,0.674,,0.192,,,0.0,0.02,,0.0,0.0,0.0,0.0,0.0,0.0,0.0,,,,32.7,,,,,1.1,0.066,,,,,,,,0.66,0.0,8.6,2.2,38.1,,3.72,,,,,
610,328248,"Cheese, cheddar, natural shredded sharp, KRAFT (AZ, IN , GA) -  CY121GU",2019-04-01,,,,,,,3.87,,,,,,,,752.0,,,,,,103.0,,,,,,,,0.03,,,,,,,,,,,,,,,,,,,,,,,,,,,,,,,,,,,0.17,,,,,,,,,,,,0.0,,0.477,0.07,,6.73,,0.067,,,0.0,,,0.0,26.2,,,0.03,,,0.04,3.49,,,0.173,0.723,,0.124,0.003,0.004,0.002,,0.007,,0.0,0.034,0.0,0.051,,,0.011,,0.002,,0.007,,0.02,,0.002,0.48,,458.0,,,,84.0,,,,,,,,0.41,0.81,0.0,0.944,,3.2,0.336,9.2,0.205,3.22,0.048,,0.017,,0.009,0.615,,0.53,,0.328,,24.8,,636.0,,,,,,,,,0.111,0.808,,0.239,,,0.0,0.03,,,,,,,,,,,,34.1,,,,,1.2,0.065,,,,,,,,,,,,36.2,,3.71,,,,,
611,328266,"Cheese, cheddar, natural shredded sharp, store brand (AZ, GA, NC, PA) -  CY121GX",2019-04-01,,,,,,,3.8,,,,,,,,708.0,,,,,,99.0,,,,,,,,0.027,,,,,,,,,,,,,,,,,,,,,,,,,,,,,,,,,,,0.13,,,,,,,,,,,,0.0,,0.384,0.055,,6.44,,0.063,,,0.002,,,0.0,26.3,,,0.022,,,0.03,3.51,,,0.175,0.795,,0.093,0.003,0.003,0.0,,0.007,,0.0,0.034,0.0,0.051,,,0.008,,0.002,,0.009,,0.015,,0.0,0.39,,445.0,,,,78.0,,,,,,,,0.42,0.826,0.0,0.928,,2.94,0.303,8.3,0.178,3.34,0.044,,0.015,,0.007,0.626,,0.533,,0.34,,28.5,,657.0,,,,,,,,,0.101,0.868,,0.22,,,0.0,0.03,,,,,,,,,,,,32.7,,,,,0.78,0.083,,,,,,,,,0.0,8.8,2.0,36.7,,3.55,,,,,
612,328286,"Cheese, cheddar, natural shredded sharp, store brand, sKROGER (CA2, KY, TX) -  CY121GW",2019-04-01,,,,,,,3.73,,,,,,,,744.0,,,,,,97.0,,,,,,,,0.04,,,,,,,,,,,,,,,,,,,,,,,,,,0.3,,,,,,,,,0.16,,,,,,,,,,,,0.0,,0.422,0.065,,6.14,,0.063,,,0.002,,,0.001,25.4,,,0.043,,,0.05,3.62,,,0.149,0.64,,0.133,0.004,0.0,0.0,,0.007,,0.002,0.033,0.0,0.046,,,0.014,,0.002,,0.007,,0.022,,0.003,0.42,,459.0,,,,68.0,,,,,,,,0.38,0.833,0.0,0.968,,3.15,0.328,8.63,0.201,3.05,0.048,,0.016,,0.009,0.612,,0.532,,0.34,,20.1,,599.0,,,,,,,,,0.098,0.688,,0.204,,,0.0,0.03,,,,,,,,,,,,32.9,,,,,0.87,0.061,,,,,,,,,,,,35.6,,3.73,,,,,
613,328305,"Cheese, cheddar, natural shredded sharp, KRAFT (KY, NE, NC) -  CY121GT",2019-04-01,,,,,,,3.58,,,,,,,,720.0,,,,,,104.0,,,,,,,,0.038,,,,,,,,,,,,,,,,,,,,,,,,,,,,,,,,,,,0.14,,,,,,,,,,,,0.0,,0.486,0.07,,7.15,,0.073,,,0.0,,,0.0,25.2,,,0.031,,,0.03,3.42,,,0.169,0.798,,0.133,0.004,0.004,0.002,,0.008,,0.0,0.036,0.0,0.055,,,0.011,,0.002,,0.007,,0.021,,0.002,0.41,,445.0,,,,92.0,,,,,,,374.0,0.4,0.841,0.0,0.965,,3.2,0.324,9.33,0.206,3.44,0.052,,0.017,,0.009,0.678,,0.564,,0.341,,21.0,,615.0,,,,,,,,,0.108,0.837,,0.23,,,0.0,0.03,,,,,,,,,,,,35.1,,,,,1.1,0.054,,,,,,,,,0.0,13.0,3.2,36.2,,3.58,,,,,
614,328326,"Cheese, cheddar, natural shredded mild, KRAFT (PA, IA) -  CY121GL",2019-04-01,,,,,,,3.78,,,,,,,,742.0,,,,,,,,,,,,,,0.018,,,,,,,,,,,,,,,,,,,,,,,,,,,,,,,,,,,0.23,,,,,,,,,,,,,,,,,,,,,,,,,,30.3,,,0.024,,,,3.37,,,,,,,,,,,,,,,,,,,,,,,,,,,,,,450.0,,,,80.0,,,,,,,,,,,,,,,,,,,,,,,,,,,,,,,647.0,,,,,,,,,,,,,,,,,,,,,,,,,,,,33.6,,,,,,,,,,,,,,,,,,37.0,,3.25,,,,,
615,328335,"Cheese, cheddar, natural shredded mild, store brand  (GA, IA, PA) -  CY121GO",2019-04-01,,,,,,,3.72,,,,,,,,,,,,,,,,,,,,,,,,,,,,,,,,,,,,,,,,,,,,,,,,,,,,,,,,,,,,,,,,,,,,,0.0,,0.395,0.057,,6.91,,0.066,,,0.002,,,0.001,,,,,,,,3.64,,,0.157,0.895,,0.106,0.004,0.004,0.006,,0.008,,0.001,0.039,0.0,0.052,,,0.009,,0.003,,0.01,,0.016,,0.002,,,,,,,,,,,,,,,,0.808,0.0,0.924,,2.95,0.313,8.66,0.186,3.72,0.049,,0.019,,0.008,0.635,,0.532,,0.339,,,,,,,,,,,,,0.099,0.881,,0.248,,,0.0,,,,,,,,,,,,,33.7,,,,,,,,,,,,,,,,,,37.6,,,,,,,
616,328344,"Cheese, cheddar, natural shredded sharp, KRAFT (PA, CA1, IA, TX) -  CY121GS",2019-04-01,,,,,,,3.71,,,,,,,,761.0,,,,,,,,,,,,,,0.035,,,,,,,,,,,,,,,,,,,,,,,,,,,,,,,,,,,0.2,,,,,,,,,,,,,,,,,,,,,,,,,,25.4,,,0.032,,,,3.53,,,,,,,,,,,,,,,,,,,,,,,,,,,,,,467.0,,,,72.0,,,,,,,,,,,,,,,,,,,,,,,,,,,,,,,628.0,,,,,,,,,,,,,,,,,,,,,,,,,,,,34.6,,,,,,,,,,,,,,,,,,36.0,,3.69,,,,,
617,328351,"Cheese, cheddar, natural shredded sharp, store brand (IA, IN, NJ) -  CY121GV",2019-04-01,,,,,,,3.59,,,,,,,,,,,,,,,,,,,,,,,,,,,,,,,,,,,,,,,,,,,,,,,,,,,,,,,,,,,,,,,,,,,,,0.0,,0.4,0.057,,6.54,,0.064,,,0.002,,,0.001,,,,,,,,3.45,,,0.166,0.912,,0.096,0.004,0.003,0.005,,0.007,,0.001,0.038,0.0,0.05,,,0.009,,0.002,,0.01,,0.015,,0.002,,,,,,,,,,,,,,,,0.836,0.0,0.958,,2.97,0.309,8.62,0.188,3.47,0.047,,0.018,,0.008,0.625,,0.538,,0.346,,,,,,,,,,,,,0.1,0.895,,0.232,,,0.0,,,,,,,,,,,,,33.9,,,,,,,,,,,,,,,,,,36.3,,,,,,,
618,328358,"Cheese, cheddar, natural shredded mild, KRAFT (IN, GA) -  CY121GN",2019-04-01,,,,,,,3.61,,,,,,,,728.0,,,,,,98.0,,,,,,,,0.033,,,,,,,,,,,,,,,,,,,,,,,,,,,,,,,,,,,0.17,,,,,,,,,,,,0.0,,0.422,0.063,,6.13,,0.06,,,0.001,,,0.002,25.0,,,0.037,,,0.06,3.51,,,0.15,0.605,,0.121,0.003,0.0,0.0,,0.006,,0.002,0.031,0.0,0.051,,,0.012,,0.003,,0.008,,0.018,,0.002,0.4,,447.0,,,,67.0,,,,,,,,0.66,0.792,0.0,0.917,,3.02,0.326,8.7,0.194,3.03,0.049,,0.017,,0.011,0.617,,0.521,,0.329,,27.2,,607.0,,,,,,,,,0.097,0.683,,0.194,,,0.0,0.03,,,,,,,,,,,,32.5,,,,,1.0,0.055,,,,,,,,,,,,38.2,,3.6,,,,,
619,328376,"Cheese, cheddar, natural shredded mild, store brand, GREAT VALUE (CA1, KY, NE) -  CY121GP",2019-04-01,,,,,,,,,,,,,,,641.0,,,,,,95.0,,,,,,,,0.018,,,,,,,,,,,,,,,,,,,,,,,,,,,,,,,,,,,0.12,,,,,,,,,,,,0.0,,0.393,0.055,,6.38,,0.064,,,0.002,,,0.0,26.8,,,0.02,,,0.09,,,,0.155,0.79,,0.092,0.003,0.003,0.0,,0.007,,0.0,0.035,0.0,0.051,,,0.008,,0.002,,0.008,,0.015,,0.0,0.35,,420.0,,,,80.0,,,,,,,,0.4,0.775,0.0,0.882,,2.84,0.313,8.32,0.18,3.18,0.043,,0.014,,0.007,0.605,,0.506,,0.322,,32.8,,702.0,,,,,,,,,0.094,0.75,,0.203,,,0.0,0.03,,,,,,,,,,,,,,,,,1.0,0.076,,,,,,,,,0.0,9.5,2.3,,,3.36,,,,,
620,328394,"Cheese, cheddar, natural shredded mild, white, store brand (AZ, IN, NJ, NC) -  CY121GQ",2019-04-01,,,,,,,3.7,,,,,,,,755.0,,,,,,95.0,,,,,,,,0.018,,,,,,,,,,,,,,,,,,,,,,,,,,,,,,,,,,,0.13,,,,,,,,,,,,0.0,,0.386,0.057,,6.4,,0.066,,,0.002,,,0.0,28.1,,,0.027,,,0.06,3.56,,,0.153,0.832,,0.103,0.003,0.003,0.0,,0.007,,0.0,0.037,0.0,0.055,,,0.009,,0.002,,0.01,,0.016,,0.002,0.57,,462.0,,,,82.0,,,,,,,,0.36,0.765,0.0,0.871,,2.83,0.303,8.36,0.184,3.37,0.047,,0.015,,0.007,0.594,,0.503,,0.308,,29.5,,623.0,,,,,,,,,0.095,0.786,,0.197,,,0.0,0.03,,,,,,,,,,,,32.1,,,,,0.87,0.06,,,,,,,,,,,,37.2,,3.68,,,,,
621,328413,"Cheese, cheddar, natural shredded mild, store brand, sKROGER (CA2, TX) -  CY121GR",2019-04-01,,,,,,,3.7,,,,,,,,760.0,,,,,,99.0,,,,,,,,0.027,,,,,,,,,,,,,,,,,,,,,,,,,,,,,,,,,,,0.11,,,,,,,,,,,,0.0,,0.379,0.055,,6.5,,0.066,,,0.002,,,0.001,27.2,,,0.022,,,0.09,3.59,,,0.162,0.869,,0.102,0.003,0.003,0.001,,0.007,,0.0,0.04,0.0,0.056,,,0.009,,0.003,,0.01,,0.017,,0.002,0.58,,469.0,,,,72.0,,,,,,,,0.39,0.875,0.0,0.984,,3.01,0.313,8.6,0.186,3.57,0.05,,0.015,,0.008,0.656,,0.564,,0.363,,31.9,,615.0,,,,,,,,,0.102,0.848,,0.203,,,0.0,0.03,,0.0,0.0,0.0,0.0,0.0,0.0,0.0,,,,32.8,,,,,0.85,0.063,,,,,,,,0.65,,,,36.5,,3.66,,,,,
622,328432,"Cheese, cheddar, mild, block/chunk KRAFT (PA, CA1, VA) -  CY121GZ",2019-04-01,,,,,,,3.69,,,,,,,,680.0,,,,,,,,,,,,,,0.05,,,,,,,,,,,,,,,,,,,,,,,,,,,,,,,,,,,0.11,,,,,,,,,,,,0.0,,0.374,0.051,,6.66,,0.066,,,0.0,,,0.0,27.7,,,0.023,,,,3.42,,,0.159,0.845,,0.094,0.003,0.003,0.0,,0.007,,0.0,0.038,0.0,0.056,,,0.008,,0.002,,0.009,,0.014,,0.002,,,450.0,,,,83.0,,,,,,,,,0.8,0.0,0.905,,2.93,0.305,8.41,0.183,3.6,0.049,,0.016,,0.009,0.642,,0.533,,0.327,,,,725.0,,,,,,,,,0.096,0.826,,0.209,,,0.0,,,,,,,,,,,,,33.1,,,,,,,,,,,,,,,,,,39.9,,3.46,,,,,
623,328442,"Cheese, cheddar, sharp, block/chunk KRAFT (PA, CA1, IA) -  CY121H6",2019-04-01,,,,,,,3.74,,,,,,,,,,,,,,,,,,,,,,,,,,,,,,,,,,,,,,,,,,,,,,,,,,,,,,,,,,,,,,,,,,,,,0.0,,0.51,0.066,,6.68,,0.07,,,0.0,,,0.0,,,,,,,,3.61,,,0.18,0.758,,0.099,0.003,0.004,0.0,,0.007,,0.0,0.034,0.0,0.053,,,0.008,,0.002,,0.009,,0.017,,0.0,,,,,,,,,,,,,,,,0.884,0.0,1.04,,3.37,0.362,9.67,0.208,3.16,0.046,,0.014,,0.009,0.655,,0.565,,0.351,,29.9,,,,,,,,,,,0.115,0.819,,0.228,,,0.0,0.03,,,,,,,,,,,,35.0,,,,,1.4,0.071,,,,,,,,,,,,36.4,,,,,,,
624,328454,"Cheese, cheddar, mild, block/chunk KRAFT (IN, GA, TX) -  CY121H1",2019-04-01,,,,,,,3.44,,,,,,,,701.0,,,,,,103.0,,,,,,,,0.032,,,,,,,,,,,,,,,,,,,,,,,,,,,,,,,,,,,0.11,,,,,,,,,,,,0.0,,0.424,0.057,,6.9,,0.071,,,0.0,,,0.0,27.0,,,0.021,,,0.07,3.61,,,0.165,0.824,,0.09,0.003,0.002,0.0,,0.008,,0.0,0.039,0.0,0.057,,,0.008,,0.002,,0.01,,0.015,,0.003,0.28,,459.0,,,,74.0,,,,,,,,0.41,0.894,0.0,1.01,,3.19,0.327,9.2,0.196,3.69,0.054,,0.017,,0.009,0.678,,0.579,,0.361,,32.9,,671.0,,,,,,,,,0.101,0.84,,0.211,,,0.0,0.03,,,,,,,,,,,,34.9,,,,,1.1,0.051,,,,,,,,,,,,37.2,,3.75,,,,,
625,328472,"Cheese, cheddar, mild, block/chunk, store brand, GREAT VALUE (CA1, KY, NE) -  CY121H3",2019-04-01,,,,,,,3.69,,,,,,,,678.0,,,,,,103.0,,,,,,,,0.028,,,,,,,,,,,,,,,,,,,,,,,,,,,,,,,,,,,0.14,,0.1,,,,,,,,,,0.0,,0.399,0.056,,6.85,,0.062,,,0.0,,,0.0,30.5,,,0.022,,,0.04,3.51,,,0.174,0.879,,0.092,0.003,0.004,0.0,,0.008,,0.0,0.037,0.0,0.057,,,0.008,,0.002,,0.01,,0.015,,0.0,0.31,,453.0,,,,86.0,,,,,,,,0.47,0.779,0.0,0.889,,2.89,0.319,8.25,0.184,3.48,0.042,,0.014,,0.007,0.633,,0.523,,0.319,,32.7,,673.0,,,,,,,,,0.098,0.87,,0.23,,,0.0,0.03,,,,,,,,,,,,33.5,,,,,1.3,0.068,,,,,,,,,0.0,10.8,2.6,39.2,,3.44,,,,,
626,328490,"Cheese, cheddar, mild, block/chunk, store brand  (AZ, IN, GA) -  CY121H5",2019-04-01,,,,,,,3.7,,,,,,,,699.0,,,,,,101.0,,,,,,,,0.036,,,,,,,,,,,,,,,,,,,,,,,,,,,,,,,,,,,0.12,,,,,,,,,,,,0.0,,0.371,0.06,,7.05,,0.067,,,0.002,,,0.001,29.5,,,0.02,,,0.09,3.55,,,0.179,0.916,,0.1,0.003,0.0,0.0,,0.008,,0.002,0.038,0.0,0.058,,,0.009,,0.003,,0.012,,0.017,,0.002,0.3,,465.0,,,,78.0,,,,,,,,0.4,0.807,0.0,0.913,,2.91,0.319,8.27,0.19,3.64,0.051,,0.016,,0.009,0.661,,0.546,,0.342,,33.0,,689.0,,,,,,,,,0.106,0.917,,0.227,,,0.0,0.03,,0.0,0.0,0.0,0.0,0.0,0.0,0.0,,,,34.8,,,,,1.2,0.053,,,,,,,,0.79,,,,38.0,,3.62,,,,,
627,328508,"Cheese, cheddar, mild, block/chunk KRAFT (KY, NE, NC) -  CY121H0",2019-04-01,,,,,,,3.65,,,,,,,,669.0,,,,,,99.0,,,,,,,,0.03,,,,,,,,,,,,,,,,,,,,,,,,,,,,,,,,,,,0.16,,,,,,,,,,,,0.0,,0.366,0.054,,6.6,,0.068,,,0.001,,,0.002,27.2,,,0.023,,,0.06,3.53,,,0.155,0.79,,0.092,0.003,0.0,0.0,,0.008,,0.001,0.039,0.0,0.055,,,0.008,,0.003,,0.01,,0.016,,0.002,0.31,,448.0,,,,75.0,,,,,,,261.0,0.48,0.824,0.0,0.944,,2.96,0.309,8.46,0.188,3.63,0.051,,0.018,,0.01,0.64,,0.539,,0.338,,32.8,,668.0,,,,,,,,,0.1,0.809,,0.209,,,0.0,0.03,,0.0,0.0,0.0,0.0,0.0,0.0,0.0,,,,33.0,,,,,1.4,0.063,,,,,,,,0.71,0.0,7.6,2.1,38.8,,3.55,,,,,
628,328529,"Cheese, cheddar, sharp, block/chunk KRAFT (IN, GA) -  CY121H8",2019-04-01,,,,,,,3.78,,,,,,,,711.0,,,,,,103.0,,,,,,,,0.0335,,,,,,,,,,,,,,,,,,,,,,,,,,,,,,,,,,,0.155,,,,,,,,,,,,0.0,,0.463,0.064,,6.28,,0.064,,,0.002,,,0.0,26.35,,,0.02,,,0.03,3.68,,,0.168,0.714,,0.102,0.003,0.003,0.0,,0.007,,0.0,0.035,0.0,0.051,,,0.009,,0.003,,0.008,,0.017,,0.0,0.34,,476.0,,,,77.5,,,,,,,,,0.883,0.0,1.03,,3.29,0.351,9.32,0.2,3.04,0.045,,0.014,,0.008,0.643,,0.559,,0.359,,,,690.0,,,,,,,,,0.11,0.783,,0.22,,,0.0,,,,,,,,,,,,,34.1,,,,,,,,,,,,,,,,,,37.0,,3.87,,,,,
629,328541,"Cheese, cheddar, mild, block/chunk, store brand   (NC, NJ, TX) -  CY121H2",2019-04-01,,,,,,,3.58,,,,,,,,,,,,,,,,,,,,,,,,,,,,,,,,,,,,,,,,,,,,,,,,,,,,,,,,,,,,,,,,,,,,,,,,,,,,,,,,,,,,,,,,,,3.58,,,,,,,,,,,,,,,,,,,,,,,,,,,,,,,,,,,,,,,,,,,,,,,,,,,,,,,,,,,,,,,,,,,,,,,,,,,,,,,,,,,,,,,,,,,,,33.6,,,,,,,,,,,,,,,,,,39.1,,,,,,,
630,328549,"Cheese, cheddar, sharp, block/chunk, store brand, KROGER (CA2, TX) -  CY121HE",2019-04-01,,,,,,,3.52,,,,,,,,718.0,,,,,,100.0,,,,,,,,0.037,,,,,,,,,,,,,,,,,,,,,,,,,,,,,,,,,,,0.17,,,,,,,,,,,,0.0,,0.419,0.063,,6.76,,0.062,,,0.002,,,0.001,26.8,,,0.041,,,0.06,3.77,,,0.178,0.753,,0.14,0.004,0.0,0.0,,0.007,,0.003,0.033,0.0,0.05,,,0.013,,0.002,,0.008,,0.022,,0.003,,,485.0,,,,77.0,,,,,,,,,0.827,0.0,0.958,,3.14,0.328,8.72,0.201,3.46,0.051,,0.016,,0.01,0.628,,0.532,,0.339,,23.3,,584.0,,,,,,,,,0.108,0.86,,0.223,,,0.0,,,,,,,,,,,,,33.1,,,,,,,,,,,,,,,,,,37.1,,3.98,,,,,
631,328559,"Cheese, cheddar, mild, block/chunk, store brand  (PA, CA2, IA) -  CY121H4",2019-04-01,,,,,,,,,,,,,,,,,,,,,,,,,,,,,,,,,,,,,,,,,,,,,,,,,,,,,,,,,,,,,,,,,,,,,,,,,,,,0.0,,0.387,0.06,,6.91,,0.064,,,0.002,,,0.001,,,,,,,,,,,0.16,0.912,,0.1,0.004,0.004,0.006,,0.007,,0.002,0.039,0.0,0.054,,,0.008,,0.002,,0.011,,0.016,,0.001,,,,,,,,,,,,,,,,0.785,0.0,0.898,,2.89,0.317,8.29,0.189,3.56,0.047,,0.017,,0.008,0.65,,0.533,,0.334,,,,,,,,,,,,,0.099,0.892,,0.258,,,0.0,,,,,,,,,,,,,,,,,,,,,,,,,,,,,,,,,,,,,,
632,328567,"Cheese, cheddar, sharp, block/chunk KRAFT (KY, NE) -  CY121H7",2019-04-01,,,,,,,3.45,,,,,,,,667.0,,,,,,104.0,,,,,,,,0.032,,,,,,,,,,,,,,,,,,,,,,,,,,,,,,,,,,,0.14,,,,,,,,,,,,0.0,,0.482,0.07,,6.52,,0.07,,,0.001,,,0.002,24.9,,,0.017,,,0.022,3.65,,,0.179,0.698,,0.108,0.003,0.0,0.0,,0.007,,0.001,0.037,0.0,0.053,,,0.011,,0.003,,0.008,,0.02,,0.003,0.35,,438.0,,,,75.0,,,,,,,397.0,0.48,0.809,0.0,0.946,,3.18,0.341,9.56,0.203,3.0,0.045,,0.016,,0.008,0.63,,0.525,,0.33,,35.1,,630.0,,,,,,,,,0.114,0.82,,0.238,,,0.0,0.03,,,,,,,,,,,,34.7,,,,,1.3,0.077,,,,,,,,,0.0,10.0,2.2,36.9,,3.77,,,,,
633,328585,"Cheese, cheddar, sharp, block/chunk, store brand (GA, IA, NJ) -  CY121HB",2019-04-01,,,,,,,,,,,,,,,747.0,,,,,,,,,,,,,,0.037,,,,,,,,,,,,,,,,,,,,,,,,,,,,,,,,,,,0.13,,,,,,,,,,,,0.0,,0.456,0.068,,6.82,,0.067,,,0.002,,,0.002,29.1,,,0.021,,,,,,,0.159,0.813,,0.123,0.005,0.004,0.007,,0.008,,0.002,0.036,0.0,0.051,,,0.01,,0.003,,0.01,,0.02,,0.002,,,486.0,,,,89.0,,,,,,,,,0.898,0.0,1.05,,3.38,0.362,9.46,0.211,3.38,0.049,,0.019,,0.009,0.678,,0.583,,0.371,,,,699.0,,,,,,,,,0.108,0.789,,0.233,,,0.0,,,,,,,,,,,,,,,,,,,,,,,,,,,,,,,,,3.65,,,,,
634,328594,"Cheese, cheddar, sharp, block/chunk, store brand (NC, PA) -  CY121HD",2019-04-01,,,,,,,3.77,,,,,,,,,,,,,,,,,,,,,,,,,,,,,,,,,,,,,,,,,,,,,,,,,,,,,,,,,,,,,,,,,,,,,0.0,,0.426,0.062,,6.7,,0.066,,,0.002,,,0.001,,,,,,,,3.64,,,0.159,0.827,,0.119,0.004,0.004,0.007,,0.008,,0.001,0.036,0.0,0.051,,,0.01,,0.002,,0.01,,0.019,,0.002,,,,,,,,,,,,,,,,0.836,0.0,0.97,,3.14,0.339,8.82,0.198,3.3,0.048,,0.018,,0.008,0.632,,0.541,,0.345,,,,,,,,,,,,,0.103,0.844,,0.25,,,0.0,,,,,,,,,,,,,34.2,,,,,,,,,,,,,,,,,,36.9,,,,,,,
635,328601,"Cheese, cheddar, sharp, block/chunk CABOT, SERIOUSLY SHARP (GA, NJ) -  CY121H9",2019-04-01,,,,,,,3.66,,,,,,,,712.0,,,,,,101.0,,,,,,,,0.038,,,,,,,,,,,,,,,,,,,,,,,,,,,,,,,,,,,0.16,,,,,,,,,,,,0.0,,0.473,0.065,,6.48,,0.068,,,0.004,,,0.002,25.2,,,0.021,,,0.04,3.86,,,0.182,0.582,,0.1,0.003,0.0,0.0,,0.006,,0.002,0.03,0.0,0.045,,,0.011,,0.005,,0.007,,0.019,,0.003,0.38,,482.0,,,,79.0,,,,,,,,0.56,0.802,0.0,0.934,,3.18,0.333,9.23,0.196,3.05,0.048,,0.016,,0.01,0.629,,0.529,,0.336,,30.8,,685.0,,,,,,,,,0.111,0.753,,0.217,,,0.0,0.02,,,,,,,,,,,,34.0,,,,,0.7,0.075,,,,,,,,,,,,36.0,,3.96,,,,,
636,328620,"Cheese, cheddar, sharp, block/chunk, store brand, GREAT VALUE (CA1, KY, NE) -  CY121HC",2019-04-01,,,,,,,3.84,,,,,,,,689.0,,,,,,99.0,,,,,,,,0.027,,,,,,,,,,,,,,,,,,,,,,,,,,,,,,,,,,,0.1,,,,,,,,,,,,0.0,,0.38,0.057,,6.9,,0.068,,,0.0,,,0.0,26.7,,,0.026,,,0.07,3.63,,,0.167,0.873,,0.104,0.004,0.003,0.0,,0.008,,0.0,0.041,0.0,0.058,,,0.009,,0.002,,0.009,,0.016,,0.0,0.35,,457.0,,,,77.0,,,,,,,,0.51,0.826,0.0,0.931,,2.96,0.301,8.55,0.189,3.78,0.053,,0.016,,0.009,0.64,,0.539,,0.335,,28.2,,732.0,,,,,,,,,0.099,0.871,,0.212,,,0.0,0.03,,,,,,,,,,,,33.6,,,,,1.7,0.076,,,,,,,,,0.0,8.8,2.6,37.8,,3.53,,,,,
637,328638,"Cottage cheese, 2% milkfat, BREAKSTONE (CT,NC) - CY120FR",2019-04-01,,,,,,,1.24,,,,,,,,120.0,,,,,,,,,,,,,,0.037,,,,,,,,,,,,,,,,,,,,,,,,,,,,,,,,,,,0.12,,,,,,,,,,,,0.0,,0.027,0.004,,0.382,,0.003,,,0.0,,,0.0,8.4,,,0.015,,,,1.42,,,0.01,0.041,,0.007,0.0,0.0,0.0,,0.0,,0.0,0.002,0.0,0.002,,,0.0,,0.0,,0.0,,0.0,,0.0,,,144.0,,,,112.0,,,,,,,,,0.057,0.0,0.058,,0.187,0.02,0.545,0.01,0.18,0.003,,0.0,,0.0,0.037,,0.031,,0.019,,,,270.0,,,,,,,,,0.005,0.049,,0.013,,,0.0,,,,,,,,,,,,,1.87,,,,,,,,,,,,,,,,,,81.9,,0.36,,,,,
638,328646,"Cottage cheese, 2% milkfat, BREAKSTONE (FL) - CY120FT",2019-04-01,,,,,,,1.29,,,,,,,,123.0,,,,,,,,,,,,,,0.044,,,,,,,,,,,,,,,,,,,,,,,,,,,,,,,,,,,0.17,,,,,,,,,,,,0.0,,0.026,0.003,,0.378,,0.003,,,0.0,,,0.0,9.1,,,0.015,,,,1.34,,,0.01,0.04,,0.007,0.0,0.0,0.0,,0.0,,0.0,0.003,0.0,0.002,,,0.001,,0.0,,0.0,,0.001,,0.0,,,141.0,,,,136.0,,,,,,,,,0.05,0.0,0.056,,0.187,0.02,0.536,0.01,0.183,0.002,,0.001,,0.0,0.036,,0.032,,0.02,,,,276.0,,,,,,,,,0.005,0.045,,0.014,,,0.0,,,,,,,,,,,,,2.2,,,,,,,,,,,,,,,,,,81.8,,0.39,,,,,
639,328652,"Cottage cheese, 2% milkfat, store brand/other brand, HY VEE & DAISY (CA2,MO) - CY120FP",2019-04-01,,,,,,,1.31,,,,,,,,76.0,,,,,,,,,,,,,,0.025,,,,,,,,,,,,,,,,,,,,,,,,,,,,,,,,,,,0.1,,,,,,,,,,,,0.0,,0.024,0.003,,0.434,,0.003,,,0.0,,,0.0,8.3,,,0.015,,,,1.9,,,0.009,0.054,,0.007,0.0,0.0,0.0,,0.0,,0.0,0.002,0.0,0.004,,,0.0,,0.0,,0.0,,0.0,,0.0,,,132.0,,,,108.0,,,,,,,,,0.062,0.0,0.063,,0.21,0.022,0.594,0.012,0.258,0.003,,0.0,,0.0,0.048,,0.036,,0.023,,,,351.0,,,,,,,,,0.006,0.05,,0.012,,,0.0,,,,,,,,,,,,,2.5,,,,,,,,,,,,,,,,,,80.9,,0.68,,,,,
640,328660,"Cottage cheese, 2% milkfat, DAISY (CA1,CO) - CY120FQ",2019-04-01,,,,,,,1.1,,,,,,,,76.0,,,,,,12.0,,,,,,,,0.025,,,,,,,,,,,,,,,,,,,,,13.0,0.0,0.16,,,0.0,,,,,,,,,0.13,,3.23,,,,,,,,,,0.0,,0.022,0.0,,0.445,,0.004,,,0.0,,,0.0,8.0,,0.0,0.015,,,0.06,1.97,,,0.01,0.054,,0.007,0.0,0.0,0.0,,0.0,,0.0,0.003,0.0,0.003,,,0.0,,0.0,,0.0,,0.001,,0.0,0.47,,134.0,,,,101.0,,,,,,,62.0,0.24,0.057,0.0,0.062,,0.202,0.021,0.58,0.011,0.263,0.003,,0.001,,0.001,0.04,,0.037,,0.023,,19.7,,360.0,,,,,,0.0,,,0.005,0.056,,0.014,,,0.0,0.02,,,,,,,,,,,,2.27,,,,,0.48,0.056,,,,,,,,,,,,81.0,,0.99,,,,,
641,328679,"Cottage cheese, 2% milkfat, BREAKSTONE (AL,IN) - CY120FS",2019-04-01,,,,,,,1.24,,,,,,,,133.0,,,,,,12.0,,,,,,,,0.072,,,,,,,,,,,,,,,,,,,,,,,,,,,,,,,,,,,0.14,,,,,,,,,,,,0.0,,0.027,0.004,,0.404,,0.002,,,0.0,,,0.0,9.2,,,0.015,,,0.09,1.43,,,0.009,0.043,,0.007,0.0,0.0,0.0,,0.0,,0.0,0.002,0.0,0.003,,,0.001,,0.0,,0.0,,0.001,,0.0,,,160.0,,,,121.0,,,,,,,,0.24,0.053,0.0,0.057,,0.193,0.021,0.564,0.009,0.198,0.003,,0.001,,0.001,0.038,,0.032,,0.02,,10.4,,277.0,,,,,,,,,0.004,0.048,,0.014,,,0.0,0.02,,0.0,0.0,0.0,0.0,0.0,0.0,0.0,,,,2.2,,,,,0.3,0.059,,,,,,,,0.08,,,,81.7,,0.43,,,,,
642,328695,"Cottage cheese, 2% milkfat, BREAKSTONE (MI,OK) - CY120FU",2019-04-01,,,,,,,1.23,,,,,,,,137.0,,,,,,12.0,,,,,,,,0.031,,,,,,,,,,,,,,,,,,,,,7.0,,,,,,,,,,,,,,0.21,,,,,,,,,,,,0.0,,0.027,0.004,,0.393,,0.002,,,0.0,,,0.0,9.5,,,0.015,,,0.09,1.42,,,0.01,0.039,,0.007,0.0,0.0,0.0,,0.0,,0.0,0.002,0.0,0.002,,,0.002,,0.0,,0.0,,0.0,,0.0,0.57,,158.0,,,,125.0,,,,,,,,0.24,0.063,0.0,0.062,,0.2,0.022,0.561,0.012,0.194,0.003,,0.0,,0.0,0.04,,0.034,,0.021,,9.9,,267.0,,,,,,,,,0.003,0.047,,0.013,,,0.0,0.02,,0.0,0.0,0.0,0.0,0.0,0.0,0.0,,,,2.08,,,,,0.45,0.058,,,,,,,,0.07,,,,81.6,,0.42,,,,,
643,328713,"Cottage cheese, 2% milkfat, store brand/other brand, KRAFT SIMPLY & MEADOW GOLD VIVA (AL,CO) - CY120FV",2019-04-01,,,,,,,1.29,,,,,,,,84.0,,,,,,,,,,,,,,0.025,,,,,,,,,,,,,,,,,,,,,,,,,,,,,,,,,,,0.1,,,,,,,,,,,,0.0,,0.023,0.004,,0.451,,0.003,,,0.0,,,0.0,10.8,,,0.015,,,,1.45,,,0.01,0.06,,0.007,0.0,0.0,0.0,,0.0,,0.0,0.002,0.0,0.004,,,0.0,,0.0,,0.0,,0.0,,0.0,,,148.0,,,,159.0,,,,,,,,,0.062,0.0,0.06,,0.201,0.021,0.565,0.012,0.257,0.002,,0.001,,0.0,0.049,,0.032,,0.023,,,,319.0,,,,,,,,,0.005,0.058,,0.014,,,0.0,,,,,,,,,,,,,2.55,,,,,,,,,,,,,,,,,,81.5,,0.38,,,,,
644,328721,"Cottage cheese, 2% milkfat, store brand/other brand, FRIENDSHIP & HORIZON ORGANIC (FL,IN) - CY120FY",2019-04-01,,,,,,,1.19,,,,,,,,103.0,,,,,,,,,,,,,,0.025,,,,,,,,,,,,,,,,,,,,,,,,,,,,,,,,,,,0.12,,,,,,,,,,,,0.0,,0.025,0.004,,0.404,,0.004,,,0.0,,,0.0,7.5,,,0.015,,,,2.08,,,0.009,0.042,,0.009,0.0,0.0,0.0,,0.0,,0.0,0.002,0.0,0.002,,,0.001,,0.0,,0.0,,0.001,,0.0,,,162.0,,,,91.0,,,,,,,,,0.059,0.0,0.063,,0.203,0.023,0.539,0.01,0.198,0.003,,0.001,,0.0,0.039,,0.033,,0.022,,,,305.0,,,,,,,,,0.004,0.046,,0.014,,,0.0,,,,,,,,,,,,,2.11,,,,,,,,,,,,,,,,,,80.4,,0.51,,,,,
645,328729,"Cottage cheese, 2% milkfat, store brand/other brand, FRIENDSHIP ALL NATURAL & HYVEE (MO,NY) - CY120G0",2019-04-01,,,,,,,1.23,,,,,,,,91.0,,,,,,,,,,,,,,0.025,,,,,,,,,,,,,,,,,,,,,,,,,,,,,,,,,,,0.15,,,,,,,,,,,,0.0,,0.024,0.004,,0.359,,0.003,,,0.0,,,0.0,8.7,,,0.015,,,,1.96,,,0.007,0.039,,0.006,0.0,0.0,0.0,,0.0,,0.0,0.003,0.0,0.003,,,0.0,,0.0,,0.0,,0.0,,0.0,,,153.0,,,,109.0,,,,,,,,,0.059,0.0,0.059,,0.187,0.022,0.534,0.01,0.203,0.003,,0.0,,0.0,0.035,,0.032,,0.02,,,,306.0,,,,,,,,,0.005,0.041,,0.01,,,0.0,,,,,,,,,,,,,2.26,,,,,,,,,,,,,,,,,,80.2,,0.51,,,,,
646,328736,"Cottage cheese, 2% milkfat, DAISY (MO,CT) - CY120FX",2019-04-01,,,,,,,1.06,,,,,,,,76.0,,,,,,13.0,,,,,,,,0.025,,,,,,,,,,,,,,,,,,,,,,,,,,,,,,,,,,,0.1,,,,,,,,,,,,0.0,,0.026,0.004,,0.511,,0.002,,,0.0,,,0.0,8.2,,,0.015,,,0.06,1.97,,,0.01,0.06,,0.007,0.0,0.0,0.0,,0.0,,0.0,0.004,0.0,0.005,,,0.0,,0.0,,0.0,,0.0,,0.0,,,134.0,,,,103.0,,,,,,,,0.19,0.075,0.0,0.074,,0.236,0.024,0.67,0.009,0.297,0.004,,0.0,,0.0,0.051,,0.042,,0.026,,17.3,,345.0,,,,,,,,,0.005,0.064,,0.014,,,0.0,0.02,,,,,,,,,,,,2.21,,,,,0.43,0.056,,,,,,,,,,,,80.30000000000001,,0.95,,,,,
647,328751,"Cottage cheese, 2% milkfat, KNUDSEN (CA1,CA2) - CY120FW",2019-04-01,,,,,,,1.32,,,,,,,,131.0,,,,,,12.0,,,,,,,,0.024,,,,,,,,,,,,,,,,,,,,,,0.0,0.07,,,0.0,,,,,,,,,0.14,,4.74,,,,,,,,,,0.0,,0.019,0.003,,0.379,,0.002,,,0.0,,,0.0,10.5,,0.0,0.015,,,0.12,1.45,,,0.009,0.055,,0.007,0.0,0.0,0.0,,0.0,,0.0,0.002,0.0,0.003,,,0.001,,0.0,,0.001,,0.002,,0.0,0.58,,142.0,,,,146.0,,,,,,,75.0,0.3,0.077,0.0,0.057,,0.177,0.018,0.48,0.009,0.214,0.002,,0.001,,0.001,0.036,,0.034,,0.085,,8.8,,331.0,,,,,,0.0,,,0.003,0.05,,0.011,,,0.0,0.02,,,,,,,,,,,,2.4,,,,,0.31,0.069,,,,,,,,,,,,80.6,,0.51,,,,,
648,328769,"Cottage cheese, 2% milkfat, DAISY (MI,NY) - CY120FZ",2019-04-01,,,,,,,1.22,,,,,,,,81.0,,,,,,13.0,,,,,,,,0.027,,,,,,,,,,,,,,,,,,,,,,,,,,,,,,,,,,,0.1,,,,,,,,,,,,0.0,,0.024,0.004,,0.447,,0.005,,,0.0,,,0.0,8.2,,,0.015,,,0.06,1.98,,,0.009,0.054,,0.007,0.0,0.0,0.0,,0.001,,0.0,0.003,0.0,0.003,,,0.001,,0.0,,0.001,,0.001,,0.0,0.47,,135.0,,,,103.0,,,,,,,,0.2,0.058,0.0,0.064,,0.21,0.023,0.6,0.011,0.262,0.004,,0.001,,0.001,0.033,,0.039,,0.024,,18.3,,346.0,,,,,,,,,0.005,0.052,,0.014,,,0.0,0.02,,,,,,,,,,,,2.23,,,,,0.39,0.056,,,,,,,,,,,,80.7,,1.04,,,,,
649,328785,"Cottage cheese, 2% milkfat, store brand/other brand, KING SOOPERS & KRAFT (CO,CT) - CY120G2",2019-04-01,,,,,,,1.26,,,,,,,,80.0,,,,,,,,,,,,,,0.025,,,,,,,,,,,,,,,,,,,,,,,,,,,,,,,,,,,0.1,,,,,,,,,,,,0.0,,0.026,0.004,,0.411,,0.004,,,0.0,,,0.0,9.9,,,0.015,,,,1.57,,,0.01,0.045,,0.006,0.0,0.0,0.0,,0.0,,0.0,0.002,0.0,0.003,,,0.001,,0.0,,0.001,,0.001,,0.0,,,140.0,,,,148.0,,,,,,,,,0.053,0.0,0.059,,0.193,0.021,0.554,0.01,0.234,0.003,,0.001,,0.0,0.034,,0.034,,0.021,,,,300.0,,,,,,,,,0.005,0.048,,0.014,,,0.0,,,,,,,,,,,,,2.19,,,,,,,,,,,,,,,,,,81.8,,0.38,,,,,
650,328793,"Cottage cheese, 2% milkfat, store brand/other brand, KROGER & SAFEWAY (CA1,MI) - CY120G1",2019-04-01,,,,,,,1.57,,,,,,,,168.0,,,,,,11.0,,,,,,,,0.025,,,,,,,,,,,,,,,,,,,,,,,,,,,,,,,,,,,0.1,,,,,,,,,,,,0.0,,0.029,0.004,,0.455,,0.003,,,0.0,,,0.0,8.6,,,0.015,,,0.12,1.72,,,0.01,0.05,,0.008,0.0,0.0,0.0,,0.0,,0.0,0.002,0.0,0.002,,,0.001,,0.0,,0.0,,0.001,,0.0,0.49,,175.0,,,,143.0,,,,,,,,0.26,0.066,0.0,0.071,,0.229,0.025,0.631,0.012,0.226,0.003,,0.001,,0.001,0.045,,0.039,,0.026,,12.4,,334.0,,,,,,,,,0.005,0.054,,0.016,,,0.0,0.02,,,,,,,,,,,,2.72,,,,,0.59,0.054,,,,,,,,,,,,81.6,,0.38,,,,,
651,328809,"Cottage cheese, 2% milkfat, DAISY (FL,IN) - CY120G3",2019-04-01,,,,,,,1.27,,,,,,,,96.0,,,,,,13.0,,,,,,,,0.031,,,,,,,,,,,,,,,,,,,,,,,,,,,,,,,,,,,0.2,,,,,,,,,,,,0.0,,0.023,0.004,,0.475,,0.003,,,0.0,,,0.0,9.7,,,0.015,,,0.06,1.98,,,0.009,0.065,,0.008,0.0,0.0,0.0,,0.0,,0.0,0.002,0.0,0.003,,,0.0,,0.0,,0.0,,0.0,,0.0,,,168.0,,,,124.0,,,,,,,,0.22,0.072,0.0,0.07,,0.22,0.024,0.619,0.009,0.265,0.003,,0.0,,0.0,0.043,,0.039,,0.024,,17.8,,420.0,,,,,,,,,0.005,0.063,,0.013,,,0.0,0.02,,,,,,,,,,,,2.31,,,,,0.32,0.055,,,,,,,,,,,,80.7,,1.19,,,,,
652,328824,"Cottage cheese, 2% milkfat, store brand/other brand, SUNNYSIDE FARMS & DAISY (CA2,NC) - CY120G4",2019-04-01,,,,,,,1.22,,,,,,,,79.0,,,,,,11.0,,,,,,,,0.025,,,,,,,,,,,,,,,,,,,,,,,,,,,,,,,,,,,0.11,,,,,,,,,,,,0.0,,0.0205,0.0035,,0.383,,0.003,,,0.0,,,0.0,8.2,,,0.015,,,0.15,1.97,,,0.0085,0.0475,,0.006500000000000001,0.0,0.0,0.0,,0.0,,0.0,0.0015,0.0,0.0025,,,0.0,,0.0,,0.0,,0.0,,0.0,0.47,,138.0,,,,99.0,,,,,,,,0.22,0.051500000000000004,0.0,0.0555,,0.177,0.019,0.509,0.0095,0.214,0.0025,,0.001,,0.0,0.040999999999999995,,0.032,,0.021,,16.9,,331.0,,,,,,,,,0.005,0.0455,,0.0115,,,0.0,0.02,,,,,,,,,,,,2.64,,,,,0.48,0.053,,,,,,,,,,,,81.6,,0.65,,,,,
653,328842,"Mozzarella cheese, low-moisture, part-skim, SARGENTO (MI) - CY120IO",2019-04-01,,,,,,,3.0,,,,,,,,743.0,,,,,,,,,,,,,,0.038,,,,,,,,,,,,,,,,,,,,,,,,,,,,,,,,,,,0.22,,,,,,,,,,,,0.0,,0.255,0.038,,4.07,,0.036,,,0.0,,,0.0,30.5,,,0.036,,,,3.75,,,0.099,0.471,,0.076,0.0,0.002,0.0,,0.004,,0.0,0.021,0.0,0.032,,,0.006,,0.0,,0.005,,0.012,,0.0,,,571.0,,,,147.0,,,,,,,,,0.545,0.0,0.628,,1.97,0.203,5.44,0.122,2.04,0.029,,0.007,,0.004,0.409,,0.357,,0.226,,,,677.0,,,,,,,,,0.062,0.486,,0.137,,,0.0,,,,,,,,,,,,,20.9,,,,,,,,,,,,,,,,,,46.3,,3.8,,,,,
654,328850,"Mozzarella cheese, low-moisture, part-skim, KRAFT (CA1) - CY120IQ",2019-04-01,,,,,,,3.84,,,,,,,,862.0,,,,,,,,,,,,,,0.04,,,,,,,,,,,,,,,,,,,,,,,,,,,,,,,,,,,0.19,,,,,,,,,,,,0.0,,0.3,0.043,,4.13,,0.038,,,0.001,,,0.0,33.7,,,0.034,,,,3.86,,,0.109,0.469,,0.101,0.0,0.002,0.0,,0.004,,0.003,0.02,0.0,0.03,,,0.008,,0.0,,0.004,,0.015,,0.001,,,535.0,,,,110.0,,,,,,,,,0.583,0.0,0.673,,2.12,0.219,5.89,0.134,1.97,0.03,,0.008,,0.005,0.428,,0.375,,0.238,,,,549.0,,,,,,,,,0.064,0.473,,0.156,,,0.0,,,,,,,,,,,,,21.5,,,,,,,,,,,,,,,,,,43.3,,3.94,,,,,
655,328857,"Mozzarella cheese, low-moisture, part-skim, SARGENTO (CA2,NC) - CY120IM",2019-04-01,,,,,,,4.0,,,,,,,,679.0,,,,,,,,,,,,,,0.031,,,,,,,,,,,,,,,,,,,,,,,,,,,,,,,,,,,0.32,,,,,,,,,,,,0.0,,0.251,0.036,,3.94,,0.034,,,0.0,,,0.0,26.8,,,0.034,,,,3.7,,,0.091,0.441,,0.064,0.0,0.002,0.0,,0.004,,0.0,0.021,0.0,0.025,,,0.006,,0.0,,0.005,,0.01,,0.0,,,518.0,,,,125.0,,,,,,,,,0.529,0.0,0.602,,1.9,0.199,5.34,0.118,1.98,0.028,,0.007,,0.005,0.374,,0.34,,0.215,,,,751.0,,,,,,,,,0.062,0.467,,0.135,,,0.0,,,,,,,,,,,,,20.3,,,,,,,,,,,,,,,,,,47.5,,3.61,,,,,
656,328869,"Mozzarella cheese, low-moisture, part-skim, KRAFT (CA2,NC) - CY120IS",2019-04-01,,,,,,,3.62,,,,,,,,780.0,,,,,,,,,,,,,,0.034,,,,,,,,,,,,,,,,,,,,,,,,,,,,,,,,,,,0.28,,,,,,,,,,,,0.0,,0.247,0.038,,4.17,,0.036,,,0.0,,,0.0,29.2,,,0.038,,,,3.9,,,0.106,0.487,,0.077,0.0,0.002,0.0,,0.004,,0.0,0.021,0.0,0.034,,,0.007,,0.0,,0.006,,0.012,,0.0,,,484.0,,,,91.0,,,,,,,,,0.599,0.0,0.68,,2.05,0.207,5.58,0.127,2.22,0.032,,0.008,,0.006,0.414,,0.372,,0.241,,,,639.0,,,,,,,,,0.062,0.528,,0.144,,,0.0,,,,,,,,,,,,,21.4,,,,,,,,,,,,,,,,,,45.3,,3.57,,,,,
657,328881,"Mozzarella cheese, low-moisture, part-skim, SARGENTO (CO,CT) - CY120IN",2019-04-01,,,,,,,4.01,,,,,,,,705.0,,,,,,66.0,,,,,,,,0.038,,,,,,,,,,,,,,,,,,,,,,,,,,,,,,,,,,,0.16,,,,,,,,,,,,0.0,,0.258,0.038,,4.09,,0.035,,,0.001,,,0.0,29.1,,,0.031,,,0.14,3.77,,,0.101,0.465,,0.07,0.0,0.002,0.0,,0.005,,0.002,0.022,0.0,0.032,,,0.005,,0.0,,0.006,,0.012,,0.0,,,536.0,,,,127.0,,,,,,,,0.41,0.545,0.0,0.631,,1.95,0.203,5.45,0.123,2.06,0.029,,0.007,,0.005,0.393,,0.344,,0.221,,30.4,,780.0,,,,,,,,,0.064,0.486,,0.136,,,0.0,0.02,,0.0,0.0,0.0,0.0,0.0,0.0,0.0,,,,20.6,,,,,1.5,0.11,,,,,,,,0.5,0.0,4.0,1.2,46.7,,3.78,,,,,
658,328902,"Mozzarella cheese, low-moisture, part-skim, SARGENTO (FL,MO) - CY120IP",2019-04-01,,,,,,,3.75,,,,,,,,669.0,,,,,,64.0,,,,,,,,0.062,,,,,,,,,,,,,,,,,,,,,26.0,,,,,,,,,,,,,,0.19,,,,,,,,,,,,0.0,,0.244,0.037,,3.9,,0.032,,,0.0,,,0.0,27.9,,,0.03,,,0.13,3.77,,,0.095,0.447,,0.074,0.0,0.002,0.0,,0.004,,0.0,0.021,0.0,0.032,,,0.007,,0.0,,0.005,,0.012,,0.0,0.55,,514.0,,,,144.0,,,,,,,,0.35,0.545,0.0,0.62,,1.94,0.2,5.33,0.123,1.95,0.026,,0.007,,0.006,0.392,,0.342,,0.219,,25.7,,587.0,,,,,,,,,0.061,0.459,,0.139,,,0.0,0.03,,0.0,0.0,0.25,0.0,0.0,0.0,0.0,,,,20.7,,,,,1.3,0.117,,,,,,,,0.53,,,,47.3,,3.43,,,,,
659,328924,"Mozzarella cheese, low-moisture, part-skim, SARGENTO (AL,CA1) - CY120IL",2019-04-01,,,,,,,3.63,,,,,,,,638.0,,,,,,65.0,,,,,,,,0.059,,,,,,,,,,,,,,,,,,,,,24.0,0.0,1.03,,,0.89,,,,,,,,,0.19,,0.18,,,,,,,,,,0.0,,0.261,0.039,,4.16,,0.037,,,0.0,,,0.0,26.4,,0.0,0.046,,,0.11,3.72,,,0.103,0.483,,0.068,0.0,0.002,0.0,,0.005,,0.0,0.022,0.0,0.034,,,0.006,,0.0,,0.005,,0.01,,0.0,0.52,,508.0,,,,121.0,,,,,,,171.0,0.27,0.53,0.0,0.614,,1.93,0.203,5.37,0.122,2.0,0.029,,0.007,,0.005,0.413,,0.35,,0.22,,27.9,,711.0,,,,,,0.0,,,0.062,0.504,,0.149,,,0.0,0.02,,0.0,0.0,0.05,0.0,0.0,0.0,0.0,,,,21.6,,,,,1.2,0.095,,,,,,,,0.51,,,,47.3,,3.64,,,,,
660,328946,"Mozzarella cheese, low-moisture, part-skim, KRAFT (FL,MO) - CY120IT",2019-04-01,,,,,,,3.95,,,,,,,,788.0,,,,,,65.0,,,,,,,,0.035,,,,,,,,,,,,,,,,,,,,,,,,,,,,,,,,,,,0.36,,,,,,,,,,,,0.0,,0.244,0.036,,3.96,,0.041,,,0.001,,,0.0,29.0,,,0.035,,,0.15,3.84,,,0.095,0.47,,0.058,0.0,0.002,0.0,,0.005,,0.002,0.022,0.0,0.035,,,0.005,,0.0,,0.007,,0.01,,0.0,,,480.0,,,,91.0,,,,,,,,0.31,0.562,0.0,0.649,,1.94,0.196,5.33,0.12,2.06,0.029,,0.007,,0.005,0.391,,0.352,,0.228,,33.4,,679.0,,,,,,,,,0.06,0.474,,0.131,,,0.0,0.02,,0.0,0.0,0.05,0.0,0.0,0.0,0.0,,,,20.2,,,,,1.03,0.099,,,,,,,,0.51,,,,42.1,,3.74,,,,,
661,328967,"Mozzarella cheese, low-moisture, part-skim, store brand, AMERICAS CHOICE  (NY) - CY120IW",2019-04-01,,,,,,,4.15,,,,,,,,698.0,,,,,,,,,,,,,,0.037,,,,,,,,,,,,,,,,,,,,,,,,,,,,,,,,,,,0.43,,,,,,,,,,,,0.0,,0.211,0.034,,4.02,,0.04,,,0.001,,,0.0,25.1,,,0.064,,,,3.38,,,0.097,0.509,,0.059,0.001,0.002,0.0,,0.005,,0.003,0.023,0.0,0.035,,,0.005,,0.001,,0.007,,0.011,,0.0,,,603.0,,,,163.0,,,,,,,,,0.495,0.0,0.558,,1.77,0.179,4.93,0.112,2.15,0.028,,0.008,,0.006,0.397,,0.336,,0.209,,,,799.0,,,,,,,,,0.004,0.516,,0.126,,,0.0,,,,,,,,,,,,,17.8,,,,,,,,,,,,,,,,,,43.4,,3.19,,,,,
662,328975,"Mozzarella cheese, low-moisture, part-skim, KRAFT (IN,NY) - CY120IR",2019-04-01,,,,,,,3.94,,,,,,,,773.0,,,,,,64.0,,,,,,,,0.026,,,,,,,,,,,,,,,,,,,,,30.0,0.0,0.81,,,0.0,,,,,,,,,0.21,,0.18,,,,,,,,,,0.0,,0.235,0.035,,3.98,,0.034,,,0.0,,,0.0,29.2,,0.0,0.041,,,0.12,3.84,,,0.1,0.463,,0.075,0.0,0.002,0.0,,0.004,,0.0,0.022,0.0,0.032,,,0.006,,0.0,,0.006,,0.011,,0.0,0.42,,484.0,,,,106.0,,,,,,,168.0,0.45,0.563,0.0,0.642,,1.94,0.195,5.36,0.104,2.07,0.028,,0.007,,0.005,0.416,,0.369,,0.236,,27.4,,658.0,,,,,,0.0,,,0.059,0.503,,0.131,,,0.0,0.02,,0.0,0.0,0.0,0.0,0.0,0.0,0.0,,,,21.1,,,,,1.4,0.096,,,,,,,,0.48,0.0,4.2,1.2,45.1,,3.66,,,,,
663,329000,"Mozzarella cheese, low-moisture, part-skim, store brand/other brand, CRYSTAL FARMS & KROGER (CO,CT) - CY120IU",2019-04-01,,,,,,,3.81,,,,,,,,761.0,,,,,,,,,,,,,,0.036,,,,,,,,,,,,,,,,,,,,,,,,,,,,,,,,,,,0.17,,,,,,,,,,,,0.0,,0.259,0.039,,3.83,,0.035,,,0.0,,,0.0,31.5,,,0.039,,,,3.66,,,0.09,0.418,,0.088,0.0,0.002,0.0,,0.004,,0.0,0.018,0.0,0.022,,,0.007,,0.0,,0.004,,0.012,,0.0,,,499.0,,,,111.0,,,,,,,,,0.525,0.0,0.61,,1.92,0.2,5.28,0.114,1.84,0.028,,0.007,,0.005,0.389,,0.34,,0.217,,,,592.0,,,,,,,,,0.059,0.446,,0.139,,,0.0,,,,,,,,,,,,,19.2,,,,,,,,,,,,,,,,,,45.5,,3.86,,,,,
664,329012,"Mozzarella cheese, low-moisture, part-skim, store brand, MY ESSENTIALS & SUNNYSIDE FARMS (CA2,NC) - CY120IY",2019-04-01,,,,,,,3.35,,,,,,,,675.0,,,,,,,,,,,,,,0.025,,,,,,,,,,,,,,,,,,,,,,,,,,,,,,,,,,,0.21,,,,,,,,,,,,0.0,,0.222,0.034,,4.27,,0.038,,,0.0,,,0.0,25.4,,,0.04,,,,3.91,,,0.1,0.5,,0.069,0.0,0.003,0.0,,0.005,,0.0,0.024,0.0,0.035,,,0.006,,0.0,,0.007,,0.012,,0.0,,,507.0,,,,120.0,,,,,,,,,0.482,0.0,0.539,,1.79,0.192,5.3,0.116,2.31,0.03,,0.008,,0.005,0.403,,0.326,,0.2,,,,653.0,,,,,,,,,0.067,0.559,,0.144,,,0.0,,,,,,,,,,,,,20.5,,,,,,,,,,,,,,,,,,44.6,,3.62,,,,,
665,329024,"Mozzarella cheese, low-moisture, part-skim, store brand, HYVEE & PUBLIX (FL,MO) - CY120J0",2019-04-01,,,,,,,3.93,,,,,,,,709.0,,,,,,,,,,,,,,0.032,,,,,,,,,,,,,,,,,,,,,,,,,,,,,,,,,,,0.21,,,,,,,,,,,,0.0,,0.243,0.038,,4.12,,0.036,,,0.0,,,0.0,29.1,,,0.038,,,,3.69,,,0.103,0.491,,0.072,0.0,0.002,0.0,,0.005,,0.0,0.021,0.0,0.024,,,0.005,,0.0,,0.005,,0.011,,0.0,,,563.0,,,,151.0,,,,,,,,,0.509,0.0,0.579,,1.86,0.19,5.19,0.119,2.11,0.03,,0.007,,0.004,0.408,,0.346,,0.214,,,,728.0,,,,,,,,,0.063,0.535,,0.135,,,0.0,,,,,,,,,,,,,19.1,,,,,,,,,,,,,,,,,,43.9,,3.59,,,,,
666,329036,"Mozzarella cheese, low-moisture, part-skim, KRAFT (MI,OK) - CY120IV",2019-04-01,,,,,,,3.51,,,,,,,,683.0,,,,,,67.0,,,,,,,,0.027,,,,,,,,,,,,,,,,,,,,,25.0,,,,,,,,,,,,,,0.25,,,,,,,,,,,,0.0,,0.21,0.032,,4.04,,0.039,,,0.0,,,0.0,23.8,,,0.033,,,0.12,3.85,,,0.094,0.517,,0.059,0.0,0.003,0.0,,0.005,,0.0,0.025,0.0,0.034,,,0.005,,0.0,,0.008,,0.011,,0.0,0.38,,443.0,,,,62.0,,,,,,,,0.38,0.573,0.0,0.641,,1.91,0.188,5.18,0.116,2.28,0.029,,0.008,,0.005,0.41,,0.361,,0.233,,26.9,,663.0,,,,,,,,,0.057,0.518,,0.126,,,0.0,0.01,,0.0,0.0,0.0,0.0,0.0,0.0,0.0,,,,20.5,,,,,1.6,0.094,,,,,,,,0.59,,,,47.5,,3.43,,,,,
667,329058,"Mozzarella cheese, low-moisture, part-skim, store brand, GREAT VALUE & SHOP RITE (AL,CT) - CY120IZ",2019-04-01,,,,,,,3.52,,,,,,,,653.0,,,,,,63.0,,,,,,,,0.033,,,,,,,,,,,,,,,,,,,,,,,,,,,,,,,,,,,0.17,,,,,,,,,,,,0.0,,0.215,0.034,,4.14,,0.033,,,0.0,,,0.0,26.4,,,0.036,,,0.09,3.54,,,0.1,0.491,,0.067,0.0,0.002,0.0,,0.004,,0.0,0.023,0.0,0.032,,,0.005,,0.0,,0.006,,0.01,,0.0,,,538.0,,,,140.0,,,,,,,,0.33,0.463,0.0,0.521,,1.74,0.184,5.03,0.107,2.19,0.028,,0.007,,0.004,0.399,,0.324,,0.196,,28.8,,616.0,,,,,,,,,0.056,0.558,,0.141,,,0.0,0.03,,0.0,0.0,0.0,0.0,0.0,0.0,0.0,,,,19.4,,,,,0.75,0.109,,,,,,,,0.44,,,,44.2,,3.42,,,,,
668,329075,"Mozzarella cheese, low-moisture, part-skim, store brand, LUCERNE (CA1,CO) - CY120IX",2019-04-01,,,,,,,3.74,,,,,,,,701.0,,,,,,68.0,,,,,,,,0.034,,,,,,,,,,,,,,,,,,,,,,0.0,0.73,,,0.0,,,,,,,,,0.24,,1.6,,,,,,,,,,0.0,,0.235,0.037,,3.91,,0.032,,,0.0,,,0.0,29.9,,0.0,0.027,,,0.13,3.77,,,0.096,0.451,,0.069,0.0,0.002,0.0,,0.004,,0.0,0.021,0.0,0.032,,,0.005,,0.0,,0.005,,0.01,,0.0,0.53,,560.0,,,,136.0,,,,,,,264.0,0.32,0.461,0.0,0.53,,1.74,0.187,5.0,0.112,1.94,0.023,,0.006,,0.004,0.372,,0.318,,0.196,,24.7,,720.0,,,,,,0.0,,,0.061,0.526,,0.139,,,0.0,0.03,,0.0,0.0,0.05,0.0,0.0,0.0,0.0,,,,21.1,,,,,1.4,0.113,,,,,,,,0.53,,,,45.8,,3.74,,,,,
669,329098,"Mozzarella cheese, low-moisture, part-skim, store brand, KROGER (MI,IN) - CY120J1",2019-04-01,,,,,,,3.95,,,,,,,,790.0,,,,,,64.0,,,,,,,,0.036,,,,,,,,,,,,,,,,,,,,,,,,,,,,,,,,,,,0.18,,,,,,,,,,,,0.0,,0.271,0.04,,4.01,,0.04,,,0.0,,,0.0,32.9,,,0.048,,,0.24,3.89,,,0.093,0.433,,0.09,0.0,0.002,0.0,,0.005,,0.0,0.018,0.0,0.031,,,0.008,,0.0,,0.006,,0.013,,0.0,0.5,,515.0,,,,112.0,,,,,,,,0.45,0.534,0.0,0.615,,1.96,0.203,5.48,0.125,1.9,0.029,,0.007,,0.005,0.393,,0.337,,0.215,,26.3,,681.0,,,,,,,,,0.062,0.482,,0.144,,,0.0,0.03,,0.0,0.0,0.0,0.0,0.0,0.0,0.0,,,,20.0,,,,,1.8,0.114,,,,,,,,0.47,,,,45.9,,3.83,,,,,
670,329119,"Mozzarella cheese, low-moisture, part-skim, SARGENTO (IN,NY) - CY120LU",2019-04-01,,,,,,,4.09,,,,,,,,684.0,,,,,,,,,,,,,,0.038,,,,,,,,,,,,,,,,,,,,,,,,,,,,,,,,,,,0.19,,,,,,,,,,,,0.0,,0.25,0.037,,4.12,,0.038,,,0.001,,,0.0,27.9,,,0.037,,,,3.67,,,0.103,0.485,,0.072,0.0,0.002,0.0,,0.005,,0.002,0.023,0.0,0.035,,,0.006,,0.001,,0.006,,0.013,,0.0,,,575.0,,,,150.0,,,,,,,,,0.543,0.0,0.618,,1.95,0.201,5.38,0.121,2.11,0.029,,0.008,,0.005,0.42,,0.357,,0.223,,,,782.0,,,,,,,,,0.065,0.498,,0.139,,,0.0,,,,,,,,,,,,,19.8,,,,,,,,,,,,,,,,,,44.2,,3.6,,,,,
671,329131,"Cheese, string (low-moisture, part-skim mozzarella), KRAFT (IA) -  CY121HI",2019-04-01,,,,,,,3.83,,,,,,,,683.0,,,,,,,,,,,,,,0.03,,,,,,,,,,,,,,,,,,,,,,,,,,,,,,,,,,,0.22,,,,,,,,,,,,0.0,,0.246,0.038,,4.39,,0.042,,,0.001,,,0.001,22.2,,,0.046,,,,3.86,,,0.112,0.546,,0.057,0.002,0.0,0.0,,0.005,,0.001,0.024,0.0,0.032,,,0.005,,0.002,,0.007,,0.009,,0.001,,,585.0,,,,55.0,,,,,,,,,0.445,0.0,0.511,,1.71,0.182,4.85,0.111,2.02,0.026,,0.01,,0.006,0.367,,0.295,,0.186,,,,733.0,,,,,,,,,0.067,0.536,,0.14,,,0.0,,,,,,,,,,,,,20.3,,,,,,,,,,,,,,,,,,50.1,,3.76,,,,,
672,329138,"Cheese, string (low-moisture, part-skim mozzarella), SARGENTO (PA, CA1) -  CY121HJ",2019-04-01,,,,,,,3.67,,,,,,,,670.0,,,,,,,,,,,,,,0.034,,,,,,,,,,,,,,,,,,,,,,,,,,,,,,,,,,,0.14,,,,,,,,,,,,0.0,,0.315,0.042,,4.27,,0.043,,,0.0,,,0.0,26.1,,,0.034,,,,3.82,,,0.1,0.486,,0.081,0.001,0.003,0.0,,0.005,,0.0,0.022,0.0,0.032,,,0.008,,0.0,,0.004,,0.012,,0.0,0.37,,463.0,,,,64.0,,,,,,,,,0.509,0.0,0.588,,1.98,0.21,5.77,0.127,2.0,0.029,,0.009,,0.005,0.4,,0.333,,0.201,,,,710.0,,,,,,,,,0.066,0.492,,0.142,,,0.0,,,,,,,,,,,,,21.4,,,,,,,,,,,,,,,,,,49.3,,4.07,,,,,
673,329147,"Cheese, string (low-moisture, part-skim mozzarella), SARGENTO (KY, CA2) -  CY121HK",2019-04-01,,,,,,,3.92,,,,,,,,693.0,,,,,,68.0,,,,,,,,0.04,,,,,,,,,,,,,,,,,,,,,,,,,,,,,,,,,,,0.16,,,,,,,,,,,,0.0,,0.311,0.043,,4.31,,0.044,,,0.001,,,0.0,26.6,,,0.042,,,0.1,3.87,,,0.106,0.47,,0.085,0.002,0.003,0.0,,0.005,,0.0,0.021,0.0,0.031,,,0.007,,0.001,,0.004,,0.013,,0.0,,,477.0,,,,71.0,,,,,,,,0.38,0.528,0.0,0.612,,2.05,0.217,6.08,0.131,1.99,0.029,,0.009,,0.005,0.422,,0.351,,0.218,,,,785.0,,,,,,,,,0.067,0.487,,0.152,,,0.0,0.02,,,,,,,,,,,,21.8,,,,,1.3,0.066,,,,,,,,,0.0,6.3,1.4,47.8,,4.01,,,,,
674,329160,"Cheese, string (low-moisture, part-skim mozzarella), KRAFT (NE) -  CY121HG",2019-04-01,,,,,,,3.56,,,,,,,,652.0,,,,,,65.0,,,,,,,,0.03,,,,,,,,,,,,,,,,,,,,,,,,,,,,,,,,,,,0.18,,,,,,,,,,,,0.0,,0.28,0.042,,4.37,,0.043,,,0.002,,,0.001,22.2,,,0.033,,,0.06,3.86,,,0.108,0.507,,0.065,0.002,0.0,0.0,,0.005,,0.0,0.02,0.0,0.03,,,0.006,,0.002,,0.005,,0.01,,0.001,,,515.0,,,,60.0,,,,,,,210.0,0.29,0.45,0.0,0.52,,1.79,0.198,5.29,0.121,2.02,0.027,,0.011,,0.005,0.378,,0.302,,0.188,,,,665.0,,,,,,,,,0.07,0.552,,0.145,,,0.0,0.02,,,,,,,,,,,,20.5,,,,,2.0,0.077,,,,,,,,,0.0,3.9,0.9,49.6,,3.95,,,,,
675,329174,"Cheese, string (low-moisture, part-skim mozzarella), KRAFT (CA1) -  CY121HF",2019-04-01,,,,,,,3.0,,,,,0.2,,,584.0,,,,,,64.0,2.1,2.6,0.5,4.8,3.6,13.5,,0.044,,,,,,,,,,,,,,,,,,,,,,,,,,,,,,,,,,,0.13,,,,,,,,,,,,0.0,,0.304,0.04,,3.88,,0.039,,,0.0,,,0.0,22.0,,,0.02,,,0.022,4.01,,,0.102,0.422,,0.076,0.002,0.003,0.0,,0.004,,0.0,0.019,0.0,0.029,,,0.007,,0.002,,0.004,,0.011,,0.0,0.36,,410.0,,,,96.0,,,,,,,,0.41,0.505,0.0,0.587,,1.96,0.212,5.76,0.123,1.78,0.026,,0.009,,0.005,0.397,,0.331,,0.207,,28.9,,506.0,,,,,,,,,0.061,0.449,,0.139,,,0.0,0.02,,,,,,,,,,,,19.8,,,,,2.5,0.073,,,,,,,,,,,,49.1,,4.01,,,,,
676,329189,"Cheese, string (low-moisture, part-skim mozzarella), SARGENTO (NE, NC) -  CY121HL",2019-04-01,,,,,,,3.71,,,,,,,,694.0,,,,,,,,,,,,,,0.037,,,,,,,,,,,,,,,,,,,,,,,,,,,,,,,,,,,0.13,,,,,,,,,,,,0.0,,0.327,0.043,,4.3,,0.04,,,0.0,,,0.0,25.8,,,0.038,,,,3.85,,,0.099,0.472,,0.079,0.0,0.002,0.0,,0.005,,0.0,0.022,0.0,0.032,,,0.008,,0.0,,0.004,,0.012,,0.0,0.28,,472.0,,,,65.0,,,,,,,,,0.511,0.0,0.579,,1.97,0.204,5.8,0.127,1.99,0.029,,0.008,,0.005,0.402,,0.332,,0.201,,,,735.0,,,,,,,,,0.064,0.485,,0.147,,,0.0,,,,,,,,,,,,,21.6,,,,,,,,,,,,,,,,,,49.1,,4.18,,,,,
677,329198,"Cheese, string (low-moisture, part-skim mozzarella), KRAFT (IN, TX) -  CY121HH",2019-04-01,,,,,,,3.82,,,,,,,,721.0,,,,,,64.0,,,,,,,,0.034,,,,,,,,,,,,,,,,,,,,,,,,,,,,,,,,,,,0.23,,,,,,,,,,,,0.0,,0.272,0.04,,4.52,,0.045,,,0.0,,,0.0,22.6,,,0.044,,,0.09,3.86,,,0.111,0.541,,0.054,0.002,0.002,0.0,,0.005,,0.0,0.022,0.0,0.032,,,0.005,,0.002,,0.006,,0.009,,0.0,,,598.0,,,,55.0,,,,,,,,0.34,0.415,0.0,0.48,,1.69,0.184,4.87,0.118,2.07,0.027,,0.009,,0.005,0.372,,0.29,,0.172,,28.4,,728.0,,,,,,,,,0.072,0.588,,0.128,,,0.0,0.02,,,,,,,,,,,,19.7,,,,,2.4,0.081,,,,,,,,,0.0,3.8,1.0,50.1,,3.82,,,,,
678,329216,"Cheese, string (low-moisture, part-skim mozzarella), SARGENTO (IA, TX) -  CY121HN",2019-04-01,,,,,,,3.72,,,,,,,,643.0,,,,,,,,,,,,,,0.039,,,,,,,,,,,,,,,,,,,,,,,,,,,,,,,,,,,0.15,,,,,,,,,,,,0.0,,0.284,0.039,,4.07,,0.045,,,0.002,,,0.002,24.0,,,0.066,,,,3.78,,,0.098,0.443,,0.077,0.002,0.0,0.0,,0.005,,0.001,0.021,0.0,0.032,,,0.009,,0.002,,0.004,,0.013,,0.001,,,449.0,,,,68.0,,,,,,,,,0.482,0.0,0.555,,1.87,0.2,5.51,0.121,1.88,0.027,,0.009,,0.006,0.371,,0.308,,0.195,,,,740.0,,,,,,,,,0.06,0.47,,0.134,,,0.0,,,,,,,,,,,,,20.9,,,,,,,,,,,,,,,,,,50.1,,3.9,,,,,
679,329224,"Cheese, string (low-moisture, part-skim mozzarella), FRIGO (PA, CA1) -  CY121HP",2019-04-01,,,,,,,4.11,,,,,,,,627.0,,,,,,,,,,,,,,0.018,,,,,,,,,,,,,,,,,,,,,,,,,,,,,,,,,,,0.14,,,,,,,,,,,,0.0,,0.241,0.038,,4.04,,0.045,,,0.002,,,0.002,28.9,,,0.016,,,,3.29,,,0.105,0.575,,0.091,0.003,0.0,0.0,,0.005,,0.001,0.022,0.0,0.035,,,0.007,,0.001,,0.006,,0.014,,0.002,0.36,,589.0,,,,146.0,,,,,,,,,0.478,0.0,0.541,,1.81,0.19,5.17,0.12,2.04,0.03,,0.011,,0.007,0.394,,0.32,,0.199,,,,781.0,,,,,,,,,0.062,0.523,,0.154,,,0.0,,,,,,,,,,,,,20.0,,,,,,,,,,,,,,,,,,50.8,,2.77,,,,,
680,329232,"Cheese, string (low-moisture, part-skim mozzarella), FRIGO (NE, NC) -  CY121HR",2019-04-01,,,,,,,3.92,,,,,,,,697.0,,,,,,,,,,,,,,0.054,,,,,,,,,,,,,,,,,,,,,,,,,,,,,,,,,,,0.18,,,,,,,,,,,,0.0,,0.255,0.038,,4.03,,0.045,,,0.001,,,0.002,30.3,,,0.018,,,,3.45,,,0.113,0.566,,0.085,0.003,0.0,0.0,,0.005,,0.002,0.021,0.0,0.035,,,0.008,,0.001,,0.005,,0.014,,0.002,0.3,,659.0,,,,154.0,,,,,,,,,0.474,0.0,0.538,,1.81,0.189,5.18,0.12,1.95,0.027,,0.011,,0.006,0.379,,0.309,,0.195,,,,690.0,,,,,,,,,0.06,0.538,,0.145,,,0.0,,,,,,,,,,,,,19.7,,,,,,,,,,,,,,,,,,50.7,,3.05,,,,,
681,329240,"Cheese, string (low-moisture, part-skim mozzarella), SARGENTO (AZ, IN) -  CY121HM",2019-04-01,,,,,,,3.43,,,,,,,,664.0,,,,,,65.0,,,,,,,,0.035,,,,,,,,,,,,,,,,,,,,,,,,,,,,,,,,,,,0.14,,,,,,,,,,,,0.0,,0.301,0.042,,4.33,,0.045,,,0.0,,,0.0,25.3,,,0.032,,,0.11,3.89,,,0.111,0.48,,0.083,0.002,0.003,0.0,,0.005,,0.0,0.022,0.0,0.032,,,0.007,,0.001,,0.004,,0.012,,0.0,,,459.0,,,,64.0,,,,,,,,0.39,0.517,0.0,0.594,,1.99,0.212,5.87,0.128,2.02,0.028,,0.008,,0.005,0.413,,0.342,,0.214,,23.4,,624.0,,,,,,,,,0.066,0.51,,0.149,,,0.0,0.02,,,,,,,,,,,,21.0,,,,,1.2,0.061,,,,,,,,,,,,48.6,,4.01,,,,,
682,329255,"Cheese, string (low-moisture, part-skim mozzarella), SARGENTO (GA, NJ) -  CY121HO",2019-04-01,,,,,,,3.61,,,,,,,,659.0,,,,,,64.0,,,,,,,,0.036,,,,,,,,,,,,,,,,,,,,,,,,,,,,,,,,,,,0.15,,,,,,,,,,,,0.0,,0.299,0.041,,4.21,,0.043,,,0.001,,,0.0,25.3,,,0.036,,,0.08,3.81,,,0.101,0.473,,0.077,0.002,0.002,0.0,,0.004,,0.0,0.022,0.0,0.031,,,0.007,,0.001,,0.004,,0.012,,0.0,,,460.0,,,,66.0,,,,,,,,0.34,0.505,0.0,0.579,,1.93,0.205,5.69,0.125,1.93,0.027,,0.008,,0.004,0.396,,0.33,,0.207,,22.2,,731.0,,,,,,,,,0.063,0.488,,0.146,,,0.0,0.02,,,,,,,,,,,,20.4,,,,,1.2,0.068,,,,,,,,,0.0,5.2,1.1,49.5,,4.16,,,,,
683,329271,"Cheese, string (low-moisture, part-skim mozzarella), FRIGO (IA, TX) -  CY121HT",2019-04-01,,,,,,,3.87,,,,,,,,668.0,,,,,,,,,,,,,,0.018,,,,,,,,,,,,,,,,,,,,,,,,,,,,,,,,,,,0.15,,,,,,,,,,,,0.0,,0.223,0.039,,4.17,,0.046,,,0.002,,,0.001,29.3,,,0.017,,,,3.4,,,0.115,0.599,,0.093,0.003,0.002,0.0,,0.006,,0.001,0.024,0.0,0.037,,,0.007,,0.001,,0.006,,0.015,,0.0,,,640.0,,,,164.0,,,,,,,,,0.455,0.0,0.507,,1.77,0.187,5.15,0.122,2.2,0.035,,0.013,,0.007,0.423,,0.325,,0.194,,,,662.0,,,,,,,,,0.06,0.536,,0.134,,,0.0,,,,,,,,,,,,,20.2,,,,,,,,,,,,,,,,,,50.5,,2.83,,,,,
684,329279,"Cheese, string (low-moisture, part-skim mozzarella), FRIGO (KY, CA2) -  CY121HQ",2019-04-01,,,,,,,3.93,,,,,,,,681.0,,,,,,67.0,,,,,,,,0.025,,,,,,,,,,,,,,,,,,,,,,,,,,,,,,,,,,,0.14,,,,,,,,,,,,0.0,,0.287,0.038,,4.2,,0.047,,,0.0,,,0.0,29.1,,,0.018,,,0.05,3.37,,,0.111,0.58,,0.088,0.003,0.002,0.0,,0.006,,0.0,0.024,0.0,0.034,,,0.007,,0.002,,0.005,,0.012,,0.0,,,666.0,,,,153.0,,,,,,,,0.37,0.478,0.0,0.545,,1.85,0.199,5.38,0.124,1.99,0.029,,0.01,,0.006,0.402,,0.327,,0.194,,23.1,,694.0,,,,,,,,,0.062,0.536,,0.148,,,0.0,0.03,,,,,,,,,,,,20.4,,,,,2.4,0.079,,,,,,,,,0.0,7.8,1.8,50.4,,2.99,,,,,
685,329295,"Cheese, string (low-moisture, part-skim mozzarella), FRIGO (AZ, VA) -  CY121HS",2019-04-01,,,,,,,4.15,,,,,,,,673.0,,,,,,66.0,,,,,,,,0.025,,,,,,,,,,,,,,,,,,,,,,,,,,,,,,,,,,,0.14,,,,,,,,,,,,0.0,,0.297,0.038,,3.95,,0.038,,,0.0,,,0.0,30.4,,,0.017,,,0.05,3.39,,,0.098,0.543,,0.086,0.0,0.002,0.0,,0.005,,0.0,0.022,0.0,0.035,,,0.008,,0.0,,0.005,,0.012,,0.0,,,612.0,,,,146.0,,,,,,,,0.37,0.509,0.0,0.585,,1.94,0.204,5.52,0.124,1.86,0.026,,0.009,,0.006,0.388,,0.327,,0.198,,,,750.0,,,,,,,,,0.061,0.474,,0.142,,,0.0,0.03,,,,,,,,,,,,20.3,,,,,1.7,0.082,,,,,,,,,0.0,7.3,1.5,50.4,,2.96,,,,,
686,329309,"Cheese, string (low-moisture, part-skim mozzarella), store brand (CA2, NC) -  CY121HW",2019-04-01,,,,,,,4.16,,,,,,,,656.0,,,,,,,,,,,,,,0.042,,,,,,,,,,,,,,,,,,,,,,,,,,,,,,,,,,,0.2,,,,,,,,,,,,,,,,,,,,,,,,,,25.1,,,0.023,,,,3.58,,,,,,,,,,,,,,,,,,,,,,,,,,,,,,557.0,,,,102.0,,,,,,,,,,,,,,,,,,,,,,,,,,,,,,,940.0,,,,,,,,,,,,,,,,,,,,,,,,,,,,19.1,,,,,,,,,,,,,,,,,,50.6,,3.23,,,,,
687,329316,"Cheese, string (low-moisture, part-skim mozzarella), FRIGO (GA, NJ) -  CY121HU",2019-04-01,,,,,,,4.17,,,,,,,,704.0,,,,,,66.0,,,,,,,,0.035,,,,,,,,,,,,,,,,,,,,,,,,,,,,,,,,,,,0.15,,,,,,,,,,,,0.0,,0.325,0.043,,3.92,,0.004,,,0.0,,,0.0,29.1,,,0.02,,,0.05,3.28,,,0.098,0.418,,0.082,0.0,0.003,0.0,,0.005,,0.0,0.019,0.0,0.03,,,0.008,,0.0,,0.005,,0.013,,0.0,,,654.0,,,,149.0,,,,,,,,0.37,0.527,0.0,0.618,,2.03,0.218,5.69,0.131,1.74,0.028,,0.01,,0.005,0.388,,0.337,,0.208,,19.9,,777.0,,,,,,,,,0.062,0.453,,0.137,,,0.0,0.03,,,,,,,,,,,,20.5,,,,,1.8,0.078,,,,,,,,,,,,50.9,,3.09,,,,,
688,329331,"Cheese, string (low-moisture, part-skim mozzarella), store brand, KROGER (KY, TX) -  CY121HV",2019-04-01,,,,,,,3.94,,,,,,,,651.0,,,,,,62.0,,,,,,,,0.03,,,,,,,,,,,,,,,,,,,,,,,,,,,,,,,,,,,0.21,,,,,,,,,,,,0.0,,0.256,0.035,,4.08,,0.038,,,0.0,,,0.0,24.4,,,0.04,,,0.06,3.74,,,0.107,0.523,,0.054,0.001,0.002,0.0,,0.004,,0.0,0.021,0.0,0.03,,,0.004,,0.001,,0.005,,0.008,,0.0,,,584.0,,,,354.0,,,,,,,,0.32,0.455,0.0,0.515,,1.7,0.187,4.79,0.107,1.86,0.024,,0.007,,0.004,0.358,,0.291,,0.18,,29.6,,629.0,,,,,,,,,0.067,0.553,,0.135,,,0.0,0.02,,,,,,,,,,,,19.0,,,,,2.3,0.094,,,,,,,,,,,,50.4,,3.68,,,,,
689,329346,"Cheese, string (low-moisture, part-skim mozzarella), BORDEN (CA1, NE, PA) -  CY121HX",2019-04-01,,,,,,,3.65,,,,,,,,643.0,,,,,,64.0,,,,,,,,0.038,,,,,,,,,,,,,,,,,,,,,,,,,,,,,,,,,,,0.15,,,,,,,,,,,,0.0,,0.292,0.042,,4.09,,0.04,,,0.001,,,0.0,24.8,,,0.04,,,0.14,3.83,,,0.097,0.457,,0.082,0.002,0.003,0.0,,0.005,,0.0,0.02,0.0,0.031,,,0.008,,0.001,,0.004,,0.013,,0.0,,,455.0,,,,71.0,,,,,,,,,0.505,0.0,0.586,,1.96,0.209,5.7,0.127,1.9,0.027,,0.009,,0.005,0.402,,0.334,,0.207,,,,725.0,,,,,,,,,0.063,0.463,,0.144,,,0.0,,,,,,,,,,,,,20.8,,,,,,,,,,,,,,,0.0,5.4,1.2,49.4,,3.99,,,,,
690,329359,"Cheese, string (low-moisture, part-skim mozzarella), store brand (AZ, IN, NJ) -  CY121HY",2019-04-01,,,,,,,3.9,,,,,,,,,,,,,,,,,,,,,,,,,,,,,,,,,,,,,,,,,,,,,,,,,,,,,,,,,,,,,,,,,,,,,,,,,,,,,,,,,,,,,,,,,0.09,3.55,,,,,,,,,,,,,,,,,,,,,,,,,,,,,,,,,,,,,,,,,,,,,,,,,,,,,,,,,,,,,,,,,,,,,,,,,,,,,,,,,,,,,,,,,,,,,21.5,,,,,2.3,,,,,,,,,,0.0,6.0,1.6,50.1,,,,,,,
691,329371,"EGG, DRIED WHOLE, Producer D, LOT 3",2019-04-01,,1.3,,,,,6.03,,,,,,,,225.0,,,,,,1690.0,,,,,,,,0.0,,,,,,,,,,,,,,,,,,,,,,,,,,,,,,,,,,287.0,7.13,,,,,,,,,,,,,,,,,,,,,,,,,,46.5,,,0.0,,,,7.63,,,,,,,,,,,,,,,,,,,,,,,,,,,,,,799.0,,,,456.0,,,,,,,,,,,,,,,,,,,,,,,,,,,,,,,466.0,,,,,,,,,,,,,,,,,,,,,,,,,,,,39.1,,,,,,,,,,0.0,6.4,,,,,,,4.19,,5.01,,,,,
692,329378,"EGG, DRIED WHOLE, Producer C, LOT 3",2019-04-01,,1.4,,,,,5.99,,,,,,,,213.0,,,,,,1550.0,,,,,,,,0.0,,,,,,,,,,,,,,,,,,,,,,,,,,,,,,,,,,257.0,7.48,,,,,,,,,,,,,,,,,,,,,,,,,,46.9,,,0.0,,,,7.87,,,,,,,,,,,,,,,,,,,,,,,,,,,,,,776.0,,,,500.0,,,,,,,,,,,,,,,,,,,,,,,,,,,,,,,509.0,,,,,,,,,,,,,,,,,,,,,,,,,,,,37.7,,,,,,,,,,0.0,5.0,,,,,,,4.76,,5.47,,,,,
693,329385,"EGG, DRIED WHOLE, Producer E, LOT 3",2019-04-01,,1.3,,,,,7.14,,,,,,,,251.0,,,,,,1740.0,,,,,,,,0.0,,,,,,,,,,,,,,,,,,,,,,,,,,,,,,,,,,362.0,7.37,,,,,,,,,,,,,,,,,,,,,,,,,,41.5,,,0.0,,,,7.32,,,,,,,,,,,,,,,,,,,,,,,,,,,,,,838.0,,,,467.0,,,,,,,,,,,,,,,,,,,,,,,,,,,,,,,449.0,,,,,,,,,,,,,,,,,,,,,,,,,,,,42.2,,,,,,,,,,0.0,6.5,,,,,,,4.25,,5.36,,,,,
694,329392,"EGG, DRIED WHOLE, Producer C, LOT 3",2019-04-01,,1.4,,,,,5.8,,,,,,,,197.0,,,,,,1530.0,,,,,,,,0.0,,,,,,,,,,,,,,,,,,,,,,,,,,,,,,,,,,263.0,6.64,,,,,,,,,,,,,,,,,,,,,,,,,,48.0,,,0.0,,,,8.19,,,,,,,,,,,,,,,,,,,,,,,,,,,,,,717.0,,,,512.0,,,,,,,,,,,,,,,,,,,,,,,,,,,,,,,554.0,,,,,,,,,,,,,,,,,,,,,,,,,,,,36.1,,,,,,,,,,0.0,5.4,,,,,,,5.13,,4.82,,,,,
695,329399,"EGG, DRIED WHOLE, Producer F, LOT 3",2019-04-01,,2.3,,,,,6.0,,,,,,,,238.0,,,,,,1750.0,,,,,,,,0.0,,,,,,,,,,,,,,,,,,,,,,,,,,,,,,,,,,277.0,7.67,,,,,,,,,,,,,,,,,,,,,,,,,,50.6,,,0.0,,,,7.79,,,,,,,,,,,,,,,,,,,,,,,,,,,,,,798.0,,,,459.0,,,,,,,,,,,,,,,,,,,,,,,,,,,,,,,699.0,,,,,,,,,,,,,,,,,,,,,,,,,,,,38.7,,,,,,,,,,0.0,9.7,,,,,,,3.02,,4.92,,,,,
696,329406,"EGG, DRIED WHOLE, Producer F, LOT 3",2019-04-01,,2.4,,,,,5.67,,,,,,,,223.0,,,,,,1710.0,,,,,,,,0.0,,,,,,,,,,,,,,,,,,,,,,,,,,,,,,,,,,263.0,6.87,,,,,,,,,,,,,,,,,,,,,,,,,,46.4,,,0.0,,,,7.87,,,,,,,,,,,,,,,,,,,,,,,,,,,,,,793.0,,,,486.0,,,,,,,,,,,,,,,,,,,,,,,,,,,,,,,501.0,,,,,,,,,,,,,,,,,,,,,,,,,,,,40.4,,,,,,,,,,0.0,7.0,,,,,,,3.04,,5.21,,,,,
697,329413,"EGG, DRIED WHOLE, Producer C, LOT 3",2019-04-01,,1.8,,,,,6.11,,,,,,,,213.0,,,,,,1630.0,,,,,,,,0.0,,,,,,,,,,,,,,,,,,,,,,,,,,,,,,,,,,277.0,7.34,,,,,,,,,,,,,,,,,,,,,,,,,,47.4,,,0.0,,,,7.95,,,,,,,,,,,,,,,,,,,,,,,,,,,,,,779.0,,,,519.0,,,,,,,,,,,,,,,,,,,,,,,,,,,,,,,534.0,,,,,,,,,,,,,,,,,,,,,,,,,,,,38.4,,,,,,,,,,0.0,10.5,,,,,,,4.08,,5.0,,,,,
698,329420,"EGG, DRIED WHOLE, Producer F, LOT 3",2019-04-01,,2.0,,,,,6.18,,,,,,,,248.0,,,,,,1700.0,,,,,,,,0.0,,,,,,,,,,,,,,,,,,,,,,,,,,,,,,,,,,237.0,7.12,,,,,,,,,,,,,,,,,,,,,,,,,,54.3,,,0.0,,,,7.91,,,,,,,,,,,,,,,,,,,,,,,,,,,,,,798.0,,,,484.0,,,,,,,,,,,,,,,,,,,,,,,,,,,,,,,502.0,,,,,,,,,,,,,,,,,,,,,,,,,,,,38.4,,,,,,,,,,0.0,7.8,,,,,,,2.96,,5.02,,,,,
699,329427,"EGG, DRIED WHOLE, Producer E, LOT 3",2019-04-01,,1.2,,,,,5.73,,,,,,,,232.0,,,,,,1780.0,,,,,,,,0.0,,,,,,,,,,,,,,,,,,,,,,,,,,,,,,,,,,407.0,7.41,,,,,,,,,,,,,,,,,,,,,,,,,,42.3,,,0.0,,,,7.47,,,,,,,,,,,,,,,,,,,,,,,,,,,,,,791.0,,,,434.0,,,,,,,,,,,,,,,,,,,,,,,,,,,,,,,443.0,,,,,,,,,,,,,,,,,,,,,,,,,,,,40.7,,,,,,,,,,0.0,4.0,,,,,,,5.61,,5.15,,,,,
700,329434,"EGG, DRIED WHOLE, Producer E, LOT 3",2019-04-01,,1.4,,,,,6.1,,,,,,,,197.0,,,,,,1740.0,,,,,,,,0.0,,,,,,,,,,,,,,,,,,,,,,,,,,,,,,,,,,342.0,6.14,,,,,,,,,,,,,,,,,,,,,,,,,,33.6,,,0.0,,,,7.5,,,,,,,,,,,,,,,,,,,,,,,,,,,,,,623.0,,,,364.0,,,,,,,,,,,,,,,,,,,,,,,,,,,,,,,353.0,,,,,,,,,,,,,,,,,,,,,,,,,,,,41.5,,,,,,,,,,0.0,6.8,,,,,,,4.51,,4.46,,,,,
701,329441,"EGG, DRIED WHOLE, Producer B, LOT 3",2019-04-01,,2.6,,,,,6.14,,,,,,,,207.0,,,,,,1810.0,,,,,,,,0.0,,,,,,,,,,,,,,,,,,,,,,,,,,,,,,,,,,221.0,6.85,,,,,,,,,,,,,,,,,,,,,,,,,,38.7,,,0.0,,,,7.39,,,,,,,,,,,,,,,,,,,,,,,,,,,,,,783.0,,,,473.0,,,,,,,,,,,,,,,,,,,,,,,,,,,,,,,436.0,,,,,,,,,,,,,,,,,,,,,,,,,,,,42.5,,,,,,,,,,0.0,27.4,,,,,,,3.21,,5.19,,,,,
702,329448,"EGG, DRIED WHOLE, Producer D, LOT 3",2019-04-01,,1.4,,,,,5.66,,,,,,,,223.0,,,,,,1720.0,,,,,,,,0.0,,,,,,,,,,,,,,,,,,,,,,,,,,,,,,,,,,255.0,7.02,,,,,,,,,,,,,,,,,,,,,,,,,,44.2,,,0.0,,,,7.59,,,,,,,,,,,,,,,,,,,,,,,,,,,,,,808.0,,,,475.0,,,,,,,,,,,,,,,,,,,,,,,,,,,,,,,474.0,,,,,,,,,,,,,,,,,,,,,,,,,,,,41.1,,,,,,,,,,0.0,10.2,,,,,,,3.83,,5.09,,,,,
703,329455,"EGG, DRIED WHOLE, Producer B, LOT 3",2019-04-01,,2.3,,,,,6.99,,,,,,,,200.0,,,,,,1730.0,,,,,,,,0.0,,,,,,,,,,,,,,,,,,,,,,,,,,,,,,,,,,233.0,6.4,,,,,,,,,,,,,,,,,,,,,,,,,,39.5,,,0.0,,,,7.5,,,,,,,,,,,,,,,,,,,,,,,,,,,,,,744.0,,,,455.0,,,,,,,,,,,,,,,,,,,,,,,,,,,,,,,441.0,,,,,,,,,,,,,,,,,,,,,,,,,,,,41.9,,,,,,,,,,0.0,22.9,,,,,,,3.37,,4.79,,,,,
704,329462,"EGG, DRIED WHOLE, Producer D, LOT 3",2019-04-01,,1.2,,,,,6.68,,,,,,,,208.0,,,,,,1670.0,,,,,,,,0.0,,,,,,,,,,,,,,,,,,,,,,,,,,,,,,,,,,289.0,6.28,,,,,,,,,,,,,,,,,,,,,,,,,,40.8,,,0.0,,,,7.55,,,,,,,,,,,,,,,,,,,,,,,,,,,,,,695.0,,,,436.0,,,,,,,,,,,,,,,,,,,,,,,,,,,,,,,437.0,,,,,,,,,,,,,,,,,,,,,,,,,,,,39.0,,,,,,,,,,0.0,4.5,,,,,,,4.8,,4.72,,,,,
705,329469,"EGG, DRIED WHOLE, Producer B, LOT 3",2019-04-01,,2.4,,,,,6.53,,,,,,,,216.0,,,,,,1810.0,,,,,,,,0.0,,,,,,,,,,,,,,,,,,,,,,,,,,,,,,,,,,254.0,7.29,,,,,,,,,,,,,,,,,,,,,,,,,,42.8,,,0.0,,,,7.48,,,,,,,,,,,,,,,,,,,,,,,,,,,,,,809.0,,,,451.0,,,,,,,,,,,,,,,,,,,,,,,,,,,,,,,442.0,,,,,,,,,,,,,,,,,,,,,,,,,,,,42.5,,,,,,,,,,0.0,22.1,,,,,,,3.1,,5.16,,,,,
706,329476,"EGG, DRIED WHOLE, Producer A, LOT 2",2019-04-01,,1.4,,,,,7.16,,,,,,,,214.0,,,,,,1640.0,,,,,,,,0.0,,,,,,,,,,,,,,,,,,,,,,,,,,,,,,,,,,239.0,6.94,,,,,,,,,,,,,,,,,,,,,,,,,,47.7,,,0.0,,,,7.95,,,,,,,,,,,,,,,,,,,,,,,,,,,,,,767.0,,,,502.0,,,,,,,,,,,,,,,,,,,,,,,,,,,,,,,514.0,,,,,,,,,,,,,,,,,,,,,,,,,,,,38.4,,,,,,,,,,0.0,3.8,,,,,,,4.41,,5.05,,,,,
707,329483,"EGG, DRIED WHOLE, Producer A, LOT 2",2019-04-01,,1.6,,,,,5.55,,,,,,,,229.0,,,,,,1640.0,,,,,,,,0.0,,,,,,,,,,,,,,,,,,,,,,,,,,,,,,,,,,202.0,6.58,,,,,,,,,,,,,,,,,,,,,,,,,,47.1,,,0.0,,,,7.8,,,,,,,,,,,,,,,,,,,,,,,,,,,,,,778.0,,,,482.0,,,,,,,,,,,,,,,,,,,,,,,,,,,,,,,493.0,,,,,,,,,,,,,,,,,,,,,,,,,,,,37.2,,,,,,,,,,0.0,4.8,,,,,,,4.92,,4.98,,,,,
708,329491,"EGG, LIQUID YOLK, Producer C, LOT 3",2019-04-01,,1.4,,,,,2.47,,,,,,,,112.0,,,,,,1040.0,,,,,,,,0.0,,,,,,,,,,,,,,,,,,,,,,,,,,,,,,,,,,185.0,3.81,,,,,,,,,,,,,,,,,,,,,,,,,,10.8,,,0.057,,,,2.49,,,,,,,,,,,,,,,,,,,,,,,,,,,,,,431.0,,,,100.0,,,,,,,,,,,,,,,,,,,,,,,,,,,,,,,69.0,,,,,,,,,,,,,,,,,,,,,,,,,,,,25.6,,,,,,,,,,0.0,4.6,,,,,,,55.9,,2.85,,,,,
709,329498,"EGG, LIQUID YOLK, Producer C, LOT 3",2019-04-01,,1.3,,,,,2.25,,,,,,,,114.0,,,,,,987.0,,,,,,,,0.0,,,,,,,,,,,,,,,,,,,,,,,,,,,,,,,,,,182.0,3.7,,,,,,,,,,,,,,,,,,,,,,,,,,10.4,,,0.058,,,,2.37,,,,,,,,,,,,,,,,,,,,,,,,,,,,,,428.0,,,,98.0,,,,,,,,,,,,,,,,,,,,,,,,,,,,,,,63.0,,,,,,,,,,,,,,,,,,,,,,,,,,,,24.5,,,,,,,,,,0.0,4.9,,,,,,,57.3,,2.78,,,,,
710,329505,"EGG, LIQUID YOLK, Producer D, LOT 3",2019-04-01,,1.1,,,,,2.9,,,,,,,,132.0,,,,,,965.0,,,,,,,,0.0,,,,,,,,,,,,,,,,,,,,,,,,,,,,,,,,,,188.0,4.6,,,,,,,,,,,,,,,,,,,,,,,,,,12.1,,,0.065,,,,2.52,,,,,,,,,,,,,,,,,,,,,,,,,,,,,,464.0,,,,98.0,,,,,,,,,,,,,,,,,,,,,,,,,,,,,,,59.0,,,,,,,,,,,,,,,,,,,,,,,,,,,,24.9,,,,,,,,,,0.0,2.1,,,,,,,56.1,,3.08,,,,,
711,329512,"EGG, LIQUID YOLK, Producer D, LOT 3",2019-04-01,,1.1,,,,,2.81,,,,,,,,122.0,,,,,,979.0,,,,,,,,0.0,,,,,,,,,,,,,,,,,,,,,,,,,,,,,,,,,,197.0,4.07,,,,,,,,,,,,,,,,,,,,,,,,,,11.5,,,0.067,,,,2.44,,,,,,,,,,,,,,,,,,,,,,,,,,,,,,445.0,,,,93.0,,,,,,,,,,,,,,,,,,,,,,,,,,,,,,,58.0,,,,,,,,,,,,,,,,,,,,,,,,,,,,25.0,,,,,,,,,,0.0,2.6,,,,,,,56.6,,3.0,,,,,
712,329519,"EGG, LIQUID YOLK, Producer C, LOT 3",2019-04-01,,1.5,,,,,2.26,,,,,,,,115.0,,,,,,1040.0,,,,,,,,0.0,,,,,,,,,,,,,,,,,,,,,,,,,,,,,,,,,,195.0,3.98,,,,,,,,,,,,,,,,,,,,,,,,,,11.1,,,0.067,,,,2.46,,,,,,,,,,,,,,,,,,,,,,,,,,,,,,441.0,,,,103.0,,,,,,,,,,,,,,,,,,,,,,,,,,,,,,,65.0,,,,,,,,,,,,,,,,,,,,,,,,,,,,25.7,,,,,,,,,,0.0,4.5,,,,,,,55.8,,2.85,,,,,
713,329526,"EGG, LIQUID YOLK, Producer D, LOT 3",2019-04-01,,1.0,,,,,2.8,,,,,,,,126.0,,,,,,975.0,,,,,,,,0.0,,,,,,,,,,,,,,,,,,,,,,,,,,,,,,,,,,204.0,4.38,,,,,,,,,,,,,,,,,,,,,,,,,,12.2,,,0.068,,,,2.53,,,,,,,,,,,,,,,,,,,,,,,,,,,,,,452.0,,,,98.0,,,,,,,,,,,,,,,,,,,,,,,,,,,,,,,62.0,,,,,,,,,,,,,,,,,,,,,,,,,,,,25.2,,,,,,,,,,0.0,2.1,,,,,,,56.1,,3.08,,,,,
714,329533,"EGG, LIQUID YOLK, Producer F, LOT 3",2019-04-01,,1.6,,,,,2.72,,,,,,,,118.0,,,,,,1040.0,,,,,,,,0.0,,,,,,,,,,,,,,,,,,,,,,,,,,,,,,,,,,157.0,4.35,,,,,,,,,,,,,,,,,,,,,,,,,,10.7,,,0.074,,,,2.54,,,,,,,,,,,,,,,,,,,,,,,,,,,,,,446.0,,,,110.0,,,,,,,,,,,,,,,,,,,,,,,,,,,,,,,67.0,,,,,,,,,,,,,,,,,,,,,,,,,,,,25.6,,,,,,,,,,0.0,4.8,,,,,,,55.5,,3.0,,,,,
715,329540,"EGG, LIQUID YOLK, Producer B, LOT 3",2019-04-01,,1.1,,,,,2.68,,,,,,,,117.0,,,,,,1030.0,,,,,,,,0.0,,,,,,,,,,,,,,,,,,,,,,,,,,,,,,,,,,75.5,3.87,,,,,,,,,,,,,,,,,,,,,,,,,,10.6,,,0.068,,,,2.46,,,,,,,,,,,,,,,,,,,,,,,,,,,,,,450.0,,,,109.0,,,,,,,,,,,,,,,,,,,,,,,,,,,,,,,66.0,,,,,,,,,,,,,,,,,,,,,,,,,,,,25.1,,,,,,,,,,0.0,7.6,,,,,,,56.3,,2.82,,,,,
716,329547,"EGG, LIQUID YOLK, Producer F, LOT 3",2019-04-01,,2.1,,,,,2.7,,,,,,,,123.0,,,,,,1040.0,,,,,,,,0.0,,,,,,,,,,,,,,,,,,,,,,,,,,,,,,,,,,161.0,4.01,,,,,,,,,,,,,,,,,,,,,,,,,,11.0,,,0.081,,,,2.55,,,,,,,,,,,,,,,,,,,,,,,,,,,,,,461.0,,,,106.0,,,,,,,,,,,,,,,,,,,,,,,,,,,,,,,66.0,,,,,,,,,,,,,,,,,,,,,,,,,,,,26.4,,,,,,,,,,0.0,5.5,,,,,,,54.6,,3.11,,,,,
717,329554,"EGG, LIQUID YOLK, Producer B, LOT 3",2019-04-01,,1.8,,,,,2.79,,,,,,,,124.0,,,,,,1000.0,,,,,,,,0.0,,,,,,,,,,,,,,,,,,,,,,,,,,,,,,,,,,83.4,3.7,,,,,,,,,,,,,,,,,,,,,,,,,,11.1,,,0.073,,,,2.48,,,,,,,,,,,,,,,,,,,,,,,,,,,,,,454.0,,,,101.0,,,,,,,,,,,,,,,,,,,,,,,,,,,,,,,66.0,,,,,,,,,,,,,,,,,,,,,,,,,,,,26.7,,,,,,,,,,0.0,15.0,,,,,,,54.5,,3.11,,,,,
718,329561,"EGG, LIQUID YOLK, Producer E, LOT 3",2019-04-01,,1.4,,,,,2.64,,,,,,,,117.0,,,,,,984.0,,,,,,,,0.0,,,,,,,,,,,,,,,,,,,,,,,,,,,,,,,,,,256.0,4.67,,,,,,,,,,,,,,,,,,,,,,,,,,11.3,,,0.067,,,,2.5,,,,,,,,,,,,,,,,,,,,,,,,,,,,,,440.0,,,,101.0,,,,,,,,,,,,,,,,,,,,,,,,,,,,,,,69.0,,,,,,,,,,,,,,,,,,,,,,,,,,,,24.9,,,,,,,,,,0.0,3.3,,,,,,,56.7,,2.74,,,,,
719,329568,"EGG, LIQUID YOLK, Producer E, LOT 3",2019-04-01,,1.4,,,,,3.13,,,,,,,,114.0,,,,,,971.0,,,,,,,,0.0,,,,,,,,,,,,,,,,,,,,,,,,,,,,,,,,,,267.0,3.6,,,,,,,,,,,,,,,,,,,,,,,,,,11.5,,,0.056,,,,2.51,,,,,,,,,,,,,,,,,,,,,,,,,,,,,,414.0,,,,100.0,,,,,,,,,,,,,,,,,,,,,,,,,,,,,,,69.0,,,,,,,,,,,,,,,,,,,,,,,,,,,,22.5,,,,,,,,,,0.0,3.2,,,,,,,56.8,,2.7,,,,,
720,329575,"EGG, LIQUID YOLK, Producer B, LOT 3",2019-04-01,,2.2,,,,,2.43,,,,,,,,118.0,,,,,,1000.0,,,,,,,,0.0,,,,,,,,,,,,,,,,,,,,,,,,,,,,,,,,,,126.0,4.22,,,,,,,,,,,,,,,,,,,,,,,,,,11.4,,,0.073,,,,2.53,,,,,,,,,,,,,,,,,,,,,,,,,,,,,,445.0,,,,100.0,,,,,,,,,,,,,,,,,,,,,,,,,,,,,,,69.0,,,,,,,,,,,,,,,,,,,,,,,,,,,,26.0,,,,,,,,,,0.0,11.5,,,,,,,55.3,,2.96,,,,,
721,329582,"EGG, LIQUID YOLK, Producer F, LOT 3",2019-04-01,,2.0,,,,,2.62,,,,,,,,118.0,,,,,,1000.0,,,,,,,,0.0,,,,,,,,,,,,,,,,,,,,,,,,,,,,,,,,,,188.0,4.57,,,,,,,,,,,,,,,,,,,,,,,,,,11.2,,,0.08,,,,2.48,,,,,,,,,,,,,,,,,,,,,,,,,,,,,,449.0,,,,110.0,,,,,,,,,,,,,,,,,,,,,,,,,,,,,,,68.0,,,,,,,,,,,,,,,,,,,,,,,,,,,,24.7,,,,,,,,,,0.0,6.4,,,,,,,56.6,,3.0,,,,,
722,329589,"EGG, LIQUID YOLK, Producer E, LOT 3",2019-04-01,,1.2,,,,,2.56,,,,,,,,120.0,,,,,,951.0,,,,,,,,0.0,,,,,,,,,,,,,,,,,,,,,,,,,,,,,,,,,,188.0,4.39,,,,,,,,,,,,,,,,,,,,,,,,,,11.5,,,0.068,,,,2.47,,,,,,,,,,,,,,,,,,,,,,,,,,,,,,429.0,,,,110.0,,,,,,,,,,,,,,,,,,,,,,,,,,,,,,,72.0,,,,,,,,,,,,,,,,,,,,,,,,,,,,23.7,,,,,,,,,,0.0,8.3,,,,,,,57.5,,2.88,,,,,
723,329597,"EGG, DRIED YOLK, Producer C, LOT 3",2019-04-01,,2.6,,,,,6.16,,,,,,,,275.0,,,,,,2360.0,,,,,,,,0.0,,,,,,,,,,,,,,,,,,,,,,,,,,,,,,,,,,435.0,9.19,,,,,,,,,,,,,,,,,,,,,,,,,,26.0,,,0.0,,,,5.45,,,,,,,,,,,,,,,,,,,,,,,,,,,,,,997.0,,,,223.0,,,,,,,,,,,,,,,,,,,,,,,,,,,,,,,145.0,,,,,,,,,,,,,,,,,,,,,,,,,,,,55.6,,,,,,,,,,0.0,8.3,,,,,,,3.86,,7.44,,,,,
724,329604,"EGG, DRIED YOLK, Producer E, LOT 3",2019-04-01,,2.0,,,,,5.38,,,,,,,,278.0,,,,,,2310.0,,,,,,,,0.0,,,,,,,,,,,,,,,,,,,,,,,,,,,,,,,,,,393.0,9.63,,,,,,,,,,,,,,,,,,,,,,,,,,25.6,,,0.0,,,,5.48,,,,,,,,,,,,,,,,,,,,,,,,,,,,,,995.0,,,,229.0,,,,,,,,,,,,,,,,,,,,,,,,,,,,,,,137.0,,,,,,,,,,,,,,,,,,,,,,,,,,,,55.6,,,,,,,,,,0.0,9.2,,,,,,,3.87,,7.26,,,,,
725,329611,"EGG, DRIED YOLK, Producer C, LOT 3",2019-04-01,,2.3,,,,,5.31,,,,,,,,275.0,,,,,,2370.0,,,,,,,,0.0,,,,,,,,,,,,,,,,,,,,,,,,,,,,,,,,,,437.0,8.9,,,,,,,,,,,,,,,,,,,,,,,,,,24.8,,,0.0,,,,5.47,,,,,,,,,,,,,,,,,,,,,,,,,,,,,,995.0,,,,221.0,,,,,,,,,,,,,,,,,,,,,,,,,,,,,,,141.0,,,,,,,,,,,,,,,,,,,,,,,,,,,,57.2,,,,,,,,,,0.0,7.2,,,,,,,3.05,,7.46,,,,,
726,329618,"EGG, DRIED YOLK, Producer F, LOT 2",2019-04-01,,2.9,,,,,6.42,,,,,,,,261.0,,,,,,2460.0,,,,,,,,0.0,,,,,,,,,,,,,,,,,,,,,,,,,,,,,,,,,,327.0,9.12,,,,,,,,,,,,,,,,,,,,,,,,,,27.2,,,0.0,,,,5.58,,,,,,,,,,,,,,,,,,,,,,,,,,,,,,967.0,,,,240.0,,,,,,,,,,,,,,,,,,,,,,,,,,,,,,,154.0,,,,,,,,,,,,,,,,,,,,,,,,,,,,56.2,,,,,,,,,,0.0,10.5,,,,,,,2.55,,6.63,,,,,
727,329625,"EGG, DRIED YOLK, Producer E, LOT 3",2019-04-01,,2.1,,,,,5.53,,,,,,,,279.0,,,,,,2290.0,,,,,,,,0.0,,,,,,,,,,,,,,,,,,,,,,,,,,,,,,,,,,430.0,9.6,,,,,,,,,,,,,,,,,,,,,,,,,,25.8,,,0.0,,,,5.46,,,,,,,,,,,,,,,,,,,,,,,,,,,,,,982.0,,,,228.0,,,,,,,,,,,,,,,,,,,,,,,,,,,,,,,138.0,,,,,,,,,,,,,,,,,,,,,,,,,,,,55.3,,,,,,,,,,0.0,9.7,,,,,,,4.19,,7.35,,,,,
728,329632,"EGG, DRIED YOLK, Producer F, LOT 2",2019-04-01,,3.8,,,,,5.23,,,,,,,,275.0,,,,,,2430.0,,,,,,,,0.0,,,,,,,,,,,,,,,,,,,,,,,,,,,,,,,,,,323.0,10.1,,,,,,,,,,,,,,,,,,,,,,,,,,26.1,,,0.0,,,,5.46,,,,,,,,,,,,,,,,,,,,,,,,,,,,,,922.0,,,,233.0,,,,,,,,,,,,,,,,,,,,,,,,,,,,,,,141.0,,,,,,,,,,,,,,,,,,,,,,,,,,,,56.1,,,,,,,,,,0.0,11.0,,,,,,,3.15,,7.37,,,,,
729,329639,"EGG, DRIED YOLK, Producer C, LOT 3",2019-04-01,,2.6,,,,,5.52,,,,,,,,283.0,,,,,,2300.0,,,,,,,,0.0,,,,,,,,,,,,,,,,,,,,,,,,,,,,,,,,,,409.0,9.12,,,,,,,,,,,,,,,,,,,,,,,,,,26.1,,,0.0,,,,5.45,,,,,,,,,,,,,,,,,,,,,,,,,,,,,,995.0,,,,233.0,,,,,,,,,,,,,,,,,,,,,,,,,,,,,,,152.0,,,,,,,,,,,,,,,,,,,,,,,,,,,,54.3,,,,,,,,,,0.0,8.7,,,,,,,3.92,,7.66,,,,,
730,329646,"EGG, DRIED YOLK, Producer B, LOT 3",2019-04-01,,3.1,,,,,5.54,,,,,,,,255.0,,,,,,2340.0,,,,,,,,0.0,,,,,,,,,,,,,,,,,,,,,,,,,,,,,,,,,,287.0,9.2,,,,,,,,,,,,,,,,,,,,,,,,,,25.9,,,0.0,,,,5.3,,,,,,,,,,,,,,,,,,,,,,,,,,,,,,992.0,,,,236.0,,,,,,,,,,,,,,,,,,,,,,,,,,,,,,,161.0,,,,,,,,,,,,,,,,,,,,,,,,,,,,54.8,,,,,,,,,,0.0,28.5,,,,,,,2.94,,6.64,,,,,
731,329653,"EGG, DRIED YOLK, Producer D, LOT 3",2019-04-01,,2.8,,,,,4.46,,,,,,,,274.0,,,,,,2340.0,,,,,,,,0.0,,,,,,,,,,,,,,,,,,,,,,,,,,,,,,,,,,311.0,9.24,,,,,,,,,,,,,,,,,,,,,,,,,,25.4,,,0.0,,,,5.48,,,,,,,,,,,,,,,,,,,,,,,,,,,,,,997.0,,,,232.0,,,,,,,,,,,,,,,,,,,,,,,,,,,,,,,150.0,,,,,,,,,,,,,,,,,,,,,,,,,,,,55.8,,,,,,,,,,0.0,28.3,,,,,,,3.44,,7.15,,,,,
732,329660,"EGG, DRIED YOLK, Producer E, LOT 3",2019-04-01,,1.9,,,,,6.0,,,,,,,,263.0,,,,,,2320.0,,,,,,,,0.0,,,,,,,,,,,,,,,,,,,,,,,,,,,,,,,,,,426.0,9.89,,,,,,,,,,,,,,,,,,,,,,,,,,25.5,,,0.0,,,,5.5,,,,,,,,,,,,,,,,,,,,,,,,,,,,,,989.0,,,,229.0,,,,,,,,,,,,,,,,,,,,,,,,,,,,,,,146.0,,,,,,,,,,,,,,,,,,,,,,,,,,,,54.9,,,,,,,,,,0.0,7.8,,,,,,,4.15,,7.0,,,,,
733,329667,"EGG, DRIED YOLK, Producer A, LOT 3",2019-04-01,,2.2,,,,,5.21,,,,,,,,284.0,,,,,,2270.0,,,,,,,,0.0,,,,,,,,,,,,,,,,,,,,,,,,,,,,,,,,,,299.0,9.18,,,,,,,,,,,,,,,,,,,,,,,,,,28.5,,,0.0,,,,5.78,,,,,,,,,,,,,,,,,,,,,,,,,,,,,,986.0,,,,242.0,,,,,,,,,,,,,,,,,,,,,,,,,,,,,,,157.0,,,,,,,,,,,,,,,,,,,,,,,,,,,,53.3,,,,,,,,,,0.0,4.4,,,,,,,4.52,,7.22,,,,,
734,329674,"EGG, DRIED YOLK, Producer D, LOT 3",2019-04-01,,2.2,,,,,5.1,,,,,,,,266.0,,,,,,2310.0,,,,,,,,0.0,,,,,,,,,,,,,,,,,,,,,,,,,,,,,,,,,,288.0,9.18,,,,,,,,,,,,,,,,,,,,,,,,,,25.5,,,0.0,,,,5.51,,,,,,,,,,,,,,,,,,,,,,,,,,,,,,974.0,,,,232.0,,,,,,,,,,,,,,,,,,,,,,,,,,,,,,,160.0,,,,,,,,,,,,,,,,,,,,,,,,,,,,56.0,,,,,,,,,,0.0,29.2,,,,,,,3.53,,7.16,,,,,
735,329681,"EGG, DRIED YOLK, Producer D, LOT 3",2019-04-01,,2.7,,,,,6.41,,,,,,,,258.0,,,,,,2360.0,,,,,,,,0.0,,,,,,,,,,,,,,,,,,,,,,,,,,,,,,,,,,261.0,9.25,,,,,,,,,,,,,,,,,,,,,,,,,,24.5,,,0.0,,,,5.52,,,,,,,,,,,,,,,,,,,,,,,,,,,,,,973.0,,,,228.0,,,,,,,,,,,,,,,,,,,,,,,,,,,,,,,146.0,,,,,,,,,,,,,,,,,,,,,,,,,,,,56.0,,,,,,,,,,0.0,35.2,,,,,,,3.04,,6.91,,,,,
736,329688,"EGG, DRIED YOLK, Producer B, LOT 3",2019-04-01,,3.5,,,,,6.05,,,,,,,,262.0,,,,,,2370.0,,,,,,,,0.0,,,,,,,,,,,,,,,,,,,,,,,,,,,,,,,,,,272.0,8.9,,,,,,,,,,,,,,,,,,,,,,,,,,25.4,,,0.0,,,,5.45,,,,,,,,,,,,,,,,,,,,,,,,,,,,,,966.0,,,,232.0,,,,,,,,,,,,,,,,,,,,,,,,,,,,,,,157.0,,,,,,,,,,,,,,,,,,,,,,,,,,,,55.9,,,,,,,,,,0.0,29.2,,,,,,,3.23,,6.59,,,,,
737,329695,"EGG, DRIED YOLK, Producer A, LOT 3",2019-04-01,,2.1,,,,,5.9,,,,,,,,267.0,,,,,,2270.0,,,,,,,,0.0,,,,,,,,,,,,,,,,,,,,,,,,,,,,,,,,,,335.0,9.09,,,,,,,,,,,,,,,,,,,,,,,,,,26.7,,,0.0,,,,5.5,,,,,,,,,,,,,,,,,,,,,,,,,,,,,,988.0,,,,221.0,,,,,,,,,,,,,,,,,,,,,,,,,,,,,,,142.0,,,,,,,,,,,,,,,,,,,,,,,,,,,,55.3,,,,,,,,,,0.0,5.1,,,,,,,4.36,,7.08,,,,,
738,329702,"EGG, DRIED YOLK, Producer A, LOT 3",2019-04-01,,1.8,,,,,5.68,,,,,,,,276.0,,,,,,2360.0,,,,,,,,0.0,,,,,,,,,,,,,,,,,,,,,,,,,,,,,,,,,,423.0,8.87,,,,,,,,,,,,,,,,,,,,,,,,,,26.1,,,0.0,,,,5.4,,,,,,,,,,,,,,,,,,,,,,,,,,,,,,986.0,,,,231.0,,,,,,,,,,,,,,,,,,,,,,,,,,,,,,,147.0,,,,,,,,,,,,,,,,,,,,,,,,,,,,54.6,,,,,,,,,,0.0,4.6,,,,,,,4.52,,7.05,,,,,
739,329709,"EGG, DRIED YOLK, Producer B, LOT 3",2019-04-01,,3.4,,,,,4.36,,,,,,,,268.0,,,,,,2410.0,,,,,,,,0.0,,,,,,,,,,,,,,,,,,,,,,,,,,,,,,,,,,282.0,9.35,,,,,,,,,,,,,,,,,,,,,,,,,,26.3,,,0.0,,,,5.42,,,,,,,,,,,,,,,,,,,,,,,,,,,,,,992.0,,,,238.0,,,,,,,,,,,,,,,,,,,,,,,,,,,,,,,159.0,,,,,,,,,,,,,,,,,,,,,,,,,,,,56.2,,,,,,,,,,0.0,29.5,,,,,,,3.48,,6.82,,,,,
740,329717,"Cheese, dry white, Queso seco, mixed composite (CA-LA, CA-SD) - CY061GH",2019-04-01,,,,,,,6.82,,,,,,,,725.0,,,,,,77.0,,,,,,,,0.018,,,,,,,,,,,,,,,,,,,,,,0.0,0.48,,,0.0,,,,,,,,,0.16,,0.0,,,,,,,,,,0.002,,0.319,0.046,,4.96,,0.043,,,0.003,,,0.003,30.3,,0.0,0.016,,,0.07,3.74,,,0.133,0.669,,0.113,0.01,,0.006,,0.007,,0.003,0.028,,0.039,,,0.009,,0.003,,0.009,,0.018,,0.002,0.41,,508.0,,,,118.0,,,,,,,,0.24,0.585,0.013,0.656,,2.18,0.237,5.74,0.147,2.69,0.04,,0.015,,0.01,0.479,,0.39,,0.252,,,,1770.0,,,,,,0.0,,,0.077,0.612,,0.157,,,0.0,0.04,,0.0,0.0,0.04,0.02,0.01,0.0,0.01,,,,23.8,,,,,1.9,0.11,,,,,,,,0.45,,,,43.2,,3.22,,,,,
741,329734,"Cheese, dry white, Queso seco, mixed composite (FL, CA-SB) - CY061GE",2019-04-01,,,,,,,6.48,,,,,,,,726.0,,,,,,68.0,,,,,,,,0.03,,,,,,,,,,,,,,,,,,,,,,0.0,0.29,,,0.0,,,,,,,,,0.18,,0.0,,,,,,,,,,0.002,,0.27,0.037,,5.3,,0.039,,,0.002,,,0.002,31.6,,0.0,0.018,,,0.07,3.69,,,0.114,0.874,,0.107,0.007,,0.005,,0.007,,0.002,0.024,,0.031,,,0.008,,0.001,,0.008,,0.015,,0.002,0.4,,500.0,,,,132.0,,,,,,,,0.25,0.5,0.011,0.567,,1.86,0.19,6.27,0.12,2.35,0.043,,0.014,,0.009,0.427,,0.328,,0.217,,,,1560.0,,,,,,0.0,,,0.061,0.548,,0.159,,,0.0,0.05,,0.01,0.0,0.04,0.31,0.04,0.17,0.52,,,,23.6,,,,,1.9,0.101,,,,,,,,0.58,,,,44.0,,3.34,,,,,
742,329751,"Cheese, dry white, Queso seco, mixed composite (TX-HA, NV) - CY061GG",2019-04-01,,,,,,,7.28,,,,,,,,683.0,,,,,,79.0,,,,,,,,0.018,,,,,,,,,,,,,,,,,,,,,,0.0,0.28,,,0.0,,,,,,,,,0.2,,0.0,,,,,,,,,,0.003,,0.355,0.046,,5.09,,0.04,,,0.003,,,0.003,26.7,,0.0,0.018,,,0.09,3.82,,,0.145,0.649,,0.094,0.009,,0.006,,0.007,,0.002,0.029,,0.038,,,0.008,,0.001,,0.009,,0.015,,0.002,0.39,,484.0,,,,124.0,,,,,,,,0.23,0.619,0.014,0.704,,2.28,0.234,6.05,0.144,2.62,0.034,,0.012,,0.008,0.516,,0.416,,0.264,,,,1930.0,,,,,,0.0,,,0.077,0.678,,0.173,,,0.0,0.02,,0.0,0.0,0.05,0.01,0.0,0.0,0.01,,,,24.8,,,,,1.6,0.084,,,,,,,,0.49,,,,41.9,,3.2,,,,,
743,329768,"Cheese, dry white, Queso seco, EL MEXICANO BRAND (CA-AL) - CY061GC",2019-04-01,,,,,,,7.14,,,,,,,,825.0,,,,,,80.0,,,,,,,,0.03,,,,,,,,,,,,,,,,,,,,,,0.0,0.58,,,0.0,,,,,,,,,0.21,,0.0,,,,,,,,,,0.002,,0.325,0.045,,5.01,,0.041,,,0.002,,,0.003,31.9,,0.0,0.019,,,0.15,4.69,,,0.127,0.655,,0.088,0.01,,0.006,,0.008,,0.003,0.03,,0.039,,,0.009,,0.0,,0.009,,0.016,,0.003,0.45,,599.0,,,,104.0,,,,,,,,0.29,0.573,0.015,0.642,,2.11,0.22,5.84,0.14,2.69,0.038,,0.013,,0.008,0.496,,0.395,,0.246,,,,1770.0,,,,,,0.0,,,0.071,0.625,,0.155,,,0.0,0.05,,0.0,0.0,0.03,0.01,0.01,0.0,0.01,,,,23.6,,,,,2.0,0.111,,,,,,,,0.52,,,,37.3,,4.02,,,,,
744,329783,"Cheese, dry white, Queso seco, mixed composite (MD, NM) - CY061GF",2019-04-01,,,,,0.75,0.91,6.64,1.83,,,,0.4,,,522.0,,,0.0,24.0,,80.0,1.2,3.7,8.5,0.6,4.3,18.4,,0.034,,2.0,,0.15,,,,,,,,,,,,,,,,,,0.0,0.18,,,0.0,5.3,,0.43,,,0.67,,,0.18,1.17,0.0,2.43,,,3.0,0.0,1.98,,,,0.003,,0.337,0.047,,4.92,,0.041,,,0.002,,,0.002,20.9,,0.0,0.017,0.54,,0.07,3.58,,,0.128,0.717,,0.133,0.009,,0.006,,0.007,,0.003,0.029,,0.038,,,0.01,,0.002,,0.008,,0.019,,0.003,0.39,1.17,392.0,,,,111.0,2.39,,,,,,192.0,0.18,0.596,0.013,0.674,,2.2,0.236,5.91,0.148,2.6,0.038,,0.013,,0.009,0.532,,0.413,,0.26,,24.5,1.37,1760.0,,,,,,0.0,,,0.076,0.637,,0.172,,,0.0,0.03,0.95,0.0,0.0,0.05,0.02,0.01,0.0,0.01,,,,24.0,0.32,1.27,1.48,,1.5,0.079,,,,,,,,0.42,,6.0,1.5,44.5,,2.9,,,,,
745,329806,"Cheese, dry white, Queso seco, mixed composite (NY, TX-TR) - CY061GD",2019-04-01,,,,,0.75,0.91,7.21,1.81,,,,,,,485.0,,,0.0,42.0,,87.0,,,,,,,,0.034,,3.0,,0.15,,,,,,,,,,,,,,,,,,0.0,0.0,,,0.0,5.35,,0.44,,,0.68,,,0.15,1.16,0.75,2.15,,,4.0,0.0,1.95,,,,0.003,,0.413,0.054,,5.38,,0.045,,,0.003,,,0.003,19.1,,0.0,0.019,0.53,,0.05,3.53,,,0.16,0.665,,0.124,0.01,,0.007,,0.008,,0.001,0.027,,0.039,,,0.01,,0.003,,0.009,,0.018,,0.002,0.35,1.17,365.0,,,,106.0,2.38,,,,,,254.0,0.19,0.638,0.015,0.728,,2.44,0.253,6.77,0.158,2.62,0.036,,0.012,,0.008,0.594,,0.453,,0.278,,20.3,1.37,2060.0,,,,,,0.0,,,0.087,0.713,,0.186,,,0.0,0.04,0.95,0.0,0.0,0.04,0.01,0.01,0.0,0.01,,,,26.3,0.3,1.28,1.47,,1.3,0.062,,1.8,73.0,,1.8,,,0.45,,5.8,1.5,42.2,,3.02,,,,,
746,329831,"Greek yogurt, CHOBANI PLAIN NON-FAT (NY1) - CY0921I",2019-04-01,,,,,,,0.7,,,,,,,,110.0,,,,,,,,,,,,,,0.017,,,,,,,,,,,,,,,,,,,,,,,,,,,,,,,,,,,0.08,,,,,,,,,,,,,,,,,,,,,,,,,,10.5,,,0.008,,,,1.62,,,,,,,,,,,,,,,,,,,,,,,,,,,,,,134.0,,,,143.0,,,,,,,,,,,,,,,,,,,,,,,,,,,,,,,34.0,,,,,,,,,,,,,,,,,,,,,,,,,,,,0.61,,,,,,,,,,,,,,,,,,85.3,,0.53,,,,,
747,329837,"Greek yogurt, CHOBANI PLAIN NON-FAT (FL1,MO1) - CY0921M",2019-04-01,,,,,,,0.74,,,,,,,,109.0,,,,,,,,,,,,,,0.015,,,,,,,,,,,,,,,,,,,,,,,,,,,,,,,,,,,0.06,,,,,,,,,,,,,,,,,,,,,,,,,,10.2,,,0.006,,,,1.58,,,,,,,,,,,,,,,,,,,,,,,,,,,,,,131.0,,,,141.0,,,,,,,,,,,,,,,,,,,,,,,,,,,,,,,36.0,,,,,,,,,,,,,,,,,,,,,,,,,,,,0.42,,,,,,,,,,,,,,,,,,85.3,,0.49,,,,,
748,329846,"Greek yogurt, FAGE PLAIN NONFAT (IN1,NY1) - CY0921O",2019-04-01,,,,,,,0.71,,,,,,,,112.0,,,,,,,,,,,,,,0.016,,,,,,,,,,,,,,,,,,,,,,,,,,,,,,,,,,,0.05,,,,,,,,,,,,,,,,,,,,,,,,,,10.6,,,0.005,,,,1.6,,,,,,,,,,,,,,,,,,,,,,,,,,,,,,134.0,,,,141.0,,,,,,,,,,,,,,,,,,,,,,,,,,,,,,,34.0,,,,,,,,,,,,,,,,,,,,,,,,,,,,0.24,,,,,,,,,,,,,,,,,,85.1,,0.56,,,,,
749,329853,"Greek yogurt, CHOBANI PLAIN NON-FAT (CA2,NC1) - CY0921K",2019-04-01,,,,,,,0.69,,,,,,,,110.0,,,,,,,,,,,,,,0.017,,,,,,,,,,,,,,,,,,,,,,,,,,,,,,,,,,,0.08,,,,,,,,,,,,,,,,,,,,,,,,,,10.7,,,0.005,,,,1.08,,,,,,,,,,,,,,,,,,,,,,,,,,,,,,134.0,,,,140.0,,,,,,,,,,,,,,,,,,,,,,,,,,,,,,,36.0,,,,,,,,,,,,,,,,,,,,,,,,,,,,0.45,,,,,,,,,,,,,,,,,,85.0,,0.5,,,,,
750,329870,"Greek yogurt, FAGE PLAIN NONFAT (OK1) - CY0921Q",2019-04-01,,,,,,,0.64,,,,,,,,115.0,,,,,,,,,,,,,,0.017,,,,,,,,,,,,,,,,,,,,,,,,,,,,,,,,,,,0.09,,,,,,,,,,,,,,,,,,,,,,,,,,10.6,,,0.01,,,,1.7,,,,,,,,,,,,,,,,,,,,,,,,,,,,,,135.0,,,,142.0,,,,,,,,,,,,,,,,,,,,,,,,,,,,,,,35.0,,,,,,,,,,,,,,,,,,,,,,,,,,,,0.31,,,,,,,,,,,,,,,,,,85.3,,0.6,,,,,
751,329874,"Greek yogurt, FAGE PLAIN NONFAT (FL1) - CY0921S",2019-04-01,,,,,,,0.67,,,,,,,,111.0,,,,,,,,,,,,,,0.016,,,,,,,,,,,,,,,,,,,,,,,,,,,,,,,,,,,0.1,,,,,,,,,,,,,,,,,,,,,,,,,,10.8,,,0.01,,,,1.91,,,,,,,,,,,,,,,,,,,,,,,,,,,,,,137.0,,,,132.0,,,,,,,,,,,,,,,,,,,,,,,,,,,,,,,39.0,,,,,,,,,,,,,,,,,,,,,,,,,,,,0.41,,,,,,,,,,,,,,,,,,85.0,,0.55,,,,,
752,329883,"Greek yogurt, CHOBANI PLAIN NON-FAT (AL1,CA1) - CY0921J",2019-04-01,,,,,0.33,0.35,0.69,0.7,,,,,,,108.0,,,,,,5.0,,,,,,,,0.017,,,,0.09,,,,,,,,,,,,,,,,,,,,,,,2.08,,0.18,,,0.28,0.0,,0.08,0.5,,0.98,,,,,0.81,,,,0.0,,0.002,0.0,,0.05,,0.0,,,0.0,,,0.0,10.2,,,0.009,0.28,,0.22,1.54,,,0.0,0.011,,0.0,0.0,0.0,0.0,,0.0,,0.0,0.0,0.0,0.0,,,0.0,,0.0,,0.0,,0.0,,0.0,0.33,0.49,133.0,,,,140.0,1.12,,,,,,,0.29,0.016,0.0,0.008,,0.017,0.003,0.053,0.003,0.022,0.0,,0.0,,0.0,0.0,,0.003,,0.005,,9.9,0.52,35.0,,,,,,,,,0.0,0.005,,0.0,,,0.0,0.02,0.36,0.0,0.0,0.0,0.0,0.0,0.0,0.0,,,,0.31,0.13,0.49,0.63,,0.76,0.063,,,0.0,0.0,0.0,,,0.01,0.0,0.0,0.0,85.2,,0.5,,,,,
753,329905,"Greek yogurt, CHOBANI PLAIN NON-FAT (CO1,CT1) - CY0921L",2019-04-01,,,,,,,0.74,,,,,,,,112.0,,,,,,5.0,,,,,,,,0.017,,,,,,,,,,,,,,,,,,,,,,,,,,,,,,,,,,,0.07,,,,,,,,,,,,0.0,,0.003,0.0,,0.049,,0.003,,,0.0,,,0.0,10.6,,,0.009,,,0.2,1.39,,,0.0,0.012,,0.002,0.0,0.0,0.0,,0.0,,0.0,0.0,0.0,0.0,,,0.0,,0.0,,0.0,,0.0,,0.0,,,135.0,,,,142.0,,,,,,,,0.27,0.013,0.0,0.007,,0.018,0.003,0.055,0.003,0.022,0.0,,0.0,,0.0,0.0,,0.003,,0.004,,9.3,,37.0,,,,,,,,,0.0,0.006,,0.0,,,0.0,0.03,,0.0,0.0,0.0,0.0,0.0,0.0,0.0,,,,0.26,,,,,0.79,0.062,,,,,,,,0.01,,,,85.3,,0.51,,,,,
754,329933,"Greek yogurt, FAGE PLAIN NONFAT (CO1,CT1) - CY0921R",2019-04-01,,,,,,,0.72,,,,,,,,110.0,,,,,,5.0,,,,,,,,0.017,,,,,,,,,,,,,,,,,,,,,,,,,,,,,,,,,,,0.04,,,,,,,,,,,,0.0,,0.0,0.0,,0.028,,0.002,,,0.0,,,0.0,10.6,,,0.005,,,0.19,1.62,,,0.0,0.006,,0.0,0.0,0.0,0.0,,0.0,,0.0,0.0,0.0,0.0,,,0.0,,0.0,,0.0,,0.0,,0.003,,,133.0,,,,137.0,,,,,,,,0.26,0.01,0.0,0.004,,0.009,0.003,0.032,0.0,0.016,0.0,,0.0,,0.0,0.0,,0.002,,0.004,,10.0,,33.0,,,,,,,,,0.0,0.003,,0.0,,,0.0,0.02,,0.0,0.0,0.0,0.0,0.0,0.0,0.0,,,,0.3,,,,,0.36,0.061,,,,,,,,0.01,,,,84.8,,0.58,,,,,
755,329951,"Greek yogurt, CHOBANI PLAIN NON-FAT (MI1,OK1) - CY0921N",2019-04-01,,,,,,,0.77,,,,,0.8,,,109.0,,,,,,5.0,2.2,8.3,1.6,1.4,1.6,15.1,,0.015,,,,,,,,,,,,,,,,,,,,,,0.0,0.7,,,0.0,,,,,,,,,0.07,,2.5,,,,,,,,,,0.0,,0.003,0.0,,0.049,,0.002,,,0.0,,,0.0,10.3,,0.0,0.008,,,0.19,1.64,,,0.0,0.009,,0.003,0.0,0.0,0.0,,0.0,,0.0,0.0,0.0,0.0,,,0.0,,0.0,,0.0,,0.0,,0.0,0.33,,130.0,,,,141.0,,,,,,,2.0,0.25,0.015,0.0,0.007,,0.019,0.004,0.059,0.003,0.024,0.0,,0.0,,0.0,0.0,,0.003,,0.004,,9.3,,35.0,,,,,,0.0,,,0.001,0.009,,0.0,,,0.0,0.025,,0.0,0.0,0.0,0.0,0.0,0.0,0.0,,,,0.43,,,,,0.8,0.06,,,,,,,,0.01,,,,85.7,,0.5,,,,,
756,329973,"Greek yogurt, FAGE PLAIN NONFAT (AL1,CA1) - CY0921P",2019-04-01,,,,,,,0.72,,,,,,,,111.0,,,,,,5.0,,,,,,,,0.018,,,,,,,,,,,,,,,,,,,,,,,,,,,,,,,,,,,0.04,,,,,,,,,,,,0.0,,0.002,0.0,,0.045,,0.002,,,0.0,,,0.0,10.4,,,0.005,,,0.23,1.63,,,0.0,0.009,,0.0,0.0,0.0,0.0,,0.0,,0.0,0.0,0.0,0.0,,,0.0,,0.0,,0.0,,0.0,,0.0,0.33,,134.0,,,,141.0,,,,,,,,0.28,0.012,0.0,0.005,,0.012,0.003,0.041,0.004,0.019,0.0,,0.0,,0.0,0.0,,0.003,,0.004,,10.2,,34.0,,,,,,,,,0.001,0.006,,0.0,,,0.0,0.02,,0.0,0.0,0.0,0.0,0.0,0.0,0.0,,,,0.38,,,,,0.39,0.063,,,,,,,,0.01,0.0,0.0,0.0,85.0,,0.56,,,,,
757,329993,"Greek yogurt, DANNON OIKOS PLAIN NON-FAT (IN1,NY1) - CY0921U",2019-04-01,,,,,,,0.77,,,,,,,,110.0,,,,,,,,,,,,,,0.017,,,,,,,,,,,,,,,,,,,,,,,,,,,,,,,,,,,0.07,,,,,,,,,,,,,,,,,,,,,,,,,,11.3,,,0.014,,,,1.84,,,,,,,,,,,,,,,,,,,,,,,,,,,,,,140.0,,,,143.0,,,,,,,,,,,,,,,,,,,,,,,,,,,,,,,35.0,,,,,,,,,,,,,,,,,,,,,,,,,,,,0.55,,,,,,,,,,,,,,,,,,84.3,,0.51,,,,,
758,330008,"Greek yogurt, DANNON OIKOS PLAIN NON-FAT (MI1) - CY0921Y",2019-04-01,,,,,,,0.69,,,,,,,,111.0,,,,,,,,,,,,,,0.017,,,,,,,,,,,,,,,,,,,,,,,,,,,,,,,,,,,0.07,,,,,,,,,,,,,,,,,,,,,,,,,,11.0,,,0.015,,,,1.53,,,,,,,,,,,,,,,,,,,,,,,,,,,,,,137.0,,,,144.0,,,,,,,,,,,,,,,,,,,,,,,,,,,,,,,34.0,,,,,,,,,,,,,,,,,,,,,,,,,,,,0.36,,,,,,,,,,,,,,,,,,84.9,,0.51,,,,,
759,330018,"Greek yogurt, DANNON OIKOS PLAIN NON-FAT (CA2,NC1) - CY0921W",2019-04-01,,,,,,,0.74,,,,,,,,110.0,,,,,,,,,,,,,,0.018,,,,,,,,,,,,,,,,,,,,,,,,,,,,,,,,,,,0.11,,,,,,,,,,,,,,,,,,,,,,,,,,11.0,,,0.015,,,,1.62,,,,,,,,,,,,,,,,,,,,,,,,,,,,,,137.0,,,,145.0,,,,,,,,,,,,,,,,,,,,,,,,,,,,,,,34.0,,,,,,,,,,,,,,,,,,,,,,,,,,,,0.52,,,,,,,,,,,,,,,,,,84.5,,0.52,,,,,
760,330035,"Greek yogurt, DANNON OIKOS PLAIN NON-FAT (AL1,CA1) - CY0921V",2019-04-01,,,,,,,0.65,,,,,,,,111.0,,,,,,6.0,,,,,,,,0.017,,,,,,,,,,,,,,,,,,,,,,,,,,,,,,,,,,,0.07,,,,,,,,,,,,0.0,,0.0,0.0,,0.032,,0.002,,,0.0,,,0.0,11.1,,,0.013,,,0.21,1.65,,,0.0,0.017,,0.002,0.0,0.0,0.0,,0.0,,0.0,0.0,0.0,0.0,,,0.0,,0.0,,0.0,,0.0,,0.0,0.33,,137.0,,,,136.0,,,,,,,,0.3,0.011,0.0,0.006,,0.013,0.004,0.036,0.004,0.016,0.0,,0.0,,0.0,0.0,,0.001,,0.004,,10.1,,39.0,,,,,,,,,0.0,0.003,,0.0,,,0.0,0.02,,0.0,0.0,0.0,0.0,0.0,0.0,0.0,,,,0.23,,,,,0.97,0.067,,,,,,,,0.01,0.0,0.0,0.0,85.0,,0.51,,,,,
761,330056,"Greek yogurt, FAGE PLAIN NONFAT (CA2,NC1) - CY0921T",2019-04-01,,,,,0.36,0.37,0.73,0.75,,,,,,,112.0,,,,,,5.0,,,,,,,,0.017,,,,0.08,,,,,,,,,,,,,,,,,,0.0,0.7,,,0.0,2.27,,0.19,,,0.3,0.0,,0.04,0.54,2.6,1.05,,,,,0.85,,,,0.0,,0.0,0.0,,0.033,,0.001,,,0.0,,,0.0,10.7,,0.0,0.005,0.3,,0.21,1.65,,,0.0,0.006,,0.0,0.0,0.0,0.0,,0.0,,0.0,0.0,0.0,0.0,,,0.0,,0.0,,0.0,,0.0,,0.0,0.33,0.52,136.0,,,,141.0,1.2,,,,,,0.0,0.29,0.012,0.0,0.005,,0.013,0.004,0.047,0.002,0.021,0.0,,0.0,,0.0,0.0,,0.001,,0.005,,10.0,0.53,38.0,,,,,,0.0,,,0.0,0.005,,0.0,,,0.0,0.02,0.46,0.0,0.0,0.0,0.0,0.0,0.0,0.0,,,,0.33,0.13,0.52,0.68,,0.42,0.062,,,,,,,,0.01,,,,85.0,,0.56,,,,,
762,330079,"Greek yogurt, DANNON OIKOS PLAIN NON-FAT (FL1,MO1) - CY0921Z",2019-04-01,,,,,,,0.78,,,,,,,,110.0,,,,,,6.0,,,,,,,,0.017,,,,,,,,,,,,,,,,,,,,,,0.0,0.7,,,0.0,,,,,,,,,0.07,,2.6,,,,,,,,,,0.0,,0.004,0.0,,0.038,,0.002,,,0.0,,,0.0,11.5,,0.0,0.014,,,0.23,1.7,,,0.0,0.011,,0.0,0.0,0.0,0.0,,0.0,,0.0,0.0,0.0,0.0,,,0.0,,0.0,,0.0,,0.0,,0.0,0.34,,142.0,,,,142.0,,,,,,,1.0,0.29,0.011,0.0,0.004,,0.013,0.003,0.047,0.003,0.021,0.0,,0.0,,0.0,0.0,,0.002,,0.005,,10.0,,34.0,,,,,,0.0,,,0.0,0.004,,0.0,,,0.0,0.02,,0.0,0.0,0.0,0.0,0.0,0.0,0.0,,,,0.31,,,,,0.93,0.07,,,,,,,,0.01,,,,84.7,,0.51,,,,,
763,330108,"Greek yogurt, DANNON OIKOS PLAIN NON-FAT (CO1,CT1) - CY0921X",2019-04-01,,,,,0.36,0.37,0.73,0.76,,,,,,,110.0,,,,,,6.0,,,,,,,,0.018,,,,0.08,,,,,,,,,,,,,,,,,,,,,,,2.22,,0.2,,,0.3,0.0,,0.08,0.54,,1.06,,,,,0.84,,,,0.0,,0.002,0.0,,0.03,,0.001,,,0.0,,,0.0,11.3,,,0.014,0.3,,0.22,1.69,,,0.0,0.007,,0.0,0.0,0.0,0.0,,0.0,,0.0,0.0,0.0,0.0,,,0.0,,0.0,,0.0,,0.0,,0.0,,0.53,142.0,,,,145.0,1.2,,,,,,,0.3,0.008,0.0,0.004,,0.011,0.002,0.034,0.003,0.015,0.002,,0.0,,0.0,0.0,,0.002,,0.003,,9.9,0.55,37.0,,,,,,,,,0.0,0.004,,0.0,,,0.0,0.02,0.41,0.0,0.0,0.0,0.0,0.0,0.0,0.0,,,,0.3,0.14,0.52,0.69,,0.89,0.066,,,,,,,,0.01,,,,84.5,,0.52,,,,,
764,330138,"Yogurt, Greek, strawberry, non-fat, DANNON OIKOS (CO,CT) CY120ZK",2019-04-01,,,,,,,0.55,,,,,,,,98.0,,,,,,,,,,,,,,0.017,,,,,,,,,,,,,,,,,,,,,,,,,,,,,,,,,,,0.06,,,,,,,,,,,,,,,,,,,,,,,,,,11.2,,,0.03,,,,,,,,,,,,,,,,,,,,,,,,,,,,,,,,,,118.0,,,,151.0,,7.95,,,,,,,,,,,,,,,,,,,,,,,,,,,,,35.0,,,,,,,,,,,,,,,,,,,,,,,,,,,,0.2,,,,,,,,,,,,,,,,,,78.5,,0.47,,,,,
765,330145,"Yogurt, Greek, strawberry, non-fat, DANNON OIKOS (AL,CA1) CY120ZI",2019-04-01,,,,,,,0.63,,,,,,,,95.0,,,,,,,,,,,,,,0.015,,,,,,,,,,,,,,,,,,,,,,,,,,,,,,,,,,,0.05,,,,,,,,,,,,,,,,,,,,,,,,,,11.1,,,0.03,,,,,,,,,,,,,,,,,,,,,,,,,,,,,,,,,,118.0,,,,149.0,,8.21,,,,,,,,,,,,,,,,,,,,,,,,,,,,,34.0,,,,,,,,,,,,,,,,,,,,,,,,,,,,0.2,,,,,,,,,,,,,,,,,,78.5,,0.44,,,,,
766,330152,"Yogurt, Greek, strawberry, non-fat, DANNON OIKOS (MI,OK) CY120ZM",2019-04-01,,,,,,,0.56,,,,,,,,93.0,,,,,,,,,,,,,,0.018,,,,,,,,,,,,,,,,,,,,,,,,,,,,,,,,,,,0.06,,,,,,,,,,,,,,,,,,,,,,,,,,10.7,,,0.028,,,,,,,,,,,,,,,,,,,,,,,,,,,,,,,,0.38,,113.0,,,,146.0,,7.98,,,,,,,,,,,,,,,,,,,,,,,,,,,,,33.0,,,,,,,,,,,,,,,,,,,,,,,,,,,,0.2,,,,,0.62,,,,,,,,,,,,,78.8,,0.43,,,,,
767,330161,"Yogurt, Greek, strawberry, non-fat, DANNON OIKOS (FL,MO) CY120ZL",2019-04-01,,,,,,,0.6,,,,,,,,92.0,,,,,,,,,,,,,,0.016,,,,,,,,,,,,,,,,,,,,,,4.4,0.57,,,0.37,,,,,,,,,0.05,,2.45,,,,,,,,,,,,,,,,,,,,,,,,10.4,,0.0,0.029,,,0.23,,,,,,,,,,,,,,,,,,,,,,,,,,,,,,,111.0,,,,140.0,,7.91,,,,,,0.17,,,,,,,,,,,,,,,,,,,,,8.9,,33.0,,,,,,3.91,,,,,,,,,,,,,,,,,,,,,,0.2,,,,,,0.046,,,,,,,,,,,,78.7,,0.43,,,,,
768,330178,"Yogurt, Greek, strawberry, non-fat, FAGE TOTAL (FL,CT) CY1211C",2019-04-01,,,,,,,0.58,,,,,,,,96.0,,,,,,,,,,,,,,0.025,,,,,,,,,,,,,,,,,,,,,,1.12,0.5,,,1.06,,,,,,,,,0.06,,2.51,,,,,,,,,,,,,,,,,,,,,,,,10.3,,0.0,0.045,,,0.18,,,,,,,,,,,,,,,,,,,,,,,,,,,,,0.37,,115.0,,,,129.0,,8.32,,,,,,0.28,,,,,,,,,,,,,,,,,,,,,12.1,,30.0,,,,,,6.75,,,,,,,,,,,,,,,,,,,,,,0.07,,,,,0.25,0.049,,,,,,,,,,,,78.3,,0.52,,,,,
769,330201,"Yogurt, Greek, strawberry, non-fat, DANNON OIKOS (CA2,NC) CY120ZJ",2019-04-01,,,,,,,0.61,,,,,,,,94.0,,,,,,,,,,,,,,0.021,,,,,,,,,,,,,,,,,,,,,,4.4,0.55,,,0.18,,,,,,,,,0.08,,2.44,,,,,,,,,,,,,,,,,,,,,,,,10.3,,0.0,0.028,,,0.21,,,,,,,,,,,,,,,,,,,,,,,,,,,,,0.39,,113.0,,,,142.0,,7.88,,,,,,0.21,,,,,,,,,,,,,,,,,,,,,9.0,,32.0,,,0.0,,,3.86,,,,,,,,,,,,,,,,,,,,,,0.3,,,,,0.57,0.053,,,40.0,0.0,1.0,,,,,,,78.8,,0.47,,,,,
770,330221,"Yogurt, Greek, strawberry, non-fat, CHOBANI (AL,CA1) CY120ZO",2019-04-01,,,,,,,0.53,,,,,,,,99.0,,,,,,,,,,,,,,0.019,,,,,,,,,,,,,,,,,,,,,,,,,,,,,,,,,,,0.07,,,,,,,,,,,,,,,,,,,,,,,,,,10.0,,,0.028,,,,,,,,,,,,,,,,,,,,,,,,,,,,,,,,,,109.0,,,,124.0,,7.66,,,,,,,,,,,,,,,,,,,,,,,,,,,,,31.0,,,,,,,,,,,,,,,,,,,,,,,,,,,,0.1,,,,,,,,,,,,,,,,,,80.0,,0.43,,,,,
771,330236,"Yogurt, Greek, strawberry, non-fat, DANNON OIKOS (IN,NY) CY120ZH",2019-04-01,,,,,,,0.57,,,,,,,,92.0,,,,,,,,,,,,,,0.017,,,,,,,,,,,,,,,,,,,,0.4,20.0,4.51,0.57,,,0.18,,,,,,,,,0.07,,2.38,,,,,,,,,,0.0,,0.001,0.0,,0.022,,0.001,,,0.0,,,0.0,10.2,,0.0,0.027,,,0.22,,,,0.0,0.007,,0.001,0.0,0.0,0.0,,0.0,,0.0,0.0,0.0,0.0,,,0.0,,0.0,,0.0,,0.0,,0.0,,,112.0,,,,142.0,,8.27,,,,,,0.27,0.018,0.0,0.007,,0.011,0.003,0.039,0.002,0.018,0.0,,0.0,,0.0,0.007,,0.002,,0.003,,8.8,,31.0,,,,,,4.1,,,0.0,0.0,,0.0,,,0.0,,,,,,,,,,,,,0.2,,,,,,0.053,0.2,,,,,,,,,,,78.5,,0.45,,,,,
772,330257,"Yogurt, Greek, strawberry, non-fat, CHOBANI (IN,NY) CY120ZN",2019-04-01,,,,,,,0.54,,,,,,,,102.0,,,,,,,,,,,,,,0.02,,,,,,,,,,,,,,,,,,,,,,0.74,0.58,,,0.65,,,,,,,,,0.14,,2.49,,,,,,,,,,,,,,,,,,,,,,,,10.3,,0.0,0.037,,,0.22,,,,,,,,,,,,,,,,,,,,,,,,,,,,,,,115.0,,,,122.0,,8.07,,,,,,0.27,,,,,,,,,,,,,,,,,,,,,9.4,,37.0,,,,,,5.99,,,,,,,,,,,,,,,,,,,,,,0.2,,,,,,0.047,0.3,,,,,,,,,,,80.0,,0.44,,,,,
773,330279,"Yogurt, Greek, strawberry, non-fat, CHOBANI (CO,CT) CY120ZQ",2019-04-01,,,,,,,0.71,,,,,,,,98.0,,,,,,,,,,,,,,0.018,,,,,,,,,,,,,,,,,,,,,,,,,,,,,,,,,,,0.08,,,,,,,,,,,,,,,,,,,,,,,,,,10.0,,,0.037,,,,,,,,,,,,,,,,,,,,,,,,,,,,,,,,,,113.0,,,,124.0,,7.92,,,,,,,,,,,,,,,,,,,,,,,,,,,,,31.0,,,,,,,,,,,,,,,,,,,,,,,,,,,,0.2,,,,,,,,,,,,,,,,,,80.1,,0.44,,,,,
774,330292,"Yogurt, Greek, strawberry, non-fat, CHOBANI (MI,OK) CY120ZS",2019-04-01,,,,,,,0.58,,,,,,,,97.0,,,,,,,,,,,,,,0.018,,,,,,,,,,,,,,,,,,,,,,,,,,,,,,,,,,,0.07,,,,,,,,,,,,,,,,,,,,,,,,,,10.2,,,0.037,,,,,,,,,,,,,,,,,,,,,,,,,,,,,,,,0.32,,109.0,,,,121.0,,8.36,,,,,,,,,,,,,,,,,,,,,,,,,,,,,31.0,,,,,,,,,,,,,,,,,,,,,,,,,,,,0.07,,,,,0.53,,,,,,,,,,,,,80.0,,0.43,,,,,
775,330307,"Yogurt, Greek, strawberry, non-fat, FAGE TOTAL (NY,NC) CY120ZV",2019-04-01,,,,,,,0.62,,,,,,,,95.0,,,,,,,,,,,,,,0.024,,,,,,,,,,,,,,,,,,,,,,1.18,0.5,,,1.12,,,,,,,,,0.06,,2.48,,,,,,,,,,,,,,,,,,,,,,,,10.2,,0.0,0.039,,,0.2,,,,,,,,,,,,,,,,,,,,,,,,,,,,,,,113.0,,,,121.0,,8.06,,,,,,0.25,,,,,,,,,,,,,,,,,,,,,9.2,,32.0,,,,,,6.32,,,,,,,,,,,,,,,,,,,,,,0.1,,,,,0.38,0.051,,,,,,,,,,,,78.6,,0.51,,,,,
776,330329,"Yogurt, Greek, strawberry, non-fat, FAGE TOTAL (CA2,CO) CY120ZX",2019-04-01,,,,,,,0.54,,,,,,,,103.0,,,,,,,,,,,,,,0.028,,,,,,,,,,,,,,,,,,,,,,1.93,0.39,,,2.13,,,,,,,,,0.12,,2.53,,,,,,,,,,,,,,,,,,,,,,,,10.8,,0.0,0.045,,,0.21,,,,,,,,,,,,,,,,,,,,,,,,,,,,,0.37,,113.0,,,,143.0,,8.09,,,,,,0.21,,,,,,,,,,,,,,,,,,,,,11.1,,30.0,,,,,,4.94,,,,,,,,,,,,,,,,,,,,,,0.07,,,,,0.45,0.052,,,,,,,,,,,,77.9,,0.51,,,,,
777,330352,"Yogurt, Greek, strawberry, non-fat, CHOBANI (FL,MO) CY120ZR",2019-04-01,,,,,,,0.65,,,,,,,,102.0,,,,,,,,,,,,,,0.019,,,,,,,,,,,,,,,,,,,,0.7,,0.73,0.53,,,0.85,,,,,,,,,0.15,,2.43,,,,,,,,,,0.0,,0.001,0.0,,0.023,,0.0,,,0.0,,,0.0,10.8,,0.0,0.032,,,0.2,,,,0.0,0.008,,0.002,0.0,0.0,0.0,,0.0,,0.0,0.0,0.0,0.0,,,0.0,,0.0,,0.0,,0.0,,0.0,,,114.0,,,,127.0,,8.24,,,,,,0.23,0.017,0.0,0.006,,0.01,0.002,0.038,0.002,0.017,0.0,,0.0,,0.0,0.007,,0.001,,0.003,,9.5,,33.0,,,0.0,,,6.45,,,0.0,0.0,,0.0,,,0.0,,,,,,,,,,,,,0.07,,,,,,0.05,,,,,,,,,,,,77.7,,0.45,,,,,
778,330376,"Yogurt, Greek, strawberry, non-fat, FAGE TOTAL (CA1,OK) CY120ZT",2019-04-01,,,,,,,0.6,,,,,,,,92.0,,,0.0,2.0,,4.0,,,,,,,,0.021,,0.0,,,,,,,,,,,,,,,,,,,,1.12,0.51,,,1.1,,,,,,,,,0.06,,2.3,,,,4.0,0.0,,,,,0.0,,0.001,0.0,,0.036,,0.001,,,0.0,,,0.0,10.0,,0.0,0.043,,,0.19,,,,0.0,0.029,,0.015,0.0,0.0,0.0,,0.0,,0.0,0.0,0.0,0.0,,,0.0,,0.0,,0.0,,0.0,,0.0,,,110.0,,,,121.0,,8.16,,,,,,0.27,0.018,0.0,0.005,,0.008,0.003,0.036,0.002,0.017,0.0,,0.0,,0.0,0.006,,0.0,,0.002,,10.9,,31.0,,,,,,6.86,,,0.0,0.005,,0.0,,,0.0,,,,,,,,,,,,,0.1,,,,,,0.051,,,,,,,,,,,,80.0,,0.47,,,,,
779,330392,"Yogurt, Greek, strawberry, non-fat, CHOBANI (CA2,NC) CY120ZP",2019-04-01,,,,,,,0.61,,,,,,,,98.0,,,,,,,,,,,,,,0.019,,,,,,,,,,,,,,,,,,,,,,0.76,0.55,,,0.8,,,,,,,,,0.18,,2.59,,,,,,,,,,,,,,,,,,,,,,,,10.1,,0.0,0.028,,,0.22,,,,,,,,,,,,,,,,,,,,,,,,,,,,,0.35,,109.0,,,,125.0,,7.96,,,,,,0.34,,,,,,,,,,,,,,,,,,,,,9.6,,33.0,,,,,,6.44,,,,,,,,,,,,,,,,,,,,,,0.1,,,,,0.37,0.053,,,,,,,,,,,,79.9,,0.43,,,,,
780,330416,"Oil, coconut, LOU ANA (NC) CY1211H",2019-04-01,,,,,,,0.03,,,,,,,,,,,,,,,,,,,,,,,,,,,,,,,,,,,,,,,,,,,,,,,,,,,,,,,,,,,,,,,,,,,,,0.0,,0.015,0.0,,5.68,,0.035,,,0.0,,,0.0,,,,,,,,0.0,,,0.0,1.41,,0.0,0.0,0.0,0.0,,0.0,,0.0,0.0,0.0,0.0,,,0.0,,0.0,,0.0,,0.0,,0.0,,,,,,,,,,,,,,,,5.38,0.0,42.4,,17.0,0.014,8.36,0.008,2.52,0.067,,0.016,,0.031,0.0,,0.464,,6.64,,,,,,,,,,,,,0.0,0.068,,0.011,,,0.0,,,,,,,,,,,,,99.2,,,,,,,,,,,,,,,,,,0.01,,,,,,,
781,330421,"Oil, coconut, LOU ANA (IN,AL) CY1211I",2019-04-01,,,,,,,0.03,,,,,,,,,,,,,,,,,,,,,,,,,,,,,,,,,,,,,,,,,,,,,,,,,,,,,,,,,,,,,,,,,,,,,0.0,,0.015,0.0,,6.11,,0.036,,,0.0,,,0.0,,,,,,,,0.0,,,0.0,1.56,,0.016,0.0,0.0,0.0,,0.0,,0.0,0.0,0.0,0.0,,,0.0,,0.0,,0.0,,0.0,,0.0,,,,,,,,,,,,,,,,5.26,0.0,41.1,,16.3,0.013,8.63,0.009,2.46,0.072,,0.015,,0.027,0.0,,0.416,,6.59,,,,,,,,,,,,,0.0,0.0,,0.0,,,0.0,,,,,,,,,,,,,99.2,,,,,,,,,,,,,,,,,,0.02,,,,,,,
782,330426,"Oil, coconut, LOU ANA (MI,OK) CY1211K",2019-04-01,,,,,,,0.05,,,,,,,,1.0,,,,,,,,,,,,,,0.0,,,,,,,,,,,,,,,,,,,,,,,,,,,,,,,,,,,0.04,,,,,,,,,,,,0.0,,0.02,0.0,,6.94,,0.044,,,0.0,,,0.0,0.0,,,0.0,,,,0.0,,,0.0,1.85,,0.021,0.0,0.0,0.0,,0.0,,0.0,0.0,0.0,0.0,,,0.0,,0.0,,0.0,,0.0,,0.0,,,0.0,,,,0.0,,,,,,,,,5.39,0.0,41.2,,16.6,0.018,9.41,0.012,2.61,0.089,,0.022,,0.03,0.031,,0.624,,6.95,,,,0.0,,,,,,,,,0.0,0.031,,0.012,,,0.0,,,,,,,,,,,,,99.4,,,,,,,,,,,,,,,,,,0.01,,0.02,,,,,
783,330433,"Oil, coconut, LOU ANA (FL,MO) CY1211J",2019-04-01,,,,,,,0.03,,,,,,,,1.0,,,,,,,,,,,,,,0.0,,,,,,,,,,,,,,,,,,,,,,,,,,,,,,,,,,,0.04,,,,,,,,,,,,0.0,,0.014,0.0,,6.08,,0.043,,,0.0,,,0.0,0.0,,,0.0,,,,0.0,,,0.0,1.62,,0.017,0.0,0.0,0.0,,0.0,,0.0,0.0,0.0,0.0,,,0.0,,0.0,,0.0,,0.0,,0.0,,,0.0,,,,0.0,,,,,,,,,5.32,0.0,41.7,,16.6,0.014,8.46,0.008,2.49,0.072,,0.02,,0.036,0.0,,0.254,,6.65,,,,0.0,,,,,,,,,0.0,0.0,,0.0,,,0.0,,,0.56,0.28,0.0,2.51,0.17,0.32,0.5,,,,98.6,,,,,,,,,,,,,,0.13,,,,0.09,,0.02,,,,,
784,330441,"Oil, coconut, LOU ANA (CO,CT) CY1211F",2019-04-01,,,,,,,0.04,,,,,,,,1.0,,,,,,,,,,,,,,0.0,,,,,,,,,,,,,,,,,,,,,,,,,,,,,,,,,,,0.09,,,,,,,,,,,,0.0,,0.018,0.0,,6.42,,0.047,,,0.0,,,0.0,0.0,,,0.0,,,,0.0,,,0.0,1.84,,0.035,0.0,0.0,0.0,,0.0,,0.0,0.0,0.0,0.0,,,0.0,,0.0,,0.0,,0.0,,0.0,,,0.0,,,,0.0,,,,,,,,,5.56,0.0,42.4,,16.8,0.015,8.55,0.009,2.54,0.083,,0.024,,0.033,0.021,,0.647,,7.21,,,,0.0,,,,,,,,,0.0,0.01,,0.008,,,0.0,,,0.7,0.15,0.0,2.25,0.14,0.34,0.39,,,,98.9,,,,,,,,,,,,,,0.21,0.0,0.0,0.6,0.03,,0.01,,,,,
785,330450,"Oil, coconut, BETTER BODY ORGANIC (CA2) CY1211G",2019-04-01,,,,,,,0.03,,,,,,,,1.0,,,,,,,,,,,,,,0.0,,,,,,,,,,,,,,,,,,,,,,,,,,,,,,,,,,,0.04,,,,,,,,,,,,0.0,,0.016,0.0,,6.28,,0.041,,,0.0,,,0.0,0.0,,,0.0,,,,0.0,,,0.0,1.78,,0.028,0.0,0.0,0.0,,0.0,,0.0,0.0,0.0,0.0,,,0.0,,0.0,,0.0,,0.0,,0.0,,,0.0,,,,0.0,,,,,,,,,5.44,0.0,42.2,,16.6,0.014,8.41,0.009,2.48,0.076,,0.017,,0.031,0.0,,0.456,,6.77,,,,0.0,,,,,,,,,0.0,0.016,,0.011,,,0.0,,,0.54,0.1,0.0,1.75,0.07,0.1,0.19,,,,99.0,,,,,,,,,,,,,,0.0,,,,0.01,,0.01,,,,,
786,330459,"Ground turkey, 93% lean, 7% fat, pan-broiled crumbles (AL1)",2019-04-01,,,,,,,1.33,,,,,,,,,,,,,,,,,,,,,,,,,,,,,,,,,,,,,,,,,,,,,,,,,,,,,,,,,,,,,,,,,,,,,,,,,,,,,,,,,,,,,,,,,,4.24,,,,,,,,,,,,,,,,,,,,,,,,,,,,,,,,,,,,26.5,,,,,,,,,,,,,,,,,,,,,,,,,,,,,,,,,,,,,,,,,,,,,,,,,,,,,,,,,12.2,,,,,,,,,,,,,,,,,,60.0,,,,,,,
787,330466,"Ground turkey, 93% lean, 7% fat, raw (National)",2019-04-01,,,,,1.16,1.35,0.92,1.77,,,,7.1,,,,,,,,,,1.6,0.5,1.1,44.4,5.3,53.0,,,,,,0.2,,,,,,,,,,,,,,,,,,,,,,,2.98,,1.07,,,0.51,0.2,,,0.81,,1.51,,,,,1.63,,,,,,,,,,,,,,,,,,,,,,0.54,,,3.0,,,,,,,,,,,,,,,,,,,,,,,,,,,,1.0,0.71,,,,,,0.84,18.8,,,,,22.0,,,,,,,,,,,,,,,,,,,,,,,0.79,,,,,,,,,,,,,,,,,,0.85,0.0,0.02,0.13,0.02,0.0,0.0,0.04,,,,8.55,0.21,0.64,0.84,,1.2,0.35,,,,,,,,0.11,,,,72.6,,,,,,,
788,330486,"Ground turkey, 93% lean, 7% fat, raw (AL1,CA1,MI1)",2019-04-01,,,,,,,0.93,,,,,,,,17.0,,,,,,77.0,,,,,,,,0.081,,,,,,,,,,,,,,,,,,,,,,,,,,,,,,,,,,,1.26,,,,,,,,,,,,0.0,,0.225,0.015,,2.35,,0.028,,,0.001,,,0.006,21.1,,,0.009,,,5.2,2.88,,,0.013,2.12,,0.121,0.006,0.0,0.001,,0.014,,0.002,0.011,,0.112,,,0.005,,0.002,,0.02,,0.011,,0.008,,,181.0,,,,206.0,,18.0,,,,,,0.21,0.004,0.0,0.016,,0.069,0.01,1.38,0.021,0.567,0.007,,0.002,,0.001,0.003,,0.0,,0.0,,19.4,,72.0,,,,,,,,,0.006,0.084,,0.041,,,0.0,0.07,,,,,,,,,,,,8.14,,,,,,,,,,,,,,,,,,73.5,,2.61,,,,,
789,330496,"Ground turkey, 93% lean, 7% fat, raw (MI1)",2019-04-01,,,,,,,0.89,,,,,,,,,,,,,,,,,,,,,,,,,,,,,,,,,,,,,,,,,,,,,,,,,,,,,,,,,,,,,,,,,,,,,,,,,,,,,,,,,,,,,,,,,,2.96,,,,,,,,,,,,,,,,,,,,,,,,,,,,,,,,,,,,18.5,,,,,,,,,,,,,,,,,,,,,,,,,,,,,,,,,,,,,,,,,,,,,,,,,,,,,,,,,8.39,,,,,,,,,,,,,,,,,,73.2,,,,,,,
790,330500,"Ground turkey, 93% lean, 7% fat, pan-broiled crumbles (National)",2019-04-01,,,,,,,,,,,,12.3,,,,,,,,,,2.6,0.9,1.6,65.5,8.1,78.7,,,,,,,,,,,,,,,,,,,,,,,,,,,,,,,,,,,,,,,,,,,,,,,,,,,,,,,,,,,,,,,,,,,,,,,,,,,,,,,,,,,,,,,,,,,,,,,,,,1.4,,,,,,,,,,,,,30.0,,,,,,,,,,,,,,,,,,,,,,,,,,,,,,,,,,,,,,,,,,0.01,0.03,0.19,0.04,0.0,0.0,0.11,,,,,,,,,1.9,0.497,,,,,,,,0.18,,,,,,,,,,,
791,330509,"Ground turkey, 93% lean, 7% fat, pan-broiled crumbles (AL1,CA1,MI1)",2019-04-01,,,,,,,,,,,,,,,25.0,,,,,,108.0,,,,,,,,0.179,,,,,,,,,,,,,,,,,,,,,,,,,,,,,,,,,,,1.76,,,,,,,,,,,,0.0,,0.324,0.02,,3.22,,0.041,,,0.002,,,0.002,29.0,,,0.01,,,7.22,,,,0.022,2.98,,0.177,0.009,0.0,0.001,,0.021,,0.002,0.015,,0.178,,,0.004,,0.0,,0.032,,0.017,,0.012,,,268.0,,,,347.0,,,,,,,,0.33,0.005,0.0,0.021,,0.095,0.014,1.9,0.027,0.778,0.01,,0.003,,0.001,0.003,,0.0,,0.0,,30.3,,106.0,,,,,,,,,0.007,0.112,,0.041,,,0.0,0.09,,,,,,,,,,,,,,,,,,,,,,,,,,,,,,,,3.98,,,,,
792,330519,"Ground turkey, 93% lean, 7% fat, pan-broiled crumbles (MI1)",2019-04-01,,,,,,,1.3,,,,,,,,,,,,,,,,,,,,,,,,,,,,,,,,,,,,,,,,,,,,,,,,,,,,,,,,,,,,,,,,,,,,,,,,,,,,,,,,,,,,,,,,,,4.37,,,,,,,,,,,,,,,,,,,,,,,,,,,,,,,,,,,,27.3,,,,,,,,,,,,,,,,,,,,,,,,,,,,,,,,,,,,,,,,,,,,,,,,,,,,,,,,,12.2,,,,,,,,,,,,,,,,,,60.5,,,,,,,
793,330527,"Ground turkey, 93% lean, 7% fat, patties, broiled (National)",2019-04-01,,,,,,,1.09,,,,,8.4,,,,,,,,,,2.6,0.9,1.3,65.2,7.8,77.7,,,,,,,,,,,,,,,,,,,,,,,,,,,,,,,,,,,,,,,,,,,,,,,,,,,,,,,,,,,,,,,,,,,,,,4.26,,,,,,,,,,,,,,,,,,,,,,,,,,,,1.3,,,,,,,,26.6,,,,,31.0,,,,,,,,,,,,,,,,,,,,,,,,,,,,,,,,,,,,,,,,,,0.01,0.03,0.16,0.04,0.0,0.0,0.11,,,,11.8,,,,,1.8,0.471,,,,,,,,0.13,,,,62.0,,,,,,,
794,330536,"Ground turkey, 93% lean, 7% fat, patties, broiled (AL1,CA1,MI1)",2019-04-01,,,,,,,1.08,,,,,,,,29.0,,,,,,121.0,,,,,,,,0.159,,,,,,,,,,,,,,,,,,,,,,,,,,,,,,,,,,,1.68,,,,,,,,,,,,0.0,,0.346,0.022,,3.43,,0.043,,,0.002,,,0.002,24.3,,,0.009,,,5.93,4.32,,,0.021,3.17,,0.189,0.011,0.0,0.001,,0.022,,0.002,0.016,,0.188,,,0.004,,0.001,,0.034,,0.018,,0.013,,,207.0,,,,240.0,,27.0,,,,,,0.28,0.006,0.0,0.025,,0.102,0.015,2.03,0.03,0.83,0.01,,0.003,,0.001,0.003,,0.0,,0.0,,29.8,,85.0,,,,,,,,,0.008,0.117,,0.052,,,0.0,0.08,,,,,,,,,,,,12.1,,,,,,,,,,,,,,,,,,60.8,,3.89,,,,,
795,330546,"Ground turkey, 93% lean, 7% fat, patties, broiled (MI1)",2019-04-01,,,,,,,1.06,,,,,,,,,,,,,,,,,,,,,,,,,,,,,,,,,,,,,,,,,,,,,,,,,,,,,,,,,,,,,,,,,,,,,,,,,,,,,,,,,,,,,,,,,,4.55,,,,,,,,,,,,,,,,,,,,,,,,,,,,,,,,,,,,28.5,,,,,,,,,,,,,,,,,,,,,,,,,,,,,,,,,,,,,,,,,,,,,,,,,,,,,,,,,13.0,,,,,,,,,,,,,,,,,,58.7,,,,,,,
796,330559,"Ground turkey, 93% lean, 7% fat, raw (CA2,NC1)",2019-04-01,,,,,,,0.91,,,,,,,,26.0,,,,,,70.0,,,,,,,,0.125,,,,,,,,,,,,,,,,,,,,,,,,,,,,,,,,,,,1.1,,,,,,,,,,,,0.0,,0.355,0.013,,2.65,,0.032,,,0.001,,,0.003,21.1,,,0.008,,,5.57,3.02,,,0.015,2.24,,0.122,0.007,0.0,0.001,,0.015,,0.002,0.01,,0.104,,,0.005,,0.0,,0.021,,0.009,,0.007,,,201.0,,,,207.0,,18.9,,,,,,0.16,0.003,0.0,0.006,,0.066,0.009,1.63,0.018,0.542,0.007,,0.003,,0.001,0.001,,0.0,,0.0,,18.1,,73.0,,,,,,,,,0.005,0.063,,0.031,,,0.0,0.06,,,,,,,,,,,,9.08,,,,,,,,,,,,,,,,,,71.7,,2.48,,,,,
797,330569,"Ground turkey, 93% lean, 7% fat, raw (NC1)",2019-04-01,,,,,,,0.96,,,,,,,,,,,,,,,,,,,,,,,,,,,,,,,,,,,,,,,,,,,,,,,,,,,,,,,,,,,,,,,,,,,,,,,,,,,,,,,,,,,,,,,,,,2.96,,,,,,,,,,,,,,,,,,,,,,,,,,,,,,,,,,,,18.5,,,,,,,,,,,,,,,,,,,,,,,,,,,,,,,,,,,,,,,,,,,,,,,,,,,,,,,,,10.1,,,,,,,,,,,,,,,,,,70.8,,,,,,,
798,330573,"Ground turkey, 93% lean, 7% fat, pan-broiled crumbles (CA2,NC1)",2019-04-01,,,,,,,,,,,,,,,36.0,,,,,,89.0,,,,,,,,0.158,,,,,,,,,,,,,,,,,,,,,,,,,,,,,,,,,,,1.35,,,,,,,,,,,,0.0,,0.466,0.018,,3.47,,0.04,,,0.002,,,0.002,28.3,,,0.009,,,7.29,,,,0.019,3.01,,0.168,0.01,0.0,0.001,,0.019,,0.002,0.014,,0.147,,,0.004,,0.0,,0.03,,0.013,,0.01,,,247.0,,,,292.0,,,,,,,,0.19,0.004,0.0,0.008,,0.086,0.013,2.12,0.023,0.713,0.01,,0.004,,0.002,0.003,,0.0,,0.001,,24.5,,86.0,,,,,,,,,0.007,0.084,,0.038,,,0.0,0.09,,,,,,,,,,,,,,,,,,,,,,,,,,,,,,,,3.62,,,,,
799,330583,"Ground turkey, 93% lean, 7% fat, pan-broiled crumbles (NC1)",2019-04-01,,,,,,,1.29,,,,,,,,,,,,,,,,,,,,,,,,,,,,,,,,,,,,,,,,,,,,,,,,,,,,,,,,,,,,,,,,,,,,,,,,,,,,,,,,,,,,,,,,,,4.1,,,,,,,,,,,,,,,,,,,,,,,,,,,,,,,,,,,,25.6,,,,,,,,,,,,,,,,,,,,,,,,,,,,,,,,,,,,,,,,,,,,,,,,,,,,,,,,,13.1,,,,,,,,,,,,,,,,,,60.9,,,,,,,
800,330590,"Ground turkey, 93% lean, 7% fat, patties, broiled (CA2,NC1)",2019-04-01,,,,,,,1.09,,,,,,,,36.0,,,,,,97.0,,,,,,,,0.148,,,,,,,,,,,,,,,,,,,,,,,,,,,,,,,,,,,2.36,,,,,,,,,,,,0.0,,0.462,0.017,,3.41,,0.04,,,0.002,,,0.002,26.9,,,0.018,,,6.45,4.22,,,0.019,2.97,,0.165,0.01,0.0,0.001,,0.02,,0.002,0.014,,0.156,,,0.004,,0.001,,0.031,,0.013,,0.01,,,218.0,,,,253.0,,26.4,,,,,,0.19,0.005,0.0,0.008,,0.085,0.012,2.1,0.023,0.709,0.009,,0.004,,0.002,0.003,,0.0,,0.0,,24.8,,102.0,,,,,,,,,0.006,0.082,,0.034,,,0.0,0.08,,,,,,,,,,,,12.0,,,,,,,,,,,,,,,,,,62.0,,3.85,,,,,
801,330600,"Ground turkey, 93% lean, 7% fat, patties, broiled (NC1)",2019-04-01,,,,,,,1.11,,,,,,,,,,,,,,,,,,,,,,,,,,,,,,,,,,,,,,,,,,,,,,,,,,,,,,,,,,,,,,,,,,,,,,,,,,,,,,,,,,,,,,,,,,4.04,,,,,,,,,,,,,,,,,,,,,,,,,,,,,,,,,,,,25.3,,,,,,,,,,,,,,,,,,,,,,,,,,,,,,,,,,,,,,,,,,,,,,,,,,,,,,,,,13.0,,,,,,,,,,,,,,,,,,61.5,,,,,,,
802,330610,"Ground turkey, 93% lean, 7% fat, raw (CO1,CT1,IN1)",2019-04-01,,,,,,,0.93,,,,,,,,24.0,,,,,,76.0,,,,,,,,0.115,,,,,,,,,,,,,,,,,,,,,,,,,,,,,,,,,,,1.16,,,,,,,,,,,,0.0,,0.238,0.016,,2.35,,0.028,,,0.001,,,0.003,21.8,,,0.008,,,5.58,3.0,,,0.013,2.16,,0.124,0.006,0.0,0.001,,0.014,,0.001,0.01,,0.121,,,0.004,,0.0,,0.021,,0.011,,0.009,,,191.0,,,,214.0,,18.8,,,,,,0.2,0.003,0.0,0.009,,0.069,0.011,1.41,0.021,0.567,0.007,,0.002,,0.001,0.004,,0.0,,0.003,,19.4,,68.0,,,,,,,,,0.006,0.074,,0.027,,,0.0,0.07,,,,,,,,,,,,8.15,,,,,,,,,,,,,,,,,,73.0,,2.53,,,,,
803,330620,"Ground turkey, 93% lean, 7% fat, raw (CO1)",2019-04-01,,,,,,,0.98,,,,,,,,,,,,,,,,,,,,,,,,,,,,,,,,,,,,,,,,,,,,,,,,,,,,,,,,,,,,,,,,,,,,,,,,,,,,,,,,,,,,,,,,,,3.27,,,,,,,,,,,,,,,,,,,,,,,,,,,,,,,,,,,,20.4,,,,,,,,,,,,,,,,,,,,,,,,,,,,,,,,,,,,,,,,,,,,,,,,,,,,,,,,,6.93,,,,,,,,,,,,,,,,,,72.5,,,,,,,
804,330624,"Ground turkey, 93% lean, 7% fat, pan-broiled crumbles (CO1,CT1,IN1)",2019-04-01,,,,,,,,,,,,,,,37.0,,,,,,111.0,,,,,,,,0.185,,,,,,,,,,,,,,,,,,,,,,,,,,,,,,,,,,,1.58,,,,,,,,,,,,0.0,,0.365,0.022,,3.36,,0.041,,,0.002,,,0.001,30.6,,,0.009,,,9.07,,,,0.021,3.0,,0.177,0.009,0.0,0.001,,0.019,,0.002,0.015,,0.17,,,0.004,,0.0,,0.031,,0.017,,0.012,,,264.0,,,,293.0,,,,,,,,0.27,0.005,0.0,0.015,,0.099,0.015,2.03,0.03,0.802,0.01,,0.002,,0.001,0.003,,0.0,,0.002,,30.2,,82.0,,,,,,,,,0.009,0.1,,0.034,,,0.0,0.07,,,,,,,,,,,,,,,,,,,,,,,,,,,,,,,,3.56,,,,,
805,330634,"Ground turkey, 93% lean, 7% fat, pan-broiled crumbles (CO1)",2019-04-01,,,,,,,1.37,,,,,,,,,,,,,,,,,,,,,,,,,,,,,,,,,,,,,,,,,,,,,,,,,,,,,,,,,,,,,,,,,,,,,,,,,,,,,,,,,,,,,,,,,,4.64,,,,,,,,,,,,,,,,,,,,,,,,,,,,,,,,,,,,29.0,,,,,,,,,,,,,,,,,,,,,,,,,,,,,,,,,,,,,,,,,,,,,,,,,,,,,,,,,9.49,,,,,,,,,,,,,,,,,,61.2,,,,,,,
806,330641,"Ground turkey, 93% lean, 7% fat, patties, broiled (CO1,CT1,IN1)",2019-04-01,,,,,,,1.13,,,,,,,,31.0,,,,,,104.0,,,,,,,,0.173,,,,,,,,,,,,,,,,,,,,,,,,,,,,,,,,,,,1.5,,,,,,,,,,,,0.0,,0.345,0.022,,3.2,,0.038,,,0.002,,,0.001,24.9,,,0.01,,,7.15,4.11,,,0.018,2.88,,0.168,0.008,0.0,0.001,,0.018,,0.002,0.014,,0.164,,,0.004,,0.0,,0.029,,0.016,,0.012,,,211.0,,,,250.0,,25.7,,,,,,0.23,0.004,0.0,0.014,,0.094,0.014,1.92,0.029,0.763,0.009,,0.003,,0.002,0.002,,0.0,,0.002,,28.5,,92.0,,,,,,,,,0.009,0.095,,0.032,,,0.0,0.08,,,,,,,,,,,,11.0,,,,,,,,,,,,,,,,,,61.1,,3.66,,,,,
807,330651,"Ground turkey, 93% lean, 7% fat, patties, broiled (CO1)",2019-04-01,,,,,,,1.04,,,,,,,,,,,,,,,,,,,,,,,,,,,,,,,,,,,,,,,,,,,,,,,,,,,,,,,,,,,,,,,,,,,,,,,,,,,,,,,,,,,,,,,,,,4.1,,,,,,,,,,,,,,,,,,,,,,,,,,,,,,,,,,,,25.6,,,,,,,,,,,,,,,,,,,,,,,,,,,,,,,,,,,,,,,,,,,,,,,,,,,,,,,,,8.94,,,,,,,,,,,,,,,,,,65.1,,,,,,,
808,330662,"Ground turkey, 93% lean, 7% fat, raw (FL1,MO1,NY1)",2019-04-01,,,,,,,0.88,,,,,,,,16.0,,,,,,73.0,,,,,,,,0.106,,,,,,,,,,,,,,,,,,,,,,,,,,,,,,,,,,,1.15,,,,,,,,,,,,0.0,,0.244,0.014,,2.4,,0.029,,,0.002,,,0.011,21.1,,,0.008,,,5.32,3.07,,,0.013,2.22,,0.116,0.005,0.0,0.001,,0.016,,0.001,0.009,,0.097,,,0.008,,0.002,,0.017,,0.009,,0.007,,,199.0,,,,225.0,,19.2,,,,,,0.17,0.004,0.0,0.011,,0.068,0.011,1.49,0.021,0.587,0.008,,0.002,,0.001,0.003,,0.0,,0.003,,19.3,,65.0,,,,,,,,,0.006,0.074,,0.031,,,0.0,0.07,,,,,,,,,,,,8.35,,,,,,,,,,,,,,,,,,72.6,,2.51,,,,,
809,330672,"Ground turkey, 93% lean, 7% fat, raw (NY1)",2019-04-01,,,,,,,0.98,,,,,,,,,,,,,,,,,,,,,,,,,,,,,,,,,,,,,,,,,,,,,,,,,,,,,,,,,,,,,,,,,,,,,,,,,,,,,,,,,,,,,,,,,,3.0,,,,,,,,,,,,,,,,,,,,,,,,,,,,,,,,,,,,18.8,,,,,,,,,,,,,,,,,,,,,,,,,,,,,,,,,,,,,,,,,,,,,,,,,,,,,,,,,8.65,,,,,,,,,,,,,,,,,,72.7,,,,,,,
810,330676,"Ground turkey, 93% lean, 7% fat, pan-broiled crumbles (FL1,MO1,NY1)",2019-04-01,,,,,,,,,,,,,,,26.0,,,,,,108.0,,,,,,,,0.142,,,,,,,,,,,,,,,,,,,,,,,,,,,,,,,,,,,1.53,,,,,,,,,,,,0.0,,0.335,0.02,,3.29,,0.041,,,0.002,,,0.003,28.5,,,0.01,,,8.8,,,,0.02,3.23,,0.178,0.009,0.0,0.001,,0.021,,0.002,0.014,,0.166,,,0.005,,0.0,,0.031,,0.015,,0.011,,,258.0,,,,282.0,,,,,,,,0.26,0.006,0.0,0.017,,0.094,0.014,2.02,0.029,0.805,0.01,,0.003,,0.001,0.003,,0.0,,0.0,,28.5,,87.0,,,,,,,,,0.007,0.099,,0.04,,,0.0,0.1,,,,,,,,,,,,,,,,,,,,,,,,,,,,,,,,3.92,,,,,
811,330686,"Ground turkey, 93% lean, 7% fat, pan-broiled crumbles (NY1)",2019-04-01,,,,,,,1.3,,,,,,,,,,,,,,,,,,,,,,,,,,,,,,,,,,,,,,,,,,,,,,,,,,,,,,,,,,,,,,,,,,,,,,,,,,,,,,,,,,,,,,,,,,4.19,,,,,,,,,,,,,,,,,,,,,,,,,,,,,,,,,,,,26.2,,,,,,,,,,,,,,,,,,,,,,,,,,,,,,,,,,,,,,,,,,,,,,,,,,,,,,,,,12.2,,,,,,,,,,,,,,,,,,61.6,,,,,,,
812,330695,"Ground turkey, 93% lean, 7% fat, patties, broiled (FL1,MO1,NY1)",2019-04-01,,,,,,,1.09,,,,,,,,22.0,,,,,,104.0,,,,,,,,0.165,,,,,,,,,,,,,,,,,,,,,,,,,,,,,,,,,,,1.36,,,,,,,,,,,,0.0,,0.332,0.02,,3.22,,0.04,,,0.002,,,0.004,25.6,,,0.008,,,7.03,4.19,,,0.018,3.14,,0.174,0.008,0.0,0.001,,0.02,,0.001,0.014,,0.159,,,0.005,,0.0,,0.029,,0.014,,0.011,,,206.0,,,,244.0,,26.2,,,,,,0.23,0.005,0.0,0.015,,0.092,0.014,1.99,0.028,0.792,0.01,,0.003,,0.001,0.003,,0.0,,0.0,,27.0,,84.0,,,,,,,,,0.007,0.096,,0.036,,,0.0,0.08,,,,,,,,,,,,11.5,,,,,,,,,,,,,,,,,,62.1,,3.42,,,,,
813,330705,"Ground turkey, 93% lean, 7% fat, patties, broiled (NY1)",2019-04-01,,,,,,,1.12,,,,,,,,,,,,,,,,,,,,,,,,,,,,,,,,,,,,,,,,,,,,,,,,,,,,,,,,,,,,,,,,,,,,,,,,,,,,,,,,,,,,,,,,,,3.78,,,,,,,,,,,,,,,,,,,,,,,,,,,,,,,,,,,,23.6,,,,,,,,,,,,,,,,,,,,,,,,,,,,,,,,,,,,,,,,,,,,,,,,,,,,,,,,,11.0,,,,,,,,,,,,,,,,,,65.1,,,,,,,
814,330719,"Ground turkey, 93% lean, 7% fat, raw (FL1)",2019-04-01,,,,,,,0.89,,,,,,,,,,,,,,,,,,,,,,,,,,,,,,,,,,,,,,,,,,,,,,,,,,,,,,,,,,,,,,,,,,,,,,,,,,,,,,,,,,,,,,,,,,3.21,,,,,,,,,,,,,,,,,,,,,,,,,,,,,,,,,,,,20.1,,,,,,,,,,,,,,,,,,,,,,,,,,,,,,,,,,,,,,,,,,,,,,,,,,,,,,,,,8.2,,,,,,,,,,,,,,,,,,71.8,,,,,,,
815,330723,"Ground turkey, 93% lean, 7% fat, pan-broiled crumbles (FL1)",2019-04-01,,,,,,,1.24,,,,,,,,,,,,,,,,,,,,,,,,,,,,,,,,,,,,,,,,,,,,,,,,,,,,,,,,,,,,,,,,,,,,,,,,,,,,,,,,,,,,,,,,,,4.56,,,,,,,,,,,,,,,,,,,,,,,,,,,,,,,,,,,,28.5,,,,,,,,,,,,,,,,,,,,,,,,,,,,,,,,,,,,,,,,,,,,,,,,,,,,,,,,,11.3,,,,,,,,,,,,,,,,,,60.8,,,,,,,
816,330730,"Ground turkey, 93% lean, 7% fat, patties, broiled (FL1)",2019-04-01,,,,,,,1.07,,,,,,,,,,,,,,,,,,,,,,,,,,,,,,,,,,,,,,,,,,,,,,,,,,,,,,,,,,,,,,,,,,,,,,,,,,,,,,,,,,,,,,,,,,4.14,,,,,,,,,,,,,,,,,,,,,,,,,,,,,,,,,,,,25.9,,,,,,,,,,,,,,,,,,,,,,,,,,,,,,,,,,,,,,,,,,,,,,,,,,,,,,,,,11.2,,,,,,,,,,,,,,,,,,61.0,,,,,,,
817,330741,"Ground turkey, 93% lean, 7% fat, raw (MO1)",2019-04-01,,,,,,,0.91,,,,,,,,,,,,,,,,,,,,,,,,,,,,,,,,,,,,,,,,,,,,,,,,,,,,,,,,,,,,,,,,,,,,,,,,,,,,,,,,,,,,,,,,,,2.85,,,,,,,,,,,,,,,,,,,,,,,,,,,,,,,,,,,,17.8,,,,,,,,,,,,,,,,,,,,,,,,,,,,,,,,,,,,,,,,,,,,,,,,,,,,,,,,,8.49,,,,,,,,,,,,,,,,,,73.4,,,,,,,
818,330745,"Ground turkey, 93% lean, 7% fat, pan-broiled crumbles (MO1)",2019-04-01,,,,,,,1.25,,,,,,,,,,,,,,,,,,,,,,,,,,,,,,,,,,,,,,,,,,,,,,,,,,,,,,,,,,,,,,,,,,,,,,,,,,,,,,,,,,,,,,,,,,4.31,,,,,,,,,,,,,,,,,,,,,,,,,,,,,,,,,,,,26.9,,,,,,,,,,,,,,,,,,,,,,,,,,,,,,,,,,,,,,,,,,,,,,,,,,,,,,,,,12.2,,,,,,,,,,,,,,,,,,60.9,,,,,,,
819,330753,"Ground turkey, 93% lean, 7% fat, patties, broiled (MO1)",2019-04-01,,,,,,,1.12,,,,,,,,,,,,,,,,,,,,,,,,,,,,,,,,,,,,,,,,,,,,,,,,,,,,,,,,,,,,,,,,,,,,,,,,,,,,,,,,,,,,,,,,,,3.78,,,,,,,,,,,,,,,,,,,,,,,,,,,,,,,,,,,,23.6,,,,,,,,,,,,,,,,,,,,,,,,,,,,,,,,,,,,,,,,,,,,,,,,,,,,,,,,,11.4,,,,,,,,,,,,,,,,,,65.2,,,,,,,
820,330766,"Ground turkey, 93% lean, 7% fat, raw (CA1)",2019-04-01,,,,,,,0.89,,,,,,,,,,,,,,,,,,,,,,,,,,,,,,,,,,,,,,,,,,,,,,,,,,,,,,,,,,,,,,,,,,,,,,,,,,,,,,,,,,,,,,,,,,2.97,,,,,,,,,,,,,,,,,,,,,,,,,,,,,,,,,,,,18.6,,,,,,,,,,,,,,,,,,,,,,,,,,,,,,,,,,,,,,,,,,,,,,,,,,,,,,,,,7.08,,,,,,,,,,,,,,,,,,74.2,,,,,,,
821,330770,"Ground turkey, 93% lean, 7% fat, pan-broiled crumbles (CA1)",2019-04-01,,,,,,,1.24,,,,,,,,,,,,,,,,,,,,,,,,,,,,,,,,,,,,,,,,,,,,,,,,,,,,,,,,,,,,,,,,,,,,,,,,,,,,,,,,,,,,,,,,,,4.29,,,,,,,,,,,,,,,,,,,,,,,,,,,,,,,,,,,,26.8,,,,,,,,,,,,,,,,,,,,,,,,,,,,,,,,,,,,,,,,,,,,,,,,,,,,,,,,,9.79,,,,,,,,,,,,,,,,,,63.0,,,,,,,
822,330778,"Ground turkey, 93% lean, 7% fat, patties, broiled (CA1)",2019-04-01,,,,,,,0.96,,,,,,,,,,,,,,,,,,,,,,,,,,,,,,,,,,,,,,,,,,,,,,,,,,,,,,,,,,,,,,,,,,,,,,,,,,,,,,,,,,,,,,,,,,3.98,,,,,,,,,,,,,,,,,,,,,,,,,,,,,,,,,,,,24.9,,,,,,,,,,,,,,,,,,,,,,,,,,,,,,,,,,,,,,,,,,,,,,,,,,,,,,,,,9.59,,,,,,,,,,,,,,,,,,65.5,,,,,,,
823,330791,"Ground turkey, 93% lean, 7% fat, raw (IN1)",2019-04-01,,,,,,,0.92,,,,,,,,,,,,,,,,,,,,,,,,,,,,,,,,,,,,,,,,,,,,,,,,,,,,,,,,,,,,,,,,,,,,,,,,,,,,,,,,,,,,,,,,,,2.94,,,,,,,,,,,,,,,,,,,,,,,,,,,,,,,,,,,,18.4,,,,,,,,,,,,,,,,,,,,,,,,,,,,,,,,,,,,,,,,,,,,,,,,,,,,,,,,,8.1,,,,,,,,,,,,,,,,,,72.8,,,,,,,
824,330795,"Ground turkey, 93% lean, 7% fat, pan-broiled crumbles (IN1)",2019-04-01,,,,,,,1.19,,,,,,,,,,,,,,,,,,,,,,,,,,,,,,,,,,,,,,,,,,,,,,,,,,,,,,,,,,,,,,,,,,,,,,,,,,,,,,,,,,,,,,,,,,4.39,,,,,,,,,,,,,,,,,,,,,,,,,,,,,,,,,,,,27.4,,,,,,,,,,,,,,,,,,,,,,,,,,,,,,,,,,,,,,,,,,,,,,,,,,,,,,,,,13.0,,,,,,,,,,,,,,,,,,59.3,,,,,,,
825,330802,"Ground turkey, 93% lean, 7% fat, patties, broiled (IN1)",2019-04-01,,,,,,,0.99,,,,,,,,,,,,,,,,,,,,,,,,,,,,,,,,,,,,,,,,,,,,,,,,,,,,,,,,,,,,,,,,,,,,,,,,,,,,,,,,,,,,,,,,,,4.06,,,,,,,,,,,,,,,,,,,,,,,,,,,,,,,,,,,,25.4,,,,,,,,,,,,,,,,,,,,,,,,,,,,,,,,,,,,,,,,,,,,,,,,,,,,,,,,,11.8,,,,,,,,,,,,,,,,,,63.1,,,,,,,
826,330813,"Ground turkey, 93% lean, 7% fat, raw (CA2)",2019-04-01,,,,,,,0.87,,,,,,,,,,,,,,,,,,,,,,,,,,,,,,,,,,,,,,,,,,,,,,,,,,,,,,,,,,,,,,,,,,,,,,,,,,,,,,,,,,,,,,,,,,3.16,,,,,,,,,,,,,,,,,,,,,,,,,,,,,,,,,,,,19.7,,,,,,,,,,,,,,,,,,,,,,,,,,,,,,,,,,,,,,,,,,,,,,,,,,,,,,,,,7.9,,,,,,,,,,,,,,,,,,72.1,,,,,,,
827,330817,"Ground turkey, 93% lean, 7% fat, pan-broiled crumbles (CA2)",2019-04-01,,,,,,,1.2,,,,,,,,,,,,,,,,,,,,,,,,,,,,,,,,,,,,,,,,,,,,,,,,,,,,,,,,,,,,,,,,,,,,,,,,,,,,,,,,,,,,,,,,,,4.45,,,,,,,,,,,,,,,,,,,,,,,,,,,,,,,,,,,,27.8,,,,,,,,,,,,,,,,,,,,,,,,,,,,,,,,,,,,,,,,,,,,,,,,,,,,,,,,,10.1,,,,,,,,,,,,,,,,,,62.0,,,,,,,
828,330824,"Ground turkey, 93% lean, 7% fat, patties, broiled (CA2)",2019-04-01,,,,,,,1.0,,,,,,,,,,,,,,,,,,,,,,,,,,,,,,,,,,,,,,,,,,,,,,,,,,,,,,,,,,,,,,,,,,,,,,,,,,,,,,,,,,,,,,,,,,4.4,,,,,,,,,,,,,,,,,,,,,,,,,,,,,,,,,,,,27.5,,,,,,,,,,,,,,,,,,,,,,,,,,,,,,,,,,,,,,,,,,,,,,,,,,,,,,,,,10.1,,,,,,,,,,,,,,,,,,62.2,,,,,,,
829,330834,"Ground turkey, 93% lean, 7% fat, raw (CT1)",2019-04-01,,,,,,,0.95,,,,,,,,,,,,,,,,,,,,,,,,,,,,,,,,,,,,,,,,,,,,,,,,,,,,,,,,,,,,,,,,,,,,,,,,,,,,,,,,,,,,,,,,,,2.78,,,,,,,,,,,,,,,,,,,,,,,,,,,,,,,,,,,,17.4,,,,,,,,,,,,,,,,,,,,,,,,,,,,,,,,,,,,,,,,,,,,,,,,,,,,,,,,,8.68,,,,,,,,,,,,,,,,,,73.0,,,,,,,
830,330838,"Ground turkey, 93% lean, 7% fat, pan-broiled crumbles (CT1)",2019-04-01,,,,,,,1.21,,,,,,,,,,,,,,,,,,,,,,,,,,,,,,,,,,,,,,,,,,,,,,,,,,,,,,,,,,,,,,,,,,,,,,,,,,,,,,,,,,,,,,,,,,4.15,,,,,,,,,,,,,,,,,,,,,,,,,,,,,,,,,,,,26.0,,,,,,,,,,,,,,,,,,,,,,,,,,,,,,,,,,,,,,,,,,,,,,,,,,,,,,,,,11.9,,,,,,,,,,,,,,,,,,61.4,,,,,,,
831,330845,"Ground turkey, 93% lean, 7% fat, patties, broiled (CT1)",2019-04-01,,,,,,,1.14,,,,,,,,,,,,,,,,,,,,,,,,,,,,,,,,,,,,,,,,,,,,,,,,,,,,,,,,,,,,,,,,,,,,,,,,,,,,,,,,,,,,,,,,,,4.18,,,,,,,,,,,,,,,,,,,,,,,,,,,,,,,,,,,,26.1,,,,,,,,,,,,,,,,,,,,,,,,,,,,,,,,,,,,,,,,,,,,,,,,,,,,,,,,,12.2,,,,,,,,,,,,,,,,,,61.3,,,,,,,
832,330856,"Ground turkey, 93% lean, 7% fat, raw (AL1)",2019-04-01,,,,,,,0.93,,,,,,,,,,,,,,,,,,,,,,,,,,,,,,,,,,,,,,,,,,,,,,,,,,,,,,,,,,,,,,,,,,,,,,,,,,,,,,,,,,,,,,,,,,2.85,,,,,,,,,,,,,,,,,,,,,,,,,,,,,,,,,,,,17.8,,,,,,,,,,,,,,,,,,,,,,,,,,,,,,,,,,,,,,,,,,,,,,,,,,,,,,,,,9.29,,,,,,,,,,,,,,,,,,72.4,,,,,,,
833,330860,"Ground turkey, 93% lean, 7% fat, patties, broiled (AL1)",2019-04-01,,,,,,,1.2,,,,,,,,,,,,,,,,,,,,,,,,,,,,,,,,,,,,,,,,,,,,,,,,,,,,,,,,,,,,,,,,,,,,,,,,,,,,,,,,,,,,,,,,,,4.48,,,,,,,,,,,,,,,,,,,,,,,,,,,,,,,,,,,,28.0,,,,,,,,,,,,,,,,,,,,,,,,,,,,,,,,,,,,,,,,,,,,,,,,,,,,,,,,,13.8,,,,,,,,,,,,,,,,,,57.8,,,,,,,
834,330870,"Chicken, dark meat, lean only, drumstick, braised, non-enhanced (AL1,CA1) - 14B-06-05",2019-04-01,,,,,,,0.92,,,,,,,,13.0,,,,,,102.0,,,,,,,,0.064,,,,,,,,,,,,,,,,,,,,,,,,,,,,,,,,,,,1.0,,,,,,,,,,,,0.0,,0.35,0.005,,1.9,,0.024,,,0.0,,,0.002,22.3,,,0.018,,,5.05,3.78,,,0.006,0.944,,0.042,0.009,,0.0,,0.009,,0.0,0.018,,0.083,,,0.005,,0.0,,0.02,,0.009,,0.006,,,181.0,,,,229.0,,,,,,,,0.19,0.0,0.0,0.004,,0.031,0.005,1.16,0.006,0.338,0.003,,0.007,,0.0,0.001,,0.002,,0.003,,34.5,,106.0,,,,,,,,,0.003,0.021,,0.007,,,0.0,0.09,,,,,,,,,,,,5.67,,,,,0.41,0.426,,,,,,,,,,,,70.2,,2.22,,,,,
835,330884,"Chicken, skin, raw, from drumsticks and thighs, non-enhanced (National) - 14B-01-01",2019-04-01,,,,,,,0.5,,,,,8.3,,,,,,0.0,0.0,,,0.4,0.7,2.9,16.1,8.2,28.3,,,,1.0,,,,,,,,,,,,,,,,,,,,,,,,,,,,,,,,,,,,,,,103.0,0.0,,,,,,,,,,,,,,,,,,,,,,,,,,1.5,,,,,,,,,,,,,,,,,,,,,,,,,,,,0.61,,,,,,,,,,,,,59.0,,,,,,,,,,,,,,,,,,,,,,,,,,,,,,,,,,,,,,,,,,0.0,0.0,0.13,0.04,0.0,0.0,0.04,,,,44.2,,,,,,,,,6.0,,0.2,,,0.27,,,,45.1,,,,,,,
836,330910,"Chicken, skin, raw, from drumsticks and thighs, non-enhanced (CO1,CT1,IN1) - 14B-01-03",2019-04-01,,,,,0.68,0.7,0.5,0.71,,,,,,,6.0,,,,,,107.0,,,,,,,,0.04,,,,0.08,,,,,,,,,,,,,,,,,,,,,,,1.14,,1.31,,,0.19,,,0.39,0.26,,0.52,,,,,0.54,,,,0.0,,2.69,0.031,,15.6,,0.243,,,0.005,,,0.001,8.0,,,0.014,0.16,,2.42,1.53,,,0.05,7.9,,0.371,0.0,,0.008,,0.048,,0.004,0.066,,0.127,,,0.007,,0.002,,0.029,,0.012,,0.006,,0.29,96.0,,,,123.0,0.75,,,,,,,0.03,0.006,0.0,0.012,,0.219,0.024,9.37,0.046,2.07,0.029,,0.028,,0.005,0.001,,0.0,,0.003,,9.5,0.35,47.0,,,,,,,,,0.018,0.112,,0.056,,,0.0,0.04,0.3,,,,,,,,,,,43.3,0.05,0.22,0.33,,0.63,0.115,,,,,,,,,,,,47.6,,0.64,,,,,
837,330924,"Chicken, skin, roasted, from drumsticks and thighs, non-enhanced (National) - 14B-02-01",2019-04-01,,,,,,,0.73,,,,,,,,,,,0.0,0.0,,,,,,,,,,,,1.0,,,,,,,,,,,,,,,,,,,,,,,,,,,,,,,,,,,,,,,91.0,0.0,,,,,,,,,,,,,,,,,,,,,,,,,,2.58,,,,,,,,,,,,,,,,,,,,,,,,,,,,0.9,,,,,,,,,,,,,54.0,,,,,,,,,,,,,,,,,,,,,,,,,,,,,,,,,,,,,,,,,,0.0,0.0,0.13,0.05,0.0,0.01,0.13,,,,45.6,,,,,,,,,6.0,,0.2,,,0.23,,,,38.7,,,,,,,
838,330932,"Chicken, skin, roasted, from drumsticks and thighs, non-enhanced (CO1,CT1,IN1) - 14B-02-03",2019-04-01,,,,,,,0.73,,,,,,,,12.0,,,,,,136.0,,,,,,,,0.048,,,,,,,,,,,,,,,,,,,,,,,,,,,,,,,,,,,0.9,,,,,,,,,,,,0.0,,2.79,0.032,,14.9,,0.234,,,0.005,,,0.0,16.0,,,0.019,,,3.75,2.91,,,0.048,6.87,,0.326,0.0,,0.007,,0.044,,0.002,0.064,,0.141,,,0.008,,0.004,,0.033,,0.015,,0.007,,,155.0,,,,181.0,,,,,,,,0.06,0.006,0.0,0.017,,0.22,0.024,8.84,0.041,1.94,0.027,,0.026,,0.003,0.001,,0.001,,0.003,,19.1,,74.0,,,,,,,,,0.018,0.123,,0.086,,,0.0,0.05,,,,,,,,,,,,41.1,,,,,0.53,0.19,,,,,,,,,,,,40.7,,0.9,,,,,
839,330945,"Chicken, skin, braised, from drumsticks and thighs, non-enhanced (National) - 14B-03-01",2019-04-01,,,,,,,0.65,,,,,,,,,,,0.0,0.0,,,,,,,,,,,,1.0,,,,,,,,,,,,,,,,,,,,,,,,,,,,,,,,,,,,,,,101.0,0.0,,,,,,,,,,,,,,,,,,,,,,,,,,2.27,,,,,,,,,,,,,,,,,,,,,,,,,,,,0.79,,,,,,,,,,,,,48.0,,,,,,,,,,,,,,,,,,,,,,,,,,,,,,,,,,,,,,,,,,0.0,0.0,0.11,0.0,0.0,0.01,0.09,,,,45.2,,,,,,,,,4.0,,0.1,,,0.19,,,,41.2,,,,,,,
840,330953,"Chicken, skin, braised, from drumsticks and thighs, non-enhanced (CO1,CT1,IN1) - 14B-03-03",2019-04-01,,,,,,,0.64,,,,,,,,9.0,,,,,,137.5,,,,,,,,0.039,,,,,,,,,,,,,,,,,,,,,,,,,,,,,,,,,,,0.92,,,,,,,,,,,,0.0,,2.6,0.031,,14.3,,0.221,,,0.005,,,0.0,13.4,,,0.016,,,3.46,2.54,,,0.046,6.92,,0.328,0.0,,0.006,,0.043,,0.002,0.061,,0.133,,,0.007,,0.003,,0.031,,0.013,,0.006,,,130.0,,,,183.0,,,,,,,,0.06,0.005,0.0,0.016,,0.213,0.023,8.72,0.039,1.96,0.026,,0.023,,0.002,0.001,,0.0,,0.003,,15.9,,84.0,,,,,,,,,0.016,0.11,,0.057,,,0.0,0.05,,,,,,,,,,,,36.1,,,,,0.58,0.176,,,,,,,,,,,,46.8,,0.78,,,,,
841,330965,"Chicken, dark meat, lean only, drumstick, raw, non-enhanced (National) - 14B-04-01",2019-04-01,,,,,,,0.95,,,,,8.7,,,,,,0.0,0.0,,,7.4,1.0,6.7,36.8,4.7,56.7,,,,0.0,,,,,,,,,,,,,,,,,,,,,,,,,,,,,,,,,,,,,,,102.0,0.0,,,,,,,,,,,,,,,,,,,,,,,,,,3.01,,,,,,,,,,,,,,,,,,,,,,,,,,,,1.1,,,,,,,,,,,,,7.0,,,,,,,,,,,,,,,,,,,,,,,,,,,,,,,,,,,,,,,,,,0.0,0.0,0.07,0.01,0.01,0.0,0.02,,,,3.81,,,,,,,,,1.0,,0.0,,,0.18,,,,76.8,,,,,,,
842,331024,"Chicken, dark meat, lean only, drumstick, raw, non-enhanced (CO1,CT1,IN1) - 14B-04-03",2019-04-01,,,,,1.1,1.32,0.94,1.81,,,,,,,10.0,,,,,,88.0,,,,,,,,0.061,,,,0.22,,,,,,,,,,,,,,,,,,,,,,,3.04,,0.86,,,0.53,,,0.61,0.88,,1.55,,,,,1.72,,,,0.0,,0.219,0.001,,1.13,,0.014,,,0.0,,,0.0,20.9,,,0.017,0.54,,4.98,3.03,,,0.003,0.672,,0.027,0.007,,0.001,,0.008,,0.0,0.015,,0.094,,,0.003,,0.0,,0.022,,0.009,,0.006,,0.73,176.0,,,,236.0,0.76,,,,,,,0.18,0.0,0.0,0.002,,0.016,0.002,0.718,0.003,0.214,0.003,,0.006,,0.0,0.001,,0.0,,0.001,,17.5,0.76,117.0,,,,,,,,,0.002,0.009,,0.004,,,0.0,0.06,0.87,,,,,,,,,,,3.54,0.21,0.69,0.9,,0.7,0.362,,,,,,,,,,,,76.9,,2.05,,,,,
843,331038,"Chicken, dark meat, lean only, drumstick, roasted, non-enhanced (National) - 14B-05-01",2019-04-01,,,,,,,1.05,,,,,,,,,,,,,,,,,,,,,,,,,,,,,,,,,,,,,,,,,,,,,,,,,,,,,,,,,,,,,,,,,,,,,,,,,,,,,,,,,,,,,,,,,,3.69,,,,,,,,,,,,,,,,,,,,,,,,,,,,1.1,,,,,,,,,,,,,6.0,,,,,,,,,,,,,,,,,,,,,,,,,,,,,,,,,,,,,,,,,,0.0,0.0,0.08,0.02,0.02,0.0,0.05,,,,5.48,,,,,,,,,1.0,,0.0,,,0.18,,,,70.9,,,,,,,
844,331095,"Chicken, dark meat, lean only, drumstick, roasted, non-enhanced (CO1,CT1,IN1) - 14B-05-03",2019-04-01,,,,,,,1.04,,,,,,,,12.0,,,,,,126.0,,,,,,,,0.066,,,,,,,,,,,,,,,,,,,,,,,,,,,,,,,,,,,1.14,,,,,,,,,,,,0.0,,0.313,0.003,,1.67,,0.019,,,0.0,,,0.0,24.1,,,0.018,,,5.27,3.9,,,0.004,0.904,,0.036,0.008,,0.0,,0.009,,0.0,0.017,,0.086,,,0.004,,0.0,,0.021,,0.008,,0.006,,,199.0,,,,265.0,,,,,,,,0.17,0.0,0.0,0.002,,0.023,0.004,1.03,0.006,0.307,0.003,,0.006,,0.0,0.001,,0.002,,0.002,,23.5,,122.0,,,,,,,,,0.003,0.016,,0.006,,,0.0,0.1,,,,,,,,,,,,5.8,,,,,0.28,0.394,,,,,,,,,,,,70.2,,2.51,,,,,
845,331109,"Chicken, dark meat, lean only, drumstick, braised, non-enhanced (National) - 14B-06-01",2019-04-01,,,,,,,0.95,,,,,,,,,,,,,,,,,,,,,,,,,,,,,,,,,,,,,,,,,,,,,,,,,,,,,,,,,,,,,,,,,,,,,,,,,,,,,,,,,,,,,,,,,,3.87,,,,,,,,,,,,,,,,,,,,,,,,,,,,1.1,,,,,,,,,,,,,7.0,,,,,,,,,,,,,,,,,,,,,,,,,,,,,,,,,,,,,,,,,,0.0,0.0,0.08,0.01,0.0,0.0,0.05,,,,5.54,,,,,,,,,2.0,,0.1,,,0.17,,,,69.9,,,,,,,
846,331166,"Chicken, dark meat, lean only, drumstick, braised, non-enhanced (CO1,CT1,IN1) - 14B-06-03",2019-04-01,,,,,,,0.94,,,,,,,,12.0,,,,,,132.33333333333334,,,,,,,,0.068,,,,,,,,,,,,,,,,,,,,,,,,,,,,,,,,,,,1.02,,,,,,,,,,,,0.0,,0.328,0.003,,1.72,,0.018,,,0.0,,,0.002,22.5,,,0.019,,,4.89,3.93,,,0.004,0.944,,0.037,0.009,,0.0,,0.01,,0.0,0.018,,0.087,,,0.005,,0.0,,0.022,,0.008,,0.005,,,188.0,,,,235.0,,,,,,,,0.19,0.0,0.0,0.002,,0.025,0.004,1.09,0.005,0.324,0.003,,0.006,,0.0,0.001,,0.001,,0.001,,23.5,,106.0,,,,,,,,,0.002,0.015,,0.007,,,0.0,0.09,,,,,,,,,,,,5.67,,,,,0.52,0.402,,,,,,,,,,,,69.7,,2.69,,,,,
847,331180,"Chicken, dark meat, lean only, thigh, raw, non-enhanced (National) - 14B-07-01",2019-04-01,,,,,,,0.95,,,,,10.5,,,,,,0.0,0.0,,,4.7,0.9,5.7,37.3,5.0,53.6,,,,0.0,,,,,,,,,,,,,,,,,,,,,,,,,,,,,,,,,,,,,,,110.0,0.0,,,,,,,,,,,,,,,,,,,,,,,,,,3.07,,,,,,,,,,,,,,,,,,,,,,,,,,,,1.2,,,,,,,,,,,,,7.0,,,,,,,,,,,,,,,,,,,,,,,,,,,,,,,,,,,,,,,,,,0.0,0.0,0.07,0.01,0.03,0.0,0.03,,,,3.83,,,,,,,,,1.0,,0.0,,,0.18,,,,76.5,,,,,,,
848,331234,"Chicken, dark meat, lean only, thigh, raw, non-enhanced (CO1,CT1) - 14B-07-03",2019-04-01,,,,,1.14,1.32,0.96,1.86,,,,,,,7.0,,,,,,92.0,,,,,,,,0.049,,,,0.22,,,,,,,,,,,,,,,,,,,,,,,3.1,,0.86,,,0.58,,,0.72,0.91,,1.62,,,,,1.8,,,,0.0,,0.219,0.0,,1.25,,0.013,,,0.0,,,0.0,22.7,,,0.014,0.54,,5.43,3.01,,,0.004,0.756,,0.029,0.007,,0.001,,0.008,,0.0,0.017,,0.09,,,0.002,,0.0,,0.019,,0.007,,0.006,,0.76,175.0,,,,243.0,0.74,,,,,,,0.17,0.0,0.0,0.002,,0.018,0.003,0.783,0.004,0.239,0.003,,0.007,,0.0,0.002,,0.0,,0.001,,23.8,0.8,82.0,,,,,,,,,0.002,0.009,,0.005,,,0.0,0.08,0.9,,,,,,,,,,,4.34,0.21,0.72,0.93,,0.66,0.423,,,,,,,,,,,,76.4,,1.45,,,,,
849,331248,"Chicken, dark meat, lean only, thigh, roasted, non-enhanced (National) - 14B-08-01",2019-04-01,,,,,,,1.05,,,,,,,,,,,,,,,,,,,,,,,,,,,,,,,,,,,,,,,,,,,,,,,,,,,,,,,,,,,,,,,,,,,,,,,,,,,,,,,,,,,,,,,,,,3.83,,,,,,,,,,,,,,,,,,,,,,,,,,,,1.3,,,,,,,,,,,,,8.0,,,,,,,,,,,,,,,,,,,,,,,,,,,,,,,,,,,,,,,,,,0.0,0.0,0.08,0.01,0.0,0.0,0.05,,,,8.93,,,,,,,,,7.0,,0.2,,,0.18,,,,67.5,,,,,,,
850,331300,"Chicken, dark meat, lean only, thigh, roasted, non-enhanced (CO1,CT1) - 14B-08-03",2019-04-01,,,,,,,1.07,,,,,,,,10.0,,,,,,137.0,,,,,,,,0.059,,,,,,,,,,,,,,,,,,,,,,,,,,,,,,,,,,,1.06,,,,,,,,,,,,0.0,,0.529,0.007,,2.9,,0.028,,,0.001,,,0.004,24.9,,,0.021,,,6.18,3.98,,,0.008,1.36,,0.056,0.014,,0.0,,0.01,,0.0,0.02,,0.075,,,0.005,,0.0,,0.019,,0.006,,0.004,,,220.0,,,,274.0,,,,,,,,0.18,0.0,0.0,0.003,,0.042,0.007,1.79,0.008,0.47,0.004,,0.009,,0.0,0.001,,0.001,,0.002,,27.7,,85.0,,,,,,,,,0.004,0.027,,0.012,,,0.0,0.09,,,,,,,,,,,,7.81,,,,,0.34,0.462,,,,,,,,,,,,66.5,,1.81,,,,,
851,331312,"Chicken, dark meat, lean only, thigh, braised, non-enhanced (National) - 14B-09-01",2019-04-01,,,,,,,0.98,,,,,,,,,,,,,,,,,,,,,,,,,,,,,,,,,,,,,,,,,,,,,,,,,,,,,,,,,,,,,,,,,,,,,,,,,,,,,,,,,,,,,,,,,,3.93,,,,,,,,,,,,,,,,,,,,,,,,,,,,1.2,,,,,,,,,,,,,8.0,,,,,,,,,,,,,,,,,,,,,,,,,,,,,,,,,,,,,,,,,,0.0,0.0,0.09,0.01,0.0,0.0,0.03,,,,8.63,,,,,,,,,13.0,,0.3,,,0.17,,,,66.8,,,,,,,
852,331364,"Chicken, dark meat, lean only, thigh, braised, non-enhanced (CO1,CT1) - 14B-09-03",2019-04-01,,,,,,,1.0,,,,,,,,13.0,,,,,,137.0,,,,,,,,0.039,,,,,,,,,,,,,,,,,,,,,,,,,,,,,,,,,,,1.33,,,,,,,,,,,,0.0,,0.508,0.007,,2.77,,0.03,,,0.0,,,0.007,25.7,,,0.017,,,5.97,4.01,,,0.008,1.22,,0.046,0.012,,0.0,,0.01,,0.0,0.019,,0.08,,,0.008,,0.0,,0.018,,0.006,,0.003,,,210.0,,,,271.0,,,,,,,,0.18,0.0,0.0,0.003,,0.042,0.005,1.73,0.009,0.471,0.004,,0.009,,0.0,0.001,,0.002,,0.002,,31.2,,74.0,,,,,,,,,0.004,0.026,,0.013,,,0.0,0.08,,,,,,,,,,,,8.76,,,,,0.41,0.464,,,,,,,,,,,,66.3,,1.89,,,,,
853,331378,"Chicken, skin, raw, from drumsticks and thighs, non-enhanced (FL1,MO1,NY1) - 14B-01-04",2019-04-01,,,,,0.63,0.66,0.44,0.71,,,,,,,6.0,,,,,,98.5,,,,,,,,0.035,,,,0.08,,,,,,,,,,,,,,,,,,,,,,,1.12,,1.15,,,0.19,,,0.29,0.28,,0.53,,,,,0.55,,,,0.0,,3.32,0.037,,18.0,,0.294,,,0.006,,,0.001,7.6,,,0.012,0.15,,2.52,1.54,,,0.063,7.92,,0.343,0.0,,0.009,,0.049,,0.002,0.073,,0.14,,,0.007,,0.003,,0.033,,0.015,,0.007,,0.29,88.0,,,,104.0,0.69,,,,,,,0.03,0.005,0.0,0.015,,0.26,0.03,10.5,0.047,2.23,0.029,,0.028,,0.004,0.001,,0.0,,0.003,,8.7,0.35,52.0,,,,,,,,,0.02,0.136,,0.067,,,0.0,0.04,0.3,,,,,,,,,,,47.9,0.04,0.23,0.34,,1.1,0.106,,,,,,,,,,,,40.4,,0.61,,,,,
854,331392,"Chicken, skin, roasted, from drumsticks and thighs, non-enhanced (FL1,MO1,NY1) - 14B-02-04",2019-04-01,,,,,,,0.73,,,,,,,,11.0,,,,,,131.0,,,,,,,,0.043,,,,,,,,,,,,,,,,,,,,,,,,,,,,,,,,,,,0.78,,,,,,,,,,,,0.0,,3.4,0.037,,18.0,,0.291,,,0.005,,,0.002,15.4,,,0.02,,,4.16,2.52,,,0.058,7.82,,0.327,0.0,,0.01,,0.049,,0.003,0.076,,0.161,,,0.007,,0.002,,0.038,,0.014,,0.008,,,150.0,,,,178.0,,,,,,,,0.06,0.007,0.0,0.013,,0.26,0.03,10.7,0.045,2.27,0.031,,0.029,,0.003,0.001,,0.0,,0.004,,14.6,,98.0,,,,,,,,,0.019,0.119,,0.072,,,0.0,0.05,,,,,,,,,,,,47.6,,,,,0.53,0.183,,,,,,,,,,,,37.1,,0.81,,,,,
855,331405,"Chicken, skin, braised, from drumsticks and thighs, non-enhanced (FL1,MO1,NY1) - 14B-03-04",2019-04-01,,,,,,,0.61,,,,,,,,9.0,,,,,,122.5,,,,,,,,0.039,,,,,,,,,,,,,,,,,,,,,,,,,,,,,,,,,,,1.03,,,,,,,,,,,,0.0,,3.06,0.033,,16.4,,0.268,,,0.005,,,0.0,13.5,,,0.019,,,3.47,2.26,,,0.054,7.38,,0.317,0.0,,0.009,,0.049,,0.002,0.07,,0.146,,,0.007,,0.004,,0.035,,0.014,,0.007,,,130.0,,,,156.0,,,,,,,,0.05,0.005,0.0,0.014,,0.234,0.027,9.82,0.001,2.1,0.027,,0.028,,0.003,0.001,,0.0,,0.004,,13.0,,72.0,,,,,,,,,0.017,0.106,,0.06,,,0.0,0.05,,,,,,,,,,,,46.1,,,,,0.44,0.172,,,,,,,,,,,,40.0,,0.76,,,,,
856,331418,"Chicken, dark meat, lean only, thigh, raw, non-enhanced (FL1,MO1,NY1) - 14B-07-04",2019-04-01,,,,,1.18,1.34,0.94,1.92,,,,,,,10.0,,,,,,93.5,,,,,,,,0.06,,,,0.22,,,,,,,,,,,,,,,,,,,,,,,3.15,,0.91,,,0.59,,,0.79,0.92,,1.66,,,,,1.84,,,,0.0,,0.215,0.003,,1.2,,0.014,,,0.0,,,0.0,23.8,,,0.017,0.55,,5.68,3.16,,,0.013,0.596,,0.019,0.007,,0.0,,0.006,,0.0,0.016,,0.092,,,0.002,,0.0,,0.021,,0.007,,0.006,,0.77,186.0,,,,236.0,0.8,,,,,,,0.19,0.0,0.0,0.002,,0.016,0.003,0.714,0.003,0.228,0.003,,0.011,,0.003,0.001,,0.0,,0.001,,15.8,0.82,92.0,,,,,,,,,0.002,0.011,,0.004,,,0.0,0.08,0.92,,,,,,,,,,,3.97,0.22,0.73,0.94,,0.95,0.415,,,,,,,,,,,,76.4,,1.56,,,,,
857,331432,"Chicken, dark meat, lean only, thigh, roasted, non-enhanced (FL1,MO1,NY1) - 14B-08-04",2019-04-01,,,,,,,1.0,,,,,,,,10.0,,,,,,130.0,,,,,,,,0.047,,,,,,,,,,,,,,,,,,,,,,,,,,,,,,,,,,,1.04,,,,,,,,,,,,0.0,,0.564,0.005,,2.98,,0.032,,,0.002,,,0.003,23.8,,,0.022,,,6.49,3.9,,,0.008,1.35,,0.05,0.017,,0.001,,0.01,,0.0,0.021,,0.082,,,0.005,,0.0,,0.02,,0.007,,0.003,,,221.0,,,,284.0,,,,,,,,0.19,0.0,0.0,0.003,,0.042,0.006,1.82,0.007,0.462,0.005,,0.009,,0.0,0.001,,0.001,,0.002,,21.3,,86.0,,,,,,,,,0.002,0.022,,0.013,,,0.0,0.09,,,,,,,,,,,,7.71,,,,,0.41,0.464,,,,,,,,,,,,66.9,,1.79,,,,,
858,331446,"Chicken, dark meat, lean only, thigh, braised, non-enhanced (FL1,MO1,NY1) - 14B-09-04",2019-04-01,,,,,,,0.97,,,,,,,,13.0,,,,,,136.33333333333334,,,,,,,,0.063,,,,,,,,,,,,,,,,,,,,,,,,,,,,,,,,,,,1.45,,,,,,,,,,,,0.0,,0.53,0.005,,2.88,,0.034,,,0.001,,,0.009,24.5,,,0.02,,,5.85,3.94,,,0.006,1.16,,0.038,0.013,,0.001,,0.01,,0.0,0.02,,0.082,,,0.009,,0.002,,0.02,,0.007,,0.004,,,198.0,,,,260.0,,,,,,,,0.18,0.0,0.0,0.002,,0.042,0.006,1.79,0.008,0.471,0.004,,0.008,,0.0,0.001,,0.002,,0.003,,21.8,,81.0,,,,,,,,,0.004,0.024,,0.011,,,0.0,0.09,,,,,,,,,,,,8.6,,,,,0.46,0.392,,,,,,,,,,,,66.9,,1.91,,,,,
859,331460,"Chicken, dark meat, lean only, drumstick, raw, non-enhanced (FL1,MO1,NY1) - 14B-04-04",2019-04-01,,,,,1.12,1.32,0.93,1.85,,,,,,,11.0,,,,,,90.0,,,,,,,,0.064,,,,0.23,,,,,,,,,,,,,,,,,,,,,,,3.1,,0.85,,,0.55,,,0.68,0.9,,1.6,,,,,1.78,,,,0.0,,0.19,0.002,,0.929,,0.011,,,0.0,,,0.0,21.8,,,0.019,0.55,,5.71,3.03,,,0.003,0.514,,0.017,0.006,,0.0,,0.006,,0.0,0.014,,0.089,,,0.002,,0.0,,0.021,,0.007,,0.005,,0.75,178.0,,,,244.0,0.76,,,,,,,0.19,0.0,0.0,0.001,,0.013,0.002,0.575,0.002,0.181,0.002,,0.006,,0.0,0.001,,0.0,,0.001,,15.7,0.79,115.0,,,,,,,,,0.001,0.007,,0.003,,,0.0,0.09,0.89,,,,,,,,,,,3.74,0.21,0.7,0.91,,0.48,0.37,,,,,,,,,,,,77.0,,2.16,,,,,
860,331474,"Chicken, dark meat, lean only, drumstick, roasted, non-enhanced (FL1,MO1,NY1) - 14B-05-04",2019-04-01,,,,,,,1.04,,,,,,,,11.0,,,,,,116.0,,,,,,,,0.065,,,,,,,,,,,,,,,,,,,,,,,,,,,,,,,,,,,0.83,,,,,,,,,,,,0.0,,0.345,0.004,,1.73,,0.019,,,0.0,,,0.002,23.5,,,0.019,,,5.9,3.56,,,0.005,0.855,,0.03,0.009,,0.0,,0.008,,0.0,0.02,,0.095,,,0.003,,0.0,,0.025,,0.007,,0.005,,,195.0,,,,256.0,,,,,,,,0.19,0.0,0.0,0.002,,0.025,0.004,1.04,0.004,0.295,0.004,,0.007,,0.0,0.001,,0.001,,0.002,,18.1,,120.0,,,,,,,,,0.003,0.013,,0.006,,,0.0,0.09,,,,,,,,,,,,5.33,,,,,0.42,0.389,,,,,,,,,,,,72.2,,2.21,,,,,
861,331488,"Chicken, dark meat, lean only, drumstick, braised, non-enhanced (FL1,MO1,NY1) - 14B-06-04",2019-04-01,,,,,,,0.96,,,,,,,,12.0,,,,,,134.0,,,,,,,,0.061,,,,,,,,,,,,,,,,,,,,,,,,,,,,,,,,,,,0.84,,,,,,,,,,,,0.0,,0.414,0.004,,2.02,,0.024,,,0.0,,,0.002,22.2,,,0.021,,,5.24,3.85,,,0.006,0.973,,0.035,0.011,,0.0,,0.009,,0.0,0.019,,0.092,,,0.004,,0.0,,0.022,,0.008,,0.006,,,187.0,,,,237.0,,,,,,,,0.18,0.0,0.0,0.002,,0.028,0.004,1.22,0.006,0.334,0.004,,0.008,,0.0,0.001,,0.001,,0.002,,20.3,,106.0,,,,,,,,,0.003,0.015,,0.007,,,0.0,0.09,,,,,,,,,,,,6.29,,,,,0.41,0.363,,,,,,,,,,,,69.9,,2.64,,,,,
862,331502,"Chicken, skin, raw, from drumsticks and thighs, non-enhanced (AL1,CA1) - 14B-01-05",2019-04-01,,,,,0.64,0.66,0.48,0.71,,,,,,,6.0,,,,,,110.0,,,,,,,,0.048,,,,0.08,,,,,,,,,,,,,,,,,,,,,,,1.12,,1.18,,,0.2,,,0.33,0.27,,0.52,,,,,0.54,,,,0.0,,2.66,0.046,,15.4,,0.159,,,0.006,,,0.0,8.5,,,0.014,0.17,,2.59,1.57,,,0.059,7.66,,0.395,0.091,,0.009,,0.047,,0.003,0.069,,0.124,,,0.006,,0.002,,0.028,,0.015,,0.008,,0.29,94.0,,,,119.0,0.71,,,,,,,0.03,0.006,0.0,0.031,,0.277,0.034,9.34,0.057,2.18,0.028,,0.023,,0.003,0.001,,0.0,,0.003,,12.0,0.34,45.0,,,,,,,,,0.025,0.173,,0.076,,,0.0,0.04,0.3,,,,,,,,,,,44.3,0.05,0.23,0.34,,0.49,0.117,,,,,,,,,,,,43.8,,0.66,,,,,
863,331515,"Chicken, skin, roasted, from drumsticks and thighs, non-enhanced (AL1,CA1) - 14B-02-05",2019-04-01,,,,,,,0.69,,,,,,,,9.0,,,,,,127.0,,,,,,,,0.04,,,,,,,,,,,,,,,,,,,,,,,,,,,,,,,,,,,0.9,,,,,,,,,,,,0.0,,2.91,0.049,,17.0,,0.268,,,0.006,,,0.0,16.4,,,0.02,,,3.83,2.56,,,0.074,8.39,,0.429,0.0,,0.008,,0.05,,0.005,0.07,,0.137,,,0.008,,0.003,,0.03,,0.016,,0.007,,,148.0,,,,191.0,,,,,,,,0.07,0.007,0.0,0.036,,0.3,0.038,10.3,0.065,2.43,0.031,,0.024,,0.003,0.001,,0.0,,0.005,,18.8,,77.0,,,,,,,,,0.027,0.194,,0.094,,,0.0,0.05,,,,,,,,,,,,44.5,,,,,0.43,0.206,,,,,,,,,,,,38.4,,0.97,,,,,
864,331527,"Chicken, skin, braised, from drumsticks and thighs, non-enhanced (AL1,CA1) - 14B-03-05",2019-04-01,,,,,,,0.61,,,,,,,,9.0,,,,,,129.5,,,,,,,,0.043,,,,,,,,,,,,,,,,,,,,,,,,,,,,,,,,,,,1.02,,,,,,,,,,,,0.0,,2.9,0.047,,16.0,,0.254,,,0.006,,,0.0,14.0,,,0.018,,,3.48,2.2,,,0.064,7.61,,0.395,0.0,,0.009,,0.048,,0.003,0.067,,0.127,,,0.007,,0.003,,0.028,,0.014,,0.009,,,131.0,,,,148.0,,,,,,,,0.06,0.007,0.0,0.033,,0.28,0.034,9.71,0.056,2.19,0.029,,0.022,,0.003,0.001,,0.0,,0.005,,18.6,,62.0,,,,,,,,,0.025,0.175,,0.074,,,0.0,0.05,,,,,,,,,,,,44.0,,,,,0.46,0.2,,,,,,,,,,,,40.7,,0.78,,,,,
865,331540,"Chicken, dark meat, lean only, thigh, raw, non-enhanced (AL1,CA1) - 14B-07-05",2019-04-01,,,,,1.14,1.31,0.97,1.89,,,,,,,8.0,,,,,,101.0,,,,,,,,0.062,,,,0.22,,,,,,,,,,,,,,,,,,,,,,,3.09,,0.86,,,0.6,,,0.92,0.92,,1.64,,,,,1.8,,,,0.0,,0.201,0.004,,1.13,,0.015,,,0.0,,,0.0,23.9,,,0.019,0.55,,5.84,3.11,,,0.006,0.641,,0.026,0.007,,0.001,,0.007,,0.0,0.016,,0.089,,,0.003,,0.0,,0.019,,0.01,,0.007,,0.77,200.0,,,,261.0,0.75,,,,,,,0.2,0.0,0.0,0.003,,0.02,0.003,0.727,0.004,0.235,0.002,,0.008,,0.0,0.001,,0.0,,0.001,,27.2,0.8,84.0,,,,,,,,,0.002,0.012,,0.006,,,0.0,0.09,0.9,,,,,,,,,,,4.01,0.22,0.73,0.94,,0.45,0.495,,,,,,,,,,,,76.5,,1.53,,,,,
866,331553,"Chicken, dark meat, lean only, thigh, roasted, non-enhanced (AL1,CA1) - 14B-08-05",2019-04-01,,,,,,,1.02,,,,,,,,9.0,,,,,,123.0,,,,,,,,0.051,,,,,,,,,,,,,,,,,,,,,,,,,,,,,,,,,,,1.06,,,,,,,,,,,,0.0,,0.487,0.009,,2.72,,0.029,,,0.0,,,0.003,23.1,,,0.017,,,6.42,3.74,,,0.01,1.3,,0.056,0.013,,0.001,,0.009,,0.0,0.021,,0.079,,,0.005,,0.0,,0.018,,0.009,,0.005,,,210.0,,,,283.0,,,,,,,,0.19,0.0,0.0,0.005,,0.045,0.007,1.7,0.01,0.464,0.004,,0.007,,0.0,0.001,,0.002,,0.002,,33.0,,96.0,,,,,,,,,0.005,0.031,,0.013,,,0.0,0.1,,,,,,,,,,,,8.24,,,,,0.49,0.429,,,,,,,,,,,,68.0,,1.72,,,,,
867,331567,"Chicken, dark meat, lean only, thigh, braised, non-enhanced (AL1,CA1) - 14B-09-05",2019-04-01,,,,,,,0.98,,,,,,,,11.0,,,,,,127.66666666666667,,,,,,,,0.032,,,,,,,,,,,,,,,,,,,,,,,,,,,,,,,,,,,1.34,,,,,,,,,,,,0.0,,0.589,0.009,,3.2,,0.036,,,0.002,,,0.006,26.8,,,0.019,,,5.82,3.86,,,0.011,1.41,,0.059,0.013,,0.001,,0.01,,0.0,0.022,,0.079,,,0.009,,0.0,,0.018,,0.008,,0.006,,,203.0,,,,273.0,,,,,,,,0.19,0.0,0.0,0.006,,0.054,0.008,1.97,0.009,0.519,0.005,,0.008,,0.0,0.001,,0.002,,0.002,,35.1,,80.0,,,,,,,,,0.004,0.038,,0.018,,,0.0,0.1,,,,,,,,,,,,9.01,,,,,0.45,0.471,,,,,,,,,,,,66.9,,1.86,,,,,
868,331581,"Chicken, skin, raw, from drumsticks and thighs, non-enhanced (CA2,NC1) - 14B-01-02",2019-04-01,,,,,0.69,0.72,0.55,0.74,,,,,,,7.0,,,,,,106.0,,,,,,,,0.03,,,,0.08,,,,,,,,,,,,,,,,,,,,,,,1.18,,1.31,,,0.21,,,0.47,0.28,,0.55,,,,,0.57,,,,0.0,,1.98,0.042,,14.2,,0.159,,,0.005,,,0.001,9.0,,,0.016,0.17,,2.73,1.52,,,0.051,9.18,,0.48,0.085,,0.009,,0.059,,0.003,0.068,,0.142,,,0.008,,0.003,,0.03,,0.016,,0.009,,0.3,102.0,,,,130.0,0.78,,,,,,,0.04,0.005,0.0,0.026,,0.257,0.022,8.83,0.055,2.2,0.03,,0.022,,0.004,0.001,,0.0,,0.003,,10.3,0.36,59.0,,,,,,,,,0.011,0.15,,0.073,,,0.0,0.04,0.32,,,,,,,,,,,41.4,0.05,0.23,0.36,,0.39,0.127,,,,,,,,,,,,47.6,,0.7,,,,,
869,331595,"Chicken, skin, roasted, from drumsticks and thighs, non-enhanced (CA2,NC1) - 14B-02-02",2019-04-01,,,,,,,0.74,,,,,,,,8.0,,,,,,134.0,,,,,,,,0.051,,,,,,,,,,,,,,,,,,,,,,,,,,,,,,,,,,,1.02,,,,,,,,,,,,0.0,,2.08,0.041,,13.4,,0.22,,,0.004,,,0.002,16.4,,,0.021,,,3.93,2.69,,,0.046,8.63,,0.459,0.0,,0.01,,0.05,,0.003,0.062,,0.134,,,0.009,,0.002,,0.029,,0.016,,0.006,,,150.0,,,,176.0,,,,,,,,0.06,0.006,0.0,0.027,,0.25,0.032,8.38,0.051,1.96,0.027,,0.018,,0.002,0.001,,0.002,,0.005,,17.1,,92.0,,,,,,,,,0.018,0.141,,0.074,,,0.0,0.06,,,,,,,,,,,,41.1,,,,,0.53,0.209,,,,,,,,,,,,42.4,,0.76,,,,,
870,331608,"Chicken, skin, braised, from drumsticks and thighs, non-enhanced (CA2,NC1) - 14B-03-02",2019-04-01,,,,,,,0.64,,,,,,,,10.0,,,,,,129.0,,,,,,,,0.04,,,,,,,,,,,,,,,,,,,,,,,,,,,,,,,,,,,1.03,,,,,,,,,,,,0.0,,2.25,0.043,,15.1,,0.245,,,0.005,,,0.0,13.6,,,0.019,,,3.19,2.41,,,0.055,9.25,,0.483,0.0,,0.009,,0.052,,0.004,0.065,,0.131,,,0.008,,0.003,,0.03,,0.015,,0.008,,,130.0,,,,156.0,,,,,,,,0.05,0.005,0.0,0.027,,0.263,0.033,9.32,0.058,2.24,0.03,,0.019,,0.004,0.001,,0.0,,0.003,,16.5,,81.0,,,,,,,,,0.019,0.162,,0.079,,,0.0,0.05,,,,,,,,,,,,42.5,,,,,0.34,0.167,,,,,,,,,,,,41.7,,0.64,,,,,
871,331620,"Chicken, dark meat, lean only, thigh, raw, non-enhanced (CA2,NC1) - 14B-07-02",2019-04-01,,,,,1.17,1.35,0.95,1.92,,,,,,,9.0,,,,,,93.0,,,,,,,,0.053,,,,0.23,,,,,,,,,,,,,,,,,,,,,,,3.21,,0.88,,,0.6,,,0.76,0.94,,1.68,,,,,1.85,,,,0.0,,0.169,0.004,,1.17,,0.015,,,0.0,,,0.0,23.2,,,0.015,0.56,,5.39,3.06,,,0.003,0.847,,0.038,0.007,,0.001,,0.01,,0.0,0.018,,0.098,,,0.003,,0.0,,0.024,,0.01,,0.008,,0.78,186.0,,,,239.0,0.78,,,,,,,0.15,0.0,0.0,0.002,,0.019,0.003,0.769,0.005,0.256,0.004,,0.007,,0.002,0.002,,0.0,,0.001,,23.5,0.81,97.0,,,,,,,,,0.002,0.012,,0.005,,,0.0,0.11,0.93,,,,,,,,,,,4.41,0.22,0.73,0.95,,0.5,0.449,,,,,,,,,,,,76.2,,1.54,,,,,
872,331634,"Chicken, dark meat, lean only, thigh, roasted, non-enhanced (CA2,NC1) - 14B-08-02",2019-04-01,,,,,,,1.02,,,,,,,,10.0,,,,,,124.66666666666667,,,,,,,,0.057,,,,,,,,,,,,,,,,,,,,,,,,,,,,,,,,,,,1.17,,,,,,,,,,,,0.0,,0.393,0.008,,2.55,,0.029,,,0.0,,,0.002,24.0,,,0.022,,,5.65,3.74,,,0.007,1.55,,0.071,0.013,,0.001,,0.012,,0.0,0.02,,0.077,,,0.005,,0.0,,0.018,,0.008,,0.005,,,215.0,,,,268.0,,,,,,,,0.19,0.0,0.0,0.005,,0.044,0.007,1.64,0.01,0.462,0.005,,0.006,,0.0,0.001,,0.002,,0.001,,22.3,,80.0,,,,,,,,,0.004,0.028,,0.012,,,0.0,0.1,,,,,,,,,,,,8.66,,,,,0.36,0.477,,,,,,,,,,,,68.0,,1.84,,,,,
873,331648,"Chicken, dark meat, lean only, thigh, braised, non-enhanced (CA2,NC1) - 14B-09-02",2019-04-01,,,,,,,0.99,,,,,,,,11.0,,,,,,139.0,,,,,,,,0.063,,,,,,,,,,,,,,,,,,,,,,,,,,,,,,,,,,,0.94,,,,,,,,,,,,0.0,,0.382,0.008,,2.55,,0.029,,,0.002,,,0.009,23.0,,,0.014,,,5.33,3.9,,,0.008,1.48,,0.063,0.011,,0.001,,0.012,,0.001,0.018,,0.079,,,0.009,,0.0,,0.019,,0.008,,0.004,,,193.0,,,,261.0,,,,,,,,0.18,0.0,0.0,0.004,,0.041,0.006,1.64,0.01,0.472,0.005,,0.006,,0.0,0.001,,0.002,,0.002,,28.8,,72.0,,,,,,,,,0.002,0.028,,0.012,,,0.0,0.08,,,,,,,,,,,,8.15,,,,,0.37,0.418,,,,,,,,,,,,67.4,,1.8,,,,,
874,331660,"Chicken, dark meat, lean only, drumstick, raw, non-enhanced (CA2,NC1) - 14B-04-02",2019-04-01,,,,,1.15,1.37,0.96,1.88,,,,,,,9.0,,,,,,86.0,,,,,,,,0.064,,,,0.22,,,,,,,,,,,,,,,,,,,,,,,3.17,,0.9,,,0.55,,,0.69,0.91,,1.62,,,,,1.81,,,,0.0,,0.179,0.004,,1.13,,0.013,,,0.0,,,0.0,21.7,,,0.017,0.54,,5.07,3.0,,,0.004,0.784,,0.037,0.006,,0.0,,0.009,,0.001,0.015,,0.097,,,0.002,,0.0,,0.024,,0.011,,0.008,,0.77,182.0,,,,251.0,0.79,,,,,,,0.18,0.0,0.0,0.002,,0.019,0.003,0.717,0.004,0.233,0.003,,0.005,,0.0,0.001,,0.0,,0.001,,23.0,0.81,107.0,,,,,,,,,0.003,0.012,,0.004,,,0.0,0.1,0.9,,,,,,,,,,,3.63,0.22,0.72,0.92,,0.48,0.374,,,,,,,,,,,,76.6,,2.23,,,,,
875,331673,"Chicken, dark meat, lean only, drumstick, roasted, non-enhanced (CA2,NC1) - 14B-05-02",2019-04-01,,,,,,,1.06,,,,,,,,11.0,,,,,,127.0,,,,,,,,0.067,,,,,,,,,,,,,,,,,,,,,,,,,,,,,,,,,,,1.02,,,,,,,,,,,,0.0,,0.238,0.005,,1.52,,0.018,,,0.0,,,0.002,24.8,,,0.017,,,5.5,3.72,,,0.005,0.998,,0.044,0.008,,0.0,,0.012,,0.0,0.017,,0.094,,,0.005,,0.0,,0.023,,0.011,,0.006,,,203.0,,,,266.0,,,,,,,,0.19,0.0,0.0,0.003,,0.025,0.005,0.968,0.006,0.311,0.003,,0.005,,0.0,0.001,,0.002,,0.003,,28.2,,111.0,,,,,,,,,0.003,0.015,,0.006,,,0.0,0.09,,,,,,,,,,,,5.18,,,,,0.53,0.39,,,,,,,,,,,,71.0,,2.56,,,,,
876,331685,"Chicken, dark meat, lean only, drumstick, braised, non-enhanced (CA2,NC1) - 14B-06-02",2019-04-01,,,,,,,0.94,,,,,,,,11.0,,,,,,132.0,,,,,,,,0.071,,,,,,,,,,,,,,,,,,,,,,,,,,,,,,,,,,,1.05,,,,,,,,,,,,0.0,,0.322,0.002,,1.96,,0.022,,,0.0,,,0.003,23.7,,,0.018,,,4.98,3.86,,,0.005,1.3,,0.059,0.01,,0.0,,0.013,,0.0,0.019,,0.094,,,0.004,,0.0,,0.024,,0.009,,0.001,,,193.0,,,,263.0,,,,,,,,0.18,0.0,0.0,0.003,,0.032,0.005,1.23,0.007,0.365,0.004,,0.006,,0.0,0.001,,0.001,,0.001,,31.6,,97.0,,,,,,,,,0.002,0.02,,0.011,,,0.0,0.09,,,,,,,,,,,,6.19,,,,,0.39,0.36,,,,,,,,,,,,69.7,,2.78,,,,,
877,331699,"Chicken, dark meat, lean only, drumstick, raw, non-enhanced (AL1,CA1) - 14B-04-05",2019-04-01,,,,,1.13,1.31,0.94,1.86,,,,,,,12.0,,,,,,94.5,,,,,,,,0.071,,,,0.22,,,,,,,,,,,,,,,,,,,,,,,3.11,,0.87,,,0.55,,,0.68,0.9,,1.62,,,,,1.78,,,,0.0,,0.217,0.004,,1.19,,0.015,,,0.0,,,0.0,21.5,,,0.017,0.53,,5.01,2.99,,,0.005,0.707,,0.03,0.008,,0.001,,0.009,,0.0,0.016,,0.099,,,0.003,,0.0,,0.024,,0.011,,0.009,,0.76,172.0,,,,229.0,0.77,,,,,,,0.2,0.0,0.0,0.003,,0.02,0.003,0.736,0.004,0.235,0.002,,0.007,,0.001,0.001,,0.0,,0.002,,27.3,0.79,111.0,,,,,,,,,0.002,0.014,,0.005,,,0.0,0.1,0.9,,,,,,,,,,,4.36,0.21,0.71,0.92,,0.49,0.358,,,,,,,,,,,,76.5,,2.04,,,,,
878,331713,"Chicken, dark meat, lean only, drumstick, roasted, non-enhanced (AL1,CA1) - 14B-05-05",2019-04-01,,,,,,,1.05,,,,,,,,13.0,,,,,,129.33333333333334,,,,,,,,0.071,,,,,,,,,,,,,,,,,,,,,,,,,,,,,,,,,,,0.92,,,,,,,,,,,,0.0,,0.338,0.006,,1.83,,0.021,,,0.001,,,0.0,23.9,,,0.015,,,5.54,3.83,,,0.003,0.901,,0.039,0.009,,0.0,,0.009,,0.0,0.018,,0.085,,,0.003,,0.0,,0.021,,0.009,,0.007,,,203.0,,,,274.0,,,,,,,,0.18,0.0,0.0,0.005,,0.03,0.005,1.1,0.007,0.336,0.003,,0.008,,0.0,0.001,,0.001,,0.003,,35.8,,119.0,,,,,,,,,0.006,0.022,,0.009,,,0.0,0.09,,,,,,,,,,,,5.64,,,,,0.34,0.434,,,,,,,,,,,,70.0,,2.38,,,,,
879,331727,"Chicken, dark meat, lean only, drumstick, braised, enhanced (OK1,MI1) - 14B-06-06",2019-04-01,,,,,,,1.13,,,,,,,,14.0,,,,,,135.0,,,,,,,,0.049,,,,,,,,,,,,,,,,,,,,,,,,,,,,,,,,,,,0.78,,,,,,,,,,,,0.0,,0.441,0.003,,2.11,,0.025,,,0.0,,,0.003,21.1,,,0.014,,,5.07,3.68,,,0.007,1.12,,0.05,0.012,,0.0,,0.009,,0.0,0.02,,0.086,,,0.004,,0.0,,0.022,,0.008,,0.006,,,170.0,,,,229.0,,,,,,,,0.16,0.0,0.0,0.004,,0.032,0.005,1.3,0.006,0.367,0.005,,0.008,,0.0,0.001,,0.001,,0.002,,29.8,,169.0,,,,,,,,,0.004,0.021,,0.01,,,0.0,0.08,,,,,,,,,,,,6.33,,,,,0.31,0.31,,,,,,,,,,,,70.2,,2.34,,,,,
880,331751,"Chicken, skin, raw, from drumsticks and thighs, enhanced (OK1,MI1) - 14B-01-06",2019-04-01,,,,,,,0.62,,,,,,,,10.0,,,,,,105.0,,,,,,,,0.017,,,,,,,,,,,,,,,,,,,,,,,,,,,,,,,,,,,0.19,,,,,,,,,,,,0.0,,2.68,0.033,,14.0,,0.156,,,0.005,,,0.0,7.5,,,0.01,,,2.78,1.56,,,0.047,7.3,,0.381,0.1,,0.01,,0.046,,0.002,0.063,,0.116,,,0.006,,0.002,,0.029,,0.013,,0.006,,,90.0,,,,158.0,,,,,,,,0.04,0.006,0.001,0.021,,0.217,0.028,8.34,0.043,1.86,0.027,,0.02,,0.003,0.001,,0.0,,0.004,,9.5,,118.0,,,,,,,,,0.019,0.139,,0.073,,,0.0,0.03,,,,,,,,,,,,42.7,,,,,0.8,0.119,,,,,,,,,,,,47.6,,0.51,,,,,
881,331764,"Chicken, skin, roasted, from drumsticks and thighs, enhanced (OK1,MI1) - 14B-02-06",2019-04-01,,,,,,,0.89,,,,,,,,11.0,,,,,,142.0,,,,,,,,0.072,,,,,,,,,,,,,,,,,,,,,,,,,,,,,,,,,,,1.0,,,,,,,,,,,,0.0,,2.78,0.04,,15.2,,0.272,,,0.006,,,0.0,21.5,,,0.022,,,3.68,2.68,,,0.053,8.2,,0.467,0.0,,0.01,,0.05,,0.003,0.062,,0.142,,,0.011,,0.004,,0.031,,0.016,,0.011,,,188.0,,,,259.0,,,,,,,,0.06,0.008,0.001,0.046,,0.247,0.03,8.91,0.048,2.02,0.031,,0.023,,0.004,0.001,,0.0,,0.006,,19.2,,111.0,,,,,,,,,0.021,0.174,,0.087,,,0.0,0.05,,,,,,,,,,,,41.8,,,,,0.51,0.159,,,,,,,,,,,,40.7,,2.71,,,,,
882,331776,"Chicken, skin, braised, from drumsticks and thighs, enhanced (OK1,MI1) - 14B-03-06",2019-04-01,,,,,,,0.84,,,,,,,,14.0,,,,,,124.0,,,,,,,,0.029,,,,,,,,,,,,,,,,,,,,,,,,,,,,,,,,,,,0.65,,,,,,,,,,,,0.0,,2.68,0.034,,14.0,,0.241,,,0.005,,,0.0,12.0,,,0.016,,,3.3,1.96,,,0.052,7.18,,0.375,0.0,,0.009,,0.042,,0.002,0.059,,0.121,,,0.007,,0.003,,0.029,,0.013,,0.006,,,112.0,,,,146.0,,,,,,,,0.04,0.005,0.001,0.021,,0.215,0.026,8.38,0.042,1.86,0.027,,0.02,,0.003,0.001,,0.0,,0.004,,15.6,,139.0,,,,,,,,,0.017,0.135,,0.093,,,0.0,0.05,,,,,,,,,,,,38.9,,,,,0.27,0.144,,,,,,,,,,,,47.0,,0.63,,,,,
883,331787,"Chicken, dark meat, lean only, thigh, raw, enhanced (OK1,MI1) - 14B-07-06",2019-04-01,,,,,,,1.08,,,,,,,,9.0,,,,,,93.0,,,,,,,,0.038,,,,,,,,,,,,,,,,,,,,,,,,,,,,,,,,,,,0.62,,,,,,,,,,,,0.0,,0.225,0.003,,1.19,,0.016,,,0.0,,,0.0,20.0,,,0.017,,,5.17,2.85,,,0.01,0.697,,0.031,0.008,,0.0,,0.007,,0.0,0.016,,0.083,,,0.002,,0.0,,0.02,,0.01,,0.005,,,172.0,,,,248.0,,,,,,,,0.18,0.0,0.0,0.003,,0.017,0.003,0.744,0.004,0.229,0.002,,0.006,,0.0,0.001,,0.0,,0.001,,22.3,,183.0,,,,,,,,,0.002,0.012,,0.005,,,0.0,0.07,,,,,,,,,,,,3.8,,,,,1.1,0.393,,,,,,,,,,,,77.9,,1.46,,,,,
884,331809,"Chicken, dark meat, lean only, thigh, roasted, enhanced (OK1,MI1) - 14B-08-06",2019-04-01,,,,,,,1.25,,,,,,,,12.0,,,,,,128.0,,,,,,,,0.054,,,,,,,,,,,,,,,,,,,,,,,,,,,,,,,,,,,0.86,,,,,,,,,,,,0.0,,0.589,0.007,,2.98,,0.033,,,0.001,,,0.001,23.5,,,0.015,,,6.22,3.63,,,0.008,1.43,,0.062,0.019,,0.001,,0.01,,0.0,0.022,,0.076,,,0.004,,0.0,,0.018,,0.008,,0.004,,,195.0,,,,291.0,,,,,,,,0.18,0.0,0.0,0.004,,0.046,0.007,1.85,0.008,0.472,0.004,,0.008,,0.0,0.001,,0.0,,0.002,,26.0,,217.0,,,,,,,,,0.005,0.027,,0.014,,,0.0,0.08,,,,,,,,,,,,7.2,,,,,0.54,0.42,,,,,,,,,,,,69.0,,1.64,,,,,
885,331831,"Chicken, dark meat, lean only, thigh, braised, enhanced (OK1,MI1) - 14B-09-06",2019-04-01,,,,,,,1.26,,,,,,,,15.0,,,,,,126.0,,,,,,,,0.052,,,,,,,,,,,,,,,,,,,,,,,,,,,,,,,,,,,0.97,,,,,,,,,,,,0.0,,0.455,0.006,,2.49,,0.028,,,0.0,,,0.006,23.2,,,0.016,,,6.33,3.55,,,0.009,1.14,,0.045,0.012,,0.0,,0.012,,0.0,0.019,,0.067,,,0.005,,0.0,,0.017,,0.008,,0.005,,,197.0,,,,281.0,,,,,,,,0.14,0.0,0.0,0.003,,0.038,0.006,1.55,0.009,0.421,0.005,,0.007,,0.0,0.001,,0.002,,0.002,,27.2,,210.0,,,,,,,,,0.002,0.026,,0.007,,,0.0,0.08,,,,,,,,,,,,6.91,,,,,0.34,0.308,,,,,,,,,,,,70.1,,1.79,,,,,
886,331853,"Chicken, dark meat, lean only, drumstick, raw, enhanced (OK1,MI1) - 14B-04-06",2019-04-01,,,,,,,1.1,,,,,,,,11.0,,,,,,90.0,,,,,,,,0.05,,,,,,,,,,,,,,,,,,,,,,,,,,,,,,,,,,,0.59,,,,,,,,,,,,0.0,,0.231,0.003,,1.12,,0.015,,,0.0,,,0.0,18.9,,,0.016,,,5.07,2.8,,,0.004,0.654,,0.029,0.007,,0.001,,0.008,,0.0,0.015,,0.09,,,0.002,,0.0,,0.021,,0.008,,0.005,,,153.0,,,,223.0,,,,,,,,0.17,0.0,0.0,0.003,,0.018,0.002,0.702,0.003,0.213,0.002,,0.007,,0.001,0.001,,0.0,,0.001,,23.0,,182.0,,,,,,,,,0.002,0.013,,0.006,,,0.0,0.09,,,,,,,,,,,,3.88,,,,,0.54,0.348,,,,,,,,,,,,77.8,,1.95,,,,,
887,331875,"Chicken, dark meat, lean only, drumstick, roasted, enhanced (OK1,MI1) - 14B-05-06",2019-04-01,,,,,,,1.25,,,,,,,,11.0,,,,,,111.0,,,,,,,,0.053,,,,,,,,,,,,,,,,,,,,,,,,,,,,,,,,,,,0.66,,,,,,,,,,,,0.0,,0.341,0.004,,1.64,,0.019,,,0.0,,,0.0,19.8,,,0.013,,,5.33,3.33,,,0.004,0.874,,0.038,0.01,,0.0,,0.008,,0.0,0.017,,0.082,,,0.003,,0.0,,0.021,,0.008,,0.005,,,184.0,,,,267.0,,,,,,,,0.18,0.0,0.0,0.003,,0.024,0.004,1.01,0.005,0.28,0.002,,0.007,,0.0,0.002,,0.001,,0.001,,26.0,,182.0,,,,,,,,,0.002,0.018,,0.007,,,0.0,0.09,,,,,,,,,,,,5.21,,,,,0.5,0.386,,,,,,,,,,,,73.4,,2.21,,,,,
888,331898,"Chicken, broiler or fryers, breast, skinless, boneless, meat only, cooked, braised (IN,NY) - 17A-02-01",2019-04-01,,,,,,,1.12,,,,,,,,7.0,,,,,,,,,,,,,,0.045,,,,,,,,,,,,,,,,,,,,,,,,,,,,,,,,,,,0.47,,,,,,,,,,,,0.0,,0.21,0.0,,1.4,,0.023,,,0.0,,,0.0,35.2,,,0.011,,,,5.01,,,0.0,0.75,,0.028,0.0,0.0,0.0,,0.013,,0.0,0.026,0.0,0.104,,,0.004,,0.0,,0.029,,0.009,,0.007,,,269.0,,,,410.0,,,,,,,,,0.015,0.0,0.004,,0.022,0.004,0.967,0.004,0.301,0.003,,0.007,,0.0,0.0,,0.0,,0.0,,,,55.0,,,,,,,,,0.0,0.012,,0.005,,,0.0,,,,,,,,,,,,,3.99,,,,,,,,,,,,,,,,,,64.7,,0.94,,,,,
889,331904,"Chicken, broiler or fryers, breast, skinless, boneless, meat only, cooked, braised (CA2,NC) - 17A-02-03",2019-04-01,,,,,,,1.21,,,,,,,,6.0,,,,,,,,,,,,,,0.042,,,,,,,,,,,,,,,,,,,,,,,,,,,,,,,,,,,0.5,,,,,,,,,,,,0.0,,0.157,0.0,,1.13,,0.017,,,0.0,,,0.0,31.7,,,0.011,,,,5.11,,,0.002,0.631,,0.032,0.0,0.0,0.0,,0.012,,0.0,0.02,0.0,0.075,,,0.005,,0.0,,0.019,,0.008,,0.006,,,240.0,,,,332.0,,,,,,,,,0.014,0.0,0.006,,0.023,0.006,0.782,0.005,0.275,0.003,,0.004,,0.0,0.0,,0.0,,0.0,,,,43.0,,,,,,,,,0.0,0.018,,0.002,,,0.0,,,,,,,,,,,,,3.35,,,,,,,,,,,,,,,,,,65.3,,1.0,,,,,
890,331911,"Chicken, broiler or fryers, breast, skinless, boneless, meat only, cooked, braised (FL,MO) - 17A-02-05",2019-04-01,,,,,,,1.14,,,,,,,,5.0,,,,,,,,,,,,,,0.032,,,,,,,,,,,,,,,,,,,,,,,,,,,,,,,,,,,0.46,,,,,,,,,,,,0.0,,0.118,0.0,,0.912,,0.015,,,0.0,,,0.0,30.8,,,0.011,,,,5.2,,,0.0,0.566,,0.026,0.0,0.0,0.0,,0.011,,0.0,0.023,0.0,0.092,,,0.005,,0.0,,0.026,,0.012,,0.008,,,237.0,,,,340.0,,,,,,,,,0.013,0.0,0.004,,0.016,0.004,0.637,0.005,0.229,0.0,,0.004,,0.0,0.0,,0.0,,0.0,,,,45.0,,,,,,,,,0.0,0.01,,0.0,,,0.0,,,,,,,,,,,,,3.17,,,,,,,,,,,,,,,,,,65.3,,1.02,,,,,
891,331917,"Chicken, broiler or fryers, breast, skinless, boneless, meat only, cooked, braised (MI,OK) - 17A-02-06",2019-04-01,,,,,,,1.26,,,,,,,,5.0,,,,,,111.0,,,,,,,,0.053,,,,,,,,,,,,,,,,,,,,,,,,,,,,,,,,,,,0.45,,,,,,,,,,,,0.0,,0.101,0.006,,0.785,,0.013,,,0.0,,,0.0,32.1,,,0.011,,,10.5,5.15,,,0.0,0.465,,0.023,0.0,0.0,0.0,,0.011,,0.0,0.021,0.0,0.085,,,0.004,,0.0,,0.019,,0.011,,0.007,,,238.0,,,,335.0,,,,,,,,0.13,0.017,0.0,0.003,,0.012,0.004,0.543,0.001,0.198,0.0,,0.004,,0.0,0.0,,0.0,,0.0,,24.1,,40.0,,,,,,,,,0.0,0.004,,0.002,,,0.0,0.118,,0.0,0.02,0.09,0.0,0.0,0.0,0.0,,,,2.17,,,,,0.17,0.866,,,,,,,,0.46,,,,66.5,,0.89,,,,,
892,331931,"Chicken, broiler or fryers, breast, skinless, boneless, meat only, cooked, braised (CO,CT) - 17A-02-04",2019-04-01,,,,,,,1.14,,,,,,,,5.0,,,,,,113.0,,,,,,,,0.05,,,,,,,,,,,,,,,,,,,,,,,,,,,,,,,,,,,0.52,,,,,,,,,,,,0.0,,0.217,0.003,,1.34,,0.021,,,0.0,,,0.0,30.9,,,0.011,,,9.44,5.04,,,0.0,0.629,,0.024,0.0,0.0,0.0,,0.009,,0.0,0.019,0.0,0.082,,,0.003,,0.0,,0.023,,0.011,,0.007,1.53,,231.0,,,,316.0,,,,,,,,0.22,0.014,0.0,0.006,,0.024,0.005,0.889,0.005,0.263,0.003,,0.006,,0.0,0.0,,0.0,,0.0,,38.3,,53.0,,,,,,,,,0.0,0.011,,0.002,,,0.0,0.08,,,,,,,,,,,,3.91,,,,,0.2,0.989,,,,,,,,,,,,65.8,,0.95,,,,,
893,331945,"Chicken, broiler or fryers, breast, skinless, boneless, meat only, cooked, braised (AL,CA1) - 17A-02-02",2019-04-01,,,,,,,1.27,,,,,,,,6.0,,,,,,123.0,,,,,,,,0.042,,,,,,,,,,,,,,,,,,,,,,,,,,,,,,,,,,,0.54,,,,,,,,,,,,0.0,,0.128,0.0,,0.943,,0.018,,,0.0,,,0.0,31.5,,,0.015,,,8.41,5.27,,,0.003,0.549,,0.023,0.0,0.0,0.0,,0.011,,0.004,0.02,0.0,0.08,,,0.004,,0.0,,0.022,,0.01,,0.007,1.64,,232.0,,,,325.0,,,,,,,,0.21,0.015,0.0,0.007,,0.017,0.003,0.656,0.004,0.0,0.003,,0.004,,0.0,0.0,,0.0,,0.0,,33.2,,44.0,,,,,,,,,0.0,0.011,,0.0,,,0.0,0.095,,0.0,0.0,0.06,0.0,0.0,0.0,0.0,,,,2.88,,,,,0.22,0.908,,,,,,,,0.21,,,,64.4,,0.95,,,,,
894,331961,"Sauce, pasta, RAGU Old World, bottled spaghetti sauce (IN1,NY1) - CY09078",2019-04-01,,,,,,,,,,,,,,,,,,0.0,379.0,,,,,,,,,,,,0.0,,,,,,,,,,,,,,,,,,1.6,,2.46,0.0,,,2.24,,,,,,,,,,,0.0,,,,138.0,14600.0,,,,,0.0,,0.004,0.001,,0.405,,0.009,,,0.0,,,0.0,,,0.0,,,,,,,,0.002,0.834,,0.114,0.0,,0.0,,0.001,,0.0,0.0,,0.001,,,0.0,,0.0,,0.001,,0.0,,0.0,,,,,,,,,,,,,,,,0.003,0.0,0.002,,0.003,0.001,0.197,0.002,0.075,0.006,,0.006,,0.002,0.004,,0.0,,0.002,,,,,,,0.0,,,0.54,,,0.0,0.001,,0.009,,,0.0,,,,,,,,,,,,,,,,,,,,,,,,,,,,,,,,,,,,,,
895,331969,"Sauce, pasta, HUNTS original, canned spaghetti sauce (CO2,CT1) - CY0907B",2019-04-01,,,,,,,,,,,,,,,,,,0.0,396.0,,,,,,,,,,,,0.0,,,,,,,,,,,,,,,,,,1.9,,2.07,0.0,,,2.23,,,,,,,,,,,0.0,,,,186.0,10700.0,,,,,0.0,,0.001,0.0,,0.119,,0.003,,,0.0,,,0.0,,,0.0,,,,,,,,0.0,0.286,,0.045,0.0,,0.0,,0.0,,0.0,0.0,,0.0,,,0.0,,0.0,,0.0,,0.0,,0.0,,,,,,,,,,,,,,,,0.003,0.0,0.001,,0.001,0.001,0.071,0.001,0.025,0.002,,0.002,,0.002,0.001,,0.0,,0.002,,,,,,,0.0,,,0.18,,,0.0,0.0,,0.002,,,0.0,,,,,,,,,,,,,,,,,,,,,,,,,,,,,,,,,,,,,,
896,331977,"Sauce, pasta, RAGU Old World, bottled spaghetti sauce (AL1,CA1) - CY09079",2019-04-01,,,,,,,,,,,,,,,,,,0.0,390.0,,,,,,,,,,,,0.0,,,,,,,,,,,,,,,,,,1.9,,2.3,0.0,,,2.09,,,,,,,,,,,0.0,,,,152.0,14200.0,,,,,0.0,,0.004,0.001,,0.418,,0.007,,,0.0,,,0.0,,,0.0,,,,,,,,0.001,0.815,,0.109,0.0,,0.0,,0.001,,0.0,0.0,,0.001,,,0.0,,0.0,,0.0,,0.0,,0.0,,,,,,,,,,,,,,,,0.003,0.0,0.001,,0.004,0.001,0.195,0.002,0.076,0.006,,0.005,,0.003,0.004,,0.0,,0.002,,,,,,,0.0,,,0.48,,,0.0,0.002,,0.008,,,0.0,,,,,,,,,,,,,,,,,,,,,,,,,,,,,,,,,,,,,,
897,331985,"Sauce, pasta, RAGU Old World, bottled spaghetti sauce (FL1,MO1) - CY0907C",2019-04-01,,,,,,,,,,,,,,,,,,0.0,429.0,,,,,,,,,,,,0.0,,,,,,,,,,,,,,,,,,1.6,,2.27,0.0,,,2.15,,,,,,,,,,,0.0,,,,226.0,14400.0,,,,,0.0,,0.004,0.001,,0.42,,0.008,,,0.0,,,0.0,,,0.0,,,,,,,,0.001,0.838,,0.11,0.0,,0.0,,0.001,,0.0,0.0,,0.001,,,0.0,,0.0,,0.0,,0.0,,0.0,,,,,,,,,,,,,,,,0.003,0.0,0.002,,0.003,0.001,0.199,0.002,0.075,0.006,,0.005,,0.003,0.003,,0.0,,0.002,,,,,,,0.0,,,0.54,,,0.0,0.002,,0.006,,,0.0,,,,,,,,,,,,,,,,,,,,,,,,,,,,,,,,,,,,,,
898,331993,"Sauce, pasta, RAGU Old World, bottled spaghetti sauce (NY1) - CY0907F",2019-04-01,,,,,,,1.73,,,,,,,,33.0,,,,,,,,,,,,,,0.09,,,,,,,,,,,,,,,,,,,,,,,,,,,,,,,,,,,0.55,,,,,,,,,,,,,,,,,,,,,,,,,,18.7,,,0.127,,,,0.22,,,,,,,,,,,,,,,,,,,,,,,,,,,,,,36.0,,,,373.0,,,,,,,,,,,,,,,,,,,,,,,,,,,,,,,390.0,,,,,,,,,,,,,,,,,,,,,,,,,,,,2.24,,,,,,,,,,,,,,,,,,87.6,,0.2,,,,,
899,331998,"Sauce, pasta, RAGU Old World, bottled spaghetti sauce (IN1) - CY0907E",2019-04-01,,,,,,,1.67,,,,,,,,32.0,,,,,,,,,,,,,,0.091,,,,,,,,,,,,,,,,,,,,,,,,,,,,,,,,,,,0.59,,,,,,,,,,,,,,,,,,,,,,,,,,20.9,,,0.142,,,,0.25,,,,,,,,,,,,,,,,,,,,,,,,,,,,,,36.0,,,,339.0,,,,,,,,,,,,,,,,,,,,,,,,,,,,,,,396.0,,,,,,,,,,,,,,,,,,,,,,,,,,,,2.16,,,,,,,,,,,,,,,,,,87.9,,0.19,,,,,
900,332003,"Sauce, pasta, RAGU Old World, bottled spaghetti sauce (CA1) - CY0907H",2019-04-01,,,,,,,1.64,,,,,,,,22.0,,,,,,,,,,,,,,0.093,,,,,,,,,,,,,,,,,,,,,,,,,,,,,,,,,,,0.59,,,,,,,,,,,,,,,,,,,,,,,,,,20.4,,,0.143,,,,0.26,,,,,,,,,,,,,,,,,,,,,,,,,,,,,,40.0,,,,353.0,,,,,,,,,,,,,,,,,,,,,,,,,,,,,,,408.0,,,,,,,,,,,,,,,,,,,,,,,,,,,,2.05,,,,,,,,,,,,,,,,,,87.5,,0.25,,,,,
901,332008,"Sauce, pasta, RAGU Old World, bottled spaghetti sauce (AL1) - CY0907G",2019-04-01,,,,,,,1.6,,,,,,,,18.0,,,,,,,,,,,,,,0.103,,,,,,,,,,,,,,,,,,,,,,,,,,,,,,,,,,,0.56,,,,,,,,,,,,,,,,,,,,,,,,,,21.3,,,0.136,,,,0.23,,,,,,,,,,,,,,,,,,,,,,,,,,,,,,35.0,,,,346.0,,,,,,,,,,,,,,,,,,,,,,,,,,,,,,,392.0,,,,,,,,,,,,,,,,,,,,,,,,,,,,1.98,,,,,,,,,,,,,,,,,,87.2,,0.2,,,,,
902,332013,"Sauce, pasta, RAGU Old World, bottled spaghetti sauce (CA2) - CY0907I",2019-04-01,,,,,,,1.6,,,,,,,,22.0,,,,,,,,,,,,,,0.09,,,,,,,,,,,,,,,,,,,,,,,,,,,,,,,,,,,0.88,,,,,,,,,,,,,,,,,,,,,,,,,,19.0,,,0.132,,,,0.27,,,,,,,,,,,,,,,,,,,,,,,,,,,,,,39.0,,,,301.0,,,,,,,,,,,,,,,,,,,,,,,,,,,,,,,398.0,,,,,,,,,,,,,,,,,,,,,,,,,,,,2.14,,,,,,,,,,,,,,,,,,86.9,,0.24,,,,,
903,332017,"Sauce, pasta, RAGU Old World, bottled spaghetti sauce (NC1) - CY0907J",2019-04-01,,,,,,,1.7,,,,,,,,37.0,,,,,,,,,,,,,,0.097,,,,,,,,,,,,,,,,,,,,,,,,,,,,,,,,,,,0.68,,,,,,,,,,,,,,,,,,,,,,,,,,20.5,,,0.141,,,,0.24,,,,,,,,,,,,,,,,,,,,,,,,,,,,,,36.0,,,,361.0,,,,,,,,,,,,,,,,,,,,,,,,,,,,,,,385.0,,,,,,,,,,,,,,,,,,,,,,,,,,,,1.87,,,,,,,,,,,,,,,,,,87.6,,0.2,,,,,
904,332022,"Sauce, pasta, RAGU Old World, bottled spaghetti sauce (CO2) - CY0907K",2019-04-01,,,,,,,1.66,,,,,,,,23.0,,,,,,,,,,,,,,0.103,,,,,,,,,,,,,,,,,,,,,,,,,,,,,,,,,,,0.7,,,,,,,,,,,,,,,,,,,,,,,,,,19.3,,,0.14,,,,0.26,,,,,,,,,,,,,,,,,,,,,,,,,,,,,,36.0,,,,314.0,,,,,,,,,,,,,,,,,,,,,,,,,,,,,,,407.0,,,,,,,,,,,,,,,,,,,,,,,,,,,,2.02,,,,,,,,,,,,,,,,,,87.8,,0.23,,,,,
905,332027,"Sauce, pasta, RAGU Old World, bottled spaghetti sauce (CA2,NC) - CY0907A",2019-04-01,,,,,,,,,,,,,,,,,,0.0,330.0,,,,,,,,,,,,0.0,,,,,,,,,,,,,,,,,,1.6,,2.53,0.0,,,2.3,,,,,,,,,,,0.0,,,,140.0,13900.0,,,,,0.0,,0.004,0.001,,0.406,,0.008,,,0.001,,,0.0,,,0.0,,,,,,,,0.001,0.817,,0.107,0.0,,0.0,,0.001,,0.0,0.0,,0.001,,,0.0,,0.0,,0.0,,0.0,,0.0,,,,,,,,,,,,,,,,0.003,0.0,0.002,,0.003,0.001,0.193,0.002,0.073,0.006,,0.007,,0.002,0.002,,0.0,,0.002,,,,,,,0.0,,,0.5,,,0.0,0.001,,0.009,,,0.0,,,,,,,,,,,,,,,,,,,,,,,,,,,,,,,,,,,,,,
906,332035,"Sauce, pasta, RAGU Old World, bottled spaghetti sauce (CT1) - CY0907L",2019-04-01,,,,,,,1.7,,,,,,,,30.0,,,,,,,,,,,,,,0.094,,,,,,,,,,,,,,,,,,,,,,,,,,,,,,,,,,,0.6,,,,,,,,,,,,,,,,,,,,,,,,,,18.5,,,0.13,,,,0.28,,,,,,,,,,,,,,,,,,,,,,,,,,,,,,35.0,,,,347.0,,,,,,,,,,,,,,,,,,,,,,,,,,,,,,,405.0,,,,,,,,,,,,,,,,,,,,,,,,,,,,2.16,,,,,,,,,,,,,,,,,,87.6,,0.2,,,,,
907,332040,"Sauce, pasta, RAGU Old World, bottled spaghetti sauce (MI1,OK1) - CY0907D",2019-04-01,,,,,,,,,,,,,,,,,,0.0,398.0,,,,,,,,,,,,0.0,,,,,,,,,,,,,,,,,,1.7,,2.25,0.0,,,2.1,,,,,,,,,,,0.0,,,,204.0,14300.0,,,,,0.0,,0.004,0.001,,0.421,,0.009,,,0.001,,,0.0,,,0.0,,,,,,,,0.001,0.841,,0.115,0.0,,0.0,,0.001,,0.0,0.0,,0.001,,,0.0,,0.0,,0.0,,0.0,,0.0,,,,,,,,,,,,,,,,0.003,0.0,0.002,,0.004,0.001,0.2,0.002,0.076,0.006,,0.005,,0.003,0.003,,0.0,,0.002,,,,,,,0.0,,,0.53,,,0.0,0.002,,0.01,,,0.001,,,,,,,,,,,,,,,,,,,,,,,,,,,,,,,,,,,,,,
908,332048,"Sauce, pasta, RAGU Old World, bottled spaghetti sauce (OK1) - CY0907P",2019-04-01,,,,,,,1.63,,,,,,,,22.0,,,,,,,,,,,,,,0.102,,,,,,,,,,,,,,,,,,,,,,,,,,,,,,,,,,,0.62,,,,,,,,,,,,,,,,,,,,,,,,,,18.6,,,0.126,,,,0.25,,,,,,,,,,,,,,,,,,,,,,,,,,,,,,37.0,,,,351.0,,,,,,,,,,,,,,,,,,,,,,,,,,,,,,,404.0,,,,,,,,,,,,,,,,,,,,,,,,,,,,1.99,,,,,,,,,,,,,,,,,,87.9,,0.23,,,,,
909,332053,"Sauce, pasta, RAGU Old World, bottled spaghetti sauce (MO1) - CY0907N",2019-04-01,,,,,,,1.64,,,,,,,,27.0,,,,,,,,,,,,,,0.087,,,,,,,,,,,,,,,,,,,,,,,,,,,,,,,,,,,0.56,,,,,,,,,,,,,,,,,,,,,,,,,,19.0,,,0.151,,,,0.25,,,,,,,,,,,,,,,,,,,,,,,,,,,,,,34.0,,,,327.0,,,,,,,,,,,,,,,,,,,,,,,,,,,,,,,404.0,,,,,,,,,,,,,,,,,,,,,,,,,,,,2.82,,,,,,,,,,,,,,,,,,86.0,,0.19,,,,,
910,332058,"Sauce, pasta, RAGU Old World, bottled spaghetti sauce (MI1) - CY0907O",2019-04-01,,,,,,,1.66,,,,,,,,30.0,,,,,,,,,,,,,,0.093,,,,,,,,,,,,,,,,,,,,,,,,,,,,,,,,,,,0.65,,,,,,,,,,,,,,,,,,,,,,,,,,19.9,,,0.146,,,,0.23,,,,,,,,,,,,,,,,,,,,,,,,,,,,,,38.0,,,,363.0,,,,,,,,,,,,,,,,,,,,,,,,,,,,,,,395.0,,,,,,,,,,,,,,,,,,,,,,,,,,,,1.97,,,,,,,,,,,,,,,,,,87.1,,0.22,,,,,
911,332063,"Sauce, pasta, RAGU Old World, bottled spaghetti sauce (FL1) - CY0907M",2019-04-01,,,,,,,1.52,,,,,,,,36.0,,,,,,,,,,,,,,0.098,,,,,,,,,,,,,,,,,,,,,,,,,,,,,,,,,,,0.63,,,,,,,,,,,,,,,,,,,,,,,,,,19.3,,,0.139,,,,0.23,,,,,,,,,,,,,,,,,,,,,,,,,,,,,,35.0,,,,346.0,,,,,,,,,,,,,,,,,,,,,,,,,,,,,,,351.0,,,,,,,,,,,,,,,,,,,,,,,,,,,,2.34,,,,,,,,,,,,,,,,,,87.5,,0.2,,,,,
912,332068,"Sauce, pasta, PREGO 100% Natural Italian, Traditional, bottled spaghetti sauce (AL1,CA1) - CY0907R",2019-04-01,,,,,,,,,,,,,,,,,,0.0,546.0,,,,,,,,,,,,0.0,,,,,,,,,,,,,,,,,,2.0,,2.54,0.0,,,2.44,,,,,,,,,,,0.0,,,,249.0,13900.0,,,,,0.0,,0.003,0.001,,0.548,,0.014,,,0.0,,,0.0,,,0.0,,,,,,,,0.0,0.212,,0.077,0.0,,0.0,,0.001,,0.0,0.0,,0.0,,,0.0,,0.0,,0.0,,0.0,,0.0,,,,,,,,,,,,,,,,0.003,0.0,0.001,,0.002,0.001,0.063,0.001,0.023,0.006,,0.003,,0.002,0.003,,0.0,,0.002,,,,,,,0.0,,,2.14,,,0.0,0.002,,0.003,,,0.0,,,,,,,,,,,,,,,,,,,,,,,,,,,,,,,,,,,,,,
913,332076,"Sauce, pasta, PREGO 100% Natural Italian, Traditional, bottled spaghetti sauce (IN1,NY1) - CY0907Q",2019-04-01,,,,,,,,,,,,,,,,,,0.0,471.0,,,,,,,,,,,,0.0,,,,,,,,,,,,,,,,,,1.7,,2.36,0.0,,,2.27,,,,,,,,,,,0.0,,,,297.0,12700.0,,,,,0.0,,0.003,0.001,,0.527,,0.011,,,0.0,,,0.002,,,0.0,,,,,,,,0.0,0.201,,0.081,0.0,,0.0,,0.001,,0.0,0.0,,0.0,,,0.0,,0.0,,0.0,,0.0,,0.0,,,,,,,,,,,,,,,,0.003,0.0,0.002,,0.002,0.001,0.06,0.001,0.022,0.006,,0.004,,0.002,0.001,,0.0,,0.002,,,,,,,0.0,,,1.7,,,0.0,0.0,,0.003,,,0.0,,,,,,,,,,,,,,,,,,,,,,,,,,,,,,,,,,,,,,
914,332084,"Sauce, pasta, PREGO 100% Natural Italian, Traditional, bottled spaghetti sauce (CA2,NC) - CY0907S",2019-04-01,,,,,,,,,,,,,,,,,,0.0,459.0,,,,,,,,,,,,0.0,,,,,,,,,,,,,,,,,,1.9,,2.41,0.0,,,2.26,,,,,,,,,,,0.0,,,,226.0,14500.0,,,,,0.0,,0.003,0.001,,0.605,,0.016,,,0.0,,,0.0,,,0.0,,,,,,,,0.0,0.234,,0.085,0.0,,0.0,,0.001,,0.0,0.0,,0.0,,,0.0,,0.0,,0.0,,0.0,,0.0,,,,,,,,,,,,,,,,0.003,0.0,0.001,,0.004,0.001,0.073,0.001,0.027,0.006,,0.004,,0.002,0.001,,0.0,,0.002,,,,,,,0.0,,,2.21,,,0.0,0.002,,0.002,,,0.0,,,,,,,,,,,,,,,,,,,,,,,,,,,,,,,,,,,,,,
915,332092,"Sauce, pasta, PREGO 100% Natural Italian, Traditional, bottled spaghetti sauce (FL1,MO1) - CY0907U",2019-04-01,,,,,,,,,,,,,,,,,,0.0,387.0,,,,,,,,,,,,0.0,,,,,,,,,,,,,,,,,,1.9,,2.61,0.0,,,2.41,,,,,,,,,,,0.0,,,,187.0,12600.0,,,,,0.0,,0.003,0.001,,0.65,,0.016,,,0.0,,,0.002,,,0.0,,,,,,,,0.001,0.245,,0.099,0.0,,0.0,,0.001,,0.0,0.0,,0.0,,,0.0,,0.0,,0.0,,0.0,,0.0,,,,,,,,,,,,,,,,0.003,0.001,0.001,,0.002,0.001,0.07,0.001,0.026,0.007,,0.004,,0.002,0.0,,0.0,,0.002,,,,,,,0.0,,,1.76,,,0.0,0.001,,0.001,,,0.0,,,,,,,,,,,,,,,,,,,,,,,,,,,,,,,,,,,,,,
916,332100,"Sauce, pasta, PREGO 100% Natural Italian, Traditional, bottled spaghetti sauce (MI1,OK1) - CY0907V",2019-04-01,,,,,,,,,,,,,,,,,,0.0,405.0,,,,,,,,,,,,0.0,,,,,,,,,,,,,,,,,,1.8,,2.6,0.0,,,2.43,,,,,,,,,,,0.0,,,,205.0,12400.0,,,,,0.0,,0.002,0.001,,0.633,,0.014,,,0.0,,,0.0,,,0.0,,,,,,,,0.0,0.236,,0.099,0.0,,0.0,,0.001,,0.0,0.0,,0.0,,,0.0,,0.0,,0.0,,0.0,,0.0,,,,,,,,,,,,,,,,0.003,0.0,0.001,,0.002,0.001,0.067,0.0,0.024,0.007,,0.003,,0.002,0.001,,0.0,,0.002,,,,,,,0.0,,,1.65,,,0.0,0.0,,0.002,,,0.0,,,,,,,,,,,,,,,,,,,,,,,,,,,,,,,,,,,,,,
917,332108,"Sauce, pasta, PREGO 100% Natural Italian, Traditional, bottled spaghetti sauce (AL1) - CY0907Y",2019-04-01,,,,,,,1.5,,,,,,,,29.0,,,,,,,,,,,,,,0.085,,,,,,,,,,,,,,,,,,,,,,,,,,,,,,,,,,,0.84,,,,,,,,,,,,,,,,,,,,,,,,,,20.7,,,0.163,,,,0.25,,,,,,,,,,,,,,,,,,,,,,,,,,,,,,37.0,,,,326.0,,,,,,,,,,,,,,,,,,,,,,,,,,,,,,,342.0,,,,,,,,,,,,,,,,,,,,,,,,,,,,1.38,,,,,,,,,,,,,,,,,,86.6,,0.22,,,,,
918,332113,"Sauce, pasta, PREGO 100% Natural Italian, Traditional, bottled spaghetti sauce (IN1) - CY0907W",2019-04-01,,,,,,,1.5,,,,,,,,31.0,,,,,,,,,,,,,,0.067,,,,,,,,,,,,,,,,,,,,,,,,,,,,,,,,,,,0.98,,,,,,,,,,,,,,,,,,,,,,,,,,21.9,,,0.165,,,,0.22,,,,,,,,,,,,,,,,,,,,,,,,,,,,,,38.0,,,,321.0,,,,,,,,,,,,,,,,,,,,,,,,,,,,,,,355.0,,,,,,,,,,,,,,,,,,,,,,,,,,,,1.21,,,,,,,,,,,,,,,,,,86.8,,0.19,,,,,
919,332118,"Sauce, pasta, PREGO 100% Natural Italian, Traditional, bottled spaghetti sauce (NY1) - CY0907X",2019-04-01,,,,,,,1.62,,,,,,,,30.0,,,,,,,,,,,,,,0.101,,,,,,,,,,,,,,,,,,,,,,,,,,,,,,,,,,,0.76,,,,,,,,,,,,,,,,,,,,,,,,,,21.0,,,0.15,,,,0.26,,,,,,,,,,,,,,,,,,,,,,,,,,,,,,39.0,,,,336.0,,,,,,,,,,,,,,,,,,,,,,,,,,,,,,,370.0,,,,,,,,,,,,,,,,,,,,,,,,,,,,1.9,,,,,,,,,,,,,,,,,,85.8,,0.25,,,,,
920,332123,"Sauce, pasta, PREGO 100% Natural Italian, Traditional, bottled spaghetti sauce (CA1) - CY0907Z",2019-04-01,,,,,,,1.59,,,,,,,,33.0,,,,,,,,,,,,,,0.077,,,,,,,,,,,,,,,,,,,,,,,,,,,,,,,,,,,0.82,,,,,,,,,,,,,,,,,,,,,,,,,,25.9,,,0.188,,,,0.27,,,,,,,,,,,,,,,,,,,,,,,,,,,,,,40.0,,,,353.0,,,,,,,,,,,,,,,,,,,,,,,,,,,,,,,362.0,,,,,,,,,,,,,,,,,,,,,,,,,,,,1.38,,,,,,,,,,,,,,,,,,84.9,,0.22,,,,,
921,332128,"Sauce, pasta, PREGO 100% Natural Italian, Traditional, bottled spaghetti sauce (CO2) - CY09082",2019-04-01,,,,,,,1.42,,,,,,,,30.0,,,,,,,,,,,,,,0.085,,,,,,,,,,,,,,,,,,,,,,,,,,,,,,,,,,,0.66,,,,,,,,,,,,,,,,,,,,,,,,,,18.5,,,0.151,,,,0.23,,,,,,,,,,,,,,,,,,,,,,,,,,,,,,34.0,,,,307.0,,,,,,,,,,,,,,,,,,,,,,,,,,,,,,,336.0,,,,,,,,,,,,,,,,,,,,,,,,,,,,1.71,,,,,,,,,,,,,,,,,,85.8,,0.18,,,,,
922,332132,"Sauce, pasta, PREGO 100% Natural Italian, Traditional, bottled spaghetti sauce (CA2) - CY09080",2019-04-01,,,,,,,1.5,,,,,,,,31.0,,,,,,,,,,,,,,0.085,,,,,,,,,,,,,,,,,,,,,,,,,,,,,,,,,,,0.87,,,,,,,,,,,,,,,,,,,,,,,,,,24.3,,,0.176,,,,0.25,,,,,,,,,,,,,,,,,,,,,,,,,,,,,,38.0,,,,338.0,,,,,,,,,,,,,,,,,,,,,,,,,,,,,,,356.0,,,,,,,,,,,,,,,,,,,,,,,,,,,,1.4,,,,,,,,,,,,,,,,,,85.2,,0.21,,,,,
923,332136,"Sauce, pasta, PREGO 100% Natural Italian, Traditional, bottled spaghetti sauce (FL1) - CY09084",2019-04-01,,,,,,,1.56,,,,,,,,30.0,,,,,,,,,,,,,,0.086,,,,,,,,,,,,,,,,,,,,,,,,,,,,,,,,,,,0.73,,,,,,,,,,,,,,,,,,,,,,,,,,19.7,,,0.152,,,,0.25,,,,,,,,,,,,,,,,,,,,,,,,,,,,,,35.0,,,,339.0,,,,,,,,,,,,,,,,,,,,,,,,,,,,,,,365.0,,,,,,,,,,,,,,,,,,,,,,,,,,,,1.67,,,,,,,,,,,,,,,,,,85.9,,0.21,,,,,
924,332141,"Sauce, pasta, RAGU Old World, bottled spaghetti sauce (CO2,CT1) - CY0907T",2019-04-01,,,,,,,,,,,,,,,,,,0.0,438.0,,,,,,,,,,,,0.0,,,,,,,,,,,,,,,,,,1.7,,2.27,0.0,,,2.16,,,,,,,,,,,0.0,,,,265.0,12900.0,,,,,0.0,,0.004,0.001,,0.397,,0.009,,,0.0,,,0.0,,,0.0,,,,,,,,0.002,0.812,,0.11,0.0,,0.0,,0.001,,0.0,0.0,,0.001,,,0.0,,0.0,,0.0,,0.0,,0.0,,,,,,,,,,,,,,,,0.004,0.0,0.002,,0.005,0.001,0.194,0.002,0.072,0.006,,0.005,,0.002,0.004,,0.0,,0.002,,,,,,,0.0,,,0.55,,,0.0,0.002,,0.01,,,0.0,,,,,,,,,,,,,,,,,,,,,,,,,,,,,,,,,,,,,,
925,332149,"Sauce, pasta, PREGO 100% Natural Italian, Traditional, bottled spaghetti sauce (NC1) - CY09081",2019-04-01,,,,,,,1.55,,,,,,,,30.0,,,,,,,,,,,,,,0.096,,,,,,,,,,,,,,,,,,,,,,,,,,,,,,,,,,,0.8,,,,,,,,,,,,,,,,,,,,,,,,,,21.2,,,0.171,,,,0.26,,,,,,,,,,,,,,,,,,,,,,,,,,,,,,38.0,,,,320.0,,,,,,,,,,,,,,,,,,,,,,,,,,,,,,,359.0,,,,,,,,,,,,,,,,,,,,,,,,,,,,1.35,,,,,,,,,,,,,,,,,,86.7,,0.23,,,,,
926,332154,"Sauce, pasta, PREGO 100% Natural Italian, Traditional, bottled spaghetti sauce (CT1) - CY09083",2019-04-01,,,,,,,1.55,,,,,,,,30.0,,,,,,,,,,,,,,0.092,,,,,,,,,,,,,,,,,,,,,,,,,,,,,,,,,,,1.0,,,,,,,,,,,,,,,,,,,,,,,,,,21.7,,,0.172,,,,0.25,,,,,,,,,,,,,,,,,,,,,,,,,,,,,,38.0,,,,323.0,,,,,,,,,,,,,,,,,,,,,,,,,,,,,,,352.0,,,,,,,,,,,,,,,,,,,,,,,,,,,,1.42,,,,,,,,,,,,,,,,,,86.6,,0.21,,,,,
927,332159,"Sauce, pasta, PREGO 100% Natural Italian, Traditional, bottled spaghetti sauce (MI1) - CY09086",2019-04-01,,,,,,,1.52,,,,,,,,32.0,,,,,,,,,,,,,,0.076,,,,,,,,,,,,,,,,,,,,,,,,,,,,,,,,,,,0.84,,,,,,,,,,,,,,,,,,,,,,,,,,19.2,,,0.164,,,,0.23,,,,,,,,,,,,,,,,,,,,,,,,,,,,,,34.0,,,,326.0,,,,,,,,,,,,,,,,,,,,,,,,,,,,,,,350.0,,,,,,,,,,,,,,,,,,,,,,,,,,,,1.47,,,,,,,,,,,,,,,,,,87.2,,0.19,,,,,
928,332164,"Sauce, pasta, PREGO 100% Natural Italian, Traditional, bottled spaghetti sauce (MO1) - CY09085",2019-04-01,,,,,,,1.52,,,,,,,,29.0,,,,,,,,,,,,,,0.088,,,,,,,,,,,,,,,,,,,,,,,,,,,,,,,,,,,0.85,,,,,,,,,,,,,,,,,,,,,,,,,,21.8,,,0.166,,,,0.26,,,,,,,,,,,,,,,,,,,,,,,,,,,,,,38.0,,,,333.0,,,,,,,,,,,,,,,,,,,,,,,,,,,,,,,364.0,,,,,,,,,,,,,,,,,,,,,,,,,,,,1.52,,,,,,,,,,,,,,,,,,86.0,,0.21,,,,,
929,332169,"Sauce, pasta, PREGO 100% Natural Italian, Traditional, bottled spaghetti sauce (OK1) - CY09087",2019-04-01,,,,,,,1.57,,,,,,,,28.0,,,,,,,,,,,,,,0.085,,,,,,,,,,,,,,,,,,,,,,,,,,,,,,,,,,,0.69,,,,,,,,,,,,,,,,,,,,,,,,,,19.3,,,0.148,,,,0.24,,,,,,,,,,,,,,,,,,,,,,,,,,,,,,32.0,,,,334.0,,,,,,,,,,,,,,,,,,,,,,,,,,,,,,,375.0,,,,,,,,,,,,,,,,,,,,,,,,,,,,1.88,,,,,,,,,,,,,,,,,,85.8,,0.23,,,,,
930,332174,"Sauce, pasta, PREGO 100% Natural Italian, Traditional, bottled spaghetti sauce (CO2,CT1) - CY0908B",2019-04-01,,,,,,,,,,,,,,,,,,0.0,398.0,,,,,,,,,,,,0.0,,,,,,,,,,,,,,,,,,2.0,,2.93,0.0,,,2.62,,,,,,,,,,,0.0,,,,191.0,13600.0,,,,,0.0,,0.002,0.002,,0.597,,0.013,,,0.0,,,0.0,,,0.0,,,,,,,,0.001,0.225,,0.092,0.0,,0.0,,0.001,,0.0,0.0,,0.0,,,0.0,,0.0,,0.0,,0.0,,0.0,,,,,,,,,,,,,,,,0.003,0.0,0.002,,0.001,0.001,0.065,0.001,0.023,0.006,,0.003,,0.002,0.002,,0.0,,0.002,,,,,,,0.0,,,1.51,,,0.0,0.0,,0.002,,,0.0,,,,,,,,,,,,,,,,,,,,,,,,,,,,,,,,,,,,,,
931,332182,"Sauce, pasta, HUNTS original, canned spaghetti sauce (IN1,NY1) - CY09088",2019-04-01,,,,,,,,,,,,,,,,,,0.0,291.0,,,,,,,,,,,,0.0,,,,,,,,,,,,,,,,,,1.7,,2.23,0.0,,,2.43,,,,,,,,,,,0.0,,,,126.0,11600.0,,,,,0.0,,0.001,0.0,,0.064,,0.002,,,0.0,,,0.0,,,0.0,,,,,,,,0.0,0.165,,0.026,0.0,,0.0,,0.0,,0.0,0.0,,0.0,,,0.0,,0.0,,0.0,,0.0,,0.0,,,,,,,,,,,,,,,,0.002,0.0,0.002,,0.001,0.001,0.048,0.001,0.016,0.002,,0.001,,0.001,0.001,,0.0,,0.002,,,,,,,0.0,,,0.18,,,0.0,0.0,,0.001,,,0.0,,,,,,,,,,,,,,,,,,,,,,,,,,,,,,,,,,,,,,
932,332190,"Sauce, pasta, HUNTS original, canned spaghetti sauce (FL1,MO1) - CY0908C",2019-04-01,,,,,,,,,,,,,,,,,,0.0,339.0,,,,,,,,,,,,0.0,,,,,,,,,,,,,,,,,,1.8,,2.08,0.0,,,2.32,,,,,,,,,,,0.0,,,,177.0,10300.0,,,,,0.0,,0.001,0.0,,0.105,,0.003,,,0.0,,,0.0,,,0.0,,,,,,,,0.0,0.254,,0.038,0.0,,0.0,,0.0,,0.0,0.0,,0.0,,,0.0,,0.0,,0.0,,0.0,,0.0,,,,,,,,,,,,,,,,0.003,0.001,0.001,,0.002,0.001,0.067,0.001,0.022,0.002,,0.002,,0.001,0.001,,0.0,,0.002,,,,,,,0.0,,,0.33,,,0.0,0.0,,0.001,,,0.0,,,,,,,,,,,,,,,,,,,,,,,,,,,,,,,,,,,,,,
933,332198,"Sauce, pasta, HUNTS original, canned spaghetti sauce (CA2,NC) - CY0908A",2019-04-01,,,,,,,,,,,,,,,,,,0.0,348.0,,,,,,,,,,,,0.0,,,,,,,,,,,,,,,,,,2.0,,2.12,0.0,,,2.2,,,,,,,,,,,0.0,,,,118.0,11000.0,,,,,0.0,,0.0,0.0,,0.058,,0.002,,,0.0,,,0.0,,,0.0,,,,,,,,0.0,0.155,,0.025,0.0,,0.0,,0.0,,0.0,0.0,,0.0,,,0.0,,0.0,,0.0,,0.0,,0.0,,,,,,,,,,,,,,,,0.003,0.0,0.001,,0.001,0.001,0.045,0.0,0.014,0.001,,0.001,,0.001,0.001,,0.0,,0.002,,,,,,,0.0,,,0.18,,,0.0,0.0,,0.002,,,0.0,,,,,,,,,,,,,,,,,,,,,,,,,,,,,,,,,,,,,,
934,332206,"Sauce, pasta, HUNTS original, canned spaghetti sauce (AL1,CA1) - CY09089",2019-04-01,,,,,,,,,,,,,,,,,,0.0,292.0,,,,,,,,,,,,0.0,,,,,,,,,,,,,,,,,,1.9,,2.11,0.0,,,2.33,,,,,,,,,,,0.0,,,,129.0,11500.0,,,,,0.0,,0.001,0.0,,0.096,,0.002,,,0.0,,,0.0,,,0.0,,,,,,,,0.0,0.25,,0.039,0.0,,0.0,,0.0,,0.0,0.0,,0.0,,,0.0,,0.0,,0.0,,0.0,,0.0,,,,,,,,,,,,,,,,0.003,0.0,0.001,,0.001,0.001,0.064,0.001,0.021,0.002,,0.002,,0.002,0.001,,0.0,,0.002,,,,,,,0.0,,,0.18,,,0.0,0.0,,0.003,,,0.0,,,,,,,,,,,,,,,,,,,,,,,,,,,,,,,,,,,,,,
935,332214,"Sauce, pasta, HUNTS original, canned spaghetti sauce (MI1,OK1) - CY0908D",2019-04-01,,,,,,,,,,,,,,,,,,0.0,325.0,,,,,,,,,,,,0.0,,,,,,,,,,,,,,,,,,1.8,,2.17,0.0,,,2.38,,,,,,,,,,,0.0,,,,204.0,8930.0,,,,,0.0,,0.001,0.0,,0.087,,0.003,,,0.0,,,0.0,,,0.0,,,,,,,,0.0,0.211,,0.045,0.0,,0.0,,0.0,,0.0,0.0,,0.0,,,0.0,,0.0,,0.0,,0.0,,0.0,,,,,,,,,,,,,,,,0.003,0.0,0.001,,0.001,0.001,0.055,0.001,0.019,0.002,,0.002,,0.001,0.003,,0.0,,0.001,,,,,,,0.0,,,0.18,,,0.0,0.0,,0.002,,,0.0,,,,,,,,,,,,,,,,,,,,,,,,,,,,,,,,,,,,,,
936,332222,"Sauce, pasta, HUNTS original, canned spaghetti sauce (IN1) - CY0908E",2019-04-01,,,,,,,1.85,,,,,,,,22.0,,,,,,,,,,,,,,0.087,,,,,,,,,,,,,,,,,,,,,,,,,,,,,,,,,,,0.7,,,,,,,,,,,,,,,,,,,,,,,,,,15.9,,,0.118,,,,0.22,,,,,,,,,,,,,,,,,,,,,,,,,,,,,,34.0,,,,350.0,,,,,,,,,,,,,,,,,,,,,,,,,,,,,,,496.0,,,,,,,,,,,,,,,,,,,,,,,,,,,,0.83,,,,,,,,,,,,,,,,,,87.4,,0.22,,,,,
937,332227,"Sauce, pasta, HUNTS original, canned spaghetti sauce (AL1) - CY0908G",2019-04-01,,,,,,,2.0,,,,,,,,23.0,,,,,,,,,,,,,,0.059,,,,,,,,,,,,,,,,,,,,,,,,,,,,,,,,,,,0.64,,,,,,,,,,,,,,,,,,,,,,,,,,14.4,,,0.103,,,,0.19,,,,,,,,,,,,,,,,,,,,,,,,,,,,,,30.0,,,,296.0,,,,,,,,,,,,,,,,,,,,,,,,,,,,,,,590.0,,,,,,,,,,,,,,,,,,,,,,,,,,,,0.82,,,,,,,,,,,,,,,,,,87.8,,0.17,,,,,
938,332232,"Sauce, pasta, HUNTS original, canned spaghetti sauce (CA1) - CY0908H",2019-04-01,,,,,,,1.71,,,,,,,,25.0,,,,,,,,,,,,,,0.09,,,,,,,,,,,,,,,,,,,,,,,,,,,,,,,,,,,0.72,,,,,,,,,,,,,,,,,,,,,,,,,,17.1,,,0.142,,,,0.22,,,,,,,,,,,,,,,,,,,,,,,,,,,,,,35.0,,,,286.0,,,,,,,,,,,,,,,,,,,,,,,,,,,,,,,470.0,,,,,,,,,,,,,,,,,,,,,,,,,,,,0.67,,,,,,,,,,,,,,,,,,88.8,,0.2,,,,,
939,332237,"Sauce, pasta, HUNTS original, canned spaghetti sauce (NC1) - CY0908J",2019-04-01,,,,,,,1.78,,,,,,,,25.0,,,,,,,,,,,,,,0.073,,,,,,,,,,,,,,,,,,,,,,,,,,,,,,,,,,,0.8,,,,,,,,,,,,,,,,,,,,,,,,,,15.6,,,0.113,,,,0.2,,,,,,,,,,,,,,,,,,,,,,,,,,,,,,33.0,,,,329.0,,,,,,,,,,,,,,,,,,,,,,,,,,,,,,,460.0,,,,,,,,,,,,,,,,,,,,,,,,,,,,0.63,,,,,,,,,,,,,,,,,,89.0,,0.21,,,,,
940,332242,"Sauce, pasta, HUNTS original, canned spaghetti sauce (NY1) - CY0908F",2019-04-01,,,,,,,1.81,,,,,,,,23.0,,,,,,,,,,,,,,0.059,,,,,,,,,,,,,,,,,,,,,,,,,,,,,,,,,,,0.73,,,,,,,,,,,,,,,,,,,,,,,,,,13.3,,,0.1,,,,0.19,,,,,,,,,,,,,,,,,,,,,,,,,,,,,,28.0,,,,276.0,,,,,,,,,,,,,,,,,,,,,,,,,,,,,,,522.0,,,,,,,,,,,,,,,,,,,,,,,,,,,,0.78,,,,,,,,,,,,,,,,,,88.2,,0.17,,,,,
941,332247,"Sauce, pasta, HUNTS original, canned spaghetti sauce (CO2) - CY0908K",2019-04-01,,,,,,,1.63,,,,,,,,26.0,,,,,,,,,,,,,,0.069,,,,,,,,,,,,,,,,,,,,,,,,,,,,,,,,,,,1.34,,,,,,,,,,,,,,,,,,,,,,,,,,14.4,,,0.131,,,,0.18,,,,,,,,,,,,,,,,,,,,,,,,,,,,,,26.0,,,,257.0,,,,,,,,,,,,,,,,,,,,,,,,,,,,,,,472.0,,,,,,,,,,,,,,,,,,,,,,,,,,,,0.79,,,,,,,,,,,,,,,,,,89.1,,0.18,,,,,
942,332252,"Sauce, pasta, HUNTS original, canned spaghetti sauce (CT1) - CY0908L",2019-04-01,,,,,,,1.77,,,,,,,,24.0,,,,,,,,,,,,,,0.039,,,,,,,,,,,,,,,,,,,,,,,,,,,,,,,,,,,0.71,,,,,,,,,,,,,,,,,,,,,,,,,,14.5,,,0.103,,,,0.17,,,,,,,,,,,,,,,,,,,,,,,,,,,,,,29.0,,,,270.0,,,,,,,,,,,,,,,,,,,,,,,,,,,,,,,489.0,,,,,,,,,,,,,,,,,,,,,,,,,,,,0.67,,,,,,,,,,,,,,,,,,88.4,,0.16,,,,,
943,332257,"Sauce, pasta, HUNTS original, canned spaghetti sauce (MO1) - CY0908N",2019-04-01,,,,,,,1.93,,,,,,,,24.0,,,,,,,,,,,,,,0.054,,,,,,,,,,,,,,,,,,,,,,,,,,,,,,,,,,,0.87,,,,,,,,,,,,,,,,,,,,,,,,,,14.7,,,0.1,,,,0.17,,,,,,,,,,,,,,,,,,,,,,,,,,,,,,32.0,,,,290.0,,,,,,,,,,,,,,,,,,,,,,,,,,,,,,,550.0,,,,,,,,,,,,,,,,,,,,,,,,,,,,0.76,,,,,,,,,,,,,,,,,,88.5,,0.18,,,,,
944,332262,"Sauce, pasta, HUNTS original, canned spaghetti sauce (OK1) - CY0908P",2019-04-01,,,,,,,1.86,,,,,,,,24.0,,,,,,,,,,,,,,0.043,,,,,,,,,,,,,,,,,,,,,,,,,,,,,,,,,,,0.64,,,,,,,,,,,,,,,,,,,,,,,,,,14.0,,,0.096,,,,0.17,,,,,,,,,,,,,,,,,,,,,,,,,,,,,,30.0,,,,284.0,,,,,,,,,,,,,,,,,,,,,,,,,,,,,,,522.0,,,,,,,,,,,,,,,,,,,,,,,,,,,,0.8,,,,,,,,,,,,,,,,,,88.8,,0.16,,,,,
945,332267,"Sauce, pasta, HUNTS original, canned spaghetti sauce (MI1) - CY0908O",2019-04-01,,,,,,,1.83,,,,,,,,25.0,,,,,,,,,,,,,,0.047,,,,,,,,,,,,,,,,,,,,,,,,,,,,,,,,,,,0.66,,,,,,,,,,,,,,,,,,,,,,,,,,12.6,,,0.094,,,,0.14,,,,,,,,,,,,,,,,,,,,,,,,,,,,,,25.0,,,,250.0,,,,,,,,,,,,,,,,,,,,,,,,,,,,,,,528.0,,,,,,,,,,,,,,,,,,,,,,,,,,,,0.91,,,,,,,,,,,,,,,,,,89.6,,0.15,,,,,
946,332272,"Sauce, pasta, HUNTS original, canned spaghetti sauce (FL1) - CY0908M",2019-04-01,,,,,,,1.79,,,,,,,,23.0,,,,,,,,,,,,,,0.055,,,,,,,,,,,,,,,,,,,,,,,,,,,,,,,,,,,0.68,,,,,,,,,,,,,,,,,,,,,,,,,,14.4,,,0.101,,,,0.17,,,,,,,,,,,,,,,,,,,,,,,,,,,,,,29.0,,,,277.0,,,,,,,,,,,,,,,,,,,,,,,,,,,,,,,490.0,,,,,,,,,,,,,,,,,,,,,,,,,,,,1.02,,,,,,,,,,,,,,,,,,88.8,,0.17,,,,,
947,332277,"Sauce, pasta, HUNTS original, canned spaghetti sauce (CA2) - CY0908I",2019-04-01,,,,,,,1.64,,,,,,,,21.0,,,,,,,,,,,,,,0.071,,,,,,,,,,,,,,,,,,,,,,,,,,,,,,,,,,,2.12,,,,,,,,,,,,,,,,,,,,,,,,,,13.2,,,0.116,,,,0.17,,,,,,,,,,,,,,,,,,,,,,,,,,,,,,24.0,,,,244.0,,,,,,,,,,,,,,,,,,,,,,,,,,,,,,,474.0,,,,,,,,,,,,,,,,,,,,,,,,,,,,0.65,,,,,,,,,,,,,,,,,,89.8,,0.16,,,,,
948,332283,"HAM, LUNCHEON MEAT, OSCAR MAYER DELI FRESH",2019-04-01,,,,,,,2.38,,,,,,,,6.0,,,,,,,,,,,,,,0.053,,,,,,,,,,,,,,,,,,,,,,,,,,,,,,,,,,,0.61,,,,,,,,,,,0.0,0.0,,0.112,0.008,,1.71,,,0.034,,,,0.0,0.0,16.8,,,0.0,,,,2.41,,,0.004,0.576,,0.018,0.0,,0.0,,0.023,,0.003,0.009,0.0,0.056,,,0.0,,0.0,,0.011,,0.006,,0.0,,,212.0,,,,202.0,,,,,,,,,0.004,0.0,0.003,,0.053,0.003,0.904,0.01,0.433,0.006,,0.0,,0.0,0.0,,0.0,,0.0,,,,681.0,,,,,,,,,0.0,0.011,,0.003,0.0,,0.0,,,,,,,,,,,,,4.66,,,,,,,,,,,,,,,,,,78.0,,1.7,,,,,
949,332290,"HAM, LUNCHEON MEAT, OSCAR MAYER DELI FRESH",2019-04-01,,,,,,,3.29,,,,,,,,7.0,,,,,,,,,,,,,,0.052,,,,,,,,,,,,,,,,,,,,,,,,,,,,,,,,,,,0.59,,,,,,,,,,,0.0,0.0,,0.081,0.005,,1.18,,,0.024,,,,0.0,0.0,19.6,,,0.0,,,,2.7,,,0.003,0.352,,0.009,0.0,,0.0,,0.013,,0.0,0.007,0.0,0.054,,,0.0,,0.0,,0.009,,0.005,,0.0,,,282.0,,,,289.0,,,,,,,,,0.003,0.0,0.0,,0.036,0.0,0.596,0.006,0.285,0.004,,0.0,,0.0,0.0,,0.0,,0.0,,,,997.0,,,,,,,,,0.0,0.008,,0.003,0.0,,0.0,,,,,,,,,,,,,3.24,,,,,,,,,,,,,,,,,,76.6,,1.39,,,,,
950,332302,"HAM, LUNCHEON MEAT, OSCAR MAYER DELI FRESH",2019-04-01,,,,,,,3.42,,,,,,,,8.0,,,,,,,,,,,,,,0.054,,,,,,,,,,,,,,,,,,,,,,,,,,,,,,,,,,,0.56,,,,,,,,,,,0.0,0.0,,0.09,0.006,,1.2,,,0.024,,,,0.0,0.0,19.4,,,0.0,,,,2.66,,,0.003,0.432,,0.012,0.0,,0.0,,0.017,,0.0,0.008,0.0,0.054,,,0.0,,0.0,,0.01,,0.005,,0.0,,,273.0,,,,281.0,,,,,,,,,0.003,0.0,0.0,,0.039,0.0,0.633,0.007,0.294,0.004,,0.0,,0.0,0.0,,0.0,,0.0,,,,959.0,,,,,,,,,0.0,0.008,,0.0,0.0,,0.0,,,,,,,,,,,,,3.62,,,,,,,,,,,,,,,,,,76.5,,1.44,,,,,
951,332314,"HAM, LUNCHEON MEAT, HILLSHIRE FARMS DELI SELECT ULTRA THIN",2019-04-01,,,,,,,3.89,,,,,,,,4.0,,,,,,,,,,,,,,0.056,,,,,,,,,,,,,,,,,,,,,,,,,,,,,,,,,,,0.59,,,,,,,,,,,0.0,0.0,,0.096,0.007,,1.42,,,0.027,,,,0.0,0.0,18.2,,,0.0,,,,2.58,,,0.003,0.399,,0.011,0.0,,0.0,,0.015,,0.0,0.007,0.0,0.051,,,0.0,,0.0,,0.01,,0.004,,0.0,,,255.0,,,,299.0,,,,,,,,,0.004,0.0,0.003,,0.047,0.0,0.77,0.008,0.396,0.005,,0.0,,0.0,0.0,,0.0,,0.0,,,,1290.0,,,,,,,,,0.0,0.009,,0.0,0.0,,0.0,,,,,,,,,,,,,3.99,,,,,,,,,,,,,,,,,,75.4,,1.63,,,,,
952,332324,"HAM, LUNCHEON MEAT, HILLSHIRE FARMS DELI SELECT ULTRA THIN",2019-04-01,,,,,,,3.61,,,,,,,,4.0,,,,,,,,,,,,,,0.047,,,,,,,,,,,,,,,,,,,,,,,,,,,,,,,,,,,0.56,,,,,,,,,,,0.0,0.0,,0.085,0.006,,1.28,,,0.025,,,,0.0,0.0,18.2,,,0.0,,,,2.58,,,0.003,0.38,,0.011,0.0,,0.0,,0.015,,0.0,0.007,0.0,0.05,,,0.0,,0.0,,0.009,,0.005,,0.0,,,266.0,,,,296.0,,,,,,,,,0.003,0.0,0.0,,0.039,0.0,0.656,0.008,0.325,0.004,,0.003,,0.0,0.0,,0.0,,0.0,,,,1080.0,,,,,,,,,0.0,0.009,,0.0,0.0,,0.0,,,,,,,,,,,,,3.08,,,,,,,,,,,,,,,,,,76.6,,1.52,,,,,
953,332336,"HAM, LUNCHEON MEAT, HILLSHIRE FARMS DELI SELECT ULTRA THIN",2019-04-01,,,,,,,3.75,,,,,,,,4.0,,,,,,,,,,,,,,0.046,,,,,,,,,,,,,,,,,,,,,,,,,,,,,,,,,,,0.54,,,,,,,,,,,0.0,0.0,,0.065,0.006,,1.01,,,0.02,,,,0.0,0.0,17.9,,,0.0,,,,2.68,,,0.003,0.344,,0.01,0.0,,0.0,,0.012,,0.0,0.007,0.0,0.046,,,0.0,,0.0,,0.008,,0.004,,0.0,,,254.0,,,,281.0,,,,,,,,,0.0,0.0,0.0,,0.035,0.0,0.564,0.007,0.306,0.004,,0.0,,0.0,0.0,,0.0,,0.0,,,,1240.0,,,,,,,,,0.0,0.009,,0.0,0.0,,0.0,,,,,,,,,,,,,3.07,,,,,,,,,,,,,,,,,,76.0,,1.43,,,,,
954,332348,"HAM, LUNCHEON MEAT, HILLSHIRE FARMS DELI SELECT ULTRA THIN",2019-04-01,,,,,,,3.95,,,,,,,,4.0,,,,,,,,,,,,,,0.042,,,,,,,,,,,,,,,,,,,,,,,,,,,,,,,,,,,0.52,,,,,,,,,,,0.0,0.0,,0.091,0.007,,1.43,,,0.027,,,,0.0,0.0,18.9,,,0.0,,,,2.68,,,0.004,0.565,,0.022,0.0,,0.0,,0.022,,0.003,0.008,0.0,0.052,,,0.0,,0.0,,0.009,,0.006,,0.003,,,258.0,,,,258.0,,,,,,,,,0.003,0.0,0.0,,0.041,0.0,0.71,0.008,0.329,0.005,,0.0,,0.0,0.0,,0.0,,0.0,,,,1320.0,,,,,,,,,0.0,0.01,,0.003,0.0,,0.0,,,,,,,,,,,,,3.92,,,,,,,,,,,,,,,,,,74.9,,1.32,,,,,
955,332355,"HAM, LUNCHEON MEAT, HILLSHIRE FARMS DELI SELECT ULTRA THIN",2019-04-01,,,,,,,3.76,,,,,,,,4.0,,,,,,,,,,,,,,0.047,,,,,,,,,,,,,,,,,,,,,,,,,,,,,,,,,,,0.54,,,,,,,,,,,0.0,0.0,,0.068,0.005,,1.07,,,0.022,,,,0.0,0.0,18.5,,,0.0,,,,2.73,,,0.003,0.341,,0.009,0.0,,0.0,,0.013,,0.0,0.008,0.0,0.051,,,0.0,,0.0,,0.009,,0.005,,0.0,,,257.0,,,,297.0,,,,,,,,,0.0,0.0,0.0,,0.033,0.0,0.574,0.006,0.306,0.004,,0.0,,0.0,0.0,,0.0,,0.0,,,,1320.0,,,,,,,,,0.0,0.008,,0.0,0.0,,0.0,,,,,,,,,,,,,3.02,,,,,,,,,,,,,,,,,,75.6,,1.54,,,,,
956,332365,"HAM, LUNCHEON MEAT, STORE BRAND",2019-04-01,,,,,,,4.0,,,,,,,,5.0,,,,,,,,,,,,,,0.05,,,,,,,,,,,,,,,,,,,,,,,,,,,,,,,,,,,0.68,,,,,,,,,,,0.0,0.0,,0.112,0.009,,1.7,,,0.034,,,,0.0,0.0,20.7,,,0.0,,,,2.8,,,0.004,0.551,,0.015,0.0,,0.0,,0.022,,0.003,0.009,0.0,0.057,,,0.0,,0.0,,0.012,,0.005,,0.0,,,296.0,,,,1220.0,,,,,,,,,0.005,0.0,0.003,,0.052,0.003,0.898,0.01,0.43,0.007,,0.003,,0.0,0.0,,0.0,,0.0,,,,647.0,,,,,,,,,0.0,0.009,,0.0,0.0,,0.0,,,,,,,,,,,,,4.44,,,,,,,,,,,,,,,,,,74.4,,1.74,,,,,
957,332373,"HAM, LUNCHEON MEAT, STORE BRAND",2019-04-01,,,,,,,3.71,,,,,,,,5.0,,,,,,,,,,,,,,0.052,,,,,,,,,,,,,,,,,,,,,,,,,,,,,,,,,,,0.58,,,,,,,,,,,0.0,0.0,,0.104,0.008,,1.58,,,0.03,,,,0.0,0.0,18.6,,,0.0,,,,2.69,,,0.004,0.516,,0.016,0.0,,0.0,,0.02,,0.0,0.008,0.0,0.055,,,0.0,,0.0,,0.011,,0.005,,0.0,,,233.0,,,,624.0,,,,,,,,,0.004,0.0,0.003,,0.049,0.003,0.832,0.009,0.402,0.006,,0.0,,0.0,0.0,,0.0,,0.0,,,,884.0,,,,,,,,,0.0,0.01,,0.003,0.0,,0.0,,,,,,,,,,,,,4.38,,,,,,,,,,,,,,,,,,74.9,,1.53,,,,,
958,332385,"HAM, LUNCHEON MEAT, STORE BRAND",2019-04-01,,,,,,,3.96,,,,,,,,5.0,,,,,,,,,,,,,,0.048,,,,,,,,,,,,,,,,,,,,,,,,,,,,,,,,,,,0.54,,,,,,,,,,,0.0,0.0,,0.084,0.007,,1.28,,,0.026,,,,0.0,0.0,19.8,,,0.0,,,,2.89,,,0.003,0.418,,0.013,0.0,,0.0,,0.016,,0.0,0.008,0.0,0.056,,,0.0,,0.0,,0.01,,0.006,,0.003,,,281.0,,,,624.0,,,,,,,,,0.003,0.0,0.003,,0.039,0.0,0.669,0.008,0.326,0.005,,0.0,,0.0,0.0,,0.0,,0.0,,,,1030.0,,,,,,,,,0.0,0.008,,0.0,0.0,,0.0,,,,,,,,,,,,,3.61,,,,,,,,,,,,,,,,,,73.8,,1.52,,,,,
959,332398,"Pears, Bartlett, Region 4, Pure Composite, C0011Y",2019-04-01,,,,,,,0.34,,,,,,,,,,,,,,,,,,,,,,,,,,,,,,,,,,,,,,,,3.7,0.0,3.7,,6.7,0.0,,,1.76,,,,,,,,,,,0.0,,,,,,,,,,,,,,,,,,,,,,,,,,0.0,,,,,0.09,,,,,,,,,,,,,,,,,,,,,,,,,,,,,,,,,,,,,,,,,,,,,,,,,,,,,,,,,,,,,,,,,,,,,,,0.18,,,,,,,,,,,,,,,,,,,,,,0.15,,,,,,,,,,,,,,,,,,84.0,,,,,,,
960,332404,"Pears, Bartlett, Regions 1 & 4, Pure Composite, C0011U",2019-04-01,,,,,0.015,0.014,,0.105,,,,,,,9.0,,,0.0,12.0,,,,,,,,,,0.04,,8.0,,0.002,,,,,,,,,,,,,,,,,4.0,,,,,,0.034,,0.014,,,0.002,,,0.11,0.013,,0.022,,,,0.0,0.02,,,,,,,,,,,,,,,,,,6.4,,,0.034,0.002,,0.15,,,,,,,,,,,,,,,,,,,,,,,,,,,,,0.04,0.011,11.0,,,,121.0,0.015,,,,,,,0.02,,,,,,,,,,,,,,,,,,,,,0.1,0.015,2.0,,,,,,,,,,,,,,,,0.007,0.012,,,,,,,,,,,,0.002,0.002,0.017,,,0.034,4.5,,,,,,,,0.0,,5.2,84.4,,0.08,,,,,
961,332420,"Pears, Bartlett, Region 1, Pure Composite, C0011V",2019-04-01,,,,,,,0.28,,,,,,,,,,,,,,,,,,,,,,,,,,,,,,,,,,,,,,,,3.1,0.0,3.1,,7.13,0.0,,,2.17,,,,,,,,,,,0.0,,,,,,,,,,,,,,,,,,,,,,,,,,0.0,,,,,0.07,,,,,,,,,,,,,,,,,,,,,,,,,,,,,,,,,,,,,,,,,,,,,,,,,,,,,,,,,,,,,,,,,,,,,,,0.23,,,,,,,,,,,,,,,,,,,,,,0.07,,,,,,,,,,,,,,,,,,84.0,,,,,,,
962,332424,"Pears, Composite of Green Cultivars, Region 1, Mixed Composite, C0012H",2019-04-01,,,,,,,,,,,,,,,,,,,,,,,,,,,,,,,,,,,,,,,,,,,,,,,,,,,,,,,,,,,,,,,,,,,,,,,,,,,,,,,,,,,,,,,,,,,,,,,,,,,,,,,,,,,,,,,,,,,,,,,,,,,,,,,,,,,,,,,,,,,,,,,,,,,,,,,,,,,,,,,,,,,,,,,,,,,,,,,,,,,,0.0,0.0,0.03,0.0,0.0,0.0,0.0,,,,,,,,,,,,,,,,,,0.13,,,,,,,,,,,
963,332430,"Pears, Bosc, Regions 1 & 4, Pure Composite, C00120",2019-04-01,,,,,0.012,0.011,,0.119,,,,,,,11.0,,,,,,,,,,,,,,0.072,,,,0.002,,,,,,,,,,,,,,,,,4.0,,,,,,0.024,,0.011,,,0.002,,,0.13,0.011,,0.018,,,,,0.016,,,,,,,,,,,,,,,,,,7.2,,,0.053,0.002,,0.11,,,,,,,,,,,,,,,,,,,,,,,,,,,,,0.08,0.007,14.0,,,,135.0,0.018,,,,,,,0.015,,,,,,,,,,,,,,,,,,,,,0.0,0.014,2.0,,,,,,,,,,,,,,,,0.007,0.011,,,,,,,,,,,,0.002,0.002,0.016,,,0.023,1.5,,,,,,,,0.0,,5.0,83.8,,0.12,,,,,
964,332446,"Pears, Bosc, Region 4, Pure Composite, C00124",2019-04-01,,,,,,,0.23,,,,,,,,,,,,,,,,,,,,,,,,,,,,,,,,,,,,,,,,2.8,0.0,2.8,,5.45,0.0,,,2.04,,,,,,,,,,,0.0,,,,,,,,,,,,,,,,,,,,,,,,,,0.0,,,,,0.07,,,,,,,,,,,,,,,,,,,,,,,,,,,,,,,,,,,,,,,,,,,,,,,,,,,,,,,,,,,,,,,,,,,,,,,1.68,,,,,,,,,,,,,,,,,,,,,,0.07,,,,,,,,,,,,,,,,,,83.6,,,,,,,
965,332450,"Pears, Composite of Green Cultivars, Region 4, Mixed Composite, C0012K",2019-04-01,,,,,,,,,,,,,,,,,,,,,,,,,,,,,,,,,,,,,,,,,,,,,,,,,,,,,,,,,,,,,,,,,,,,,,,,,,,,,,,,,,,,,,,,,,,,,,,,,,,,,,,,,,,,,,,,,,,,,,,,,,,,,,,,,,,,,,,,,,,,,,,,,,,,,,,,,,,,,,,,,,,,,,,,,,,,,,,,,,,,0.0,0.0,0.04,0.02,0.0,0.0,0.0,,,,,,,,,,,,,,,,,,0.12,,,,,,,,,,,
966,332454,"Pears, Green Anjou, Regions 1 & 4, Pure Composite, C0012C",2019-04-01,,,,,0.014,0.013,,0.143,,,,,,,12.0,,,0.0,26.0,,,,,,,,,,0.056,,2.0,,0.002,,,,,,,,,,,,,,,,,4.0,,,,,,0.031,,0.013,,,0.002,,,0.15,0.012,,0.02,,,,0.0,0.017,,,,,,,,,,,,,,,,,,6.8,,,0.052,0.002,,0.097,,,,,,,,,,,,,,,,,,,,,,,,,,,,,0.06,0.01,13.0,,,,133.0,0.017,,,,,,,0.015,,,,,,,,,,,,,,,,,,,,,0.0,0.015,2.0,,,,,,,,,,,,,,,,0.01,0.012,,,,,,,,,,,,0.002,0.002,0.016,,,0.023,3.5,,,,,,,,0.0,,4.1,82.8,,0.11,,,,,
967,332467,"Pears, Green Anjou, Region 4, Pure Composite, C0012G",2019-04-01,,,,,,,0.24,,,,,,,,,,,,,,,,,,,,,,,,,,,,,,,,,,,,,,,,3.0,0.0,3.0,,6.44,0.0,,,3.17,,,,,,,,,,,0.0,,,,,,,,,,,,,,,,,,,,,,,,,,0.0,,,,,0.07,,,,,,,,,,,,,,,,,,,,,,,,,,,,,,,,,,,,,,,,,,,,,,,,,,,,,,,,,,,,,,,,,,,,,,,0.12,,,,,,,,,,,,,,,,,,,,,,0.07,,,,,,,,,,,,,,,,,,82.9,,,,,,,
968,332471,"Pears, Bosc, Region 1, Pure Composite, C00121",2019-04-01,,,,,,,0.3,,,,,,,,,,,,,,,,,,,,,,,,,,,,,,,,,,,,,,,,2.6,0.0,2.6,,5.12,0.0,,,1.96,,,,,,,,,,,0.0,,,,,,,,,,,,,,,,,,,,,,,,,,0.0,,,,,0.05,,,,,,,,,,,,,,,,,,,,,,,,,,,,,,,,,,,,,,,,,,,,,,,,,,,,,,,,,,,,,,,,,,,,,,,2.17,,,,,,,,,,,,,,,,,,,,,,0.07,,,,,,,,,,,,,,,,,,84.0,,,,,,,
969,332475,"Pears, Green Anjou, Region 1, Pure Composite, C0012D",2019-04-01,,,,,,,0.35,,,,,,,,,,,,,,,,,,,,,,,,,,,,,,,,,,,,,,,,3.0,0.0,3.0,,6.02,0.0,,,3.43,,,,,,,,,,,0.0,,,,,,,,,,,,,,,,,,,,,,,,,,0.0,,,,,0.07,,,,,,,,,,,,,,,,,,,,,,,,,,,,,,,,,,,,,,,,,,,,,,,,,,,,,,,,,,,,,,,,,,,,,,,0.16,,,,,,,,,,,,,,,,,,,,,,0.11,,,,,,,,,,,,,,,,,,82.9,,,,,,,
970,332479,"Pears, Bartlett, Region 3, Pure Composite, C0011X",2019-04-01,,,,,,,0.4,,,,,,,,,,,,,,,,,,,,,,,,,,,,,,,,,,,,,,,,3.5,0.0,3.5,,7.07,0.0,,,1.76,,,,,,,,,,,0.0,,,,,,,,,,,,,,,,,,,,,,,,,,0.0,,,,,0.07,,,,,,,,,,,,,,,,,,,,,,,,,,,,,,,,,,,,,,,,,,,,,,,,,,,,,,,,,,,,,,,,,,,,,,,1.1,,,,,,,,,,,,,,,,,,,,,,0.3,,,,,,,,,,,,,,,,,,83.8,,,,,,,
971,332486,"Pears, Bartlett, Regions 2 & 3, Pure Composite, C0011T",2019-04-01,,,,,0.018,0.01,,0.103,,,,,,,4.0,,,0.0,8.0,,,,,,,,,,0.035,,4.0,,0.002,,,,,,,,,,,,,,,,,4.0,,,,,,0.039,,0.016,,,0.002,,,0.08,0.014,,0.024,,,,0.0,0.022,,,,,,,,,,,,,,,,,,3.3,,,0.019,0.002,,0.18,,,,,,,,,,,,,,,,,,,,,,,,,,,,,0.03,0.015,6.0,,,,57.0,0.02,,,,,,,0.015,,,,,,,,,,,,,,,,,,,,,0.39999999999999997,0.018,2.0,,,,,,,,,,,,,,,,0.01,0.014,,,,,,,,,,,,0.002,0.002,0.021,,,0.028,4.9,,,,,,,,0.0,,5.0,83.9,,0.05,,,,,
972,332503,"Pears, Bartlett, Region 2, Pure Composite, C0011W",2019-04-01,,,,,,,0.3,,,,,,,,,,,,,,,,,,,,,,,,,,,,,,,,,,,,,,,,3.1,0.0,3.1,,7.04,0.0,,,1.58,,,,,,,,,,,0.0,,,,,,,,,,,,,,,,,,,,,,,,,,0.0,,,,,0.06,,,,,,,,,,,,,,,,,,,,,,,,,,,,,,,,,,,,,,,,,,,,,,,,,,,,,,,,,,,,,,,,,,,,,,,0.77,,,,,,,,,,,,,,,,,,,,,,0.2,,,,,,,,,,,,,,,,,,84.2,,,,,,,
973,332507,"Pears, Composite of Green Cultivars, Region 2, Mixed Composite, C0012I",2019-04-01,,,,,,,,,,,,,,,,,,,,,,,,,,,,,,,,,,,,,,,,,,,,,,,,,,,,,,,,,,,,,,,,,,,,,,,,,,,,,,,,,,,,,,,,,,,,,,,,,,,,,,,,,,,,,,,,,,,,,,,,,,,,,,,,,,,,,,,,,,,,,,,,,,,,,,,,,,,,,,,,,,,,,,,,,,,,,,,,,,,,0.0,0.0,0.03,0.03,0.0,0.0,0.0,,,,,,,,,,,,,,,,,,0.12,,,,,,,,,,,
974,332514,"Pears, Bosc, Regions 2 & 3, Pure Composite, C0011Z",2019-04-01,,,,,0.014,0.007,,0.134,,,,,,,5.0,,,,,,,,,,,,,,0.046,,,,0.002,,,,,,,,,,,,,,,,,7.0,,,,,,0.029,,0.012,,,0.002,,,0.08,0.011,,0.017,,,,,0.013,,,,,,,,,,,,,,,,,,4.0,,,0.027,0.007,,0.17,,,,,,,,,,,,,,,,,,,,,,,,,,,,,0.05,0.012,7.0,,,,68.0,0.035,,,,,,,0.015,,,,,,,,,,,,,,,,,,,,,0.39999999999999997,0.016,2.0,,,,,,,,,,,,,,,,0.011,0.012,,,,,,,,,,,,0.002,0.002,0.019,,,0.028,5.2,,,,,,,,0.0,,7.8,82.3,,0.06,,,,,
975,332530,"Pears, Bosc, Region 3, Pure Composite, C00123",2019-04-01,,,,,,,0.4,,,,,,,,,,,,,,,,,,,,,,,,,,,,,,,,,,,,,,,,3.3,0.0,3.3,,5.6,0.0,,,2.22,,,,,,,,,,,0.0,,,,,,,,,,,,,,,,,,,,,,,,,,0.0,,,,,0.06,,,,,,,,,,,,,,,,,,,,,,,,,,,,,,,,,,,,,,,,,,,,,,,,,,,,,,,,,,,,,,,,,,,,,,,2.21,,,,,,,,,,,,,,,,,,,,,,0.2,,,,,,,,,,,,,,,,,,83.2,,,,,,,
976,332534,"Pears, Composite of Green Cultivars, Region 3, Mixed Composite, C0012J",2019-04-01,,,,,,,,,,,,,,,,,,,,,,,,,,,,,,,,,,,,,,,,,,,,,,,,,,,,,,,,,,,,,,,,,,,,,,,,,,,,,,,,,,,,,,,,,,,,,,,,,,,,,,,,,,,,,,,,,,,,,,,,,,,,,,,,,,,,,,,,,,,,,,,,,,,,,,,,,,,,,,,,,,,,,,,,,,,,,,,,,,,,0.0,0.0,0.04,0.03,0.0,0.0,0.0,,,,,,,,,,,,,,,,,,0.12,,,,,,,,,,,
977,332537,"Pears, Green Anjou, Regions 2 & 3, Pure Composite, C0012B",2019-04-01,,,,,0.015,0.007,,0.11,,,,,,,5.0,,,0.0,19.0,,,,,,,,,,0.046,,2.0,,0.002,,,,,,,,,,,,,,,,,14.0,,,,,,0.031,,0.014,,,0.002,,,0.09,0.011,,0.019,,,,0.0,0.017,,,,,,,,,,,,,,,,,,3.7,,,0.025,0.002,,0.18,,,,,,,,,,,,,,,,,,,,,,,,,,,,,0.03,0.012,7.0,,,,79.0,0.017,,,,,,,0.015,,,,,,,,,,,,,,,,,,,,,0.39999999999999997,0.017,2.0,,,,,,,,,,,,,,,,0.011,0.012,,,,,,,,,,,,0.002,0.002,0.018,,,0.016,5.5,,,,,,,,0.0,,5.1,83.1,,0.04,,,,,
978,332551,"Pears, Green Anjou, Region 3, Pure Composite, C0012F",2019-04-01,,,,,,,0.6,,,,,,,,,,,,,,,,,,,,,,,,,,,,,,,,,,,,,,,,3.2,0.0,3.2,,5.84,0.0,,,2.81,,,,,,,,,,,0.0,,,,,,,,,,,,,,,,,,,,,,,,,,0.0,,,,,0.09,,,,,,,,,,,,,,,,,,,,,,,,,,,,,,,,,,,,,,,,,,,,,,,,,,,,,,,,,,,,,,,,,,,,,,,0.81,,,,,,,,,,,,,,,,,,,,,,0.1,,,,,,,,,,,,,,,,,,82.7,,,,,,,
979,332555,"Pears, Bosc, Region 2, Pure Composite, C00122",2019-04-01,,,,,,,0.1,,,,,,,,,,,,,,,,,,,,,,,,,,,,,,,,,,,,,,,,3.5,0.0,3.5,,6.06,0.0,,,1.94,,,,,,,,,,,0.0,,,,,,,,,,,,,,,,,,,,,,,,,,0.0,,,,,0.06,,,,,,,,,,,,,,,,,,,,,,,,,,,,,,,,,,,,,,,,,,,,,,,,,,,,,,,,,,,,,,,,,,,,,,,3.68,,,,,,,,,,,,,,,,,,,,,,0.1,,,,,,,,,,,,,,,,,,81.6,,,,,,,
980,332559,"Pears, Green Anjou, Region 2, Pure Composite, C0012E",2019-04-01,,,,,,,0.4,,,,,,,,,,,,,,,,,,,,,,,,,,,,,,,,,,,,,,,,3.7,0.0,3.7,,6.0,0.0,,,2.66,,,,,,,,,,,0.0,,,,,,,,,,,,,,,,,,,,,,,,,,0.0,,,,,0.07,,,,,,,,,,,,,,,,,,,,,,,,,,,,,,,,,,,,,,,,,,,,,,,,,,,,,,,,,,,,,,,,,,,,,,,0.57,,,,,,,,,,,,,,,,,,,,,,0.2,,,,,,,,,,,,,,,,,,83.9,,,,,,,
981,332563,"Pears, Bartlett, Pass 2, Regions 1 & 4, CY0109H, Yes",2019-04-01,,,,,,,0.26,,,,,,,,10.0,,,0.0,5.0,,,,,,,,,,0.105,,0.0,,,,,,,,,,,,,,,,1.8,1.0,2.8,8.0,6.42,,,,3.15,,,,,,,,,0.28,,0.0,,,,40.0,0.0,,,,,,,,,,,,,,,,,,,6.6,,0.0,0.037,,,0.164,0.04,,,,,,,,,,,,,,,,,,,,,,,,,,,,0.056,,11.0,,,,92.0,,,,,,,,0.038,,,,,,,,,,,,,,,,,,,,,,,9.0,,,,,,0.15,,,,,,,,,,0.017,,,,,,,,,,,,0.13,,,,,,0.027,3.7,,,,,,,,0.0,,2.2,83.6,,0.08,,,,,
982,332581,"Pears, Bartlett, Pass 2, Regions 2 & 3, CY0109I, Yes",2019-04-01,,,,,,,0.25,,,,,,,,11.0,,,0.0,7.0,,,,,,,,,,0.1,,0.0,,,,,,,,,,,,,,,,1.7,0.8,2.5,8.0,6.17,,,,4.58,,,,,,,,,0.21,,0.0,,,,57.0,0.0,,,,,,,,,,,,,,,,,,,6.6,,0.0,0.038,,,0.164,0.05,,,,,,,,,,,,,,,,,,,,,,,,,,,,0.041,,11.0,,,,78.0,,,,,,,,0.03,,,,,,,,,,,,,,,,,,,,,,,14.0,,,,,,0.15,,,,,,,,,,0.014,,,,,,,,,,,,0.11,,,,,,0.016,4.3,,,,,,,,0.0,,2.7,85.1,,0.07,,,,,
983,332598,"OLIVES, GREEN MANZANILLA STUFFED WITH PIMENTOS, MARIO",2019-04-01,,,,,,,3.86,,,,,,,,105.0,,,,,,,,,,,,,,0.108,,,,,,,,,,,,,,,,,,,,,,,,,,,,,,,,,,,0.2,,,,,,,,,,,,,,,,,,,,,,,,,,10.0,,,0.039,,,,0.17,,,,,,,,,,,,,,,,,,,,,,,,,,,,,,6.0,,,,29.0,,,,,,,,,,,,,,,,,,,,,,,,,,,,,,,1520.0,,,,,,,,,,,,,,,,,,,,,,,,,,,,14.5,,,,,,,,,,,,,,,,,,74.8,,0.07,,,,,
984,332604,"OLIVES, GREEN MANZANILLA STUFFED WITH PIMENTOS, MARIO",2019-04-01,,,,,,,3.97,,,,,,,,86.0,,,,,,,,,,,,,,0.101,,,,,,,,,,,,,,,,,,,,,,,,,,,,,,,,,,,0.29,,,,,,,,,,,,,,,,,,,,,,,,,,10.6,,,0.052,,,,0.16,,,,,,,,,,,,,,,,,,,,,,,,,,,,0.0,,8.0,,,,51.0,,,,,,,,,,,,,,,,,,,,,,,,,,,,,,,1540.0,,,,,,,,,,,,,,,,,,,,,,,,,,,,13.4,,,,,,,,,,,,,,,,,,76.6,,0.09,,,,,
985,332613,"OLIVES, GREEN MANZANILLA STUFFED WITH PIMENTOS, LINDSAY",2019-04-01,,,,,,,4.41,,,,,,,,133.0,,,,,,,,,,,,,,0.102,,,,,,,,,,,,,,,,,,,,,,,,,,,,,,,,,,,0.32,,,,,,,,,,,0.0,0.0,,0.163,0.034,,8.74,,,0.031,,,,0.0,0.0,12.9,,,0.048,,,,0.2,,,0.0,0.525,,0.105,0.0,,0.0,,0.0,,0.0,0.0,0.0,0.0,,,0.0,,0.0,,0.0,,0.0,,0.0,,,9.0,,,,53.0,,,,,,,,,0.003,0.0,0.0,,0.004,0.003,1.92,0.017,0.328,0.054,,0.016,,0.01,0.01,,0.0,,0.0,,,,1650.0,,,,,,,,,0.0,0.0,,0.0,0.0,,0.0,,,,,,,,,,,,,12.5,,,,,,,,,,,,,,,,,,76.2,,0.1,,,,,
986,332623,"OLIVES, GREEN MANZANILLA STUFFED WITH PIMENTOS, STORE BRAND",2019-04-01,,,,,,,5.85,,,,,,,,141.0,,,,,,,,,,,,,,0.091,,,,,,,,,,,,,,,,,,,,,,,,,,,,,,,,,,,0.27,,,,,,,,,,,,,,,,,,,,,,,,,,16.2,,,0.052,,,,0.17,,,,,,,,,,,,,,,,,,,,,,,,,,,,,,7.0,,,,50.0,,,,,,,,,,,,,,,,,,,,,,,,,,,,,,,2200.0,,,,,,,,,,,,,,,,,,,,,,,,,,,,14.7,,,,,,,,,,,,,,,,,,73.3,,0.09,,,,,
987,332633,"OLIVES, GREEN MANZANILLA STUFFED WITH PIMENTOS, STORE BRAND",2019-04-01,,,,,,,4.79,,,,,,,,150.0,,,,,,,,,,,,,,0.12,,,,,,,,,,,,,,,,,,,,,,,,,,,,,,,,,,,0.33,,,,,,,,,,,,,,,,,,,,,,,,,,19.0,,,0.042,,,,0.19,,,,,,,,,,,,,,,,,,,,,,,,,,,,,,6.0,,,,44.0,,,,,,,,,,,,,,,,,,,,,,,,,,,,,,,1760.0,,,,,,,,,,,,,,,,,,,,,,,,,,,,12.2,,,,,,,,,,,,,,,,,,77.6,,0.1,,,,,
988,332643,"OLIVES, GREEN MANZANILLA STUFFED WITH PIMENTOS, LINDSAY",2019-04-01,,,,,,,4.29,,,,,,,,130.0,,,4.0,313.0,,,,,,,,,,0.116,,61.0,,,,,,,,,,,,,,,,,,3.6,,,,,,,,,,,,,,,0.37,,,,,,420.0,0.0,,,,0.0,0.0,,0.148,0.031,,8.36,,,0.03,,,,0.0,0.0,11.9,,,0.05,,,0.12,0.19,,,0.0,0.499,,0.101,0.0,,0.0,,0.0,,0.0,0.0,0.0,0.0,,,0.0,,0.0,,0.0,,0.0,,0.0,,,8.0,,,,48.0,,,,,,,,0.0,0.0,0.0,0.0,,0.003,0.0,1.84,0.017,0.315,0.053,,0.015,,0.009,0.012,,0.0,,0.0,,,,1530.0,,,,,,,,,0.0,0.0,,0.0,0.0,,0.0,0.04,,,,,,,,,,,,12.1,,,,,,0.0,,,,,,,,,0.0,0.0,16.7,77.5,,0.1,,,,,
989,332662,"OLIVES, GREEN MANZANILLA STUFFED WITH PIMENTOS, MARIO",2019-04-01,,,,,,,3.87,,,,,,,,118.0,,,0.0,237.0,,,,,,,,,,0.098,,33.0,,,,,,,,,,,,,,,,,,3.6,,,,,,,,,,,,,,,0.3,,,,,,321.0,0.0,,,,0.0,0.0,,0.174,0.038,,10.0,,,0.036,,,,0.0,0.0,10.7,,,0.046,,,0.11,0.19,,,0.0,0.572,,0.108,0.0,,0.0,,0.0,,0.0,0.0,0.0,0.0,,,0.0,,0.0,,0.0,,0.0,,0.0,,,7.0,,,,39.0,,,,,,,,0.0,0.0,0.0,0.0,,0.004,0.0,2.11,0.019,0.368,0.056,,0.015,,0.01,0.008,,0.0,,0.0,,,,1460.0,,,,,,,,,0.0,0.0,,0.0,0.0,,0.0,0.05,,0.0,0.0,0.07,0.0,0.0,0.0,0.0,,,,13.1,,,,,,0.0,,,,,,,,2.85,0.0,0.0,17.2,77.3,,0.09,,,,,
990,332681,"OLIVES, GREEN MANZANILLA STUFFED WITH PIMENTOS, LINDSAY",2019-04-01,,,,,,,4.53,,,,,0.1,,,116.0,,,0.0,287.0,,,0.6,0.3,0.7,0.0,0.0,1.6,,0.096,,48.0,,,,,,,,,,,,,,,,,,4.2,0.0,0.0,0.0,,,0.0,,,,,,,,,0.26,,0.0,,,,332.0,0.0,,,,0.0,0.0,,0.154,0.031,,7.85,,,0.027,,,,0.0,0.0,11.9,,0.0,0.05,,,0.11,0.17,,,0.0,0.514,,0.098,0.0,,0.0,,0.0,,0.0,0.0,0.0,0.0,,,0.0,,0.0,,0.0,,0.0,,0.0,,,7.0,,,,40.0,,,,,,,,0.0,0.0,0.0,0.0,,0.003,0.0,1.8,0.017,0.311,0.051,,0.014,,0.009,0.01,,0.0,,0.0,,,,1680.0,,,0.3,,,0.0,,,0.0,0.0,,0.0,0.0,,0.0,0.04,,0.0,0.0,0.09,0.0,0.0,0.0,0.0,,,,12.6,,,,,,0.0,0.0,,,,,,,4.9,,,,77.6,,0.09,,,,,
991,332705,"OLIVES, GREEN MANZANILLA STUFFED WITH PIMENTOS, GREAT VALUE",2019-04-01,,,,,,,3.54,,,,,,,,127.0,,,,,,,,,,,,,,0.108,,,,,,,,,,,,,,,,,,,,,,,,,,,,,,,,,,,0.29,,,,,,,,,,,0.0,0.0,,0.128,0.032,,8.15,,,0.028,,,,0.0,0.0,9.2,,,0.051,,,,0.2,,,0.0,0.635,,0.113,0.0,,0.0,,0.0,,0.0,0.0,0.0,0.0,,,0.0,,0.0,,0.0,,0.0,,0.0,,,8.0,,,,41.0,,,,,,,,,0.0,0.0,0.0,,0.003,0.003,1.74,0.017,0.289,0.049,,0.013,,0.01,0.011,,0.0,,0.0,,,,1260.0,,,,,,,,,0.0,0.0,,0.0,0.0,,0.0,,,,,,,,,,,,,11.5,,,,,,,,,,,,,,,,,,80.0,,0.08,,,,,
992,332716,"OLIVES, GREEN MANZANILLA STUFFED WITH PIMENTOS, MARIO",2019-04-01,,,,,,,3.45,,,,,,,,84.0,,,0.0,207.0,,,,,,,,,,0.105,,28.0,,,,,,,,,,,,,,,,,,4.3,,,,,,,,,,,,,,,0.42,,,,,,242.0,0.0,,,,0.0,0.0,,0.162,0.033,,8.8,,,0.031,,,,0.0,0.0,9.5,,,0.042,,,0.08,0.18,,,0.0,0.607,,0.096,0.0,,0.0,,0.0,,0.0,0.0,0.0,0.0,,,0.0,,0.0,,0.0,,0.0,,0.0,,,6.0,,,,33.0,,,,,,,,0.0,0.003,0.0,0.0,,0.003,0.0,1.94,0.017,0.318,0.053,,0.014,,0.009,0.009,,0.0,,0.0,,,,1290.0,,,0.5,,,,,,0.0,0.0,,0.0,0.0,,0.0,0.04,,,,,,,,,,,,14.8,,,,,,0.0,0.0,,,,,,,,0.0,0.0,16.7,75.6,,0.13,,,,,
993,332736,"OLIVES, GREEN MANZANILLA STUFFED WITH PIMENTOS, GREAT VALUE",2019-04-01,,,,,,,3.44,,,,,,,,125.0,,,,,,,,,,,,,,0.128,,,,,,,,,,,,,,,,,,,,4.8,,,,,,,,,,,,,,,0.3,,,,,,,,,,,0.0,0.0,,0.126,0.029,,8.01,,,0.031,,,,0.0,0.0,10.5,,,0.055,,,0.1,0.18,,,0.0,0.604,,0.106,0.0,,0.0,,0.0,,0.0,0.0,0.0,0.0,,,0.0,,0.0,,0.0,,0.0,,0.0,0.0,,8.0,,,,49.0,,,,,,,,0.0,0.0,0.0,0.0,,0.004,0.003,1.67,0.015,0.271,0.045,,0.012,,0.008,0.011,,0.0,,0.0,,,,1340.0,,,,,,,,,0.0,0.0,,0.0,0.0,,0.0,0.04,,,,,,,,,,,,11.1,,,,,,0.0,,,,,,,,,0.0,0.0,20.2,79.0,,0.09,,,,,
994,332754,"OLIVES, GREEN MANZANILLA STUFFED WITH PIMENTOS, STAR",2019-04-01,,,,,,,4.8,,,,,,,,130.0,,,4.0,315.0,,,,,,,,,,0.108,,72.0,,,,,,,,,,,,,,,,,,4.6,,,,,,,,,,,,,,,0.27,,,,,,386.0,0.0,,,,0.0,0.0,,0.138,0.031,,8.25,,,0.03,,,,0.0,0.0,14.3,,,0.046,,,0.13,0.19,,,0.0,0.492,,0.095,0.0,,0.0,,0.0,,0.0,0.0,0.0,0.0,,,0.0,,0.0,,0.0,,0.0,,0.0,,,8.0,,,,51.0,,,,,,,,0.0,0.0,0.0,0.0,,0.003,0.003,1.77,0.018,0.315,0.051,,0.014,,0.009,0.011,,0.0,,0.0,,,,1910.0,,,0.2,,,,,,0.0,0.003,,0.0,0.0,,0.0,0.04,,,,,,,,,,,,13.0,,,,,,0.0,,,,,,,,,0.0,0.0,12.6,76.1,,0.1,,,,,
995,332771,"OLIVES, GREEN MANZANILLA STUFFED WITH PIMENTOS, ROLAND",2019-04-01,,,,,,,4.95,,,,,,,,123.0,,,,,,,,,,,,,,0.106,,,,,,,,,,,,,,,,,,,,2.9,0.0,0.0,0.0,,,0.0,,,,,,,,,0.36,,0.0,,,,,,,,,0.0,0.0,,0.162,0.04,,9.59,,,0.034,,,,0.0,0.0,14.4,,0.0,0.044,,,0.07,0.2,,,0.0,0.561,,0.113,0.0,,0.0,,0.0,,0.0,0.0,0.0,0.0,,,0.0,,0.0,,0.0,,0.0,,0.0,,,6.0,,,,33.0,,,,,,,,0.0,0.003,0.0,0.0,,0.003,0.0,2.06,0.023,0.393,0.065,,0.018,,0.012,0.008,,0.0,,0.0,,,,1870.0,,,,,,0.0,,,0.0,0.0,,0.0,0.0,,0.0,0.04,,0.06,0.0,0.16,0.0,0.0,0.0,0.0,,,,12.6,,,,,,0.0,,,,,,,,3.59,0.0,0.0,16.2,75.7,,0.08,,,,,
996,332792,"CHORIZO PORK SAUSAGE, MIXED BRAND, COOKED",2019-04-01,,,,,,,3.58,,,,,,,,20.0,,,,,,,,,,,,,,0.114,,,,,,,,,,,,,,,,,,,,,,,,,,,,,,,,,,,1.81,,,,,,,,,,,0.007,0.0,,0.736,0.084,,14.2,,,0.295,,,,0.008,0.0,24.1,,,0.103,,,,3.1,,,0.037,5.65,,0.265,0.007,,0.0,,0.242,,0.035,0.04,0.0,0.139,,,0.004,,0.003,,0.0,,0.023,,0.006,,,182.0,,,,462.0,,,,,,,,,0.027,0.0,0.029,,0.441,0.015,7.52,0.096,3.76,0.066,,0.013,,0.0,0.006,,0.0,,0.004,,,,947.0,,,,,,,,,0.007,0.111,,0.029,0.0,,0.0,,,,,,,,,,,,,34.7,,,,,,,,,,,,,,,,,,40.2,,2.36,,,,,
997,332800,"CHORIZO PORK SAUSAGE, MIXED BRAND, COOKED",2019-04-01,,,,,,,3.52,,,,,,,,50.0,,,,,,,,,,,,,,0.149,,,,,,,,,,,,,,,,,,,,,,,,,,,,,,,,,,,2.57,,,,,,,,,,,0.006,0.0,,0.434,0.051,,8.17,,,0.216,,,,0.0,0.0,34.0,,,0.21,,,,2.65,,,0.03,3.29,,0.133,0.003,,0.0,,0.149,,0.018,0.031,0.0,0.12,,,0.003,,0.0,,0.041,,0.018,,0.003,,,176.0,,,,417.0,,,,,,,,,0.016,0.0,0.019,,0.296,0.013,4.67,0.066,2.52,0.05,,0.011,,0.003,0.006,,0.0,,0.003,,,,941.0,,,,,,,,,0.005,0.102,,0.023,0.0,,0.0,,,,,,,,,,,,,23.0,,,,,,,,,,,,,,,,,,54.1,,1.91,,,,,
998,332809,"CHORIZO PORK SAUSAGE, MIXED BRAND, COOKED",2019-04-01,,,,,,,3.93,,,,,6.1,,,29.0,,,,,,165.0,42.7,2.8,40.3,0.4,10.9,97.1,,0.173,,,,,,,,,,,,,,,,,,,,,10.0,,,,,,,,,,,,,,2.99,,,,,,,,,,,0.006,0.0,,0.515,0.055,,9.47,,,0.2,,,,0.009,0.0,34.5,,,0.226,,,5.68,3.34,,,0.024,3.56,,0.175,0.005,,0.0,,0.149,,0.023,0.034,0.0,0.151,,,0.004,,0.0,,0.042,,0.021,,0.007,1.04,,250.0,,,,471.0,,,,,,,,0.46,0.018,0.0,0.019,,0.289,0.011,5.03,0.06,2.51,0.04,,0.011,,0.003,0.006,,0.0,,0.003,,22.3,,1070.0,,,,,,,,,0.0,0.072,,0.019,0.0,,0.0,0.292,,,,,,,,,,,,26.4,,,,,1.9,0.375,,,,,,,,,,,,48.0,,2.22,,,,,
999,332827,"CHORIZO PORK SAUSAGE, MIXED BRAND, COOKED",2019-04-01,,,,,,,4.35,,,,,,,,62.0,,,,,,84.0,,,,,,,,0.133,,,,,,,,,,,,,,,,,,,,,,,,,,,,,,,,,,,2.79,,,,,,,,,,,0.005,0.0,,0.576,0.066,,10.8,,,0.218,,,,0.005,0.0,38.9,,,0.319,,,9.76,3.9,,,0.029,3.71,,0.176,0.004,,0.0,,0.147,,0.021,0.029,0.0,0.122,,,0.003,,0.0,,0.033,,0.018,,0.005,1.37,,253.0,,,,544.0,,,,,,,,0.45,0.021,0.0,0.022,,0.348,0.011,5.94,0.068,3.09,0.053,,0.011,,0.004,0.006,,0.0,,0.003,,32.5,,1120.0,,,,,,,,,0.004,0.078,,0.019,0.0,,0.0,0.598,,,,,,,,,,,,27.85,,,,,0.96,0.733,,,,,,,,,,,,39.8,,2.4,,,,,
1000,332846,"CHORIZO PORK SAUSAGE, JOHNSONVILLE, COOKED",2019-04-01,,,,,,,2.93,,,,,,,,23.0,,,,,,73.0,,,,,,,,0.081,,,,,,,,,,,,,,,,,,,,,,,,,,,,,,,,,,,1.53,,,,,,,,,,,0.008,0.0,,0.582,0.056,,11.2,,,0.306,,,,0.009,0.0,19.2,,,0.081,,,5.73,2.46,,,0.026,4.44,,0.171,0.004,,0.0,,0.224,,0.026,0.035,0.0,0.108,,,0.003,,0.004,,0.04,,0.019,,0.004,,,173.0,,,,282.0,,,,,,,0.0,0.35,0.017,0.0,0.021,,0.358,0.012,6.32,0.069,3.13,0.065,,0.01,,0.0,0.006,,0.0,,0.003,,22.8,,837.0,,,,,,,,,0.004,0.084,,0.02,0.0,,0.0,0.204,,0.0,2.35,0.0,0.0,0.0,0.0,0.0,,,,28.4,,,,,0.76,,,,,,,,,1.5,0.0,16.8,6.0,49.6,,2.06,,,,,
1001,332865,"OATMEAL COOKIES WITH RAISINS, PEPPERIDGE FARM SOFT BAKED",2019-04-01,,,,,,,1.46,,,,,,,,25.0,,,,,,,,,,,,,,0.15,,,,,,,,,,,,,,,,,,,,,,,,,,,,,,,,,,,2.17,,,,,,,,,,,,,,,,,,,,,,,,,,33.3,,,0.723,,,,0.94,,,,,,,,,,,,,,,,,,,,,,,,,,,,,,113.0,,,,272.0,,,,,,,,,,,,,,,,,,,,,,,,,,,,,,,300.0,,,,,,,,,,,,,,,,,,,,,,,,,,,,14.9,,,,,,,,,,,,,,,,,,9.55,,0.59,,,,,
1002,332872,"OATMEAL COOKIES WITH RAISINS, PEPPERIDGE FARM SOFT BAKED",2019-04-01,,,,,,,1.5,,,,,,,,26.0,,,,,,,,,,,,,,0.145,,,,,,,,,,,,,,,,,,,,,,,,,,,,,,,,,,,2.17,,,,,,,,,,,,,,,,,,,,,,,,,,34.0,,,0.746,,,,0.99,,,,,,,,,,,,,,,,,,,,,,,,,,,,0.4,,112.0,,,,279.0,,,,,,,,,,,,,,,,,,,,,,,,,,,,,,,294.0,,,,,,,,,,,,,,,,,,,,,,,,,,,,15.2,,,,,,,,,,,,,,,,,,9.41,,0.62,,,,,
1003,332880,"OATMEAL COOKIES WITH RAISINS, STORE/OTHER BRAND",2019-04-01,,,,,,,1.38,,,,,,,,33.0,,,,,,,,,,,,,,0.125,,,,,,,,,,,,,,,,,,,,,,,,,,,,,,,,,,,2.18,,,,,,,,,,,,,,,,,,,,,,,,,,28.8,,,0.753,,,,0.89,,,,,,,,,,,,,,,,,,,,,,,,,,,,,,119.0,,,,218.0,,,,,,,,,,,,,,,,,,,,,,,,,,,,,,,319.0,,,,,,,,,,,,,,,,,,,,,,,,,,,,13.8,,,,,,,,,,,,,,,,,,8.41,,0.58,,,,,
1004,332888,"OATMEAL COOKIES WITH RAISINS, STORE/OTHER BRAND",2019-04-01,,,,,,,1.33,,,,,,,,26.0,,,,,,,,,,,,,,0.113,,,,,,,,,,,,,,,,,,,,,,,,,,,,,,,,,,,2.69,,,,,,,,,,,,,,,,,,,,,,,,,,24.4,,,0.608,,,,0.82,,,,,,,,,,,,,,,,,,,,,,,,,,,,,,89.0,,,,200.0,,,,,,,,,,,,,,,,,,,,,,,,,,,,,,,327.0,,,,,,,,,,,,,,,,,,,,,,,,,,,,11.0,,,,,,,,,,,,,,,,,,8.92,,0.5,,,,,
1005,332895,"OATMEAL COOKIES WITH RAISINS, PEPPERIDGE FARM SOFT BAKED",2019-04-01,,,,,,,1.5,,,,,,,,29.0,,,,,,,,,,,,,,0.149,,,,,,,,,,,,,,,,,,,,3.5,56.0,17.4,0.0,,,10.1,,,,,,,,,2.28,,0.0,,,,,,,,,0.0,0.0,,0.02,0.005,,2.54,,,0.062,,,,0.005,0.0,33.6,,1.54,0.757,,,1.96,0.92,,,0.007,5.32,,0.738,0.033,,0.0,,0.005,,0.0,0.0,0.0,0.008,,,0.003,,0.0,,0.0,,0.0,,0.003,,,113.0,,,,277.0,,,,,,,,0.23,0.014,0.0,0.0,,0.021,0.005,1.68,0.018,3.4,0.046,,0.04,,0.015,0.011,,0.0,,0.022,,4.5,,296.0,,,27.3,,,8.86,,,0.0,0.023,,0.024,0.0,,0.0,0.37,,0.2,3.16,7.25,0.41,0.25,0.0,0.0,,,,14.9,,,,,,,,,,,,,,1.17,0.0,0.0,17.1,9.73,,0.64,,,,,
1006,332913,"OATMEAL COOKIES WITH RAISINS, STORE/OTHER BRAND",2019-04-01,,,,,,,1.31,,,,,,,,30.0,,,,,,,,,,,,,,0.137,,,,,,,,,,,,,,,,,,,,2.9,18.0,7.01,0.0,,,7.08,,,,,,,,,1.83,,0.0,,,,,,,,,0.0,0.0,,0.022,0.004,,7.06,,,0.038,,,,0.0,0.0,32.3,,0.47,0.825,,,1.78,0.88,,,0.003,1.76,,0.051,0.004,,0.0,,0.0,,0.0,0.0,0.0,0.004,,,0.005,,0.0,,0.0,,0.0,,0.0,,,102.0,,,,220.0,,,,,,,,0.17,0.003,0.0,0.025,,0.115,0.007,4.91,0.011,0.567,0.048,,0.037,,0.019,0.012,,0.0,,0.003,,7.0,,284.0,,,31.3,,,18.8,,,0.0,0.014,,0.02,0.0,,0.0,0.21,,0.29,1.06,2.0,1.58,0.5,0.0,1.52,,,,15.8,,,,,,0.06,,,,,,,,5.84,,,,7.5,,0.59,,,,,
1007,332933,"OATMEAL COOKIES WITH RAISINS, STORE/OTHER BRAND",2019-04-01,,,,,,,1.5,,,,,,,,32.0,,,,,,,,,,,,,,0.158,,,,,,,,,,,,,,,,,,,,3.6,24.0,6.32,0.0,,,6.65,,,,,,,,,2.47,,0.0,,,,,,,,,0.0,0.0,,0.015,0.006,,3.56,,,0.078,,,,0.006,0.005,35.7,,0.96,0.842,,,2.34,0.99,,,0.006,4.53,,0.772,0.026,,0.0,,0.005,,0.0,0.0,0.0,0.006,,,0.004,,0.0,,0.0,,0.0,,0.0,0.4,,135.0,,,,231.0,,,,,,,,0.19,0.007,0.0,0.122,,0.066,0.005,1.73,0.014,2.4,0.051,,0.037,,0.017,0.009,,0.0,,0.005,,6.5,,359.0,,,31.7,,,15.2,,,0.0,0.017,,0.017,0.0,,0.0,0.21,,,,,,,,,,,,14.0,,,,,,0.07,,,,,,,,,,,,8.04,,0.72,,,,,
1008,332951,"OATMEAL COOKIES WITH RAISINS, PEPPERIDGE FARM SOFT BAKED",2019-04-01,,,,,,,1.48,,,,,,,,26.0,,,,,,,,,,,,,,0.144,,,,,,,,,,,,,,,,,,,,3.8,32.0,15.4,0.0,,,8.28,,,,,,,,,2.65,,0.0,,,,,,,,,0.0,0.0,,0.018,0.005,,2.61,,,0.059,,,,0.004,0.0,34.9,,1.41,0.755,,,1.87,0.97,,,0.007,5.21,,0.714,0.033,,0.0,,0.004,,0.0,0.0,0.0,0.009,,,0.006,,0.0,,0.0,,0.0,,0.0,,,113.0,,,,277.0,,,,,,,,0.23,0.014,0.0,0.003,,0.021,0.005,1.66,0.017,3.38,0.047,,0.041,,0.015,0.012,,0.0,,0.023,,6.4,,306.0,,,27.3,,,12.2,,,0.0,0.03,,0.025,0.0,,0.0,0.41,,0.18,3.0,6.57,0.4,0.38,0.0,0.0,,,,15.0,,,,,,,,,,,,,,1.07,,,,9.55,,0.62,,,,,
1009,332968,"OATMEAL COOKIES WITH RAISINS, STORE/OTHER BRAND",2019-04-01,,,,,,,1.43,,,,,,,,25.0,,,,,,,,,,,,,,0.144,,,,,,,,,,,,,,,,,,,,2.9,32.0,5.21,0.0,,,5.05,,,,,,,,,2.56,,0.0,,,,,,,,,0.0,0.0,,0.018,0.005,,4.95,,,0.113,,,,0.006,0.011,31.0,,0.35,0.715,,,2.85,0.95,,,0.005,3.08,,0.779,0.024,,0.0,,0.005,,0.0,0.0,0.0,0.005,,,0.004,,0.0,,0.0,,0.0,,0.0,,,105.0,,,,203.0,,,,,,,,0.25,0.013,0.0,0.296,,0.142,0.005,1.7,0.008,0.309,0.052,,0.03,,0.016,0.011,,0.0,,0.01,,5.4,,361.0,,,34.2,,,22.6,,,0.0,0.005,,0.009,0.0,,0.0,0.19,,,,,,,,,,,,12.2,,,,,,,,,,,,,,,,,,8.19,,0.66,,,,,
1010,332984,"OATMEAL COOKIES WITH RAISINS, STORE/OTHER BRAND",2019-04-01,,,,,,,1.45,,,,,,,,36.0,,,,,,,,,,,,,,0.148,,,,,,,,,,,,,,,,,,,,,,,,,,,,,,,,,,,1.82,,,,,,,,,,,,,,,,,,,,,,,,,,35.2,,,0.837,,,,0.9,,,,,,,,,,,,,,,,,,,,,,,,,,,,,,114.0,,,,253.0,,,,,,,,,,,,,,,,,,,,,,,,,,,,,,,315.0,,,,,,,,,,,,,,,,,,,,,,,,,,,,15.6,,,,,,,,,,,,,,,,,,8.84,,0.69,,,,,
1011,332991,"OATMEAL COOKIES WITH RAISINS, PEPPERIDGE FARM SOFT BAKED",2019-04-01,,,,,,,1.5,,,,,,,,27.0,,,,,,,,,,,,,,0.139,,,,,,,,,,,,,,,,,,,,3.2,40.0,15.5,0.0,,,8.29,,,,,,,,,2.26,,0.0,,,,,,,,,0.0,0.0,,0.021,0.006,,2.67,,,0.061,,,,0.006,0.0,33.7,,1.33,0.74,,,1.88,0.95,,,0.006,5.36,,0.739,0.032,,0.0,,0.004,,0.0,0.0,0.0,0.009,,,0.004,,0.0,,0.0,,0.0,,0.003,,,110.0,,,,260.0,,,,,,,,0.24,0.014,0.0,0.0,,0.021,0.005,1.71,0.018,3.46,0.047,,0.042,,0.015,0.011,,0.0,,0.024,,6.0,,292.0,,,27.2,,,13.1,,,0.0,0.033,,0.023,0.0,,0.0,0.38,,,,,,,,,,,,15.0,,,,,,0.08,,,,,,,,,,,,9.23,,0.6,,,,,
1012,333009,"Tomatoes, diced, canned, HUNTS (IN, NY) -  CY120AC",2019-04-01,,,,,,,0.81,,,,,,,,18.0,,,,,,,,,,,,,,0.052,,,,,,,,,,,,,,,,,,,,,,1.35,0.0,,,1.36,,,,,,,,,0.27,,0.0,,,,,,,,,,,,,,,,,,,,,,,,10.2,,0.0,0.068,,,,0.14,,,,,,,,,,,,,,,,,,,,,,,,,,,,,,18.0,,,,198.0,,,,,,,,,,,,,,,,,,,,,,,,,,,,,,,141.0,,,,,,0.0,,,,,,,,,,,,,,,,,,,,,,0.17,,,,,,,,,,,,,,,,,,94.4,,0.13,,,,,
1013,333016,"Tomatoes, diced, canned, HUNTS (AL, CA1) -  CY120AD",2019-04-01,,,,,,,0.96,,,,,,,,22.0,,,,,,,,,,,,,,0.045,,,,,,,,,,,,,,,,,,,,,,,,,,,,,,,,,,,0.26,,,,,,,,,,,,,,,,,,,,,,,,,,9.0,,,0.063,,,,0.13,,,,,,,,,,,,,,,,,,,,,,,,,,,,,,18.0,,,,202.0,,,,,,,,,,,,,,,,,,,,,,,,,,,,,,,160.0,,,,,,,,,,,,,,,,,,,,,,,,,,,,0.49,,,,,,,,,,,,,,,,,,93.9,,0.12,,,,,
1014,333023,"Tomatoes, diced, canned, HUNTS (CO, CT) -  CY120AF",2019-04-01,,,,,,,0.89,,,,,,,,21.0,,,,,,,,,,,,,,0.048,,,,,,,,,,,,,,,,,,,,,,,,,,,,,,,,,,,0.31,,,,,,,,,,,,,,,,,,,,,,,,,,9.8,,,0.064,,,,0.12,,,,,,,,,,,,,,,,,,,,,,,,,,,,,,18.0,,,,204.0,,,,,,,,,,,,,,,,,,,,,,,,,,,,,,,159.0,,,,,,,,,,,,,,,,,,,,,,,,,,,,0.2,,,,,,,,,,,,,,,,,,93.8,,0.13,,,,,
1015,333030,"Tomatoes, diced, canned, HUNTS (CA2, NC) -  CY120AE",2019-04-01,,,,,,,0.92,,,,,,,,23.0,,,,,,,,,,,,,,0.051,,,,,,,,,,,,,,,,,,,,,,1.52,0.0,,,1.55,,,,,,,,,0.27,,0.0,,,,,,,,,,,,,,,,,,,,,,,,9.3,,0.0,0.063,,,,0.11,,,,,,,,,,,,,,,,,,,,,,,,,,,,,,17.0,,,,201.0,,,,,,,,,,,,,,,,,,,,,,,,,,,,,,,189.0,,,,,,0.0,,,,,,,,,,,,,,,,,,,,,,0.18,,,,,,,,,,,,,,,,,,93.5,,0.12,,,,,
1016,333038,"Tomatoes, diced, canned, HUNTS (FL, MO) -  CY120AG",2019-04-01,,,,,,,0.71,,,,,,,,20.0,,,,,,,,,,,,,,0.046,,,,,,,,,,,,,,,,,,,,,,1.54,0.0,,,1.56,,,,,,,,,1.15,,0.0,,,,,,,,,,,,,,,,,,,,,,,,10.1,,0.0,0.072,,,,0.18,,,,,,,,,,,,,,,,,,,,,,,,,,,,,,19.0,,,,204.0,,,,,,,,,,,,,,,,,,,,,,,,,,,,,,,154.0,,,,,,0.0,,,,,,,,,,,,,,,,,,,,,,0.64,,,,,,,,,,,,,,,,,,94.6,,0.12,,,,,
1017,333046,"Tomatoes, diced, canned, HUNTS (MI, OK) -  CY120AH",2019-04-01,,,,,,,0.86,,,,,,,,22.0,,,,,,,,,,,,,,0.047,,,,,,,,,,,,,,,,,,,,,,,,,,,,,,,,,,,0.83,,,,,,,,,,,,,,,,,,,,,,,,,,9.8,,,0.07,,,,0.16,,,,,,,,,,,,,,,,,,,,,,,,,,,,,,18.0,,,,199.0,,,,,,,,,,,,,,,,,,,,,,,,,,,,,,,158.0,,,,,,,,,,,,,,,,,,,,,,,,,,,,0.14,,,,,,,,,,,,,,,,,,95.2,,0.13,,,,,
1018,333053,"Tomatoes, diced, canned, STORE BRAND, GREAT VALUE & S&W PREMIUM (AL, CA1) -  CY120AJ",2019-04-01,,,,,,,0.74,,,,,,,,41.0,,,,,,,,,,,,,,0.049,,,,,,,,,,,,,,,,,,,,,,,,,,,,,,,,,,,0.8,,,,,,,,,,,,,,,,,,,,,,,,,,8.7,,,0.063,,,,0.11,,,,,,,,,,,,,,,,,,,,,,,,,,,,,,16.0,,,,180.0,,,,,,,,,,,,,,,,,,,,,,,,,,,,,,,120.0,,,,,,,,,,,,,,,,,,,,,,,,,,,,0.16,,,,,,,,,,,,,,,,,,94.8,,0.12,,,,,
1019,333060,"Tomatoes, diced, canned, DEL MONTE (NC, NY) -  CY120AI",2019-04-01,,,,,,,0.68,,,,,,,,31.0,,,,,,,,,,,,,,0.048,,,,,,,,,,,,,,,,,,,,,,1.3,0.0,,,1.34,,,,,,,,,0.32,,0.0,,,,,,,,,,,,,,,,,,,,,,,,9.5,,0.0,0.06,,,,0.15,,,,,,,,,,,,,,,,,,,,,,,,,,,,,,17.0,,,,196.0,,,,,,,,,,,,,,,,,,,,,,,,,,,,,,,88.0,,,,,,0.0,,,,,,,,,,,,,,,,,,,,,,0.14,,,,,,,,,,,,,,,,,,94.6,,0.14,,,,,
1020,333068,"Tomatoes, diced, canned, VALUE TIME (CA2) -  CY120AK",2019-04-01,,,,,,,0.53,,,,,,,,17.0,,,,,,,,,,,,,,0.048,,,,,,,,,,,,,,,,,,,,,,1.32,0.0,,,1.1,,,,,,,,,0.35,,0.0,,,,,,,,,,,,,,,,,,,,,,,,10.4,,0.0,0.072,,,,0.16,,,,,,,,,,,,,,,,,,,,,,,,,,,,,,16.0,,,,183.0,,,,,,,,,,,,,,,,,,,,,,,,,,,,,,,75.0,,,,,,0.0,,,,,,,,,,,,,,,,,,,,,,0.48,,,,,,,,,,,,,,,,,,94.7,,0.11,,,,,
1021,333075,"Tomatoes, diced, canned, DEL MONTE (CO, CT) -  CY120AL",2019-04-01,,,,,,,0.87,,,,,,,,39.0,,,,,,,,,,,,,,0.051,,,,,,,,,,,,,,,,,,,,,,,,,,,,,,,,,,,0.35,,,,,,,,,,,,,,,,,,,,,,,,,,9.2,,,0.063,,,,0.1,,,,,,,,,,,,,,,,,,,,,,,,,,,,,,17.0,,,,187.0,,,,,,,,,,,,,,,,,,,,,,,,,,,,,,,110.0,,,,,,,,,,,,,,,,,,,,,,,,,,,,0.22,,,,,,,,,,,,,,,,,,96.0,,0.13,,,,,
1022,333082,"Tomatoes, diced, canned, DEL MONTE (FL, MO) -  CY120AT",2019-04-01,,,,,,,0.72,,,,,,,,32.0,,,,,,,,,,,,,,0.049,,,,,,,,,,,,,,,,,,,,,,1.35,0.0,,,1.26,,,,,,,,,1.1,,0.0,,,,,,,,,,,,,,,,,,,,,,,,8.6,,0.0,0.062,,,,0.13,,,,,,,,,,,,,,,,,,,,,,,,,,,,,,16.0,,,,193.0,,,,,,,,,,,,,,,,,,,,,,,,,,,,,,,104.0,,,,,,0.0,,,,,,,,,,,,,,,,,,,,,,0.19,,,,,,,,,,,,,,,,,,94.5,,0.12,,,,,
1023,333090,"Tomatoes, diced, canned, DEL MONTE (MI, OK) -  CY120AU",2019-04-01,,,,,,,0.72,,,,,,,,32.0,,,,,,,,,,,,,,0.051,,,,,,,,,,,,,,,,,,,,,,,,,,,,,,,,,,,0.86,,,,,,,,,,,,,,,,,,,,,,,,,,9.7,,,0.062,,,,0.14,,,,,,,,,,,,,,,,,,,,,,,,,,,,,,18.0,,,,206.0,,,,,,,,,,,,,,,,,,,,,,,,,,,,,,,101.0,,,,,,,,,,,,,,,,,,,,,,,,,,,,0.15,,,,,,,,,,,,,,,,,,94.6,,0.12,,,,,
1024,333097,"Tomatoes, diced, canned, STORE BRAND, KROGER BRAND (IN, MI) -  CY120AV",2019-04-01,,,,,,,0.61,,,,,,,,53.0,,,,,,,,,,,,,,0.061,,,,,,,,,,,,,,,,,,,,,,1.13,0.0,,,1.04,,,,,,,,,0.48,,0.0,,,,,,,,,,,,,,,,,,,,,,,,9.3,,0.0,0.08,,,,0.12,,,,,,,,,,,,,,,,,,,,,,,,,,,,,,15.0,,,,184.0,,,,,,,,,,,,,,,,,,,,,,,,,,,,,,,43.0,,,,,,0.0,,,,,,,,,,,,,,,,,,,,,,0.39,,,,,,,,,,,,,,,,,,96.7,,0.13,,,,,
1025,333105,"Tomatoes, diced, canned, STORE BRAND, GREAT VALUE (AL, OK) -  CY120AW",2019-04-01,,,,,,,0.54,,,,,,,,23.0,,,,,,,,,,,,,,0.054,,,,,,,,,,,,,,,,,,,,,,,,,,,,,,,,,,,0.52,,,,,,,,,,,,,,,,,,,,,,,,,,9.6,,,0.066,,,,0.09,,,,,,,,,,,,,,,,,,,,,,,,,,,,,,16.0,,,,180.0,,,,,,,,,,,,,,,,,,,,,,,,,,,,,,,59.0,,,,,,,,,,,,,,,,,,,,,,,,,,,,0.43,,,,,,,,,,,,,,,,,,94.3,,0.12,,,,,
1026,333111,"Tomatoes, diced, canned, STORE BRAND, BIG DAISY & SAFEWAY KITCHENS (CO, CT) -  CY120AY",2019-04-01,,,,,,,0.68,,,,,,,,36.0,,,,,,,,,,,,,,0.065,,,,,,,,,,,,,,,,,,,,,,,,,,,,,,,,,,,0.4,,,,,,,,,,,,,,,,,,,,,,,,,,10.9,,,0.084,,,,0.11,,,,,,,,,,,,,,,,,,,,,,,,,,,,,,17.0,,,,186.0,,,,,,,,,,,,,,,,,,,,,,,,,,,,,,,97.0,,,,,,,,,,,,,,,,,,,,,,,,,,,,0.09,,,,,,,,,,,,,,,,,,94.9,,0.14,,,,,
1027,333118,"Tomatoes, diced, canned, STORE BRAND, SUNNY SELECT & VINE RIPE (CA2, NC) -  CY120AX",2019-04-01,,,,,,,0.79,,,,,,,,40.0,,,,,,,,,,,,,,0.048,,,,,,,,,,,,,,,,,,,,,,1.12,0.0,,,1.03,,,,,,,,,0.28,,0.0,,,,,,,,,,,,,,,,,,,,,,,,9.6,,0.0,0.058,,,,0.11,,,,,,,,,,,,,,,,,,,,,,,,,,,,,,14.0,,,,165.0,,,,,,,,,,,,,,,,,,,,,,,,,,,,,,,154.0,,,,,,0.0,,,,,,,,,,,,,,,,,,,,,,0.19,,,,,,,,,,,,,,,,,,94.6,,0.1,,,,,
1028,333126,"Tomatoes, diced, canned, STORE BRAND, HYTOP PREMIUM QUALITY & AMERICAS CHOICE (CA1, NY) -  CY120B0",2019-04-01,,,,,,,0.81,,,,,,,,44.0,,,,,,,,,,,,,,0.057,,,,,,,,,,,,,,,,,,,,,,,,,,,,,,,,,,,0.89,,,,,,,,,,,,,,,,,,,,,,,,,,9.3,,,0.071,,,,0.11,,,,,,,,,,,,,,,,,,,,,,,,,,,,,,15.0,,,,179.0,,,,,,,,,,,,,,,,,,,,,,,,,,,,,,,121.0,,,,,,,,,,,,,,,,,,,,,,,,,,,,0.12,,,,,,,,,,,,,,,,,,94.7,,0.13,,,,,
1029,333133,"TOMATOES, CANNED, DICED, HUNTS",2019-04-01,,,,,,,0.73,,,,,,,,16.0,,,,,,,,,,,,,,0.04,,,,,,,,,,,,,,,,,,,,,,1.74,0.0,,,1.78,,,,,,,,,0.35,,0.0,,,,,,,,,,,,,,,,,,,,,,,,10.5,,0.0,0.073,,,,0.15,,,,,,,,,,,,,,,,,,,,,,,,,,,,,,20.0,,,,163.0,,,,,,,,,,,,,,,,,,,,,,,,,,,,,,,149.0,,,,,,0.0,,,,,,,,,,,,,,,,,,,,,,1.0,,,,,,,,,,,,,,,,,,94.5,,0.12,,,,,
1030,333141,"TOMATOES, CANNED, DICED, HUNTS",2019-04-01,,,,,,,0.77,,,,,,,,19.0,,,,,,,,,,,,,,0.049,,,,,,,,,,,,,,,,,,,,,,1.53,0.0,,,1.59,,,,,,,,,0.39,,0.0,,,,,,,,,,,,,,,,,,,,,,,,10.7,,0.0,0.071,,,,0.15,,,,,,,,,,,,,,,,,,,,,,,,,,,,,,20.0,,,,198.0,,,,,,,,,,,,,,,,,,,,,,,,,,,,,,,148.0,,,,,,0.0,,,,,,,,,,,,,,,,,,,,,,0.76,,,,,,,,,,,,,,,,,,94.3,,0.12,,,,,
1031,333149,"TOMATOES, CANNED, DICED, HUNTS",2019-04-01,,,,,,,0.64,,,,,,,,18.0,,,,,,,,,,,,,,0.043,,,,,,,,,,,,,,,,,,,,,,1.62,0.0,,,1.64,,,,,,,,,0.5,,0.0,,,,,,,,,,,,,,,,,,,,,,,,10.4,,0.0,0.074,,,,0.18,,,,,,,,,,,,,,,,,,,,,,,,,,,,,,19.0,,,,184.0,,,,,,,,,,,,,,,,,,,,,,,,,,,,,,,150.0,,,,,,0.0,,,,,,,,,,,,,,,,,,,,,,0.46,,,,,,,,,,,,,,,,,,94.4,,0.11,,,,,
1032,333157,"TOMATOES, CANNED, DICED, HUNTS",2019-04-01,,,,,,,0.75,,,,,,,,17.0,,,,,,,,,,,,,,0.045,,,,,,,,,,,,,,,,,,,,,,1.75,0.0,,,1.82,,,,,,,,,0.36,,0.0,,,,,,,,,,,,,,,,,,,,,,,,10.3,,0.0,0.067,,,,0.15,,,,,,,,,,,,,,,,,,,,,,,,,,,,,,20.0,,,,200.0,,,,,,,,,,,,,,,,,,,,,,,,,,,,,,,139.0,,,,,,0.0,,,,,,,,,,,,,,,,,,,,,,0.8,,,,,,,,,,,,,,,,,,93.5,,0.12,,,,,
1033,333165,"TOMATOES, CANNED, DICED, HUNTS",2019-04-01,,,,,,,0.81,,,,,,,,21.0,,,,,,,,,,,,,,0.048,,,,,,,,,,,,,,,,,,,,,,1.37,0.0,,,1.41,,,,,,,,,0.44,,0.0,,,,,,,,,,,,,,,,,,,,,,,,10.5,,0.0,0.075,,,,0.14,,,,,,,,,,,,,,,,,,,,,,,,,,,,,,20.0,,,,205.0,,,,,,,,,,,,,,,,,,,,,,,,,,,,,,,158.0,,,,,,0.0,,,,,,,,,,,,,,,,,,,,,,0.66,,,,,,,,,,,,,,,,,,94.2,,0.12,,,,,
1034,333173,"Tomatoes, diced, canned, STORE BRAND, HY VEE & PUBLIX (FL, MO) -  CY120AZ",2019-04-01,,,,,,,0.73,,,,,,,,52.0,,,,,,,,,,,,,,0.063,,,,,,,,,,,,,,,,,,,,,,1.28,0.0,,,1.17,,,,,,,,,0.74,,0.0,,,,,,,,,,,,,,,,,,,,,,,,10.0,,0.0,0.079,,,,0.12,,,,,,,,,,,,,,,,,,,,,,,,,,,,,,16.0,,,,203.0,,,,,,,,,,,,,,,,,,,,,,,,,,,,,,,119.0,,,,,,0.0,,,,,,,,,,,,,,,,,,,,,,0.21,,,,,,,,,,,,,,,,,,94.8,,0.13,,,,,
1035,333181,"TOMATOES, CANNED, DICED, DEL MONTE",2019-04-01,,,,,,,0.73,,,,,,,,24.0,,,,,,,,,,,,,,0.052,,,,,,,,,,,,,,,,,,,,,,1.66,0.0,,,1.81,,,,,,,,,1.02,,0.0,,,,,,,,,,,,,,,,,,,,,,,,10.0,,0.0,0.064,,,,0.14,,,,,,,,,,,,,,,,,,,,,,,,,,,,,,21.0,,,,228.0,,,,,,,,,,,,,,,,,,,,,,,,,,,,,,,105.0,,,,,,0.0,,,,,,,,,,,,,,,,,,,,,,0.73,,,,,,,,,,,,,,,,,,94.3,,0.13,,,,,
1036,333188,"TOMATOES, CANNED, DICED, DEL MONTE",2019-04-01,,,,,,,0.72,,,,,,,,31.0,,,,,,,,,,,,,,0.054,,,,,,,,,,,,,,,,,,,,,,1.64,0.0,,,1.79,,,,,,,,,0.57,,0.0,,,,,,,,,,,,,,,,,,,,,,,,9.5,,0.0,0.08,,,,0.13,,,,,,,,,,,,,,,,,,,,,,,,,,,,,,22.0,,,,230.0,,,,,,,,,,,,,,,,,,,,,,,,,,,,,,,96.0,,,,,,0.0,,,,,,,,,,,,,,,,,,,,,,1.1,,,,,,,,,,,,,,,,,,94.3,,0.12,,,,,
1037,333195,"TOMATOES, CANNED, DICED, HUNTS",2019-04-01,,,,,,,0.74,,,,,,,,16.0,,,,,,,,,,,,,,0.051,,,,,,,,,,,,,,,,,,,,,,1.56,0.0,,,1.57,,,,,,,,,0.41,,0.0,,,,,,,,,,,,,,,,,,,,,,,,10.2,,0.0,0.072,,,,0.15,,,,,,,,,,,,,,,,,,,,,,,,,,,,,,18.0,,,,190.0,,,,,,,,,,,,,,,,,,,,,,,,,,,,,,,127.0,,,,,,0.0,,,,,,,,,,,,,,,,,,,,,,0.69,,,,,,,,,,,,,,,,,,94.5,,0.15,,,,,
1038,333203,"TOMATOES, CANNED, DICED, DEL MONTE",2019-04-01,,,,,,,0.73,,,,,,,,31.0,,,,,,,,,,,,,,0.053,,,,,,,,,,,,,,,,,,,,,,1.52,0.0,,,1.7,,,,,,,,,0.74,,0.0,,,,,,,,,,,,,,,,,,,,,,,,9.5,,0.0,0.068,,,,0.14,,,,,,,,,,,,,,,,,,,,,,,,,,,,,,20.0,,,,212.0,,,,,,,,,,,,,,,,,,,,,,,,,,,,,,,115.0,,,,,,0.0,,,,,,,,,,,,,,,,,,,,,,0.71,,,,,,,,,,,,,,,,,,94.5,,0.13,,,,,
1039,333211,"TOMATOES, CANNED, DICED, DEL MONTE",2019-04-01,,,,,,,0.72,,,,,,,,43.0,,,,,,,,,,,,,,0.061,,,,,,,,,,,,,,,,,,,,,,1.76,0.0,,,1.85,,,,,,,,,0.8,,0.0,,,,,,,,,,,,,,,,,,,,,,,,9.1,,0.0,0.065,,,,0.14,,,,,,,,,,,,,,,,,,,,,,,,,,,,,,20.0,,,,217.0,,,,,,,,,,,,,,,,,,,,,,,,,,,,,,,114.0,,,,,,0.0,,,,,,,,,,,,,,,,,,,,,,0.77,,,,,,,,,,,,,,,,,,94.4,,0.14,,,,,
1040,333219,"TOMATOES, CANNED, DICED, DEL MONTE",2019-04-01,,,,,,,0.66,,,,,,,,30.0,,,,,,,,,,,,,,0.058,,,,,,,,,,,,,,,,,,,,,,1.71,0.0,,,1.82,,,,,,,,,1.13,,0.0,,,,,,,,,,,,,,,,,,,,,,,,9.1,,0.0,0.073,,,,0.18,,,,,,,,,,,,,,,,,,,,,,,,,,,,,,22.0,,,,223.0,,,,,,,,,,,,,,,,,,,,,,,,,,,,,,,107.0,,,,,,0.0,,,,,,,,,,,,,,,,,,,,,,0.82,,,,,,,,,,,,,,,,,,93.8,,0.12,,,,,
1041,333226,"TOMATOES, CANNED, DICED, STORE BRAND",2019-04-01,,,,,,,0.58,,,,,,,,12.0,,,,,,,,,,,,,,0.044,,,,,,,,,,,,,,,,,,,,,,1.57,0.0,,,1.56,,,,,,,,,0.66,,0.0,,,,,,,,,,,,,,,,,,,,,,,,10.7,,0.0,0.066,,,,0.15,,,,,,,,,,,,,,,,,,,,,,,,,,,,,,18.0,,,,179.0,,,,,,,,,,,,,,,,,,,,,,,,,,,,,,,92.0,,,,,,0.0,,,,,,,,,,,,,,,,,,,,,,0.51,,,,,,,,,,,,,,,,,,94.5,,0.11,,,,,
1042,333234,"TOMATOES, CANNED, DICED, DEL MONTE",2019-04-01,,,,,,,0.64,,,,,,,,35.0,,,,,,,,,,,,,,0.053,,,,,,,,,,,,,,,,,,,,,,1.71,0.0,,,1.77,,,,,,,,,0.57,,0.0,,,,,,,,,,,,,,,,,,,,,,,,9.2,,0.0,0.058,,,,0.15,,,,,,,,,,,,,,,,,,,,,,,,,,,,,,22.0,,,,224.0,,,,,,,,,,,,,,,,,,,,,,,,,,,,,,,99.0,,,,,,0.0,,,,,,,,,,,,,,,,,,,,,,0.65,,,,,,,,,,,,,,,,,,94.2,,0.13,,,,,
1043,333241,"TOMATOES, CANNED, DICED, GREAT VALUE",2019-04-01,,,,,,,0.65,,,,,,,,17.0,,,,,,,,,,,,,,0.047,,,,,,,,,,,,,,,,,,,,,,1.58,0.0,,,1.6,,,,,,,,,0.52,,0.0,,,,,,,,,,,,,,,,,,,,,,,,10.1,,0.0,0.068,,,,0.15,,,,,,,,,,,,,,,,,,,,,,,,,,,,,,17.0,,,,179.0,,,,,,,,,,,,,,,,,,,,,,,,,,,,,,,56.0,,,,,,0.0,,,,,,,,,,,,,,,,,,,,,,0.81,,,,,,,,,,,,,,,,,,95.0,,0.11,,,,,
1044,333249,"TOMATOES, CANNED, DICED, STORE BRAND",2019-04-01,,,,,,,0.87,,,,,,,,45.0,,,,,,,,,,,,,,0.056,,,,,,,,,,,,,,,,,,,,,,1.33,0.0,,,1.31,,,,,,,,,0.47,,0.0,,,,,,,,,,,,,,,,,,,,,,,,10.2,,0.0,0.077,,,,0.12,,,,,,,,,,,,,,,,,,,,,,,,,,,,,,16.0,,,,209.0,,,,,,,,,,,,,,,,,,,,,,,,,,,,,,,163.0,,,,,,0.0,,,,,,,,,,,,,,,,,,,,,,0.71,,,,,,,,,,,,,,,,,,95.2,,0.12,,,,,
1045,333257,"TOMATOES, CANNED, DICED, STORE BRAND",2019-04-01,,,,,,,0.77,,,,,,,,44.0,,,,,,,,,,,,,,0.06,,,,,,,,,,,,,,,,,,,,,,1.35,0.0,,,1.31,,,,,,,,,0.4,,0.0,,,,,,,,,,,,,,,,,,,,,,,,10.0,,0.0,0.065,,,,0.13,,,,,,,,,,,,,,,,,,,,,,,,,,,,,,16.0,,,,220.0,,,,,,,,,,,,,,,,,,,,,,,,,,,,,,,163.0,,,,,,0.0,,,,,,,,,,,,,,,,,,,,,,0.64,,,,,,,,,,,,,,,,,,94.7,,0.12,,,,,
1046,333265,"TOMATOES, CANNED, DICED, STORE BRAND",2019-04-01,,,,,,,0.83,,,,,,,,31.0,,,,,,,,,,,,,,0.055,,,,,,,,,,,,,,,,,,,,,,1.63,0.0,,,1.47,,,,,,,,,0.57,,0.0,,,,,,,,,,,,,,,,,,,,,,,,10.2,,0.0,0.055,,,,0.12,,,,,,,,,,,,,,,,,,,,,,,,,,,,,,17.0,,,,217.0,,,,,,,,,,,,,,,,,,,,,,,,,,,,,,,166.0,,,,,,0.0,,,,,,,,,,,,,,,,,,,,,,0.78,,,,,,,,,,,,,,,,,,94.6,,0.11,,,,,
1047,333273,"TOMATOES, CANNED, DICED, STORE BRAND",2019-04-01,,,,,,,0.82,,,,,,,,48.0,,,,,,,,,,,,,,0.058,,,,,,,,,,,,,,,,,,,,,,1.4,0.0,,,1.38,,,,,,,,,0.44,,0.0,,,,,,,,,,,,,,,,,,,,,,,,9.3,,0.0,0.048,,,,0.1,,,,,,,,,,,,,,,,,,,,,,,,,,,,,,15.0,,,,213.0,,,,,,,,,,,,,,,,,,,,,,,,,,,,,,,184.0,,,,,,0.0,,,,,,,,,,,,,,,,,,,,,,0.75,,,,,,,,,,,,,,,,,,94.5,,0.09,,,,,
1048,333282,"Haddock, raw (CT) - CY060QU",2019-04-01,,,,,,,1.14,,,,,,,,13.0,,,,,,,,,,,,,,0.026,,,,,,,,,,,,,,,,,,,,,,,,,,,,,,,,,,,0.15,,,,,,,,,,,,0.0,,0.002,0.007,,0.028,,0.002,,,0.002,,,0.003,22.9,,,0.011,,,,2.91,,,0.0,0.009,,0.002,0.0,,0.001,,0.001,,0.001,0.0,,0.007,,,0.046,,0.0,,0.001,,0.004,,0.07,,,183.0,,,,342.0,,,,,,,,,0.001,0.0,0.001,,0.003,0.001,0.05,0.001,0.019,0.0,,0.0,,0.0,0.001,,0.0,,0.0,,23.3,,131.0,,,,,,,,,0.0,0.003,,0.001,,,0.0,,,,,,,,,,,,,0.46,,,,,,,,,,,,,,,,,,81.6,,0.32,,,,,
1049,333288,"Haddock, raw (CO) - CY060QT",2019-04-01,,,,,,,1.0,,,,,,,,5.0,,,,,,,,,,,,,,0.018,,,,,,,,,,,,,,,,,,,,,,,,,,,,,,,,,,,0.12,,,,,,,,,,,,0.0,,0.003,0.011,,0.028,,0.003,,,0.001,,,0.003,18.2,,,0.011,,,,2.39,,,0.0,0.012,,0.001,0.0,,0.002,,0.001,,0.001,0.0,,0.009,,,0.037,,0.0,,0.001,,0.005,,0.07,,,194.0,,,,292.0,,,,,,,,,0.001,0.0,0.001,,0.003,0.001,0.044,0.001,0.017,0.0,,0.0,,0.0,0.001,,0.0,,0.0,,25.0,,120.0,,,,,,,,,0.001,0.002,,0.001,,,0.0,,,,,,,,,,,,,0.44,,,,,,,,,,,,,,,,,,85.5,,0.3,,,,,
1050,333295,"Haddock, raw (IN) - CY060QV",2019-04-01,,,,,,,1.47,,,,,,,,8.0,,,,,,,,,,,,,,0.018,,,,,,,,,,,,,,,,,,,,,,,,,,,,,,,,,,,0.23,,,,,,,,,,,,0.0,,0.005,0.002,,0.048,,0.005,,,0.002,,,0.004,16.8,,,0.011,,,,2.06,,,0.0,0.011,,0.002,0.0,,0.002,,0.001,,0.001,0.002,,0.009,,,0.052,,0.0,,0.001,,0.005,,0.107,,,312.0,,,,192.0,,,,,,,,,0.001,0.0,0.001,,0.005,0.001,0.085,0.001,0.021,0.0,,0.0,,0.0,0.001,,0.0,,0.0,,24.3,,367.0,,,,,,,,,0.001,0.003,,0.001,,,0.0,,,,,,,,,,,,,0.51,,,,,,,,,,,,,,,,,,86.2,,0.36,,,,,
1051,333302,"Haddock, raw (NY) - CY060QY",2019-04-01,,,,,,,1.06,,,,,,,,13.0,,,,,,,,,,,,,,0.018,,,,,,,,,,,,,,,,,,,,,,,,,,,,,,,,,,,0.16,,,,,,,,,,,,0.0,,0.002,0.015,,0.032,,0.006,,,0.001,,,0.004,22.7,,,0.011,,,,2.87,,,0.0,0.01,,0.001,0.0,,0.002,,0.001,,0.001,0.001,,0.009,,,0.037,,0.0,,0.001,,0.004,,0.1,,,188.0,,,,320.0,,,,,,,,,0.001,0.0,0.001,,0.005,0.001,0.081,0.001,0.022,0.0,,0.0,,0.0,0.001,,0.0,,0.0,,33.5,,106.0,,,,,,,,,0.0,0.003,,0.001,,,0.0,,,,,,,,,,,,,0.55,,,,,,,,,,,,,,,,,,81.2,,0.33,,,,,
1052,333308,"Haddock, raw (FL) - CY060QW",2019-04-01,,,,,,,1.05,,,,,,,,8.0,,,,,,,,,,,,,,0.018,,,,,,,,,,,,,,,,,,,,,,,,,,,,,,,,,,,0.15,,,,,,,,,,,,0.0,,0.003,0.007,,0.038,,0.006,,,0.002,,,0.004,24.6,,,0.011,,,,2.95,,,0.0,0.029,,0.002,0.0,,0.001,,0.001,,0.001,0.002,,0.01,,,0.035,,0.0,,0.002,,0.005,,0.093,,,194.0,,,,352.0,,,,,,,,,0.002,0.0,0.002,,0.005,0.001,0.074,0.001,0.023,0.0,,0.0,,0.0,0.001,,0.0,,0.0,,26.5,,76.0,,,,,,,,,0.001,0.003,,0.001,,,0.0,,,,,,,,,,,,,0.47,,,,,,,,,,,,,,,,,,83.2,,0.31,,,,,
1053,333316,"Haddock, raw (NC) - CY060QR",2019-04-01,,,,,,,1.72,,,,,,,,13.0,,,,,,,,,,,,,,0.031,,,,,,,,,,,,,,,,,,,,,,,,,,,,,,,,,,,0.19,,,,,,,,,,,,0.0,,0.003,0.004,,0.021,,0.003,,,0.001,,,0.003,23.2,,,0.011,,,,2.81,,,0.0,0.019,,0.001,0.0,,0.001,,0.001,,0.001,0.002,,0.005,,,0.024,,0.0,,0.001,,0.004,,0.053,,,206.0,,,,214.0,,,,,,,,,0.002,0.0,0.001,,0.002,0.001,0.035,0.001,0.015,0.0,,0.0,,0.0,0.001,,0.0,,0.0,,23.0,,452.0,,,,,,,,,0.0,0.002,,0.001,,,0.0,,,,,,,,,,,,,0.33,,,,,,,,,,,,,,,,,,81.4,,0.38,,,,,
1054,333322,"Haddock, raw (MI) - CY060R1",2019-04-01,,,,,,,1.6,,,,,,,,15.0,,,,,,,,,,,,,,0.019,,,,,,,,,,,,,,,,,,,,,,,,,,,,,,,,,,,0.18,,,,,,,,,,,,0.0,,0.004,0.001,,0.045,,0.005,,,0.002,,,0.004,18.2,,,0.011,,,,2.1,,,0.0,0.013,,0.002,0.0,,0.001,,0.001,,0.001,0.0,,0.01,,,0.05,,0.0,,0.001,,0.005,,0.109,,,341.0,,,,219.0,,,,,,,,,0.002,0.0,0.002,,0.006,0.001,0.067,0.001,0.023,0.0,,0.0,,0.0,0.002,,0.0,,0.0,,24.3,,374.0,,,,,,,,,0.001,0.002,,0.001,,,0.0,,,,,,,,,,,,,0.38,,,,,,,,,,,,,,,,,,85.8,,0.28,,,,,
1055,333329,"Haddock, raw (AL) - CY060QZ",2019-04-01,,,,,,,1.18,,,,,,,,13.0,,,,,,,,,,,,,,0.018,,,,,,,,,,,,,,,,,,,,,,,,,,,,,,,,,,,0.16,,,,,,,,,,,,0.0,,0.005,0.002,,0.052,,0.009,,,0.002,,,0.006,22.2,,,0.011,,,,2.8,,,0.0,0.012,,0.002,0.0,,0.003,,0.001,,0.001,0.0,,0.012,,,0.051,,0.0,,0.001,,0.005,,0.108,,,199.0,,,,360.0,,,,,,,,,0.001,0.0,0.002,,0.005,0.002,0.066,0.0,0.021,0.001,,0.0,,0.0,0.002,,0.0,,0.0,,27.5,,78.0,,,,,,,,,0.001,0.002,,0.0,,,0.0,,,,,,,,,,,,,0.46,,,,,,,,,,,,,,,,,,82.2,,0.32,,,,,
1056,333336,"Haddock, raw triad 3 (AL,MI) - CY060R5",2019-04-01,,,,,,,,,,,,,,,,,,,,,46.0,,,,,,,,,,,,,,,,,,,,,,,,,,,,,,,,,,,,,,,,,,,,,,,,,,,,,,,,,,,,,,,,,,,,,,,,,,,3.27,,,,,,,,,,,,,,,,,,,,,,,,,,,,,0.23,,,,,,,,,,,,,,0.03,,,,,,,,,,,,,,,,,,,,,,,,,,,,,,,,,,,,,,,0.02,,0.0,0.0,0.0,0.0,0.0,0.0,0.0,,,,,,,,,1.9,0.275,,,11.0,,0.3,,,0.47,,,,,,,,,,,
1057,333348,"Haddock, raw triad 1 (CO,CT,IN) - CY060R3",2019-04-01,,,,,,,,,,,,,,,,,,,,,58.0,,,,,,,,,,,,,,,,,,,,,,,,,,,,,,,,,,,,,,,,,,,,,,,,,,,,,,,,,,,,,,,,,,,,,,,,,,,2.96,,,,,,,,,,,,,,,,,,,,,,,,,,,,,0.32,,,,,,,,,,,,,,0.06,,,,,,,,,,,,,,,,,,,,,,,,,,,,,,,,,,,,,,,0.02,,0.0,0.0,0.0,0.0,0.0,0.0,0.0,,,,,,,,,2.1,0.236,,,20.0,,0.5,,,0.42,,,,,,,,,,,
1058,333361,"Haddock, raw triad 2 (FL,NC,NY) - CY060R4 (Vitamin D value)",2019-04-01,,,,,,,,,,,,,,,,,,,,,58.0,,,,,,,,,,,,,,,,,,,,,,,,,,,,,,,,,,,,,,,,,,,,,,,,,,,,,,,,,,,,,,,,,,,,,,,,,,,3.86,,,,,,,,,,,,,,,,,,,,,,,,,,,,,0.66,,,,,,,,,,,,,,0.08,,,,,,,,,,,,,,,,,,,,,,,,,,,,,,,,,,,,,,,0.02,,0.0,0.0,0.0,0.0,0.0,0.0,0.0,,,,,,,,,1.5,0.331,,,24.0,,0.6,,,0.46,,,,,,,,,,,
1059,333375,"Pollock, raw (CT) - CY060SY",2019-04-01,,,,,,,1.35,,,,,,,,10.0,,,,,,,,,,,,,,0.051,,,,,,,,,,,,,,,,,,,,,,,,,,,,,,,,,,,0.32,,,,,,,,,,,,0.002,,0.002,0.0,,0.026,,0.007,,,0.0,,,0.004,27.4,,,0.011,,,,2.98,,,0.0,0.003,,0.001,0.0,,0.001,,0.001,,0.001,0.001,,0.005,,,0.024,,0.0,,0.0,,0.003,,0.115,,,228.0,,,,416.0,,,,,,,,,0.002,0.0,0.001,,0.002,0.001,0.057,0.001,0.023,0.0,,0.0,,0.0,0.002,,0.0,,0.0,,30.4,,132.0,,,,,,,,,0.001,0.002,,0.006,,,0.0,,,,,,,,,,,,,0.51,,,,,,,,,,,,,,,,,,80.7,,0.37,,,,,
1060,333381,"Pollock, raw (NC) - CY060SV",2019-04-01,,,,,,,1.61,,,,,,,,9.0,,,,,,,,,,,,,,0.018,,,,,,,,,,,,,,,,,,,,,,,,,,,,,,,,,,,0.18,,,,,,,,,,,,0.002,,0.003,0.001,,0.038,,0.009,,,0.001,,,0.004,9.8,,,0.011,,,,1.4,,,0.0,0.004,,0.001,0.0,,0.001,,0.0,,0.0,0.0,,0.003,,,0.039,,0.0,,0.0,,0.004,,0.093,,,379.0,,,,72.0,,,,,,,,,0.001,0.0,0.001,,0.004,0.001,0.07,0.0,0.019,0.0,,0.0,,0.0,0.002,,0.0,,0.0,,10.8,,454.0,,,,,,,,,0.0,0.003,,0.012,,,0.0,,,,,,,,,,,,,0.37,,,,,,,,,,,,,,,,,,89.6,,0.22,,,,,
1061,333387,"Pollock, raw (OK) - CY060SW",2019-04-01,,,,,,,2.35,,,,,,,,36.0,,,,,,,,,,,,,,0.045,,,,,,,,,,,,,,,,,,,,,,,,,,,,,,,,,,,0.16,,,,,,,,,,,,0.003,,0.003,0.0,,0.05,,0.007,,,0.001,,,0.005,22.0,,,0.011,,,,1.49,,,0.0,0.003,,0.001,0.0,,0.0,,0.0,,0.0,0.003,,0.004,,,0.048,,0.001,,0.0,,0.003,,0.105,,,541.0,,,,136.0,,,,,,,,,0.002,0.0,0.001,,0.005,0.001,0.104,0.0,0.029,0.0,,0.0,,0.0,0.003,,0.0,,0.0,,12.7,,617.0,,,,,,,,,0.0,0.003,,0.012,,,0.0,,,,,,,,,,,,,0.41,,,,,,,,,,,,,,,,,,88.4,,0.24,,,,,
1062,333393,"Pollock, raw (MO) - CY060T1",2019-04-01,,,,,,,1.16,,,,,,,,32.0,,,,,,,,,,,,,,0.018,,,,,,,,,,,,,,,,,,,,,,,,,,,,,,,,,,,0.24,,,,,,,,,,,,0.0,,0.001,0.007,,0.029,,0.009,,,0.002,,,0.005,17.7,,,0.011,,,,1.73,,,0.0,0.004,,0.001,0.0,,0.0,,0.0,,0.0,0.001,,0.003,,,0.024,,0.0,,0.0,,0.002,,0.083,,,372.0,,,,131.0,,,,,,,,,0.001,0.0,0.001,,0.002,0.001,0.061,0.001,0.024,0.0,,0.0,,0.0,0.002,,0.0,,0.0,,13.0,,431.0,,,,,,,,,0.0,0.003,,0.014,,,0.0,,,,,,,,,,,,,0.21,,,,,,,,,,,,,,,,,,88.1,,0.26,,,,,
1063,333399,"Pollock, raw (CO) - CY060SX",2019-04-01,,,,,,,0.83,,,,,,,,10.0,,,,,,,,,,,,,,0.031,,,,,,,,,,,,,,,,,,,,,,,,,,,,,,,,,,,0.23,,,,,,,,,,,,0.002,,0.007,0.016,,0.077,,0.017,,,0.002,,,0.008,19.0,,,0.011,,,,2.32,,,0.0,0.006,,0.002,0.0,,0.002,,0.002,,0.001,0.002,,0.008,,,0.103,,0.0,,0.0,,0.007,,0.201,,,135.0,,,,223.0,,,,,,,,,0.002,0.0,0.002,,0.007,0.001,0.122,0.001,0.033,0.0,,0.0,,0.0,0.003,,0.0,,0.0,,18.3,,72.0,,,,,,,,,0.0,0.003,,0.01,,,0.0,,,,,,,,,,,,,0.51,,,,,,,,,,,,,,,,,,85.5,,0.39,,,,,
1064,333406,"Pollock, raw (IN) - CY060SZ",2019-04-01,,,,,,,0.92,,,,,,,,9.0,,,,,,,,,,,,,,0.028,,,,,,,,,,,,,,,,,,,,,,,,,,,,,,,,,,,0.22,,,,,,,,,,,,0.0,,0.005,0.003,,0.051,,0.012,,,0.002,,,0.006,13.2,,,0.011,,,,1.72,,,0.0,0.005,,0.001,0.0,,0.001,,0.001,,0.0,0.004,,0.004,,,0.051,,0.001,,0.0,,0.004,,0.103,,,188.0,,,,122.0,,,,,,,,,0.002,0.0,0.002,,0.006,0.001,0.088,0.001,0.03,0.001,,0.0,,0.0,0.002,,0.0,,0.0,,14.4,,193.0,,,,,,,,,0.001,0.004,,0.011,,,0.0,,,,,,,,,,,,,0.47,,,,,,,,,,,,,,,,,,88.8,,0.28,,,,,
1065,333412,"Pollock, raw (MI) - CY060T5",2019-04-01,,,,,,,1.14,,,,,,,,8.0,,,,,,,,,,,,,,0.028,,,,,,,,,,,,,,,,,,,,,,,,,,,,,,,,,,,0.22,,,,,,,,,,,,0.002,,0.003,0.003,,0.047,,0.009,,,0.002,,,0.006,9.0,,,0.011,,,,1.47,,,0.0,0.004,,0.001,0.0,,0.001,,0.001,,0.001,0.003,,0.004,,,0.046,,0.0,,0.0,,0.004,,0.104,,,253.0,,,,89.0,,,,,,,,,0.001,0.0,0.001,,0.003,0.001,0.074,0.001,0.027,0.0,,0.0,,0.0,0.002,,0.0,,0.0,,12.4,,299.0,,,,,,,,,0.001,0.003,,0.017,,,0.0,,,,,,,,,,,,,0.37,,,,,,,,,,,,,,,,,,89.8,,0.38,,,,,
1066,333418,"Pollock, raw (NY) - CY060T2",2019-04-01,,,,,,,1.48,,,,,,,,5.0,,,,,,,,,,,,,,0.027,,,,,,,,,,,,,,,,,,,,,,,,,,,,,,,,,,,0.2,,,,,,,,,,,,0.0,,0.003,0.003,,0.069,,0.006,,,0.001,,,0.005,10.8,,,0.011,,,,2.49,,,0.001,0.006,,0.001,0.0,,0.001,,0.001,,0.001,0.001,,0.006,,,0.055,,0.001,,0.0,,0.004,,0.126,,,176.0,,,,88.0,,,,,,,,,0.002,0.0,0.001,,0.005,0.001,0.123,0.001,0.043,0.001,,0.001,,0.0,0.003,,0.001,,0.001,,15.1,,468.0,,,,,,,,,0.001,0.01,,0.008,,,0.0,,,,,,,,,,,,,0.4,,,,,,,,,,,,,,,,,,83.0,,0.32,,,,,
1067,333424,"Pollock, raw triad 1 (CO, CT, IN) - CY060T7",2019-04-01,,,,,,,,,,,,,,,,,,,,,52.0,,,,,,,,,,,,,,,,,,,,,,,,,,,,,,,,,,,,,,,,,,,,,,,,,,,,,,,,,,,,,,,,,,,,,,,,,,,1.13,,,,,,,,,,,,,,,,,,,,,,,,,,,,,0.27,,,,,,,,,,,,,,0.1,,,,,,,,,,,,,,,,,,,,,,,,,,,,,,,,,,,,,,,0.02,,,,,,,,,,,,,,,,,2.8,0.129,,,5.0,,0.1,,,,,,,,,,,,,,
1068,333436,"Pollock, raw triad 3 (NC, OK) - CY060T6",2019-04-01,,,,,,,,,,,,,,,,,,,,,42.0,,,,,,,,,,,,,,,,,,,,,,,,,,,,,,,,,,,,,,,,,,,,,,,,,,,,,,,,,,,,,,,,,,,,,,,,,,,0.39,,,,,,,,,,,,,,,,,,,,,,,,,,,,,0.13,,,,,,,,,,,,,,0.07,,,,,,,,,,,,,,,,,,,,,,,,,,,,,,,,,,,,,,,0.05,,0.0,0.0,0.0,0.0,0.0,0.0,0.0,,,,,,,,,1.0,0.036,,,17.0,,0.4,,,0.44,,,,,,,,,,,
1069,333448,"Pollock, raw (NATIONAL) - CY060TA",2019-04-01,,,,,0.75,0.93,,1.31,,,,,,,,,,,,,,,,,,,,,,,,,0.14,,,,,,,,,,,,,,,,,,,,,,,2.08,,0.59,,,0.28,,,,0.62,,1.06,,,,,1.21,,,,,,,,,,,,,,,,,,,,,,0.4,,,2.11,,,,,,,,,,,,,,,,,,,,,,,,,,,,,0.51,,,,,,0.5,,,,,,3.0,,,,,,,,,,,,,,,,,,,,,,,0.54,,,,,,,,,,,,,,,,,,0.58,,,,,,,,,,,,0.18,0.49,0.67,,,,0.0,,,,,,,,0.0,0.0,0.0,,,,,,,,
1070,333463,"Pollock, raw triad 2 (MI, MO, NY) - CY060T8 (Vitamin D value)",2019-04-01,,,,,,,,,,,,,,,,,,,,,44.0,,,,,,,,,,,,,,,,,,,,,,,,,,,,,,,,,,,,,,,,,,,,,,,,,,,,,,,,,,,,,,,,,,,,,,,,,,,0.44,,,,,,,,,,,,,,,,,,,,,,,,,,,,,0.31,,,,,,,,,,,,,,0.07,,,,,,,,,,,,,,,,,,,,,,,,,,,,,,,,,,,,,,,0.02,,0.0,0.0,0.0,0.0,0.0,0.0,0.0,,,,,,,,,1.1,0.041,,,3.0,,0.1,,,0.54,,,,,,,,,,,
1071,333477,"Tuna, canned, in water, drained solids,  BUMBLEBEE CHUNK LIGHT, IN WATER  (CA2,NC) - CY091JM",2019-04-01,,,,,,,1.0,,,,,,,,18.0,,,,,,,,,,,,,,0.053,,,,,,,,,,,,,,,,,,,,,,,,,,,,,,,,,,,1.51,,,,,,,,,,,,,,,,,,,,,,,,,,20.1,,,0.018,,,,2.69,,,,,,,,,,,,,,,,,,,,,,,,,,,,,,120.0,,,,157.0,,,,,,,,,,,,,,,,,,,,,,,,,,,,,,,242.0,,,,,,,,,,,,,,,,,,,,,,,,,,,,0.86,,,,,,,,,,,,,,,,,,80.2,,0.63,,,,,
1072,333496,"Tuna, canned, in water, drained solids,  BUMBLEBEE CHUNK LIGHT, IN WATER  (FL,MO) - CY091JO",2019-04-01,,,,,,,1.11,,,,,,,,18.0,,,,,,,,,,,,,,0.05,,,,,,,,,,,,,,,,,,,,,,,,,,,,,,,,,,,1.24,,,,,,,,,,,,,,,,,,,,,,,,,,20.2,,,0.019,,,,2.71,,,,,,,,,,,,,,,,,,,,,,,,,,,,,,126.0,,,,167.0,,,,,,,,,,,,,,,,,,,,,,,,,,,,,,,206.0,,,,,,,,,,,,,,,,,,,,,,,,,,,,0.96,,,,,,,,,,,,,,,,,,81.2,,0.62,,,,,
1073,333515,"Tuna, canned, in water, drained solids,  BUMBLEBEE CHUNK LIGHT, IN WATER  (IN,NY) - CY091JK",2019-04-01,,,,,,,0.97,,,,,,,,18.0,,,,,,,,,,,,,,0.049,,,,,,,,,,,,,,,,,,,,,,,,,,,,,,,,,,,2.07,,,,,,,,,,,,,,,,,,,,,,,,,,20.6,,,0.018,,,,3.15,,,,,,,,,,,,,,,,,,,,,,,,,,,,,,125.0,,,,160.0,,,,,,,,,,,,,,,,,,,,,,,,,,,,,,,197.0,,,,,,,,,,,,,,,,,,,,,,,,,,,,1.14,,,,,,,,,,,,,,,,,,79.0,,0.75,,,,,
1074,333533,"Tuna, canned, in water, drained solids,  BUMBLEBEE CHUNK LIGHT, IN WATER  (CO,CT) - CY091JN",2019-04-01,,,,,,,1.01,,,,,,,,22.0,,,,,,,,,,,,,,0.045,,,,,,,,,,,,,,,,,,,,,,,,,,,,,,,,,,,1.29,,,,,,,,,,,,0.0,,0.022,0.005,,0.129,,0.01,,,0.0,,,0.003,21.7,,,0.021,,,,3.3,,,0.0,0.014,,0.003,0.0,,0.003,,0.004,,0.0,0.0,0.0,0.034,,,0.04,,0.0,,0.003,,0.008,,0.272,,,141.0,,,,191.0,,,,,,,,,0.004,0.0,0.002,,0.018,0.008,0.175,0.009,0.065,0.003,,0.003,,0.002,0.0,,0.0,,0.0,,,,227.0,,,,,,,,,0.002,0.0,,0.0,,,0.0,,,,,,,,,,,,,1.27,,,,,,,,,,,,,,,,,,77.6,,0.59,,,,,
1075,333553,"Tuna, canned, in water, drained solids,  BUMBLEBEE CHUNK LIGHT, IN WATER  (AL,CA1) - CY091JL",2019-04-01,,0.0,,,,,0.97,,,,,,,,21.0,,,,,,36.0,,,,,,,,0.049,,,,,,,,,,,,,,,,,,,,,,,,,,,,,,,,,,,1.67,,,,,,,,,,,,0.0,,0.023,0.004,,0.118,,0.003,,,0.0,,,0.0,20.6,,,0.019,,,8.36,2.56,,,0.0,0.017,,0.004,0.0,,0.005,,0.003,,0.0,0.001,0.0,0.023,,,0.036,,0.0,,0.003,,0.006,,0.231,0.148,,116.0,,,,156.0,,,,,,,,0.08,0.004,0.0,0.001,,0.018,0.007,0.181,0.009,0.063,0.002,,0.003,,0.002,0.0,,0.0,,0.0,,55.4,,287.0,,,,,,,,,0.002,0.003,,0.001,,,0.0,0.03,,,,,,,,,,,,1.26,,,,,3.0,0.325,,,53.0,,1.3,,,,,,,80.0,,0.73,,,,,
1076,333582,"Tuna, canned, in water, drained solids,  BUMBLEBEE CHUNK LIGHT, IN WATER  (MI,OK) - CY091JP",2019-04-01,,,,,,,1.21,,,,,,,,18.0,,,,,,,,,,,,,,0.053,,,,,,,,,,,,,,,,,,,,,,,,,,,,,,,,,,,1.99,,,,,,,,,,,,0.0,,0.016,0.004,,0.105,,0.002,,,0.0,,,0.003,21.9,,,0.018,,,,2.97,,,0.0,0.063,,0.009,0.0,,0.003,,0.002,,0.0,0.001,0.0,0.023,,,0.026,,0.0,,0.002,,0.005,,0.193,,,136.0,,,,177.0,,,,,,,,,0.004,0.0,0.001,,0.011,0.007,0.14,0.007,0.056,0.002,,0.003,,0.002,0.0,,0.0,,0.0,,,,260.0,,,,,,,,,0.0,0.0,,0.002,,,0.0,,,,,,,,,,,,,1.06,,,,,,,,,,,,,,,,,,79.1,,0.6,,,,,
1077,333602,"Tuna, canned, in water, drained solids,  CHICKEN OF THE SEA CHUNK LIGHT, IN WATER  (IN,NY) - CY091JQ",2019-04-01,,,,,,,1.19,,,,,,,,17.0,,,,,,,,,,,,,,0.049,,,,,,,,,,,,,,,,,,,,,,,,,,,,,,,,,,,1.31,,,,,,,,,,,,,,,,,,,,,,,,,,23.4,,,0.017,,,,3.17,,,,,,,,,,,,,,,,,,,,,,,,,,,,,,141.0,,,,182.0,,,,,,,,,,,,,,,,,,,,,,,,,,,,,,,261.0,,,,,,,,,,,,,,,,,,,,,,,,,,,,0.9,,,,,,,,,,,,,,,,,,78.1,,0.62,,,,,
1078,333621,"Tuna, canned, in water, drained solids,  CHICKEN OF THE SEA CHUNK LIGHT, IN WATER  (VA,NC) - CY091JS",2019-04-01,,,,,,,1.18,,,,,,,,18.0,,,,,,,,,,,,,,0.049,,,,,,,,,,,,,,,,,,,,,,,,,,,,,,,,,,,1.49,,,,,,,,,,,,,,,,,,,,,,,,,,22.6,,,0.02,,,,2.85,,,,,,,,,,,,,,,,,,,,,,,,,,,,,,139.0,,,,191.0,,,,,,,,,,,,,,,,,,,,,,,,,,,,,,,184.0,,,,,,,,,,,,,,,,,,,,,,,,,,,,0.82,,,,,,,,,,,,,,,,,,78.9,,0.66,,,,,
1079,333640,"Tuna, canned, in water, drained solids,  CHICKEN OF THE SEA CHUNK LIGHT, IN WATER  (FL,MO) - CY091JU",2019-04-01,,,,,,,1.11,,,,,,,,17.0,,,,,,,,,,,,,,0.044,,,,,,,,,,,,,,,,,,,,,,,,,,,,,,,,,,,1.41,,,,,,,,,,,,,,,,,,,,,,,,,,22.9,,,0.041,,,,2.98,,,,,,,,,,,,,,,,,,,,,,,,,,,,,,149.0,,,,195.0,,,,,,,,,,,,,,,,,,,,,,,,,,,,,,,195.0,,,,,,,,,,,,,,,,,,,,,,,,,,,,1.03,,,,,,,,,,,,,,,,,,79.6,,0.45,,,,,
1080,333659,"Tuna, canned, in water, drained solids,  CHICKEN OF THE SEA CHUNK LIGHT, IN WATER  (CO,CT) - CY091JT",2019-04-01,,,,,,,1.15,,,,,,,,21.0,,,,,,,,,,,,,,0.05,,,,,,,,,,,,,,,,,,,,,,,,,,,,,,,,,,,1.42,,,,,,,,,,,,0.0,,0.015,0.003,,0.078,,0.005,,,0.0,,,0.001,24.8,,,0.022,,,,3.06,,,0.0,0.01,,0.002,0.0,,0.002,,0.002,,0.001,0.0,0.0,0.025,,,0.03,,0.0,,0.003,,0.004,,0.211,,,138.0,,,,181.0,,,,,,,,,0.005,0.0,0.0,,0.01,0.005,0.134,0.007,0.053,0.001,,0.001,,0.001,0.0,,0.0,,0.0,,,,231.0,,,,,,,,,0.003,0.0,,0.0,,,0.0,,,,,,,,,,,,,0.85,,,,,,,,,,,,,,,,,,77.6,,0.65,,,,,
1081,333679,"Tuna, canned, in water, drained solids,  CHICKEN OF THE SEA CHUNK LIGHT, IN WATER  (MI,OK) - CY091JV",2019-04-01,,,,,,,1.07,,,,,,,,15.0,,,,,,,,,,,,,,0.051,,,,,,,,,,,,,,,,,,,,,,,,,,,,,,,,,,,1.43,,,,,,,,,,,,0.0,,0.01,0.003,,0.056,,0.003,,,0.0,,,0.0,22.9,,,0.016,,,,2.93,,,0.0,0.01,,0.002,0.0,,0.002,,0.001,,0.0,0.0,0.0,0.019,,,0.023,,0.0,,0.0,,0.003,,0.161,,,146.0,,,,197.0,,,,,,,,,0.006,0.0,0.0,,0.008,0.004,0.095,0.005,0.041,0.003,,0.0,,0.0,0.0,,0.0,,0.0,,,,152.0,,,,,,,,,0.0,0.0,,0.0,,,0.0,,,,,,,,,,,,,1.01,,,,,,,,,,,,,,,,,,79.1,,0.59,,,,,
1082,333699,"Tuna, canned, in water, drained solids,  STARKIST, CHUNK LIGHT, IN WATER  (IN,NY) - CY091JW",2019-04-01,,,,,,,1.1,,,,,,,,22.0,,,,,,,,,,,,,,0.053,,,,,,,,,,,,,,,,,,,,,,,,,,,,,,,,,,,1.92,,,,,,,,,,,,,,,,,,,,,,,,,,26.6,,,0.027,,,,3.27,,,,,,,,,,,,,,,,,,,,,,,,,,,,,,141.0,,,,178.0,,,,,,,,,,,,,,,,,,,,,,,,,,,,,,,344.0,,,,,,,,,,,,,,,,,,,,,,,,,,,,1.18,,,,,,,,,,,,,,,,,,76.1,,1.03,,,,,
1083,333718,"Tuna, canned, in water, drained solids,  CHICKEN OF THE SEA CHUNK LIGHT, IN WATER  (VA,CA1) - CY091JR",2019-04-01,,0.0,,,,,1.14,,,,,,,,20.0,,,,,,31.0,,,,,,,,0.04,,,,,,,,,,,,,,,,,,,,,,,,,,,,,,,,,,,0.87,,,,,,,,,,,,0.0,,0.013,0.005,,0.089,,0.008,,,0.0,,,0.002,21.9,,,0.023,,,9.72,3.08,,,0.0,0.012,,0.002,0.0,,0.002,,0.004,,0.002,0.0,0.0,0.029,,,0.034,,0.0,,0.003,,0.005,,0.221,0.148,,144.0,,,,180.0,,,,,,,,0.07,0.006,0.0,0.002,,0.01,0.005,0.14,0.007,0.055,0.003,,0.002,,0.002,0.0,,0.0,,0.0,,66.4,,167.0,,,,,,,,,0.001,0.003,,0.0,,,0.0,0.03,,,,,,,,,,,,0.97,,,,,2.0,0.321,,,29.0,,0.7,,,,,,,78.0,,0.55,,,,,
1084,333747,"Tuna, canned, in water, drained solids,  STARKIST, CHUNK LIGHT, IN WATER  (CA2,NC) - CY091JY",2019-04-01,,,,,,,1.08,,,,,,,,21.0,,,,,,,,,,,,,,0.055,,,,,,,,,,,,,,,,,,,,,,,,,,,,,,,,,,,2.0,,,,,,,,,,,,,,,,,,,,,,,,,,23.9,,,0.021,,,,3.08,,,,,,,,,,,,,,,,,,,,,,,,,,,,,,148.0,,,,184.0,,,,,,,,,,,,,,,,,,,,,,,,,,,,,,,251.0,,,,,,,,,,,,,,,,,,,,,,,,,,,,0.86,,,,,,,,,,,,,,,,,,77.7,,0.62,,,,,
1085,333766,"Tuna, canned, in water, drained solids,  STARKIST, CHUNK LIGHT, IN WATER  (FL,MO) - CY091K0",2019-04-01,,,,,,,0.74,,,,,,,,20.0,,,,,,,,,,,,,,0.052,,,,,,,,,,,,,,,,,,,,,,,,,,,,,,,,,,,1.66,,,,,,,,,,,,,,,,,,,,,,,,,,23.6,,,0.019,,,,3.02,,,,,,,,,,,,,,,,,,,,,,,,,,,,,,143.0,,,,187.0,,,,,,,,,,,,,,,,,,,,,,,,,,,,,,,306.0,,,,,,,,,,,,,,,,,,,,,,,,,,,,0.85,,,,,,,,,,,,,,,,,,78.8,,0.58,,,,,
1086,333785,"Tuna, canned, in water, drained solids,  STARKIST, CHUNK LIGHT, IN WATER  (CO,CT) - CY091JZ",2019-04-01,,,,,,,1.05,,,,,,,,20.0,,,,,,,,,,,,,,0.056,,,,,,,,,,,,,,,,,,,,,,,,,,,,,,,,,,,1.97,,,,,,,,,,,,0.0,,0.013,0.005,,0.088,,0.005,,,0.0,,,0.002,24.7,,,0.02,,,,3.0,,,0.0,0.01,,0.002,0.0,,0.003,,0.002,,0.0,0.0,0.0,0.023,,,0.039,,0.0,,0.003,,0.006,,0.239,,,139.0,,,,175.0,,,,,,,,,0.004,0.0,0.0,,0.013,0.007,0.136,0.007,0.055,0.001,,0.0,,0.002,0.0,,0.0,,0.0,,,,280.0,,,,,,,,,0.002,0.0,,0.0,,,0.0,,,,,,,,,,,,,0.86,,,,,,,,,,,,,,,,,,79.2,,0.76,,,,,
1087,333805,"Tuna, canned, in water, drained solids, store brand,  AMERICAS CHOICE &  KROGER (IN,NY) - CY091K2",2019-04-01,,,,,,,0.81,,,,,,,,13.0,,,,,,,,,,,,,,0.051,,,,,,,,,,,,,,,,,,,,,,,,,,,,,,,,,,,1.83,,,,,,,,,,,,,,,,,,,,,,,,,,22.4,,,0.011,,,,3.19,,,,,,,,,,,,,,,,,,,,,,,,,,,,,,139.0,,,,180.0,,,,,,,,,,,,,,,,,,,,,,,,,,,,,,,329.0,,,,,,,,,,,,,,,,,,,,,,,,,,,,0.84,,,,,,,,,,,,,,,,,,78.0,,0.77,,,,,
1088,333824,"Tuna, canned, in water, drained solids,  STARKIST, CHUNK LIGHT, IN WATER  (MI,OK) - CY091K1",2019-04-01,,,,,,,0.78,,,,,,,,20.0,,,,,,,,,,,,,,0.052,,,,,,,,,,,,,,,,,,,,,,,,,,,,,,,,,,,1.27,,,,,,,,,,,,0.0,,0.016,0.004,,0.091,,0.004,,,0.0,,,0.002,24.8,,,0.018,,,,3.09,,,0.0,0.01,,0.002,0.0,,0.002,,0.002,,0.0,0.0,0.0,0.027,,,0.029,,0.0,,0.002,,0.004,,0.209,,,151.0,,,,189.0,,,,,,,,,0.005,0.0,0.0,,0.011,0.006,0.142,0.007,0.054,0.002,,0.002,,0.003,0.0,,0.0,,0.0,,,,316.0,,,,,,,,,0.001,0.0,,0.0,,,0.0,,,,,,,,,,,,,1.09,,,,,,,,,,,,,,,,,,78.2,,1.11,,,,,
1089,333844,"Tuna, canned, in water, drained solids, store brand,  MY ESSENTIALS &  SUNNY SELECT (CA2,NC) - CY091K4",2019-04-01,,,,,,,0.74,,,,,,,,14.0,,,,,,,,,,,,,,0.045,,,,,,,,,,,,,,,,,,,,,,,,,,,,,,,,,,,1.32,,,,,,,,,,,,,,,,,,,,,,,,,,19.1,,,0.015,,,,3.31,,,,,,,,,,,,,,,,,,,,,,,,,,,,,,138.0,,,,172.0,,,,,,,,,,,,,,,,,,,,,,,,,,,,,,,161.0,,,,,,,,,,,,,,,,,,,,,,,,,,,,0.98,,,,,,,,,,,,,,,,,,77.9,,0.51,,,,,
1090,333863,"Tuna, canned, in water, drained solids,  STARKIST, CHUNK LIGHT, IN WATER  (AL,CA1) - CY091JX",2019-04-01,,0.0,,,,,1.09,,,,,,,,10.0,,,,,,38.0,,,,,,,,0.047,,,,,,,,,,,,,,,,,,,,,,,,,,,,,,,,,,,1.33,,,,,,,,,,,,0.0,,0.012,0.003,,0.084,,0.002,,,0.0,,,0.002,21.3,,,0.011,,,11.3,3.23,,,0.0,0.01,,0.002,0.0,,0.003,,0.002,,0.0,0.0,0.0,0.025,,,0.023,,0.0,,0.003,,0.004,,0.163,0.148,,144.0,,,,185.0,,,,,,,,0.09,0.005,0.0,0.0,,0.008,0.005,0.12,0.006,0.05,0.002,,0.003,,0.001,0.0,,0.0,,0.0,,68.1,,350.0,,,,,,,,,0.0,0.0,,0.0,,,0.0,0.03,,,,,,,,,,,,0.99,,,,,2.7,0.319,,,54.0,,1.4,,,,,,,76.9,,0.56,,,,,
1091,333892,"Tuna, canned, in water, drained solids, store brand,  GREAT VALUE &  MIDWEST COUNTRY FARE (FL,MO) - CY091K6",2019-04-01,,,,,,,0.74,,,,,,,,17.0,,,,,,,,,,,,,,0.059,,,,,,,,,,,,,,,,,,,,,,,,,,,,,,,,,,,1.71,,,,,,,,,,,,,,,,,,,,,,,,,,21.1,,,0.02,,,,3.33,,,,,,,,,,,,,,,,,,,,,,,,,,,,,,136.0,,,,184.0,,,,,,,,,,,,,,,,,,,,,,,,,,,,,,,239.0,,,,,,,,,,,,,,,,,,,,,,,,,,,,0.9,,,,,,,,,,,,,,,,,,78.0,,0.82,,,,,
1092,333911,"Tuna, canned, in water, drained solids, store brand,  SAFEWAY &  SHOP RITE (CO,CT) - CY091K5",2019-04-01,,,,,,,0.8,,,,,,,,15.0,,,,,,,,,,,,,,0.053,,,,,,,,,,,,,,,,,,,,,,,,,,,,,,,,,,,2.4,,,,,,,,,,,,0.0,,0.017,0.003,,0.083,,0.002,,,0.0,,,0.0,21.7,,,0.018,,,,3.18,,,0.0,0.012,,0.002,0.0,,0.003,,0.002,,0.0,0.002,0.0,0.026,,,0.026,,0.0,,0.001,,0.004,,0.187,,,135.0,,,,180.0,,,,,,,,,0.003,0.0,0.0,,0.012,0.006,0.128,0.006,0.052,0.002,,0.002,,0.002,0.0,,0.0,,0.0,,,,248.0,,,,,,,,,0.002,0.0,,0.002,,,0.0,,,,,,,,,,,,,1.01,,,,,,,,,,,,,,,,,,76.0,,0.59,,,,,
1093,333931,"Tuna, canned, in water, drained solids, store brand,  GREAT VALUE &  KROGER (MI,OK) - CY091K7",2019-04-01,,,,,,,0.77,,,,,,,,17.0,,,,,,,,,,,,,,0.045,,,,,,,,,,,,,,,,,,,,,,,,,,,,,,,,,,,1.64,,,,,,,,,,,,0.0,,0.008,0.002,,0.07,,0.003,,,0.0,,,0.002,23.1,,,0.011,,,,3.19,,,0.0,0.011,,0.002,0.0,,0.001,,0.002,,0.0,0.0,0.0,0.024,,,0.024,,0.0,,0.002,,0.004,,0.17,,,142.0,,,,181.0,,,,,,,,,0.005,0.0,0.0,,0.006,0.004,0.102,0.006,0.045,0.0,,0.0,,0.0,0.0,,0.0,,0.0,,,,183.0,,,,,,,,,0.0,0.0,,0.0,,,0.0,,,,,,,,,,,,,0.83,,,,,,,,,,,,,,,,,,77.4,,0.63,,,,,
1094,333951,"TUNA, BUMBLE BEE CHUNK LIGHT IN WATER, DRAINED SOLIDS",2019-04-01,,,,,,,0.95,,,,,,,,19.0,,,,,,,,,,,,,,0.043,,,,,,,,,,,,,,0.1,0.24,0.21,0.0,,,,,,,,,,,,,,,,,,1.3,,,,,,,,,0.0,,0.0,0.0,,0.015,0.003,,0.073,,,0.001,,,0.0,0.0,0.008,23.8,,,0.023,,,,3.06,,,0.0,0.011,,0.002,0.0,,0.002,,0.001,,0.0,0.0,0.0,0.019,,,0.02,,0.0,0.0,0.001,,0.003,,0.18,,,135.0,,,,169.0,,,,,,,,,0.0,0.0,0.0,,0.011,0.005,0.129,0.007,0.051,0.002,0.001,0.003,0.0,0.003,0.001,0.0,0.0,0.0,0.0,0.0,,,197.0,,,,,,,,0.0,0.001,0.001,,0.0,0.0,0.0,0.0,,,,,,,,,,,,,0.9,,,,,,,,,,,,,,,,,,80.2,,0.55,,,,,
1095,333963,"Tuna, canned, in water, drained solids, store brand,  GREAT VALUE &  SAFEWAY (AL,CA1) - CY091K3",2019-04-01,,0.0,,,,,0.75,,,,,,,,14.0,,,,,,38.0,,,,,,,,0.056,,,,,,,,,,,,,,,,,,,,,,,,,,,,,,,,,,,1.78,,,,,,,,,,,,0.0,,0.009,0.002,,0.063,,0.003,,,0.0,,,0.001,23.6,,,0.015,,,10.3,3.36,,,0.0,0.01,,0.001,0.0,,0.002,,0.002,,0.0,0.0,0.0,0.024,,,0.022,,0.0,,0.001,,0.002,,0.167,0.148,,135.0,,,,161.0,,,,,,,,0.09,0.004,0.0,0.0,,0.006,0.004,0.102,0.005,0.046,0.002,,0.001,,0.001,0.004,,0.0,,0.0,,81.4,,263.0,,,,,,,,,0.0,0.0,,0.0,,,0.0,0.03,,,,,,,,,,,,0.87,,,,,2.6,0.315,,,51.0,,1.3,,,,,,,77.8,,0.96,,,,,
1096,333992,"TUNA, BUMBLE BEE CHUNK LIGHT IN WATER, DRAINED SOLIDS",2019-04-01,,,,,,,0.91,,,,,,,,18.0,,,,,,,,,,,,,,0.048,,,,,,,,,,,,,,0.09,0.2,0.18,0.0,,,,,,,,,,,,,,,,,,1.49,,,,,,,,,0.0,,0.0,0.0,,0.012,0.002,,0.066,,,0.002,,,0.0,0.0,0.008,22.3,,,0.022,,,,3.01,,,0.0,0.009,,0.002,0.001,,0.002,,0.001,,0.0,0.0,0.0,0.018,,,0.015,,0.0,0.0,0.002,,0.003,,0.144,,,129.0,,,,172.0,,,,,,,,,0.0,0.0,0.0,,0.009,0.004,0.109,0.006,0.045,0.002,0.001,0.003,0.0,0.002,0.001,0.0,0.0,0.0,0.0,0.0,,,170.0,,,,,,,,0.0,0.001,0.001,,0.0,0.0,0.0,0.0,,,,,,,,,,,,,0.6,,,,,,,,,,,,,,,,,,80.4,,0.55,,,,,
1097,334004,"TUNA, BUMBLE BEE CHUNK LIGHT IN WATER, DRAINED SOLIDS",2019-04-01,,,,,,,1.12,,,,,,,,22.0,,,,,,,,,,,,,,0.054,,,,,,,,,,,,,,0.11,0.28,0.25,0.0,,,,,,,,,,,,,,,,,0.0,1.54,,,,,,,,,0.0,,0.0,0.0,,0.021,0.003,,0.078,,,0.003,,,0.0,0.0,0.009,23.8,,,0.02,,,,2.83,,,0.0,0.01,,0.002,0.001,,0.003,,0.001,,0.0,0.0,0.0,0.023,,,0.026,,0.0,0.0,0.001,,0.004,,0.21,,,125.0,,,,164.0,,,,,,,,,0.0,0.0,0.0,,0.016,0.006,0.147,0.009,0.057,0.002,0.001,0.004,0.0,0.003,0.001,0.0,0.0,0.0,0.0,0.0,,,233.0,,,,,,,,0.0,0.002,0.001,,0.001,0.0,0.0,0.0,,,,,,,,,,,,,0.9,,,,,,,,,,,,,,,,,,80.2,,0.59,,,,,
1098,334017,"TUNA, BUMBLE BEE CHUNK LIGHT IN WATER, DRAINED SOLIDS",2019-04-01,,,,,,,0.86,,,,,,,,22.0,,,,,,,,,,,,,,0.045,,,,,,,,,,,,,,0.11,0.27,0.22,0.0,,,,,,,,,,,,,,,,,,2.09,,,,,,,,,0.0,,0.0,0.0,,0.014,0.002,,0.087,,,0.002,,,0.0,0.0,0.008,22.3,,,0.022,,,,2.78,,,0.0,0.018,,0.002,0.0,,0.002,,0.001,,0.0,0.0,0.0,0.019,,,0.025,,0.0,0.0,0.002,,0.004,,0.198,,,127.0,,,,163.0,,,,,,,,,0.0,0.0,0.0,,0.01,0.004,0.135,0.007,0.053,0.002,0.001,0.002,0.0,0.002,0.001,0.0,0.0,0.0,0.0,0.0,,,163.0,,,,,,,,0.0,0.0,0.0,,0.0,0.0,0.0,0.0,,,,,,,,,,,,,0.9,,,,,,,,,,,,,,,,,,81.3,,0.66,,,,,
1099,334029,"TUNA, BUMBLE BEE CHUNK LIGHT IN WATER, DRAINED SOLIDS",2019-04-01,,,,,,,0.82,,,,,,,,17.0,,,,,,,,,,,,,,0.047,,,,,,,,,,,,,,0.14,0.3,0.27,0.0,,,,,,,,,,,,,,,,,,1.7,,,,,,,,,0.0,,0.0,0.0,,0.019,0.004,,0.103,,,0.003,,,0.0,0.0,0.009,22.2,,,0.018,,,,2.94,,,0.0,0.01,,0.002,0.001,,0.004,,0.001,,0.0,0.0,0.0,0.021,,,0.026,,0.0,0.0,0.002,,0.004,,0.227,,,134.0,,,,171.0,,,,,,,,,0.0,0.0,0.0,,0.016,0.007,0.166,0.009,0.06,0.003,0.001,0.003,0.0,0.003,0.001,0.0,0.0,0.0,0.0,0.0,,,112.0,,,,,,,,0.0,0.001,0.002,,0.001,0.0,0.0,0.0,,,,,,,,,,,,,1.0,,,,,,,,,,,,,,,,,,80.1,,0.58,,,,,
1100,334041,"TUNA, BUMBLE BEE CHUNK LIGHT IN WATER, DRAINED SOLIDS",2019-04-01,,,,,,,0.84,,,,,,,,16.0,,,,,,,,,,,,,,0.042,,,,,,,,,,,,,,0.09,0.22,0.17,0.0,,,,,0.0,0.0,,,0.0,,,,,,,,,2.04,,0.0,,,,,,,0.0,,0.0,0.0,,0.011,0.002,,0.069,,,0.001,,,0.0,0.0,0.007,21.6,,0.0,0.019,,,,2.93,,,0.0,0.008,,0.002,0.0,,0.001,,0.001,,0.0,0.0,0.0,0.019,,,0.02,,0.0,0.0,0.001,,0.003,,0.161,,,131.0,,,,171.0,,,,,,,,,0.0,0.0,0.0,,0.006,0.004,0.106,0.006,0.046,0.001,0.0,0.002,0.0,0.003,0.001,0.0,0.0,0.0,0.0,0.0,,,153.0,,,,,,0.0,,0.0,0.0,0.0,,0.0,0.0,0.0,0.0,,,,,,,,,,,,,0.7,,,,,,,,,,,,,,,,,,80.3,,0.56,,,,,
1101,334054,"TUNA, CHICKEN OF THE SEA CHUNK LIGHT, IN WATER, DRAINED SOLIDS",2019-04-01,,,,,,,0.96,,,,,,,,15.0,,,,,,,,,,,,,,0.038,,,,,,,,,,,,,,0.1,0.22,0.19,0.0,,,,,,,,,,,,,,,,,,1.88,,,,,,,,,0.0,,0.0,0.0,,0.014,0.002,,0.073,,,0.002,,,0.0,0.0,0.007,21.7,,,0.018,,,,2.82,,,0.0,0.008,,0.001,0.0,,0.003,,0.001,,0.0,0.0,0.0,0.02,,,0.016,,0.0,0.0,0.001,,0.002,,0.166,,,133.0,,,,173.0,,,,,,,,,0.0,0.0,0.0,,0.008,0.004,0.114,0.006,0.048,0.001,0.001,0.003,0.0,0.002,0.001,0.0,0.0,0.0,0.0,0.0,,,197.0,,,,,,,,0.0,0.001,0.001,,0.0,0.0,0.0,0.0,,,,,,,,,,,,,0.7,,,,,,,,,,,,,,,,,,80.6,,0.54,,,,,
1102,334066,"TUNA, CHICKEN OF THE SEA CHUNK LIGHT, IN WATER, DRAINED SOLIDS",2019-04-01,,,,,,,0.81,,,,,,,,18.0,,,,,,,,,,,,,,0.044,,,,,,,,,,,,,,0.12,0.27,0.23,0.0,,,,,,,,,,,,,,,,,0.0,1.78,,,,,,,,,0.0,,0.0,0.0,,0.017,0.003,,0.093,,,0.002,,,0.0,0.0,0.008,22.5,,,0.02,,,,2.94,,,0.0,0.013,,0.002,0.0,,0.002,,0.001,,0.0,0.0,0.0,0.021,,,0.023,,0.0,0.0,0.001,,0.004,,0.198,,,137.0,,,,176.0,,,,,,,,,0.0,0.0,0.0,,0.012,0.005,0.141,0.007,0.055,0.002,0.001,0.003,0.0,0.003,0.001,0.0,0.0,0.0,0.0,0.0,,,135.0,,,,,,,,0.0,0.001,0.0,,0.0,0.0,0.0,0.0,,,,,,,,,,,,,0.8,,,,,,,,,,,,,,,,,,80.4,,0.58,,,,,
1103,334079,"TUNA, CHICKEN OF THE SEA CHUNK LIGHT, IN WATER, DRAINED SOLIDS",2019-04-01,,,,,,,0.88,,,,,,,,20.0,,,,,,,,,,,,,,0.042,,,,,,,,,,,,,,0.1,0.23,0.19,0.0,,,,,,,,,,,,,,,,,,1.77,,,,,,,,,0.0,,0.0,0.0,,0.013,0.003,,0.073,,,0.002,,,0.0,0.0,0.008,23.3,,,0.02,,,,2.86,,,0.0,0.01,,0.001,0.0,,0.002,,0.001,,0.0,0.0,0.0,0.018,,,0.02,,0.0,0.0,0.001,,0.003,,0.175,,,136.0,,,,176.0,,,,,,,,,0.0,0.0,0.0,,0.008,0.004,0.113,0.006,0.047,0.001,0.001,0.002,0.0,0.002,0.001,0.0,0.0,0.0,0.0,0.0,,,165.0,,,,,,,,0.0,0.001,0.0,,0.0,0.0,0.0,0.0,,,,,,,,,,,,,0.7,,,,,,,,,,,,,,,,,,80.3,,0.55,,,,,
1104,334091,"TUNA, CHICKEN OF THE SEA CHUNK LIGHT, IN WATER, DRAINED SOLIDS",2019-04-01,,,,,,,1.02,,,,,,,,17.0,,,,,,,,,,,,,,0.044,,,,,,,,,,,,,,0.15,0.27,0.3,0.01,,,,,,,,,,,,,,,,,,1.68,,,,,,,,,0.0,,0.0,0.0,,0.023,0.003,,0.115,,,0.001,,,0.0,0.0,0.008,22.5,,,0.018,,,,2.86,,,0.0,0.011,,0.002,0.001,,0.003,,0.001,,0.0,0.0,0.0,0.019,,,0.021,,0.0,0.0,0.002,,0.004,,0.211,,,133.0,,,,165.0,,,,,,,,,0.0,0.0,0.0,,0.018,0.008,0.182,0.01,0.065,0.003,0.002,0.004,0.0,0.004,0.001,0.0,0.0,0.0,0.0,0.0,,,210.0,,,,,,,,0.0,0.001,0.006,,0.001,0.0,0.0,0.0,,,,,,,,,,,,,1.0,,,,,,,,,,,,,,,,,,80.3,,0.54,,,,,
1105,334103,"TUNA, CHICKEN OF THE SEA CHUNK LIGHT, IN WATER, DRAINED SOLIDS",2019-04-01,,,,,,,0.96,,,,,,,,23.0,,,,,,,,,,,,,,0.044,,,,,,,,,,,,,,0.12,0.27,0.24,0.01,,,,,,,,,,,,,,,,,,1.72,,,,,,,,,0.0,,0.0,0.0,,0.017,0.003,,0.092,,,0.002,,,0.0,0.0,0.009,23.2,,,0.021,,,,2.98,,,0.0,0.009,,0.002,0.001,,0.002,,0.001,,0.0,0.0,0.0,0.021,,,0.021,,0.0,0.0,0.002,,0.004,,0.203,,,136.0,,,,173.0,,,,,,,,,0.0,0.0,0.0,,0.012,0.006,0.147,0.008,0.059,0.002,0.001,0.003,0.0,0.004,0.001,0.0,0.0,0.0,0.0,0.0,,,176.0,,,,,,,,0.0,0.001,0.004,,0.001,0.0,0.0,0.0,,,,,,,,,,,,,0.9,,,,,,,,,,,,,,,,,,80.0,,0.55,,,,,
1106,334115,"TUNA, CHICKEN OF THE SEA CHUNK LIGHT, IN WATER, DRAINED SOLIDS",2019-04-01,,,,,,,0.85,,,,,,,,21.0,,,,,,,,,,,,,,0.031,,,,,,,,,,,,,,0.09,0.22,0.18,0.0,,,,,,,,,,,,,,,,,,1.98,,,,,,,,,0.0,,0.0,0.0,,0.012,0.002,,0.069,,,0.002,,,0.0,0.0,0.008,21.7,,,0.026,,,,3.12,,,0.0,0.008,,0.001,0.0,,0.002,,0.001,,0.0,0.0,0.0,0.02,,,0.018,,0.0,0.0,0.002,,0.003,,0.166,,,139.0,,,,180.0,,,,,,,,,0.0,0.0,0.0,,0.008,0.004,0.109,0.006,0.045,0.002,0.001,0.002,0.0,0.003,0.001,0.0,0.0,0.0,0.0,0.0,,,123.0,,,,,,,,0.0,0.001,0.0,,0.0,0.0,0.0,0.0,,,,,,,,,,,,,0.8,,,,,,,,,,,,,,,,,,79.8,,0.49,,,,,
1107,334127,"TUNA, STARKIST, CHUNK LIGHT, IN WATER, DRAINED SOLIDS",2019-04-01,,,,,,,1.23,,,,,,,,14.0,,,,,,,,,,,,,,0.042,,,,,,,,,,,,,,0.11,0.28,0.2,0.01,,,,,,,,,,,,,,,,,,2.13,,,,,,,,,0.0,,0.0,0.0,,0.009,0.002,,0.083,,,0.004,,,0.001,0.001,0.011,25.4,,,0.022,,,,3.3,,,0.0,0.016,,0.003,0.0,,0.001,,0.002,,0.001,0.0,0.0,0.017,,,0.025,,0.0,0.0,0.002,,0.005,,0.211,,,179.0,,,,194.0,,,,,,,,,0.0,0.0,0.0,,0.009,0.003,0.117,0.006,0.055,0.002,0.0,0.001,0.0,0.002,0.001,0.0,0.0,0.0,0.0,0.0,,,242.0,,,,,,,,0.0,0.001,0.005,,0.0,0.0,0.0,0.0,,,,,,,,,,,,,0.9,,,,,,,,,,,,,,,,,,77.5,,0.54,,,,,
1108,334137,"TUNA, STARKIST, CHUNK LIGHT, IN WATER, DRAINED SOLIDS",2019-04-01,,,,,,,1.04,,,,,,,,17.0,,,,,,,,,,,,,,0.046,,,,,,,,,,,,,,0.1,0.2,0.22,0.0,,,,,,,,,,,,,,,,,,1.38,,,,,,,,,0.0,,0.0,0.0,,0.014,0.002,,0.069,,,0.002,,,0.0,0.0,0.009,23.1,,,0.016,,,,3.22,,,0.0,0.007,,0.001,0.0,,0.001,,0.001,,0.0,0.0,0.0,0.018,,,0.015,,0.0,0.0,0.002,,0.003,,0.148,,,136.0,,,,181.0,,,,,,,,,0.0,0.0,0.0,,0.011,0.005,0.125,0.007,0.056,0.002,0.001,0.004,0.0,0.003,0.001,0.0,0.0,0.0,0.0,0.0,,,193.0,,,,,,,,0.0,0.001,0.003,,0.0,0.0,0.0,0.0,,,,,,,,,,,,,0.9,,,,,,,,,,,,,,,,,,78.9,,0.78,,,,,
1109,334147,"TUNA, STARKIST, CHUNK LIGHT, IN WATER, DRAINED SOLIDS",2019-04-01,,,,,,,1.18,,,,,,,,18.0,,,,,,,,,,,,,,0.054,,,,,,,,,,,,,,0.12,0.28,0.25,0.0,,,,,,,,,,,,,,,,,,1.78,,,,,,,,,0.0,,0.0,0.0,,0.016,0.003,,0.088,,,0.005,,,0.001,0.001,0.011,23.5,,,0.017,,,,2.88,,,0.0,0.009,,0.001,0.0,,0.002,,0.002,,0.001,0.0,0.0,0.024,,,0.026,,0.0,0.0,0.002,,0.004,,0.211,,,139.0,,,,175.0,,,,,,,,,0.0,0.0,0.0,,0.012,0.005,0.149,0.008,0.062,0.002,0.001,0.003,0.0,0.003,0.0,0.0,0.0,0.0,0.0,0.0,,,227.0,,,,,,,,0.0,0.001,0.003,,0.0,0.0,0.0,0.0,,,,,,,,,,,,,1.1,,,,,,,,,,,,,,,,,,79.7,,1.0,,,,,
1110,334159,"TUNA, STARKIST, CHUNK LIGHT, IN WATER, DRAINED SOLIDS",2019-04-01,,,,,,,1.02,,,,,,,,18.0,,,,,,,,,,,,,,0.047,,,,,,,,,,,,,,0.14,0.31,0.25,0.0,,,,,,,,,,,,,,,,,0.0,2.08,,,,,,,,,0.0,,0.0,0.0,,0.023,0.004,,0.095,,,0.005,,,0.001,0.001,0.009,22.9,,,0.019,,,,3.04,,,0.0,0.011,,0.002,0.0,,0.003,,0.002,,0.0,0.001,0.0,0.024,,,0.03,,0.0,0.0,0.002,,0.005,,0.226,,,134.0,,,,169.0,,,,,,,,,0.0,0.0,0.0,,0.015,0.006,0.151,0.009,0.058,0.003,0.001,0.003,0.0,0.003,0.0,0.0,0.0,0.0,0.0,0.0,,,202.0,,,,,,,,0.0,0.001,0.0,,0.001,0.0,0.0,0.0,,,,,,,,,,,,,1.0,,,,,,,,,,,,,,,,,,79.3,,0.69,,,,,
1111,334172,"TUNA, STARKIST, CHUNK LIGHT, IN WATER, DRAINED SOLIDS",2019-04-01,,,,,,,1.14,,,,,,,,22.0,,,,,,,,,,,,,,0.047,,,,,,,,,,,,,,0.13,0.32,0.25,0.0,,,,,,,,,,,,,,,,,,1.33,,,,,,,,,0.0,,0.0,0.0,,0.024,0.004,,0.093,,,0.003,,,0.0,0.0,0.01,23.5,,,0.018,,,,3.28,,,0.0,0.01,,0.002,0.0,,0.003,,0.001,,0.0,0.001,0.0,0.027,,,0.028,,0.0,0.0,0.002,,0.004,,0.238,,,140.0,,,,170.0,,,,,,,,,0.0,0.0,0.0,,0.014,0.007,0.15,0.009,0.061,0.002,0.001,0.004,0.0,0.003,0.001,0.0,0.0,0.0,0.0,0.0,,,235.0,,,,,,,,0.0,0.001,0.0,,0.001,0.0,0.0,0.0,,,,,,,,,,,,,1.0,,,,,,,,,,,,,,,,,,78.3,,0.74,,,,,
1112,334182,"TUNA, STARKIST, CHUNK LIGHT, IN WATER, DRAINED SOLIDS",2019-04-01,,,,,,,1.02,,,,,,,,21.0,,,,,,,,,,,,,,0.051,,,,,,,,,,,,,,0.13,0.29,0.24,0.0,,,,,,,,,,,,,,,,,,2.13,,,,,,,,,0.0,,0.0,0.0,,0.018,0.003,,0.093,,,0.004,,,0.0,0.0,0.009,22.6,,,0.017,,,,2.98,,,0.0,0.011,,0.002,0.0,,0.002,,0.002,,0.0,0.001,0.0,0.022,,,0.028,,0.0,0.0,0.002,,0.004,,0.218,,,137.0,,,,167.0,,,,,,,,,0.0,0.0,0.0,,0.012,0.005,0.143,0.008,0.059,0.002,0.001,0.002,0.0,0.003,0.001,0.0,0.0,0.0,0.0,0.0,,,198.0,,,,,,,,0.0,0.001,0.0,,0.0,0.0,0.0,0.0,,,,,,,,,,,,,1.1,,,,,,,,,,,,,,,,,,79.7,,0.77,,,,,
1113,334195,"Sugar, Granulated, White, store brand (CA2, NC1, OK1) - CY040ZE",2019-04-01,,,,,,,0.03,,,,,,,,0.0,,,,,,,,,,,,,,0.007,,,,,,,,,,,,,,,,,,,,,,0.0,0.0,,,0.0,,,,,,,,,0.09,,0.0,,,,,,,,,,,,,,,,,,,,,,,,0.3,,0.0,0.004,,,,0.0,,,,,,,,,,,,,,,,,,,,,,,,,,,,,,0.0,,,,1.0,,,,,,,,,,,,,,,,,,,,,,,,,,,,,,,1.0,,,,,,100.0,,,,,,,,,,,,,,,,,,,,,,0.33,,,,,,,,,,,,,,,,,,0.01,,0.01,,,,,
1114,334200,"Sugar, Granulated, White, Name brand (CA2, NC1, OK1) - CY040ZA",2019-04-01,,,,,,,0.03,,,,,,,,1.0,,,,,,,,,,,,,,0.007,,,,,,,,,,,,,,,,,,,,,,0.0,0.0,,,0.0,,,,,,,,,0.06,,0.0,,,,,,,,,,,,,,,,,,,,,,,,0.3,,0.0,0.004,,,,0.0,,,,,,,,,,,,,,,,,,,,,,,,,,,,,,0.0,,,,1.0,,,,,,,,,,,,,,,,,,,,,,,,,,,,,,,1.0,,,,,,99.2,,,,,,,,,,,,,,,,,,,,,,0.22,,,,,,,,,,,,,,,,,,0.01,,0.01,,,,,
1115,334207,"Sugar, Granulated, White, Name brand (CO2, CT1, IN1) - CY040ZB",2019-04-01,,,,,,,0.11,,,,,,,,3.0,,,,,,,,,,,,,,0.007,,,,,,,,,,,,,,,,,,,,,,0.0,0.0,,,0.0,,,,,,,,,0.05,,0.0,,,,,,,,,,,,,,,,,,,,,,,,0.3,,0.0,0.004,,,,0.0,,,,,,,,,,,,,,,,,,,,,,,,,,,,,,0.0,,,,1.0,,,,,,,,,,,,,,,,,,,,,,,,,,,,,,,1.0,,,,,,99.9,,,,,,,,,,,,,,,,,,,,,,0.19,,,,,,,,,,,,,,,,,,0.01,,0.02,,,,,
1116,334214,"Sugar, Granulated, White, Name brand (FL1, MO1, NY1) - CY040ZC",2019-04-01,,,,,,,0.08,,,,,,,,2.0,,,,,,,,,,,,,,0.007,,,,,,,,,,,,,,,,,,,,,,0.0,0.0,,,0.0,,,,,,,,,0.03,,0.0,,,,,,,,,,,,,,,,,,,,,,,,0.3,,0.0,0.004,,,,0.0,,,,,,,,,,,,,,,,,,,,,,,,,,,,,,0.0,,,,1.0,,,,,,,,,,,,,,,,,,,,,,,,,,,,,,,1.0,,,,,,99.8,,,,,,,,,,,,,,,,,,,,,,0.11,,,,,,,,,,,,,,,,,,0.04,,0.01,,,,,
1117,334221,"Sugar, Granulated, White, store brand (CO2, CT1, IN1) - CY040ZF",2019-04-01,,,,,,,0.13,,,,,,,,0.0,,,,,,,,,,,,,,0.007,,,,,,,,,,,,,,,,,,,,,,0.0,0.0,,,0.0,,,,,,,,,0.03,,0.0,,,,,,,,,,,,,,,,,,,,,,,,0.3,,0.0,0.004,,,,0.0,,,,,,,,,,,,,,,,,,,,,,,,,,,,,,0.0,,,,2.0,,,,,,,,,,,,,,,,,,,,,,,,,,,,,,,1.0,,,,,,99.9,,,,,,,,,,,,,,,,,,,,,,0.55,,,,,,,,,,,,,,,,,,0.02,,0.01,,,,,
1118,334227,"Sugar, Granulated, White, Name brand (AL1, CA1, MI1) - CY040ZD",2019-04-01,,,,,,,0.09,,,,,,,,2.0,,,,,,,,,,,,,,0.007,,,,,,,,,,,,,,,,,,,,,,0.0,0.21,,,0.0,,,,,,,,,0.05,,0.0,,,,,,,,,,,,,,,,,,,,,,,,0.3,,0.0,0.004,,,,0.0,,,,,,,,,,,,,,,,,,,,,,,,,,,,,,0.0,,,,1.0,,,,,,,,,,,,,,,,,,,,,,,,,,,,,,,1.0,,,,,,99.9,,,,,,,,,,,,,,,,,,,,,,0.32,,,,,,,,,,,,,,,,,,0.01,,0.01,,,,,
1119,334235,"Sugar, Granulated, White, store brand (FL1, MO1, NY1) - CY040ZG",2019-04-01,,,,,,,0.03,,,,,,,,0.0,,,,,,,,,,,,,,0.007,,,,,,,,,,,,,,,,,,,,,,0.0,0.0,,,0.0,,,,,,,,,0.05,,0.0,,,,,,,,,,,,,,,,,,,,,,,,0.3,,0.0,0.004,,,,0.0,,,,,,,,,,,,,,,,,,,,,,,,,,,,,,0.0,,,,3.0,,,,,,,,,,,,,,,,,,,,,,,,,,,,,,,1.0,,,,,,99.9,,,,,,,,,,,,,,,,,,,,,,0.33,,,,,,,,,,,,,,,,,,0.06,,0.01,,,,,
1120,334240,"Sugar, Granulated, White, store brand (AL1, CA1, MI1) - CY040ZH",2019-04-01,,,,,,,0.03,,,,,,,,1.0,,,,,,,,,,,,,,0.007,,,,,,,,,,,,,,,,,,,,,,0.0,0.0,,,0.0,,,,,,,,,0.05,,0.0,,,,,,,,,,,,,,,,,,,,,,,,0.3,,0.0,0.004,,,,0.0,,,,,,,,,,,,,,,,,,,,,,,,,,,,,,0.0,,,,1.0,,,,,,,,,,,,,,,,,,,,,,,,,,,,,,,1.0,,,,,,100.0,,,,,,,,,,,,,,,,,,,,,,0.48,,,,,,,,,,,,,,,,,,0.01,,0.01,,,,,
1121,334248,"Sweet And Sour Pork, Chinese restaurant (IN1,NY1) - CY09041",2019-04-01,,,,,,,0.97,,,,,,,,,,,,,,23.0,,,,,,,,,,,,,,,,,,,,,,,,,,,,1.0,,4.42,0.0,,,4.52,,,,,,,,,,,0.0,,,,,,,,,,,,,,,,,,,,,,,,,,0.0,,,,1.83,1.33,,,,,,,,,,,,,,,,,,,,,,,,,,,,,,,,,,,,,,,,,2.0,0.09,,,,,,,,,,,,,,,,,,,,,10.0,,,,,13.4,,,2.22,,,,,,,,,,0.19,,0.07,1.98,3.63,0.0,0.0,0.0,0.0,,,,14.8,,,,,0.2,0.168,1.2,,,,,,,0.78,,2.0,34.0,50.5,,,,,,,
1122,334267,"Sweet And Sour Pork, Chinese restaurant (CA2,NC1) - CY09043",2019-04-01,,,,,,,1.08,,,,,,,,,,,,,,20.0,,,,,,,,,,,,,,,,,,,,,,,,,,,,1.2,,2.51,0.0,,,2.64,,,,,,,,,,,0.0,,,,,,,,,,,,,,,,,,,,,,,,,,0.0,,,,1.63,1.03,,,,,,,,,,,,,,,,,,,,,,,,,,,,,,,,,,,,,,,,,0.0,0.06,,,,,,,,,,,,,,,,,,,,,4.7,,,,,9.4,,,3.88,,,,,,,,,,0.16,,0.09,1.53,5.45,0.0,0.0,0.0,0.02,,,,3.34,,,,,0.15,0.137,3.4,,,,,,,1.72,,1.3,23.5,57.7,,,,,,,
1123,334285,"Sweet And Sour Pork, Chinese restaurant (CA1,VA) - CY09042",2019-04-01,,,,,0.53,0.61,1.07,0.83,,,,7.4,,,,,,382.0,713.0,,24.0,3.5,7.3,0.8,16.2,4.5,32.4,,,,0.0,,0.11,,,,,,,,,,,,,,,,1.1,,1.84,0.0,,,2.04,1.81,,0.48,,,0.27,,,,0.39,0.0,0.75,,,41.0,440.0,0.71,,,,,,,,,,,,,,,,,,,,0.0,,0.22,,2.36,1.43,,,,,,,,,,,,,,,,,,,,,,,,,,,,0.5,0.36,,,,,,0.47,,,,,,,0.11,,,,,,,,,,,,,,,,,,,,,,0.4,,,,11.5,,,8.37,,,,,,,,,,0.14,0.4,,,,,,,,,,,17.0,0.099,0.28,0.41,,0.21,0.148,4.1,,,,,,,,,,,48.3,,,,,,,
1124,334304,"Sweet And Sour Pork, Chinese restaurant (MI1,VA3) - CY09046",2019-04-01,,,,,0.4,0.44,1.66,0.67,,,,,,,,,,34.0,56.0,,20.0,,,,,,,,,,0.0,,0.11,,,,,,,,,,,,,,,,0.9,,3.36,0.0,,,3.59,2.0,,0.32,,,0.28,,,,0.35,0.0,0.64,,,9.0,127.0,0.57,,,,,,,,,,,,,,,,,,,,0.0,,0.19,,2.22,1.3,,,,,,,,,,,,,,,,,,,,,,,,,,,,0.48,0.32,,,,,,0.44,,,,,,,0.08,,,,,,,,,,,,,,,,,,,,,,0.35,,,,14.0,,,2.77,,,,,,,,,,0.18,0.33,,,,,,,,,,,16.0,0.097,0.22,0.39,,0.14,0.178,0.7,,,,,,,,,,,48.2,,,,,,,
1125,334323,"Sweet And Sour Pork, Chinese restaurant (CO1,CT1) - CY09044",2019-04-01,,,,,0.49,0.57,1.36,0.8,,,,,,,,,,0.0,9.0,,21.0,,,,,,,,,,0.0,,0.11,,,,,,,,,,,,,,,,1.3,,3.34,0.0,,,3.48,1.81,,0.4,,,0.31,,,,0.39,0.0,0.73,,,17.0,32.0,0.71,,,,,,,,,,,,,,,,,,,,0.0,,0.21,,1.43,1.46,,,,,,,,,,,,,,,,,,,,,,,,,,,,0.35,0.35,,,,,,0.43,,,,,,,0.13,,,,,,,,,,,,,,,,,,,,,,0.39,,,,11.0,,,4.56,,,,,,,,,,0.32,0.39,,,,,,,,,,,14.2,0.109,0.26,0.43,,0.16,0.187,3.7,,,,,,,,,,,51.5,,,,,,,
1126,334342,"Sweet And Sour Pork, Chinese restaurant (VA2,WV) - CY09045",2019-04-01,,,,,,,1.35,,,,,,,,,,,,,,37.0,,,,,,,,,,,,,,,,,,,,,,,,,,,,0.5,,1.66,0.0,,,1.79,,,,,,,,,,,0.0,,,,,,,,,,,,,,,,,,,,,,,,,,0.0,,,,3.2,2.0,,,,,,,,,,,,,,,,,,,,,,,,,,,,,,,,,,,,,,,,,2.0,0.15,,,,,,,,,,,,,,,,,,,,,14.5,,,,,11.2,,,5.03,,,,,,,,,,0.42,,0.02,0.32,0.74,0.0,0.0,0.0,0.0,,,,16.4,,,,,0.3,0.2,0.7,,,,,,,0.16,,2.8,26.1,48.9,,,,,,,
1127,334362,"Sweet And Sour Pork, Chinese restaurant (IN1) - CY09047",2019-04-01,,,,,,,,,,,,,,,48.0,,,,,,,,,,,,,,0.079,,,,,,,,,,,,,,,,,,,,,,,,,,,,,,,,,,,4.14,,,,,,,,,,,,0.0,,0.093,0.021,,3.74,,0.074,,,0.004,,,0.002,15.7,,,0.142,,,,,,,0.016,6.95,,0.935,0.001,,0.001,,0.01,,0.0,0.004,,0.025,,,0.004,,0.0,,0.004,,0.002,,0.003,,,152.0,,,,175.0,,,,,,,,,0.003,0.0,0.003,,0.046,0.006,1.88,0.022,0.764,0.044,,0.042,,0.014,0.005,,0.0,,0.005,,,,243.0,,,,,,,,,0.002,0.032,,0.053,,,0.004,,,,,,,,,,,,,,,,,,,,,,,,,,,,,,,,,1.43,,,,,
1128,334369,"Sweet And Sour Pork, Chinese restaurant (CA1) - CY0904A",2019-04-01,,,,,,,,,,,,,,,46.0,,,,,,,,,,,,,,0.071,,,,,,,,,,,,,,,,,,,,,,,,,,,,,,,,,,,4.1,,,,,,,,,,,,0.0,,0.076,0.014,,3.91,,0.095,,,0.005,,,0.003,13.8,,,0.375,,,,,,,0.016,7.38,,1.05,0.001,,0.0,,0.014,,0.002,0.004,,0.026,,,0.005,,0.001,,0.005,,0.003,,0.002,,,86.0,,,,151.0,,,,,,,,,0.003,0.0,0.003,,0.033,0.004,1.94,0.02,0.863,0.047,,0.044,,0.015,0.004,,0.0,,0.005,,,,144.0,,,,,,,,,0.001,0.207,,0.077,,,0.005,,,,,,,,,,,,,,,,,,,,,,,,,,,,,,,,,1.2,,,,,
1129,334376,"Sweet And Sour Pork, Chinese restaurant (VA) - CY09049",2019-04-01,,,,,,,,,,,,,,,44.0,,,,,,,,,,,,,,0.068,,,,,,,,,,,,,,,,,,,,,,,,,,,,,,,,,,,4.03,,,,,,,,,,,,0.0,,0.099,0.022,,3.46,,0.079,,,0.003,,,0.002,13.2,,,0.092,,,,,,,0.014,5.07,,0.622,0.002,,0.0,,0.015,,0.002,0.005,,0.04,,,0.001,,0.0,,0.008,,0.004,,0.002,,,145.0,,,,131.0,,,,,,,,,0.005,0.0,0.004,,0.052,0.004,1.81,0.02,0.879,0.037,,0.033,,0.011,0.006,,0.0,,0.002,,,,352.0,,,,,,,,,0.001,0.013,,0.045,,,0.003,,,,,,,,,,,,,,,,,,,,,,,,,,,,,,,,,1.78,,,,,
1130,334385,"Sweet And Sour Pork, Chinese restaurant (NC1) - CY0904C",2019-04-01,,,,,,,,,,,,,,,16.0,,,,,,,,,,,,,,0.046,,,,,,,,,,,,,,,,,,,,,,,,,,,,,,,,,,,1.06,,,,,,,,,,,,0.0,,0.05,0.014,,3.18,,0.066,,,0.005,,,0.003,10.0,,,0.082,,,,,,,0.01,7.07,,1.03,0.001,,0.0,,0.013,,0.002,0.004,,0.024,,,0.003,,0.0,,0.004,,0.003,,0.001,,,96.0,,,,146.0,,,,,,,,,0.003,0.0,0.002,,0.024,0.003,1.68,0.016,0.655,0.039,,0.038,,0.012,0.004,,0.0,,0.003,,,,231.0,,,,,,,,,0.001,0.01,,0.049,,,0.004,,,,,,,,,,,,,,,,,,,,,,,,,,,,,,,,,1.01,,,,,
1131,334392,"Sweet And Sour Pork, Chinese restaurant (NY1) - CY09048",2019-04-01,,,,,,,,,,,,,,,42.0,,,,,,,,,,,,,,0.044,,,,,,,,,,,,,,,,,,,,,,,,,,,,,,,,,,,1.01,,,,,,,,,,,,0.0,,0.081,0.014,,3.08,,0.066,,,0.004,,,0.003,9.3,,,0.124,,,,,,,0.01,5.17,,0.726,0.001,,0.0,,0.011,,0.002,0.003,,0.02,,,0.004,,0.0,,0.004,,0.003,,0.002,,,129.0,,,,99.0,,,,,,,,,0.003,0.0,0.003,,0.037,0.004,1.65,0.017,0.687,0.034,,0.028,,0.009,0.002,,0.0,,0.01,,,,174.0,,,,,,,,,0.001,0.012,,0.042,,,0.003,,,,,,,,,,,,,,,,,,,,,,,,,,,,,,,,,0.53,,,,,
1132,334401,"Sweet And Sour Pork, Chinese restaurant (CA2) - CY0904B",2019-04-01,,,,,,,,,,,,,,,45.0,,,,,,,,,,,,,,0.049,,,,,,,,,,,,,,,,,,,,,,,,,,,,,,,,,,,2.32,,,,,,,,,,,,0.0,,0.10350000000000001,0.0115,,2.67,,0.0325,,,0.0005,,,0.004,10.5,,,0.184,,,,,,,0.0225,5.345000000000001,,0.035500000000000004,0.001,,0.0,,0.01,,0.003,0.003,,0.013,,,0.002,,0.0,,0.0035,,0.003,,0.002,,,65.0,,,,127.0,,,,,,,,,0.0165,0.0,0.0035,,0.1075,0.004,2.435,0.0155,0.5665,0.0295,,0.014,,0.009,0.0025,,0.0,,0.0035,,,,216.0,,,,,,,,,0.0005,0.011,,0.0565,,,0.0,,,,,,,,,,,,,,,,,,,,,,,,,,,,,,,,,0.57,,,,,
1133,334409,"Sweet And Sour Pork, Chinese restaurant (FL1) - CY0904F",2019-04-01,,,,,,,,,,,,,,,41.0,,,,,,,,,,,,,,0.054,,,,,,,,,,,,,,,,,,,,,,,,,,,,,,,,,,,8.42,,,,,,,,,,,,0.0,,0.02,0.008,,2.0,,0.03,,,0.002,,,0.003,13.5,,,0.165,,,,,,,0.006,4.45,,0.64,0.001,,0.0,,0.007,,0.001,0.004,,0.021,,,0.004,,0.0,,0.003,,0.003,,0.001,,,133.0,,,,196.0,,,,,,,,,0.002,0.0,0.003,,0.014,0.003,1.01,0.01,0.414,0.028,,0.026,,0.009,0.002,,0.001,,0.002,,,,309.0,,,,,,,,,0.0,0.006,,0.017,,,0.002,,,,,,,,,,,,,,,,,,,,,,,,,,,,,,,,,0.82,,,,,
1134,334416,"Sweet And Sour Pork, Chinese restaurant (CO1) - CY0904D",2019-04-01,,,,,,,,,,,,,,,14.0,,,,,,,,,,,,,,0.059,,,,,,,,,,,,,,,,,,,,,,,,,,,,,,,,,,,2.2,,,,,,,,,,,,0.0,,0.047,0.012,,2.36,,0.051,,,0.003,,,0.002,14.9,,,0.368,,,,,,,0.009,4.47,,0.638,0.001,,0.0,,0.011,,0.002,0.004,,0.023,,,0.002,,0.0,,0.005,,0.003,,0.002,,,94.0,,,,168.0,,,,,,,,,0.002,0.0,0.003,,0.026,0.003,1.22,0.013,0.496,0.026,,0.025,,0.008,0.002,,0.0,,0.003,,,,353.0,,,,,,,,,0.0,0.009,,0.033,,,0.003,,,,,,,,,,,,,,,,,,,,,,,,,,,,,,,,,0.97,,,,,
1135,334425,"Sweet And Sour Pork, Chinese restaurant (CT1) - CY0904E",2019-04-01,,,,,,,,,,,,,,,58.0,,,,,,,,,,,,,,0.064,,,,,,,,,,,,,,,,,,,,,,,,,,,,,,,,,,,1.6,,,,,,,,,,,,0.0,,0.065,0.017,,4.01,,0.11,,,0.006,,,0.004,14.3,,,0.215,,,,,,,0.016,8.25,,1.18,0.001,,0.0,,0.016,,0.003,0.004,,0.027,,,0.005,,0.0,,0.004,,0.004,,0.003,,,162.0,,,,151.0,,,,,,,,,0.002,0.0,0.002,,0.031,0.004,2.1,0.022,0.845,0.05,,0.048,,0.017,0.003,,0.0,,0.009,,,,405.0,,,,,,,,,0.0,0.013,,0.08,,,0.006,,,,,,,,,,,,,,,,,,,,,,,,,,,,,,,,,0.91,,,,,
1136,334434,"Sweet And Sour Pork, Chinese restaurant (MI1) - CY0904H",2019-04-01,,,,,,,,,,,,,,,56.0,,,,,,,,,,,,,,0.057,,,,,,,,,,,,,,,,,,,,,,,,,,,,,,,,,,,0.81,,,,,,,,,,,,0.0,,0.048,0.014,,3.56,,0.087,,,0.005,,,0.003,12.7,,,0.12,,,,,,,0.015,6.92,,0.864,0.0,,0.0,,0.015,,0.002,0.003,,0.016,,,0.006,,0.002,,0.003,,0.002,,0.001,,,143.0,,,,126.0,,,,,,,,,0.003,0.0,0.003,,0.031,0.004,1.77,0.018,0.733,0.045,,0.046,,0.017,0.005,,0.0,,0.008,,,,370.0,,,,,,,,,0.001,0.016,,0.065,,,0.004,,,,,,,,,,,,,,,,,,,,,,,,,,,,,,,,,0.87,,,,,
1137,334443,"Sweet And Sour Pork, Chinese restaurant (VA3) - CY0904I",2019-04-01,,,,,,,,,,,,,,,88.0,,,,,,,,,,,,,,0.06,,,,,,,,,,,,,,,,,,,,,,,,,,,,,,,,,,,2.39,,,,,,,,,,,,0.0,,0.056,0.014,,3.34,,0.066,,,0.004,,,0.004,14.0,,,0.144,,,,,,,0.012,6.49,,0.863,0.001,,0.0,,0.013,,0.001,0.003,,0.017,,,0.006,,0.002,,0.003,,0.002,,0.002,,,209.0,,,,161.0,,,,,,,,,0.002,0.0,0.002,,0.028,0.003,1.69,0.018,0.69,0.041,,0.038,,0.012,0.001,,0.001,,0.01,,,,578.0,,,,,,,,,0.0,0.014,,0.045,,,0.003,,,,,,,,,,,,,,,,,,,,,,,,,,,,,,,,,1.06,,,,,
1138,334452,"Sweet And Sour Pork, Chinese restaurant (WV) - CY0904G",2019-04-01,,,,,,,,,,,,,,,53.0,,,,,,,,,,,,,,0.074,,,,,,,,,,,,,,,,,,,,,,,,,,,,,,,,,,,4.77,,,,,,,,,,,,0.0,,0.146,0.0195,,4.57,,0.106,,,0.0045000000000000005,,,0.0015,14.5,,,0.066,,,,,,,0.017,6.89,,0.843,0.003,,0.0,,0.026000000000000002,,0.004,0.0085,,0.046,,,0.003,,0.0,,0.010499999999999999,,0.006500000000000001,,0.003,,,181.0,,,,197.0,,,,,,,,,0.014,0.0,0.006,,0.074,0.0055,2.34,0.025,1.0350000000000001,0.045,,0.041,,0.0135,0.0045000000000000005,,0.0005,,0.006500000000000001,,,,277.0,,,,,,,,,0.001,0.021,,0.0665,,,0.004,,,,,,,,,,,,,,,,,,,,,,,,,,,,,,,,,1.7,,,,,
1139,334463,"Chinese Restaurant, Fried Rice (No Meat) (NY) - CY120CO",2019-04-01,,,,,,,1.01,,,,,,,,8.0,,,,,,,,,,,,,,0.087,,,,,,,,,,,,,,,,,,,,,,,,,,,,,,,,,,,0.51,,,,,,,,,,,,,,,,,,,,,,,,,,7.6,,,0.521,,,,0.57,,,,,,,,,,,,,,,,,,,,,,,,,,,,,,40.0,,,,48.0,,,,,,,,,,,,,,,,,,,,,,,,,,,,,,,383.0,,,,,,,,,,,,,,,,,,,,,,,,,,,,2.16,,,,,,,,,,,,,,,,,,54.3,,0.65,,,,,
1140,334467,"Chinese Restaurant, Fried Rice (No Meat) (IN) - CY120CN",2019-04-01,,,,,,,1.17,,,,,,,,15.0,,,,,,,,,,,,,,0.095,,,,,,,,,,,,,,,,,,,,,,,,,,,,,,,,,,,0.41,,,,,,,,,,,,,,,,,,,,,,,,,,13.8,,,0.493,,,,0.55,,,,,,,,,,,,,,,,,,,,,,,,,,,,,,48.0,,,,102.0,,,,,,,,,,,,,,,,,,,,,,,,,,,,,,,278.0,,,,,,,,,,,,,,,,,,,,,,,,,,,,3.05,,,,,,,,,,,,,,,,,,59.5,,0.73,,,,,
1141,334471,"Chinese Restaurant, Fried Rice (No Meat) (AL) - CY120CP",2019-04-01,,,,,,,0.71,,,,,,,,8.0,,,,,,,,,,,,,,0.09,,,,,,,,,,,,,,,,,,,,,,,,,,,,,,,,,,,0.35,,,,,,,,,,,,,,,,,,,,,,,,,,10.3,,,0.409,,,,0.64,,,,,,,,,,,,,,,,,,,,,,,,,,,,,,52.0,,,,62.0,,,,,,,,,,,,,,,,,,,,,,,,,,,,,,,219.0,,,,,,,,,,,,,,,,,,,,,,,,,,,,3.84,,,,,,,,,,,,,,,,,,58.3,,0.69,,,,,
1142,334476,"Chinese Restaurant, Fried Rice (No Meat) (IN,NY) - CY120CK",2019-04-01,,,,,,,,,,,,,,,,,,,,,,,,,,,,,,,,,,,,,,,,,,,,,,,,,,,0.2,0.0,,,0.2,,,,,,,,,,,0.0,,,,,,,,,,0.0,,0.004,0.001,,0.624,,0.007,,,0.0,,,0.0,,,0.0,,,,,,,,0.003,1.2,,0.151,0.006,0.0,0.0,,0.001,,0.0,0.0,0.0,0.001,,,0.0,,0.0,,0.0,,0.0,,0.0,,,,,,,,,,,,,,,,0.0,0.0,0.0,,0.01,0.001,0.366,0.002,0.12,0.01,,0.009,,0.006,0.0,,0.0,,0.0,,,,,,,,,,0.4,,,0.0,0.003,,0.006,,,0.0,,,,,,,,,,,,,,,,,,,,,,,,,,,,,,,,,,,,,,
1143,334481,"Chinese Restaurant, Fried Rice (No Meat) (FL,MO) - CY120CM",2019-04-01,,,,,,,,,,,,,,,,,,,,,,,,,,,,,,,,,,,,,,,,,,,,,,,,,,,0.1,0.0,,,0.1,,,,,,,,,,,0.0,,,,,,,,,,0.0,,0.01,0.001,,0.608,,0.005,,,0.0,,,0.0,,,0.0,,,,,,,,0.001,0.986,,0.104,0.005,0.0,0.0,,0.001,,0.0,0.0,0.0,0.004,,,0.0,,0.0,,0.0,,0.0,,0.0,,,,,,,,,,,,,,,,0.0,0.0,0.0,,0.013,0.0,0.369,0.002,0.122,0.008,,0.007,,0.005,0.0,,0.0,,0.0,,,,,,,,,,0.5,,,0.0,0.004,,0.004,,,0.0,,,,,,,,,,,,,,,,,,,,,,,,,,,,,,,,,,,,,,
1144,334486,"Chinese Restaurant, Fried Rice (No Meat) (NC) - CY120CS",2019-04-01,,,,,,,0.84,,,,,,,,4.0,,,,,,,,,,,,,,0.118,,,,,,,,,,,,,,,,,,,,,,,,,,,,,,,,,,,0.44,,,,,,,,,,,,,,,,,,,,,,,,,,10.1,,,0.503,,,,0.61,,,,,,,,,,,,,,,,,,,,,,,,,,,,,,47.0,,,,35.0,,,,,,,,,,,,,,,,,,,,,,,,,,,,,,,320.0,,,,,,,,,,,,,,,,,,,,,,,,,,,,1.34,,,,,,,,,,,,,,,,,,52.8,,0.74,,,,,
1145,334490,"Chinese Restaurant, Fried Rice (No Meat) (CA1) - CY120CQ",2019-04-01,,,,,,,1.43,,,,,,,,15.0,,,,,,,,,,,,,,0.082,,,,,,,,,,,,,,,,,,,,,,,,,,,,,,,,,,,1.03,,,,,,,,,,,,,,,,,,,,,,,,,,9.2,,,0.386,,,,0.83,,,,,,,,,,,,,,,,,,,,,,,,,,,,,,63.0,,,,54.0,,,,,,,,,,,,,,,,,,,,,,,,,,,,,,,467.0,,,,,,,,,,,,,,,,,,,,,,,,,,,,6.44,,,,,,,,,,,,,,,,,,60.5,,0.78,,,,,
1146,334495,"Chinese Restaurant, Fried Rice (No Meat) (CO) - CY120CT",2019-04-01,,,,,,,1.49,,,,,,,,16.0,,,,,,,,,,,,,,0.079,,,,,,,,,,,,,,,,,,,,,,,,,,,,,,,,,,,0.6,,,,,,,,,,,,,,,,,,,,,,,,,,10.9,,,0.249,,,,0.67,,,,,,,,,,,,,,,,,,,,,,,,,,,,,,53.0,,,,102.0,,,,,,,,,,,,,,,,,,,,,,,,,,,,,,,459.0,,,,,,,,,,,,,,,,,,,,,,,,,,,,4.23,,,,,,,,,,,,,,,,,,64.8,,0.63,,,,,
1147,334500,"Chinese Restaurant, Fried Rice (No Meat) (CA2,NC) - CY120CL",2019-04-01,,,,,,,,,,,,0.2,,,,,,38.0,128.0,,,1.5,1.3,0.5,2.3,0.0,5.5,,,,0.0,,,,,,,,,,,,,,,,,,,,0.07,0.0,,,0.07,,,,,,,,,,,0.0,,,,103.0,3.0,,,,,0.0,,0.006,0.001,,0.49,,0.006,,,0.0,,,0.0,,,0.0,,,,,,,,0.003,0.805,,0.099,0.005,0.0,0.0,,0.001,,0.0,0.0,0.0,0.002,,,0.0,,0.0,,0.0,,0.0,,0.0,,,,,,,,,,,,,,10.0,,0.0,0.0,0.0,,0.012,0.0,0.303,0.002,0.094,0.008,,0.007,,0.005,0.0,,0.0,,0.0,,,,,,,,,,0.2,,,0.0,0.004,,0.006,,,0.0,,,,,,,,,,,,,,,,,,,,,,0.0,0.0,0.0,,,,,,,,,,,,,,
1148,334509,"Chinese Restaurant, Fried Rice (No Meat) (CA2) - CY120CR",2019-04-01,,,,,,,0.77,,,,,,,,13.0,,,,,,,,,,,,,,0.054,,,,,,,,,,,,,,,,,,,,,,,,,,,,,,,,,,,0.23,,,,,,,,,,,,,,,,,,,,,,,,,,6.4,,,0.288,,,,0.56,,,,,,,,,,,,,,,,,,,,,,,,,,,,,,28.0,,,,66.0,,,,,,,,,,,,,,,,,,,,,,,,,,,,,,,215.0,,,,,,,,,,,,,,,,,,,,,,,,,,,,2.38,,,,,,,,,,,,,,,,,,64.3,,0.69,,,,,
1149,334513,"Chinese Restaurant, Fried Rice (No Meat) (MO) - CY120CW",2019-04-01,,,,,,,1.31,,,,,,,,10.0,,,,,,,,,,,,,,0.092,,,,,,,,,,,,,,,,,,,,,,,,,,,,,,,,,,,0.47,,,,,,,,,,,,,,,,,,,,,,,,,,12.7,,,0.569,,,,0.68,,,,,,,,,,,,,,,,,,,,,,,,,,,,,,51.0,,,,47.0,,,,,,,,,,,,,,,,,,,,,,,,,,,,,,,410.0,,,,,,,,,,,,,,,,,,,,,,,,,,,,2.85,,,,,,,,,,,,,,,,,,53.5,,0.66,,,,,
1150,334517,"Chinese Restaurant, Fried Rice (No Meat) (MI) - CY120CX",2019-04-01,,,,,,,1.34,,,,,,,,14.0,,,,,,,,,,,,,,0.08,,,,,,,,,,,,,,,,,,,,,,,,,,,,,,,,,,,0.37,,,,,,,,,,,,,,,,,,,,,,,,,,11.7,,,0.402,,,,0.61,,,,,,,,,,,,,,,,,,,,,,,,,,,,,,44.0,,,,99.0,,,,,,,,,,,,,,,,,,,,,,,,,,,,,,,323.0,,,,,,,,,,,,,,,,,,,,,,,,,,,,4.27,,,,,,,,,,,,,,,,,,60.9,,0.66,,,,,
1151,334522,"Chinese Restaurant, Fried Rice (No Meat) (CT) - CY120CU",2019-04-01,,,,,,,1.11,,,,,,,,13.0,,,,,,,,,,,,,,0.078,,,,,,,,,,,,,,,,,,,,,,,,,,,,,,,,,,,0.47,,,,,,,,,,,,,,,,,,,,,,,,,,10.3,,,0.403,,,,0.5,,,,,,,,,,,,,,,,,,,,,,,,,,,,,,40.0,,,,94.0,,,,,,,,,,,,,,,,,,,,,,,,,,,,,,,329.0,,,,,,,,,,,,,,,,,,,,,,,,,,,,1.97,,,,,,,,,,,,,,,,,,65.2,,0.6,,,,,
1152,334527,"Chinese Restaurant, Fried Rice (No Meat) (FL) - CY120CV",2019-04-01,,,,,,,1.39,,,,,,,,12.0,,,,,,,,,,,,,,0.102,,,,,,,,,,,,,,,,,,,,,,,,,,,,,,,,,,,0.47,,,,,,,,,,,,,,,,,,,,,,,,,,6.4,,,0.442,,,,0.55,,,,,,,,,,,,,,,,,,,,,,,,,,,,,,32.0,,,,87.0,,,,,,,,,,,,,,,,,,,,,,,,,,,,,,,509.0,,,,,,,,,,,,,,,,,,,,,,,,,,,,2.49,,,,,,,,,,,,,,,,,,64.1,,0.68,,,,,
1153,334531,"Chinese Restaurant, Fried Rice (No Meat) (OK) - CY120CY",2019-04-01,,,,,,,0.97,,,,,,,,7.0,,,,,,,,,,,,,,0.078,,,,,,,,,,,,,,,,,,,,,,,,,,,,,,,,,,,0.18,,,,,,,,,,,,,,,,,,,,,,,,,,6.5,,,0.468,,,,0.6,,,,,,,,,,,,,,,,,,,,,,,,,,,,,,35.0,,,,35.0,,,,,,,,,,,,,,,,,,,,,,,,,,,,,,,424.0,,,,,,,,,,,,,,,,,,,,,,,,,,,,3.24,,,,,,,,,,,,,,,,,,53.0,,0.72,,,,,
1154,334537,"Tamale, Pork, restaurant item (NM) - CY0901I",2019-04-01,,,,,,,2.2,,,,,,,,134.0,,,,,,22.0,,,,,,,,0.031,,,,,,,,,,,,,,,,,,,,2.4,,0.18,0.0,,,0.0,,,,,,,,,1.2,,0.0,,,,,,,,,,0.0,,0.177,0.025,,3.11,,0.062,,,0.001,,,0.001,29.0,,0.0,0.189,,,,1.21,,,0.01,1.47,,0.059,0.003,,0.0,,0.042,,0.007,0.008,,0.034,,,0.002,,0.001,,0.011,,0.005,,0.002,,,132.0,,,,152.0,,,,,,,,,0.008,0.0,0.007,,0.106,0.006,1.78,0.029,0.86,0.017,,0.005,,0.003,0.001,,0.0,,0.002,,,,573.0,,,14.4,,,0.18,,,0.003,0.043,,0.011,,,0.0,,,,,,,,,,,,,9.12,,,,,,,,,,,,,,,,,,62.1,,1.36,,,,,
1155,334546,"Tamale, Pork, restaurant item (CA-SB) - CY0901H",2019-04-01,,,,,,,1.62,,,,,,,,41.0,,,,,,16.0,,,,,,,,0.025,,,,,,,,,,,,,,,,,,,,2.9,,0.18,0.0,,,0.0,,,,,,,,,0.7,,0.0,,,,,,,,,,0.0,,0.18,0.024,,3.48,,0.064,,,0.001,,,0.0,26.7,,0.0,0.133,,,,0.96,,,0.013,1.62,,0.064,0.003,,0.0,,0.051,,0.007,0.009,,0.033,,,0.003,,0.0,,0.011,,0.006,,0.002,,,158.0,,,,158.0,,,,,,,,,0.009,0.001,0.009,,0.12,0.005,2.04,0.03,1.02,0.02,,0.004,,0.002,0.001,,0.0,,0.002,,,,475.0,,,12.4,,,0.18,,,0.003,0.045,,0.012,,,0.0,,,,,,,,,,,,,9.57,,,,,,,,,,,,,,,,,,67.5,,0.93,,,,,
1156,334555,"Tamale, Pork, restaurant item (TX-HA,NV) - CY0901J",2019-04-01,,,,,,,1.68,,,,,,,,68.0,,,,,,21.0,,,,,,,,0.083,,,,,,,,,,,,,,,,,,,,3.1,,0.18,0.0,,,0.0,,,,,,,,,0.92,,0.0,,,,,,,,,,0.0,,0.139,0.022,,3.4,,0.06,,,0.001,,,0.001,31.8,,0.0,0.145,,,,1.29,,,0.011,2.81,,0.077,0.002,,0.0,,0.037,,0.005,0.008,,0.036,,,0.003,,0.001,,0.01,,0.005,,0.001,,,139.0,,,,158.0,,,,,,,,,0.007,0.0,0.007,,0.084,0.004,1.79,0.024,0.786,0.025,,0.007,,0.006,0.001,,0.0,,0.002,,,,414.0,,,16.8,,,0.18,,,0.002,0.034,,0.018,,,0.0,,,,,,,,,,,,,10.9,,,,,,,,,,,,,,,,,,59.2,,1.47,,,,,
1157,334566,"Tamale, Pork, restaurant item (CA-AL,IL) - CY0901F",2019-04-01,,,,,,,1.81,,,,,,,,112.0,,,,,,23.0,,,,,,,,0.055,,,,,,,,,,,,,,,,,,,,2.6,,0.18,0.0,,,0.0,,,,,,,,,0.88,,0.0,,,,,,,,,,0.0,,0.161,0.026,,3.13,,0.06,,,0.002,,,0.0,26.4,,0.0,0.13,,,,1.54,,,0.013,1.72,,0.091,0.003,,0.0,,0.044,,0.006,0.009,,0.039,,,0.003,,0.001,,0.012,,0.006,,0.003,,,113.0,,,,113.0,,,,,,,,,0.008,0.001,0.008,,0.109,0.006,1.85,0.03,0.964,0.019,,0.006,,0.003,0.0,,0.0,,0.002,,,,425.0,,,15.0,,,0.18,,,0.003,0.045,,0.017,,,0.0,,,,,,,,,,,,,9.23,,,,,,,,,,,,,,,,,,61.0,,1.24,,,,,
1158,334581,"Tamale, Pork, restaurant item (CA-LA,CA-SD) - CY0901K",2019-04-01,,,,,0.42,0.43,2.21,0.68,,,,,,,76.0,,,0.0,195.0,,22.0,,,,,,,,0.058,,99.0,,0.08,,,,,,,,,,,,,,,,2.1,,0.35,0.0,,,0.0,1.24,,0.31,,,0.21,,,0.92,0.31,0.0,0.63,,,196.0,105.0,0.54,,,,0.0,,0.149,0.021,,3.07,,0.055,,,0.001,,,0.001,22.3,,0.0,0.144,0.19,,1.81,1.17,,,0.016,2.19,,0.217,0.003,,0.0,,0.034,,0.005,0.009,,0.035,,,0.001,,0.001,,0.009,,0.006,,0.001,0.35,0.29,104.0,,,,171.0,0.37,,,,,,1.0,0.06,0.019,0.001,0.02,,0.123,0.009,1.78,0.026,0.83,0.02,,0.01,,0.004,0.012,,0.009,,0.007,,13.6,0.3,539.0,,,9.3,,,0.33,,,0.004,0.054,,0.024,,,0.001,0.04,0.31,0.04,0.56,5.87,0.11,0.01,0.02,0.21,,,,10.2,0.08,0.2,0.35,,0.12,0.135,,,,,,,,0.85,,2.7,7.6,69.8,,1.05,,,,,
1159,334606,"Tamale, Pork, restaurant item (TX-TR) - CY0901G",2019-04-01,,,,,0.28,0.28,1.43,0.43,,,,,,,19.0,,,0.0,31.0,,16.0,,,,,,,,0.05,,17.0,,0.07,,,,,,,,,,,,,,,,1.5,,0.18,0.0,,,0.0,0.83,,0.24,,,0.14,,,0.57,0.18,0.0,0.37,,,24.0,65.0,0.34,,,,0.0,,0.082,0.012,,1.63,,0.032,,,0.001,,,0.0,20.9,,0.0,0.377,0.14,,0.78,0.89,,,0.006,1.1,,0.085,0.005,,0.0,,0.021,,0.003,0.006,,0.028,,,0.002,,0.0,,0.007,,0.004,,0.001,0.38,0.18,72.0,,,,157.0,0.23,,,,,,0.0,0.04,0.005,0.0,0.004,,0.047,0.003,0.916,0.013,0.446,0.008,,0.005,,0.003,0.001,,0.0,,0.001,,6.1,0.19,412.0,,,7.3,,,0.39,,,0.001,0.015,,0.011,,,0.0,0.04,0.19,0.01,0.19,2.38,0.02,0.0,0.12,0.06,,,,5.19,0.04,0.14,0.21,,0.11,0.128,,,,,,,,0.2,,3.0,2.6,76.5,,1.13,,,,,
1160,334629,"Pupusas, Bean, flat stuffed corn biscuit, restaurant item (CA-AL,IL) - CY0900R",2019-04-01,,,,,,,1.29,,,,,,,,35.0,,,,,,,,,,,,,,0.129,,,,,,,,,,,,,,,,,,,,6.1,,0.18,0.0,,,0.0,,,,,,,,,1.27,,0.0,,,,,,,,,,0.0,,0.106,0.016,,3.0,,0.055,,,0.002,,,0.002,48.2,,0.18,0.318,,,,0.82,,,0.01,2.47,,0.239,0.002,,0.0,,0.031,,0.005,0.005,,0.012,,,0.004,,0.001,,0.005,,0.003,,0.001,,,128.0,,,,265.0,,,,,,,,,0.006,0.0,0.008,,0.067,0.006,1.38,0.022,0.562,0.025,,0.01,,0.008,0.001,,0.001,,0.004,,,,211.0,,,23.9,,,0.81,,,0.002,0.041,,0.02,,,0.0,,,,,,,,,,,,,9.3,,,,,,,,,,,,,,,,,,53.3,,0.99,,,,,
1161,334642,"Pupusas, Bean, flat stuffed corn biscuit, restaurant item (TX-HA,NV) - CY0900V",2019-04-01,,,,,,,1.31,,,,,,,,76.0,,,,,,,,,,,,,,0.159,,,,,,,,,,,,,,,,,,,,5.7,,0.18,0.0,,,0.0,,,,,,,,,1.3,,0.0,,,,,,,,,,0.0,,0.112,0.015,,3.66,,0.076,,,0.002,,,0.003,53.2,,0.18,0.366,,,,0.91,,,0.008,2.33,,0.354,0.001,,0.0,,0.029,,0.004,0.005,,0.012,,,0.003,,0.001,,0.005,,0.003,,0.002,,,155.0,,,,278.0,,,,,,,,,0.007,0.0,0.006,,0.064,0.004,1.38,0.018,0.526,0.029,,0.013,,0.009,0.002,,0.001,,0.003,,,,136.0,,,24.8,,,0.63,,,0.001,0.019,,0.014,,,0.001,,,,,,,,,,,,,9.46,,,,,,,,,,,,,,,,,,51.2,,1.05,,,,,
1162,334652,"Pupusas, Bean, flat stuffed corn biscuit, restaurant item (FL,CA-SB) - CY0900T",2019-04-01,,,,,,,1.98,,,,,,,,71.0,,,,,,,,,,,,,,0.111,,,,,,,,,,,,,,,,,,,,5.9,,0.25,0.0,,,0.0,,,,,,,,,1.74,,0.0,,,,,,,,,,0.0,,0.123,0.022,,3.26,,0.067,,,0.002,,,0.001,48.2,,0.18,0.315,,,,0.86,,,0.013,3.04,,0.391,0.002,,0.0,,0.039,,0.008,0.006,,0.015,,,0.003,,0.0,,0.006,,0.005,,0.002,,,140.0,,,,268.0,,,,,,,,,0.008,0.0,0.007,,0.089,0.007,1.92,0.032,0.976,0.029,,0.015,,0.008,0.004,,0.002,,0.003,,,,373.0,,,23.1,,,0.69,,,0.003,0.046,,0.023,,,0.001,,,,,,,,,,,,,11.3,,,,,,,,,,,,,,,,,,50.8,,0.88,,,,,
1163,334661,"Pupusas, Bean, flat stuffed corn biscuit, restaurant item (TX-TR) - CY0900S",2019-04-01,,,,,0.31,0.31,2.95,0.59,,,,,,,47.0,,,,,,,,,,,,,,0.16,,,,0.08,,,,,,,,,,,,,,,,5.8,,0.3,0.0,,,0.0,1.07,,0.23,,,0.17,,,1.59,0.23,0.0,0.56,,,,,0.32,,,,0.0,,0.036,0.004,,1.06,,0.028,,,0.001,,,0.001,60.6,,0.18,0.374,0.11,,0.93,0.96,,,0.003,2.11,,0.337,0.0,,0.0,,0.003,,0.001,0.001,,0.002,,,0.003,,0.001,,0.0,,0.0,,0.0,0.28,0.31,153.0,,,,360.0,0.32,,,,,,,0.03,0.003,0.0,0.003,,0.017,0.003,0.638,0.007,0.201,0.014,,0.012,,0.007,0.003,,0.002,,0.002,,8.4,0.33,741.0,,,23.6,,,0.67,,,0.001,0.032,,0.023,,,0.001,0.06,0.23,0.04,0.66,4.33,0.07,0.0,0.0,0.23,,,,5.08,0.06,0.15,0.27,,,0.204,,,,,,,,0.25,,0.2,7.9,54.3,,0.92,,,,,
1164,334681,"Pupusas, Bean, flat stuffed corn biscuit, restaurant item (CA-LA) - CY0900W",2019-04-01,,,,,0.3,0.31,1.53,0.6,,,,0.8,,,44.0,,,,,,,21.9,1.4,13.7,0.4,2.3,39.6,,0.171,,,,0.07,,,,,,,,,,,,,,,,5.7,,0.18,0.0,,,0.0,0.95,,0.22,,,0.17,,,1.38,0.24,0.0,0.55,,,,,0.32,,,,0.0,,0.126,0.017,,3.16,,0.065,,,0.001,,,0.001,58.5,,0.18,0.371,0.09,,0.64,0.93,,,0.01,3.02,,0.44,0.001,,0.0,,0.036,,0.005,0.006,,0.016,,,0.002,,0.001,,0.007,,0.003,,0.002,0.35,0.31,148.0,,,,354.0,0.28,,,,,,,0.02,0.017,0.0,0.015,,0.106,0.008,1.79,0.024,0.77,0.025,,0.015,,0.009,0.01,,0.007,,0.006,,5.7,0.33,231.0,,,21.6,,,0.87,,,0.002,0.025,,0.018,,,0.001,0.07,0.23,0.04,1.05,5.2,0.1,0.01,0.02,0.25,,,,10.7,0.06,0.14,0.28,,,0.145,,,,,,,,0.44,,1.5,10.1,52.1,,0.92,,,,,
1165,334702,"Pupusas, Bean, flat stuffed corn biscuit, restaurant item (MD,NM) - CY0900U",2019-04-01,,,,,0.29,0.29,1.36,0.5,,,,,,,35.0,,,,,,,,,,,,,,0.118,,,,0.09,,,,,,,,,,,,,,,,5.4,,0.18,0.0,,,0.0,0.99,,0.2,,,0.17,,,1.48,0.21,0.0,0.52,,,,,0.27,,,,0.0,,0.112,0.019,,2.48,,0.045,,,0.001,,,0.0,53.1,,0.99,0.321,0.11,,1.03,0.89,,,0.014,1.96,,0.216,0.002,,0.0,,0.023,,0.004,0.004,,0.011,,,0.004,,0.001,,0.004,,0.003,,0.001,0.28,0.28,142.0,,,,304.0,0.33,,,,,,,0.04,0.006,0.001,0.005,,0.071,0.005,1.4,0.023,0.61,0.019,,0.008,,0.006,0.003,,0.001,,0.002,,6.8,0.3,140.0,,,24.5,,,0.91,,,0.003,0.049,,0.014,,,0.0,0.1,0.2,0.04,0.28,2.87,0.15,0.03,0.0,0.33,,,,8.23,0.05,0.14,0.25,,,0.168,,,,,,,,0.39,,0.7,4.2,51.4,,0.9,,,,,
1166,334721,"Beef, Boneless Top Loin steak, lean only, raw, animal 3, lowerchoice",2019-04-01,,,,,,,1.11,,,,,,,,,,,,,,,,,,,,,,,,,,,,,,,,,,,,,,,,,,,,,,,,,,,,,,,,,,,,,,,,,,,,,,,,,,,,,,,,,,,,,,,,,,,,,,,,,,,,,,,,,,,,,,,,,,,,,,,,,,,,,,22.4,,,,,,,,,,,,,,,,,,,,,,,,,,,,,,,,,,,,,,,,,,,,,,,,,,,,,,,,,6.99,,,,,,,,,,,,,,,,,,70.6,,,,,,,
1167,334725,"Beef, Top Loin steak, boneless, L_choice, raw, comp12, lean (32BLTLSB/33BLTLSB)",2019-04-01,,,,,,,,,,,,,,,15.0,,,,,,,,,,,,,,0.039,,,,,,,,,,,,,,,,,,,,,,,,,,,,,,,,,,,2.01,,,,,,,,,,,,,,,,,,,,,,,,,,11.7,,,0.002,,,,,,,,,,,,,,,,,,,,,,,,,,,,,,,,,,204.0,,,,286.0,,,,,,,,,,,,,,,,,,,,,,,,,,,,,20.3,,47.0,,,,,,,,,,,,,,,,,,,,,,,,,,,,,,,,,,,,,,,,,,,,,,,,3.84,,,,,
1168,334750,"Beef, Boneless Top Loin steak, lean only, raw, animal 14, lowerchoice",2019-04-01,,,,,,,0.98,,,,,,,,,,,,,,,,,,,,,,,,,,,,,,,,,,,,,,,,,,,,,,,,,,,,,,,,,,,,,,,,,,,,,,,,,,,,,,,,,,,,,,,,,,,,,,,,,,,,,,,,,,,,,,,,,,,,,,,,,,,,,,23.8,,,,,,,,,,,,,,,,,,,,,,,,,,,,,,,,,,,,,,,,,,,,,,,,,,,,,,,,,6.9,,,,,,,,,,,,,,,,,,67.7,,,,,,,
1169,334752,"Beef, Top Loin steak, boneless, choice, raw, comp21, lean (32BLTLSB/33BLTLSB)",2019-04-01,,0.3,,,,,,,,,,10.0,,,,,,,,,,0.7,5.7,44.0,0.7,5.2,56.3,,,,,,,,,,,,,,,,,,,,,,,,,,,,,,,,,,,,,,,,,,,,,,,,,,,,,,,,,,,,,,,,,,,,,,,,,,,,,,,,,,,,,,,,,,,,,,,,,,0.36,,,,,,,,,,,,,,,,,,,,,,,,,,,,,,,,,,,,,,,,,,,,,,,,,,,,,0.053,,,,,,,,,,,,,,,,,,,,,,0.0,0.0,,,,,,,,,,,,,,
1170,334779,"Beef, Boneless Top Loin steak, lean only, raw, animal 1, upperchoice",2019-04-01,,,,,,,1.06,,,,,,,,,,,,,,,,,,,,,,,,,,,,,,,,,,,,,,,,,,,,,,,,,,,,,,,,,,,,,,,,,,,,,,,,,,,,,,,,,,,,,,,,,,,,,,,,,,,,,,,,,,,,,,,,,,,,,,,,,,,,,,21.7,,,,,,,,,,,,,,,,,,,,,,,,,,,,,,,,,,,,,,,,,,,,,,,,,,,,,,,,,10.4,,,,,,,,,,,,,,,,,,69.0,,,,,,,
1171,334781,"Beef, Top Loin steak, boneless, U_choice, raw, comp1, lean (32BLTLSB/33BLTLSB)",2019-04-01,,,,,,,,,,,,,,,,,,,,,54.0,,,,,,,,,,,,,,,,,,,,,,,,,,,,,,,,,,,,,,,,,,,,,,,,,,,,,,,,,0.26849999999999996,0.0625,,2.91,,0.014499999999999999,,,,,,,,,,,,,6.15,,,,0.028999999999999998,0.302,,0.0115,,,,,0.0015,,,0.014,,0.039999999999999994,,,0.0015,,,,,,0.008,,0.0,,,,,,,,,,,,,,,0.21,0.007,,0.005,,0.20500000000000002,0.03,1.895,0.0775,0.9319999999999999,0.0045000000000000005,,,,0.0015,,,,,,,,,,,,,,,,,,0.017,0.2935,,0.036,,,,,,0.0,0.0,0.05,0.0,0.0,0.0,0.0,,,,,,,,,1.98,0.516,,,,,,,,0.28,,,,,,,,,,,
1172,334787,"Beef, Top Loin steak, boneless, U_choice, raw, comp11, lean (32BLTLSB/33BLTLSB)",2019-04-01,,,,,,,,,,,,,,,15.0,,,,,,,,,,,,,,0.048,,,,,,,,,,,,,,,,,,,,,,,,,,,,,,,,,,,1.79,,,,,,,,,,,,,,,,,,,,,,,,,,11.0,,,0.002,,,,,,,,,,,,,,,,,,,,,,,,,,,,,,,,,,207.0,,,,278.0,,,,,,,,,,,,,,,,,,,,,,,,,,,,,22.3,,44.0,,,,,,,,,,,,,,,,,,,,,,,,,,,,,,,,,,,,,,,,,,,,,,,,3.69,,,,,
1173,334790,"Beef, Boneless Top Loin steak, lean only, raw, animal 12, upperchoice",2019-04-01,,,,,,,0.9,,,,,,,,,,,,,,,,,,,,,,,,,,,,,,,,,,,,,,,,,,,,,,,,,,,,,,,,,,,,,,,,,,,,,,,,,,,,,,,,,,,,,,,,,,,,,,,,,,,,,,,,,,,,,,,,,,,,,,,,,,,,,,23.1,,,,,,,,,,,,,,,,,,,,,,,,,,,,,,,,,,,,,,,,,,,,,,,,,,,,,,,,,9.14,,,,,,,,,,,,,,,,,,67.6,,,,,,,
1174,334792,"Beef, Boneless Top Loin steak, lean only, raw, animal 13, upperchoice",2019-04-01,,,,,,,1.04,,,,,,,,,,,,,,,,,,,,,,,,,,,,,,,,,,,,,,,,,,,,,,,,,,,,,,,,,,,,,,,,,,,,,,,,,,,,,,,,,,,,,,,,,,,,,,,,,,,,,,,,,,,,,,,,,,,,,,,,,,,,,,23.5,,,,,,,,,,,,,,,,,,,,,,,,,,,,,,,,,,,,,,,,,,,,,,,,,,,,,,,,,6.73,,,,,,,,,,,,,,,,,,69.5,,,,,,,
1175,334794,"Beef, Boneless Top Loin steak, lean only, raw, animal 19, upperchoice",2019-04-01,,,,,,,1.14,,,,,,,,,,,,,,,,,,,,,,,,,,,,,,,,,,,,,,,,,,,,,,,,,,,,,,,,,,,,,,,,,,,,,,,,,,,,,,,,,,,,,,,,,,,,,,,,,,,,,,,,,,,,,,,,,,,,,,,,,,,,,,23.0,,,,,,,,,,,,,,,,,,,,,,,,,,,,,,,,,,,,,,,,,,,,,,,,,,,,,,,,,5.84,,,,,,,,,,,,,,,,,,71.3,,,,,,,
1176,334796,"Beef, Top Loin steak, boneless, U_choice, raw, comp2, lean (32BLTLSB/33BLTLSB)",2019-04-01,,,,,,,,,,,,,,,,,,,,,57.0,,,,,,,,,,,,,,,,,,,,,,,,,,,,,,,,,,,,,,,,,,,,,,,,,,,,,,,,,0.16499999999999998,0.0435,,1.93,,0.0085,,,,,,,,,,,,,7.25,,,,0.0195,0.256,,0.006,,,,,0.0015,,,0.014,,0.055,,,0.0025,,,,,,0.008,,0.0,,,,,,,,,,,,,,,0.18,0.0055,,0.005,,0.1375,0.023,1.19,0.056,0.6559999999999999,0.0045000000000000005,,,,0.0075,,,,,,,,,,,,,,,,,,0.013,0.208,,0.025,,,,,,0.0,0.0,0.0,0.0,0.0,0.0,0.0,,,,,,,,,1.48,0.551,,,,,,,,0.26,,,,,,,,,,,
1177,334802,"Beef, Boneless Top Loin steak, lean only, raw, animal 2, upperchoice",2019-04-01,,,,,,,1.09,,,,,,,,,,,,,,,,,,,,,,,,,,,,,,,,,,,,,,,,,,,,,,,,,,,,,,,,,,,,,,,,,,,,,,,,,,,,,,,,,,,,,,,,,,,,,,,,,,,,,,,,,,,,,,,,,,,,,,,,,,,,,,22.2,,,,,,,,,,,,,,,,,,,,,,,,,,,,,,,,,,,,,,,,,,,,,,,,,,,,,,,,,10.1,,,,,,,,,,,,,,,,,,68.8,,,,,,,
1178,334804,"Beef, Boneless Top Loin steak, lean only, raw, animal 24, upperchoice",2019-04-01,,,,,,,1.02,,,,,,,,,,,,,,,,,,,,,,,,,,,,,,,,,,,,,,,,,,,,,,,,,,,,,,,,,,,,,,,,,,,,,,,,,,,,,,,,,,,,,,,,,,,,,,,,,,,,,,,,,,,,,,,,,,,,,,,,,,,,,,22.3,,,,,,,,,,,,,,,,,,,,,,,,,,,,,,,,,,,,,,,,,,,,,,,,,,,,,,,,,6.15,,,,,,,,,,,,,,,,,,69.6,,,,,,,
1179,334806,"Beef, Boneless Top Loin steak, lean only, raw, animal 25, upperchoice",2019-04-01,,,,,,,1.01,,,,,,,,,,,,,,,,,,,,,,,,,,,,,,,,,,,,,,,,,,,,,,,,,,,,,,,,,,,,,,,,,,,,,,,,,,,,,,,,,,,,,,,,,,,,,,,,,,,,,,,,,,,,,,,,,,,,,,,,,,,,,,21.9,,,,,,,,,,,,,,,,,,,,,,,,,,,,,,,,,,,,,,,,,,,,,,,,,,,,,,,,,6.49,,,,,,,,,,,,,,,,,,70.1,,,,,,,
1180,334808,"Beef, Boneless Top Loin steak, lean only, raw, animal 30, upperchoice",2019-04-01,,,,,,,1.03,,,,,,,,,,,,,,,,,,,,,,,,,,,,,,,,,,,,,,,,,,,,,,,,,,,,,,,,,,,,,,,,,,,,,,,,,,,,,,,,,,,,,,,,,,,,,,,,,,,,,,,,,,,,,,,,,,,,,,,,,,,,,,23.6,,,,,,,,,,,,,,,,,,,,,,,,,,,,,,,,,,,,,,,,,,,,,,,,,,,,,,,,,4.97,,,,,,,,,,,,,,,,,,70.2,,,,,,,
1181,334810,"Beef, Boneless Top Loin steak, lean only, raw, animal 31, upperchoice",2019-04-01,,,,,,,0.98,,,,,,,,,,,,,,,,,,,,,,,,,,,,,,,,,,,,,,,,,,,,,,,,,,,,,,,,,,,,,,,,,,,,,,,,,,,,,,,,,,,,,,,,,,,,,,,,,,,,,,,,,,,,,,,,,,,,,,,,,,,,,,22.1,,,,,,,,,,,,,,,,,,,,,,,,,,,,,,,,,,,,,,,,,,,,,,,,,,,,,,,,,4.22,,,,,,,,,,,,,,,,,,71.6,,,,,,,
1182,334812,"Beef, Boneless Top Loin steak, lean only, raw, animal 32, upperchoice",2019-04-01,,,,,,,1.01,,,,,,,,,,,,,,,,,,,,,,,,,,,,,,,,,,,,,,,,,,,,,,,,,,,,,,,,,,,,,,,,,,,,,,,,,,,,,,,,,,,,,,,,,,,,,,,,,,,,,,,,,,,,,,,,,,,,,,,,,,,,,,22.3,,,,,,,,,,,,,,,,,,,,,,,,,,,,,,,,,,,,,,,,,,,,,,,,,,,,,,,,,2.33,,,,,,,,,,,,,,,,,,73.2,,,,,,,
1183,334814,"Beef, Boneless Top Loin steak, lean only, raw, animal 6, upperchoice",2019-04-01,,,,,,,0.93,,,,,,,,,,,,,,,,,,,,,,,,,,,,,,,,,,,,,,,,,,,,,,,,,,,,,,,,,,,,,,,,,,,,,,,,,,,,,,,,,,,,,,,,,,,,,,,,,,,,,,,,,,,,,,,,,,,,,,,,,,,,,,23.5,,,,,,,,,,,,,,,,,,,,,,,,,,,,,,,,,,,,,,,,,,,,,,,,,,,,,,,,,6.32,,,,,,,,,,,,,,,,,,69.4,,,,,,,
1184,334816,"Beef, Boneless Top Loin steak, lean only, raw, animal 7, upperchoice",2019-04-01,,,,,,,0.95,,,,,,,,,,,,,,,,,,,,,,,,,,,,,,,,,,,,,,,,,,,,,,,,,,,,,,,,,,,,,,,,,,,,,,,,,,,,,,,,,,,,,,,,,,,,,,,,,,,,,,,,,,,,,,,,,,,,,,,,,,,,,,22.7,,,,,,,,,,,,,,,,,,,,,,,,,,,,,,,,,,,,,,,,,,,,,,,,,,,,,,,,,7.33,,,,,,,,,,,,,,,,,,67.9,,,,,,,
1185,334818,"Beef, Top Loin steak, boneless, L_choice, raw, comp3, lean (32BLTLSB/33BLTLSB)",2019-04-01,,,,,,,,,,,,,,,,,,,,,60.0,,,,,,,,,,,,,,,,,,,,,,,,,,,,,,,,,,,,,,,,,,,,,,,,,,,,,,,,,0.254,0.064,,2.675,,0.013000000000000001,,,,,,,,,,,,,7.23,,,,0.0185,0.2365,,0.0115,,,,,0.001,,,0.012,,0.043,,,0.002,,,,,,0.009,,0.0,,,,,,,,,,,,,,,0.19,0.007,,0.006,,0.2,0.032,1.72,0.08,0.8185,0.0025,,,,0.0015,,,,,,,,,,,,,,,,,,0.014499999999999999,0.3305,,0.033,,,,,,0.0,0.0,0.04,0.0,0.0,0.0,0.0,,,,,,,,,1.8,0.591,,,,,,,,0.24,,,,,,,,,,,
1186,334824,"Beef, Boneless Top Loin steak, lean only, raw, animal 15, lowerchoice",2019-04-01,,,,,,,0.89,,,,,,,,,,,,,,,,,,,,,,,,,,,,,,,,,,,,,,,,,,,,,,,,,,,,,,,,,,,,,,,,,,,,,,,,,,,,,,,,,,,,,,,,,,,,,,,,,,,,,,,,,,,,,,,,,,,,,,,,,,,,,,23.7,,,,,,,,,,,,,,,,,,,,,,,,,,,,,,,,,,,,,,,,,,,,,,,,,,,,,,,,,6.22,,,,,,,,,,,,,,,,,,68.7,,,,,,,
1187,334826,"Beef, Boneless Top Loin steak, lean only, raw, animal 20, lowerchoice",2019-04-01,,,,,,,1.09,,,,,,,,,,,,,,,,,,,,,,,,,,,,,,,,,,,,,,,,,,,,,,,,,,,,,,,,,,,,,,,,,,,,,,,,,,,,,,,,,,,,,,,,,,,,,,,,,,,,,,,,,,,,,,,,,,,,,,,,,,,,,,23.2,,,,,,,,,,,,,,,,,,,,,,,,,,,,,,,,,,,,,,,,,,,,,,,,,,,,,,,,,6.69,,,,,,,,,,,,,,,,,,70.8,,,,,,,
1188,334828,"Beef, Top Loin steak, boneless, L_choice, raw, comp4, lean (32BLTLSB/33BLTLSB)",2019-04-01,,,,,,,,,,,,,,,,,,,,,59.0,,,,,,,,,,,,,,,,,,,,,,,,,,,,,,,,,,,,,,,,,,,,,,,,,,,,,,,,,0.155,0.048,,2.035,,0.008,,,,,,,,,,,,,6.91,,,,0.0215,0.242,,0.009,,,,,0.0015,,,0.013,,0.053000000000000005,,,0.0035,,,,,,0.007,,0.001,,,,,,,,,,,,,,,0.23,0.005,,0.005,,0.1285,0.024,1.195,0.063,0.6875,0.0035,,,,0.007,,,,,,,,,,,,,,,,,,0.017,0.21250000000000002,,0.026,,,,,,0.0,0.0,0.0,0.0,0.0,0.0,0.0,,,,,,,,,1.6,0.641,,,,,,,,0.21,,,,,,,,,,,
1189,334833,"Beef, Boneless Top Loin steak, lean only, raw, animal 21, lowerchoice",2019-04-01,,,,,,,1.12,,,,,,,,,,,,,,,,,,,,,,,,,,,,,,,,,,,,,,,,,,,,,,,,,,,,,,,,,,,,,,,,,,,,,,,,,,,,,,,,,,,,,,,,,,,,,,,,,,,,,,,,,,,,,,,,,,,,,,,,,,,,,,23.9,,,,,,,,,,,,,,,,,,,,,,,,,,,,,,,,,,,,,,,,,,,,,,,,,,,,,,,,,4.4,,,,,,,,,,,,,,,,,,72.1,,,,,,,
1190,334835,"Beef, Boneless Top Loin steak, lean only, raw, animal 26, lowerchoice",2019-04-01,,,,,,,1.0,,,,,,,,,,,,,,,,,,,,,,,,,,,,,,,,,,,,,,,,,,,,,,,,,,,,,,,,,,,,,,,,,,,,,,,,,,,,,,,,,,,,,,,,,,,,,,,,,,,,,,,,,,,,,,,,,,,,,,,,,,,,,,22.9,,,,,,,,,,,,,,,,,,,,,,,,,,,,,,,,,,,,,,,,,,,,,,,,,,,,,,,,,4.75,,,,,,,,,,,,,,,,,,71.6,,,,,,,
1191,334837,"Beef, Boneless Top Loin steak, lean only, raw, animal 27, lowerchoice",2019-04-01,,,,,,,1.03,,,,,,,,,,,,,,,,,,,,,,,,,,,,,,,,,,,,,,,,,,,,,,,,,,,,,,,,,,,,,,,,,,,,,,,,,,,,,,,,,,,,,,,,,,,,,,,,,,,,,,,,,,,,,,,,,,,,,,,,,,,,,,22.0,,,,,,,,,,,,,,,,,,,,,,,,,,,,,,,,,,,,,,,,,,,,,,,,,,,,,,,,,7.49,,,,,,,,,,,,,,,,,,69.6,,,,,,,
1192,334839,"Beef, Boneless Top Loin steak, lean only, raw, animal 33, lowerchoice",2019-04-01,,,,,,,0.92,,,,,,,,,,,,,,,,,,,,,,,,,,,,,,,,,,,,,,,,,,,,,,,,,,,,,,,,,,,,,,,,,,,,,,,,,,,,,,,,,,,,,,,,,,,,,,,,,,,,,,,,,,,,,,,,,,,,,,,,,,,,,,22.7,,,,,,,,,,,,,,,,,,,,,,,,,,,,,,,,,,,,,,,,,,,,,,,,,,,,,,,,,4.19,,,,,,,,,,,,,,,,,,70.8,,,,,,,
1193,334841,"Beef, Boneless Top Loin steak, lean only, raw, animal 34, lowerchoice",2019-04-01,,,,,,,0.97,,,,,,,,,,,,,,,,,,,,,,,,,,,,,,,,,,,,,,,,,,,,,,,,,,,,,,,,,,,,,,,,,,,,,,,,,,,,,,,,,,,,,,,,,,,,,,,,,,,,,,,,,,,,,,,,,,,,,,,,,,,,,,22.6,,,,,,,,,,,,,,,,,,,,,,,,,,,,,,,,,,,,,,,,,,,,,,,,,,,,,,,,,4.63,,,,,,,,,,,,,,,,,,70.8,,,,,,,
1194,334843,"Beef, Boneless Top Loin steak, lean only, raw, animal 4, lowerchoice",2019-04-01,,,,,,,1.08,,,,,,,,,,,,,,,,,,,,,,,,,,,,,,,,,,,,,,,,,,,,,,,,,,,,,,,,,,,,,,,,,,,,,,,,,,,,,,,,,,,,,,,,,,,,,,,,,,,,,,,,,,,,,,,,,,,,,,,,,,,,,,22.4,,,,,,,,,,,,,,,,,,,,,,,,,,,,,,,,,,,,,,,,,,,,,,,,,,,,,,,,,7.41,,,,,,,,,,,,,,,,,,70.7,,,,,,,
1195,334845,"Beef, Boneless Top Loin steak, lean only, raw, animal 8, lowerchoice",2019-04-01,,,,,,,0.95,,,,,,,,,,,,,,,,,,,,,,,,,,,,,,,,,,,,,,,,,,,,,,,,,,,,,,,,,,,,,,,,,,,,,,,,,,,,,,,,,,,,,,,,,,,,,,,,,,,,,,,,,,,,,,,,,,,,,,,,,,,,,,23.4,,,,,,,,,,,,,,,,,,,,,,,,,,,,,,,,,,,,,,,,,,,,,,,,,,,,,,,,,5.42,,,,,,,,,,,,,,,,,,69.6,,,,,,,
1196,334847,"Beef, Boneless Top Loin steak, lean only, raw, animal 9, lowerchoice",2019-04-01,,,,,,,0.9,,,,,,,,,,,,,,,,,,,,,,,,,,,,,,,,,,,,,,,,,,,,,,,,,,,,,,,,,,,,,,,,,,,,,,,,,,,,,,,,,,,,,,,,,,,,,,,,,,,,,,,,,,,,,,,,,,,,,,,,,,,,,,23.3,,,,,,,,,,,,,,,,,,,,,,,,,,,,,,,,,,,,,,,,,,,,,,,,,,,,,,,,,8.25,,,,,,,,,,,,,,,,,,67.2,,,,,,,
1197,334850,"Beef, Tenderloin Roast, select, roasted, comp5, lean (34BLTR)",2019-04-01,,,,,,,,,,,,,,,,,,,,,87.0,,,,,,,,,,,,,,,,,,,,,,,,,,,,,,,,,,,,,,,,,,,,,,,,,,,,,,,,,0.132,0.046,,2.11,,0.017,,,,,,,,,,,,,5.7,,,,0.041,0.334,,0.012,,,,,0.003,,,0.017,,0.062,,,0.003,,,,,,0.011,,0.002,,,,,,,,,,,,,,,0.4,0.007,,0.006,,0.161,0.031,1.43,0.078,0.955,0.007,,,,0.004,,,,,,,,,,,,,,,,,,0.024,0.333,,0.036,,,,,,,,,,,,,,,,,,,,,4.4,0.639,,,,,,,,,,,,,,,,,,,
1198,334860,"Beef, Tenderloin Roast, lean only, cooked, animal 5, select",2019-04-01,,,,,,,1.28,,,,,,,,,,,,,,,,,,,,,,,,,,,,,,,,,,,,,,,,,,,,,,,,,,,,,,,,,,,,,,,,,,,,,,,,,,,,,,,,,,,,,,,,,,,,,,,,,,,,,,,,,,,,,,,,,,,,,,,,,,,,,,25.6,,,,,,,,,,,,,,,,,,,,,,,,,,,,,,,,,,,,,,,,,,,,,,,,,,,,,,,,,9.54,,,,,,,,,,,,,,,,,,65.0,,,,,,,
1199,334862,"Beef, Tenderloin Roast, select, roasted, comp13, lean  (34BLTR)",2019-04-01,,,,,,,,,,,,,,,13.0,,,,,,,,,,,,,,0.097,,,,,,,,,,,,,,,,,,,,,,,,,,,,,,,,,,,3.04,,,,,,,,,,,,,,,,,,,,,,,,,,13.7,,,0.008,,,,,,,,,,,,,,,,,,,,,,,,,,,,,,,,,,259.0,,,,352.0,,,,,,,,,,,,,,,,,,,,,,,,,,,,,25.4,,54.0,,,,,,,,,,,,,,,,,,,,,,,,,,,,,,,,,,,,,,,,,,,,,,,,3.7,,,,,
1200,334871,"Beef, Tenderloin Roast, lean only, cooked, animal 18, select",2019-04-01,,,,,,,1.16,,,,,,,,,,,,,,,,,,,,,,,,,,,,,,,,,,,,,,,,,,,,,,,,,,,,,,,,,,,,,,,,,,,,,,,,,,,,,,,,,,,,,,,,,,,,,,,,,,,,,,,,,,,,,,,,,,,,,,,,,,,,,,28.9,,,,,,,,,,,,,,,,,,,,,,,,,,,,,,,,,,,,,,,,,,,,,,,,,,,,,,,,,5.1,,,,,,,,,,,,,,,,,,65.4,,,,,,,
1201,334873,"Beef, Tenderloin Roast, select, roasted, comp6, lean (34BLTR)",2019-04-01,,,,,,,,,,,,,,,,,,,,,84.0,,,,,,,,,,,,,,,,,,,,,,,,,,,,,,,,,,,,,,,,,,,,,,,,,,,,,,,,,0.1495,0.0485,,1.955,,0.0075,,,,,,,,,,,,,5.82,,,,0.0245,0.323,,0.013,,,,,0.0015,,,0.016,,0.0655,,,0.002,,,,,,0.011,,0.002,,,,,,,,,,,,,,,0.4,0.004,,0.006,,0.14550000000000002,0.028,1.25,0.0685,0.745,0.003,,,,0.008,,,,,,,,,,,,,,,,,,0.021,0.272,,0.031,,,,,,,,,,,,,,,,,,,,,4.02,0.7,,,,,,,,,,,,,,,,,,,
1202,334877,"Beef, Tenderloin Roast, lean only, cooked, animal 22, select",2019-04-01,,,,,,,1.38,,,,,,,,,,,,,,,,,,,,,,,,,,,,,,,,,,,,,,,,,,,,,,,,,,,,,,,,,,,,,,,,,,,,,,,,,,,,,,,,,,,,,,,,,,,,,,,,,,,,,,,,,,,,,,,,,,,,,,,,,,,,,,27.8,,,,,,,,,,,,,,,,,,,,,,,,,,,,,,,,,,,,,,,,,,,,,,,,,,,,,,,,,5.64,,,,,,,,,,,,,,,,,,67.5,,,,,,,
1203,334879,"Beef, Tenderloin Roast, lean only, cooked, animal 23, select",2019-04-01,,,,,,,1.66,,,,,,,,,,,,,,,,,,,,,,,,,,,,,,,,,,,,,,,,,,,,,,,,,,,,,,,,,,,,,,,,,,,,,,,,,,,,,,,,,,,,,,,,,,,,,,,,,,,,,,,,,,,,,,,,,,,,,,,,,,,,,,27.0,,,,,,,,,,,,,,,,,,,,,,,,,,,,,,,,,,,,,,,,,,,,,,,,,,,,,,,,,8.53,,,,,,,,,,,,,,,,,,65.1,,,,,,,
1204,334881,"Beef, Tenderloin Roast, lean only, cooked, animal 28, select",2019-04-01,,,,,,,1.27,,,,,,,,,,,,,,,,,,,,,,,,,,,,,,,,,,,,,,,,,,,,,,,,,,,,,,,,,,,,,,,,,,,,,,,,,,,,,,,,,,,,,,,,,,,,,,,,,,,,,,,,,,,,,,,,,,,,,,,,,,,,,,27.8,,,,,,,,,,,,,,,,,,,,,,,,,,,,,,,,,,,,,,,,,,,,,,,,,,,,,,,,,3.85,,,,,,,,,,,,,,,,,,68.4,,,,,,,
1205,334883,"Beef, Tenderloin Roast, lean only, cooked, animal 29, select",2019-04-01,,,,,,,1.23,,,,,,,,,,,,,,,,,,,,,,,,,,,,,,,,,,,,,,,,,,,,,,,,,,,,,,,,,,,,,,,,,,,,,,,,,,,,,,,,,,,,,,,,,,,,,,,,,,,,,,,,,,,,,,,,,,,,,,,,,,,,,,27.8,,,,,,,,,,,,,,,,,,,,,,,,,,,,,,,,,,,,,,,,,,,,,,,,,,,,,,,,,7.98,,,,,,,,,,,,,,,,,,64.3,,,,,,,
1206,334885,"Beef, Tenderloin Roast, lean only, cooked, animal 35, select",2019-04-01,,,,,,,1.1,,,,,,,,,,,,,,,,,,,,,,,,,,,,,,,,,,,,,,,,,,,,,,,,,,,,,,,,,,,,,,,,,,,,,,,,,,,,,,,,,,,,,,,,,,,,,,,,,,,,,,,,,,,,,,,,,,,,,,,,,,,,,,26.5,,,,,,,,,,,,,,,,,,,,,,,,,,,,,,,,,,,,,,,,,,,,,,,,,,,,,,,,,6.29,,,,,,,,,,,,,,,,,,66.0,,,,,,,
1207,334887,"Beef, Tenderloin Roast, lean only, cooked, animal 10, select",2019-04-01,,,,,,,0.98,,,,,,,,,,,,,,,,,,,,,,,,,,,,,,,,,,,,,,,,,,,,,,,,,,,,,,,,,,,,,,,,,,,,,,,,,,,,,,,,,,,,,,,,,,,,,,,,,,,,,,,,,,,,,,,,,,,,,,,,,,,,,,29.1,,,,,,,,,,,,,,,,,,,,,,,,,,,,,,,,,,,,,,,,,,,,,,,,,,,,,,,,,5.15,,,,,,,,,,,,,,,,,,65.7,,,,,,,
1208,334889,"Beef, Tenderloin Roast, lean only, cooked, animal 11, select",2019-04-01,,,,,,,1.08,,,,,,,,,,,,,,,,,,,,,,,,,,,,,,,,,,,,,,,,,,,,,,,,,,,,,,,,,,,,,,,,,,,,,,,,,,,,,,,,,,,,,,,,,,,,,,,,,,,,,,,,,,,,,,,,,,,,,,,,,,,,,,28.8,,,,,,,,,,,,,,,,,,,,,,,,,,,,,,,,,,,,,,,,,,,,,,,,,,,,,,,,,5.09,,,,,,,,,,,,,,,,,,65.0,,,,,,,
1209,334891,"Beef, Tenderloin Roast, lean only, cooked, animal 16, select",2019-04-01,,,,,,,1.2,,,,,,,,,,,,,,,,,,,,,,,,,,,,,,,,,,,,,,,,,,,,,,,,,,,,,,,,,,,,,,,,,,,,,,,,,,,,,,,,,,,,,,,,,,,,,,,,,,,,,,,,,,,,,,,,,,,,,,,,,,,,,,29.1,,,,,,,,,,,,,,,,,,,,,,,,,,,,,,,,,,,,,,,,,,,,,,,,,,,,,,,,,4.22,,,,,,,,,,,,,,,,,,66.6,,,,,,,
1210,334893,"Beef, Tenderloin Roast, lean only, cooked, animal 17, select",2019-04-01,,,,,,,1.16,,,,,,,,,,,,,,,,,,,,,,,,,,,,,,,,,,,,,,,,,,,,,,,,,,,,,,,,,,,,,,,,,,,,,,,,,,,,,,,,,,,,,,,,,,,,,,,,,,,,,,,,,,,,,,,,,,,,,,,,,,,,,,26.5,,,,,,,,,,,,,,,,,,,,,,,,,,,,,,,,,,,,,,,,,,,,,,,,,,,,,,,,,10.7,,,,,,,,,,,,,,,,,,61.8,,,,,,,
1211,334895,"Beef, Tenderloin Roast, lean only, cooked, animal 36, select",2019-04-01,,,,,,,1.12,,,,,,,,,,,,,,,,,,,,,,,,,,,,,,,,,,,,,,,,,,,,,,,,,,,,,,,,,,,,,,,,,,,,,,,,,,,,,,,,,,,,,,,,,,,,,,,,,,,,,,,,,,,,,,,,,,,,,,,,,,,,,,26.9,,,,,,,,,,,,,,,,,,,,,,,,,,,,,,,,,,,,,,,,,,,,,,,,,,,,,,,,,4.26,,,,,,,,,,,,,,,,,,67.9,,,,,,,
1212,334899,"Beef, Top Round roast/steak, lean only, raw, animal 5, select",2019-04-01,,,,,,,1.22,,,,,,,,,,,,,,,,,,,,,,,,,,,,,,,,,,,,,,,,,,,,,,,,,,,,,,,,,,,,,,,,,,,,,,,,,,,,,,,,,,,,,,,,,,,,,,,,,,,,,,,,,,,,,,,,,,,,,,,,,,,,,,23.8,,,,,,,,,,,,,,,,,,,,,,,,,,,,,,,,,,,,,,,,,,,,,,,,,,,,,,,,,2.77,,,,,,,,,,,,,,,,,,73.7,,,,,,,
1213,334903,"Beef, Top Round roast/steak, select, raw, comp13, lean (38BRTRS/39BRTRR)",2019-04-01,,,,,,,,,,,,,,,13.0,,,,,,,,,,,,,,0.047,,,,,,,,,,,,,,,,,,,,,,,,,,,,,,,,,,,2.34,,,,,,,,,,,,,,,,,,,,,,,,,,11.9,,,0.003,,,,,,,,,,,,,,,,,,,,,,,,,,,,,,,,,,220.0,,,,316.0,,,,,,,,,,,,,,,,,,,,,,,,,,,,,22.7,,55.0,,,,,,,,,,,,,,,,,,,,,,,,,,,,,,,,,,,,,,,,,,,,,,,,3.54,,,,,
1214,334917,"Beef, Top Round roast/steak, lean only, raw, animal 10, select",2019-04-01,,,,,,,1.07,,,,,,,,,,,,,,,,,,,,,,,,,,,,,,,,,,,,,,,,,,,,,,,,,,,,,,,,,,,,,,,,,,,,,,,,,,,,,,,,,,,,,,,,,,,,,,,,,,,,,,,,,,,,,,,,,,,,,,,,,,,,,,24.9,,,,,,,,,,,,,,,,,,,,,,,,,,,,,,,,,,,,,,,,,,,,,,,,,,,,,,,,,2.35,,,,,,,,,,,,,,,,,,72.8,,,,,,,
1215,334920,"Beef, Top Round roast/steak, select, raw, comp22, lean (38BRTRS/39BRTRR)",2019-04-01,,0.2,,,,,,,,,,10.8,,,,,,,,,,0.3,9.2,48.7,0.5,5.3,64.1,,,,,,,,,,,,,,,,,,,,,,,,,,,,,,,,,,,,,,,,,,,,,,,,,,,,,,,,,,,,,,,,,,,,,,,,,,,,,,,,,,,,,,,,,,,,,,,,,,0.37,,,,,,,,,,,,,,,,,,,,,,,,,,,,,,,,,,,,,,,,,,,,,,,,,,,,,0.064,,,,,,,,,,,,,,,,,,,,,,0.0,0.0,,,,,,,,,,,,,,
1216,334923,"Beef, Top Round roast/steak, select, raw, comp5, lean (38BRTRS/39BRTRR)",2019-04-01,,,,,,,,,,,,,,,,,,,,,65.0,,,,,,,,,,,,,,,,,,,,,,,,,,,,,,,,,,,,,,,,,,,,,,,,,,,,,,,,,0.065,0.0165,,0.881,,0.002,,,,,,,,,,,,,6.32,,,,0.003,0.16249999999999998,,0.002,,,,,0.001,,,0.013,,0.0495,,,0.0025,,,,,,0.009,,0.001,,,,,,,,,,,,,,,0.24,0.006,,0.003,,0.0505,0.009000000000000001,0.5995,0.026000000000000002,0.3225,0.0005,,,,0.0015,,,,,,,,,,,,,,,,,,0.0035,0.10750000000000001,,0.007,,,,,,0.0,0.0,0.07,0.0,0.0,0.0,0.0,,,,,,,,,1.62,0.637,,,,,,,,0.22,,,,,,,,,,,
1217,334928,"Beef, Top Round roast/steak, lean only, raw, animal 11, select",2019-04-01,,,,,,,1.04,,,,,,,,,,,,,,,,,,,,,,,,,,,,,,,,,,,,,,,,,,,,,,,,,,,,,,,,,,,,,,,,,,,,,,,,,,,,,,,,,,,,,,,,,,,,,,,,,,,,,,,,,,,,,,,,,,,,,,,,,,,,,,23.8,,,,,,,,,,,,,,,,,,,,,,,,,,,,,,,,,,,,,,,,,,,,,,,,,,,,,,,,,2.57,,,,,,,,,,,,,,,,,,72.8,,,,,,,
1218,334931,"Beef, Top Round roast/steak, lean only, raw, animal 16, select",2019-04-01,,,,,,,1.1,,,,,,,,,,,,,,,,,,,,,,,,,,,,,,,,,,,,,,,,,,,,,,,,,,,,,,,,,,,,,,,,,,,,,,,,,,,,,,,,,,,,,,,,,,,,,,,,,,,,,,,,,,,,,,,,,,,,,,,,,,,,,,24.2,,,,,,,,,,,,,,,,,,,,,,,,,,,,,,,,,,,,,,,,,,,,,,,,,,,,,,,,,1.99,,,,,,,,,,,,,,,,,,72.5,,,,,,,
1219,334934,"Beef, Top Round roast/steak, lean only, raw, animal 17, select",2019-04-01,,,,,,,1.0,,,,,,,,,,,,,,,,,,,,,,,,,,,,,,,,,,,,,,,,,,,,,,,,,,,,,,,,,,,,,,,,,,,,,,,,,,,,,,,,,,,,,,,,,,,,,,,,,,,,,,,,,,,,,,,,,,,,,,,,,,,,,,23.8,,,,,,,,,,,,,,,,,,,,,,,,,,,,,,,,,,,,,,,,,,,,,,,,,,,,,,,,,3.5,,,,,,,,,,,,,,,,,,70.4,,,,,,,
1220,334937,"Beef, Top Round roast/steak, lean only, raw, animal 18, select",2019-04-01,,,,,,,1.13,,,,,,,,,,,,,,,,,,,,,,,,,,,,,,,,,,,,,,,,,,,,,,,,,,,,,,,,,,,,,,,,,,,,,,,,,,,,,,,,,,,,,,,,,,,,,,,,,,,,,,,,,,,,,,,,,,,,,,,,,,,,,,24.9,,,,,,,,,,,,,,,,,,,,,,,,,,,,,,,,,,,,,,,,,,,,,,,,,,,,,,,,,2.43,,,,,,,,,,,,,,,,,,72.0,,,,,,,
1221,334940,"Beef, Top Round roast/steak, select, raw, comp6, lean (38BRTRS/39BRTRR)",2019-04-01,,,,,,,,,,,,,,,,,,,,,61.0,,,,,,,,,,,,,,,,,,,,,,,,,,,,,,,,,,,,,,,,,,,,,,,,,,,,,,,,,0.0525,0.018,,0.712,,0.003,,,,,,,,,,,,,5.99,,,,0.007,0.10850000000000001,,0.004,,,,,0.001,,,0.012,,0.0265,,,0.0015,,,,,,0.008,,0.002,,,,,,,,,,,,,,,0.26,0.0025,,0.001,,0.048,0.008,0.44799999999999995,0.027000000000000003,0.29100000000000004,0.001,,,,0.002,,,,,,,,,,,,,,,,,,0.007,0.11699999999999999,,0.008,,,,,,0.0,0.0,0.0,0.0,0.0,0.0,0.0,,,,,,,,,1.63,0.614,,,,,,,,0.2,,,,,,,,,,,
1222,334945,"Beef, Top Round roast/steak, lean only, raw, animal 22, select",2019-04-01,,,,,,,1.21,,,,,,,,,,,,,,,,,,,,,,,,,,,,,,,,,,,,,,,,,,,,,,,,,,,,,,,,,,,,,,,,,,,,,,,,,,,,,,,,,,,,,,,,,,,,,,,,,,,,,,,,,,,,,,,,,,,,,,,,,,,,,,23.6,,,,,,,,,,,,,,,,,,,,,,,,,,,,,,,,,,,,,,,,,,,,,,,,,,,,,,,,,2.77,,,,,,,,,,,,,,,,,,74.2,,,,,,,
1223,334948,"Beef, Top Round roast/steak, lean only, raw, animal 23, select",2019-04-01,,,,,,,1.26,,,,,,,,,,,,,,,,,,,,,,,,,,,,,,,,,,,,,,,,,,,,,,,,,,,,,,,,,,,,,,,,,,,,,,,,,,,,,,,,,,,,,,,,,,,,,,,,,,,,,,,,,,,,,,,,,,,,,,,,,,,,,,23.2,,,,,,,,,,,,,,,,,,,,,,,,,,,,,,,,,,,,,,,,,,,,,,,,,,,,,,,,,4.23,,,,,,,,,,,,,,,,,,73.5,,,,,,,
1224,334951,"Beef, Top Round roast/steak, lean only, raw, animal 28, select",2019-04-01,,,,,,,1.06,,,,,,,,,,,,,,,,,,,,,,,,,,,,,,,,,,,,,,,,,,,,,,,,,,,,,,,,,,,,,,,,,,,,,,,,,,,,,,,,,,,,,,,,,,,,,,,,,,,,,,,,,,,,,,,,,,,,,,,,,,,,,,22.7,,,,,,,,,,,,,,,,,,,,,,,,,,,,,,,,,,,,,,,,,,,,,,,,,,,,,,,,,1.16,,,,,,,,,,,,,,,,,,75.0,,,,,,,
1225,334954,"Beef, Top Round roast/steak, lean only, raw, animal 29, select",2019-04-01,,,,,,,1.11,,,,,,,,,,,,,,,,,,,,,,,,,,,,,,,,,,,,,,,,,,,,,,,,,,,,,,,,,,,,,,,,,,,,,,,,,,,,,,,,,,,,,,,,,,,,,,,,,,,,,,,,,,,,,,,,,,,,,,,,,,,,,,23.9,,,,,,,,,,,,,,,,,,,,,,,,,,,,,,,,,,,,,,,,,,,,,,,,,,,,,,,,,1.31,,,,,,,,,,,,,,,,,,73.7,,,,,,,
1226,334957,"Beef, Top Round roast/steak, lean only, raw, animal 35, select",2019-04-01,,,,,,,1.08,,,,,,,,,,,,,,,,,,,,,,,,,,,,,,,,,,,,,,,,,,,,,,,,,,,,,,,,,,,,,,,,,,,,,,,,,,,,,,,,,,,,,,,,,,,,,,,,,,,,,,,,,,,,,,,,,,,,,,,,,,,,,,22.8,,,,,,,,,,,,,,,,,,,,,,,,,,,,,,,,,,,,,,,,,,,,,,,,,,,,,,,,,0.53,,,,,,,,,,,,,,,,,,74.7,,,,,,,
1227,334960,"Beef, Top Round roast/steak, lean only, raw, animal 36, select",2019-04-01,,,,,,,1.04,,,,,,,,,,,,,,,,,,,,,,,,,,,,,,,,,,,,,,,,,,,,,,,,,,,,,,,,,,,,,,,,,,,,,,,,,,,,,,,,,,,,,,,,,,,,,,,,,,,,,,,,,,,,,,,,,,,,,,,,,,,,,,22.2,,,,,,,,,,,,,,,,,,,,,,,,,,,,,,,,,,,,,,,,,,,,,,,,,,,,,,,,,3.27,,,,,,,,,,,,,,,,,,73.9,,,,,,,
1228,334964,"Beef, T-Bone Steak, lean only, cooked, animal 12, upperchoice",2019-04-01,,,,,,,1.11,,,,,,,,,,,,,,,,,,,,,,,,,,,,,,,,,,,,,,,,,,,,,,,,,,,,,,,,,,,,,,,,,,,,,,,,,,,,,,,,,,,,,,,,,,,,,,,,,,,,,,,,,,,,,,,,,,,,,,,,,,,,,,27.9,,,,,,,,,,,,,,,,,,,,,,,,,,,,,,,,,,,,,,,,,,,,,,,,,,,,,,,,,11.3,,,,,,,,,,,,,,,,,,58.7,,,,,,,
1229,334967,"Beef, T-bone Steak, U_choice, grilled, comp1, lean (31BLTBS)",2019-04-01,,,,,,,,,,,,,,,,,,,,,82.0,,,,,,,,,,,,,,,,,,,,,,,,,,,,,,,,,,,,,,,,,,,,,,,,,,,,,,,,,0.3255,0.0795,,4.46,,0.0195,,,,,,,,,,,,,6.47,,,,0.034999999999999996,0.36,,0.024,,,,,0.002,,,0.019,,0.0445,,,0.002,,,,,,0.014,,0.0,,,,,,,,,,,,,,,0.3,0.014,,0.009,,0.301,0.0455,2.85,0.1215,1.645,0.005,,,,0.0,,,,,,,,,,,,,,,,,,0.026000000000000002,0.4945,,0.055,,,,,,,,,,,,,,,,,,,,,1.97,0.738,,,,,,,,,,,,,,,,,,,
1230,334977,"Beef, T-Bone Steak, lean only, cooked, animal 1, upperchoice",2019-04-01,,,,,,,1.0,,,,,,,,,,,,,,,,,,,,,,,,,,,,,,,,,,,,,,,,,,,,,,,,,,,,,,,,,,,,,,,,,,,,,,,,,,,,,,,,,,,,,,,,,,,,,,,,,,,,,,,,,,,,,,,,,,,,,,,,,,,,,,25.4,,,,,,,,,,,,,,,,,,,,,,,,,,,,,,,,,,,,,,,,,,,,,,,,,,,,,,,,,14.0,,,,,,,,,,,,,,,,,,61.5,,,,,,,
1231,334979,"Beef, T-bone Steak, U_choice, grilled, comp11, lean (31BLTBS)",2019-04-01,,,,,,,,,,,,,,,19.0,,,,,,,,,,,,,,0.072,,,,,,,,,,,,,,,,,,,,,,,,,,,,,,,,,,,3.44,,,,,,,,,,,,,,,,,,,,,,,,,,20.6,,,0.003,,,,,,,,,,,,,,,,,,,,,,,,,,,,,,,,,,213.0,,,,291.0,,,,,,,,,,,,,,,,,,,,,,,,,,,,,27.7,,63.0,,,,,,,,,,,,,,,,,,,,,,,,,,,,,,,,,,,,,,,,,,,,,,,,4.69,,,,,
1232,334988,"Beef, T-Bone Steak, lean only, cooked, animal 19, upperchoice",2019-04-01,,,,,,,1.07,,,,,,,,,,,,,,,,,,,,,,,,,,,,,,,,,,,,,,,,,,,,,,,,,,,,,,,,,,,,,,,,,,,,,,,,,,,,,,,,,,,,,,,,,,,,,,,,,,,,,,,,,,,,,,,,,,,,,,,,,,,,,,26.3,,,,,,,,,,,,,,,,,,,,,,,,,,,,,,,,,,,,,,,,,,,,,,,,,,,,,,,,,14.0,,,,,,,,,,,,,,,,,,59.8,,,,,,,
1233,334990,"Beef, T-bone Steak, U_choice, grilled, comp2, lean (31BLTBS)",2019-04-01,,,,,,,,,,,,,,,,,,,,,80.5,,,,,,,,,,,,,,,,,,,,,,,,,,,,,,,,,,,,,,,,,,,,,,,,,,,,,,,,,0.379,0.0985,,4.425,,0.0245,,,,,,,,,,,,,6.76,,,,0.0505,0.3775,,0.024,,,,,0.002,,,0.017,,0.059000000000000004,,,0.002,,,,,,0.014,,0.0,,,,,,,,,,,,,,,0.24,0.008,,0.010499999999999999,,0.349,0.059,2.855,0.139,1.6400000000000001,0.0085,,,,0.007,,,,,,,,,,,,,,,,,,0.041,0.512,,0.074,,,,,,,,,,,,,,,,,,,,,1.69,0.733,,,,,,,,,,,,,,,,,,,
1234,334995,"Beef, T-Bone Steak, lean only, cooked, animal 24, upperchoice",2019-04-01,,,,,,,1.07,,,,,,,,,,,,,,,,,,,,,,,,,,,,,,,,,,,,,,,,,,,,,,,,,,,,,,,,,,,,,,,,,,,,,,,,,,,,,,,,,,,,,,,,,,,,,,,,,,,,,,,,,,,,,,,,,,,,,,,,,,,,,,27.7,,,,,,,,,,,,,,,,,,,,,,,,,,,,,,,,,,,,,,,,,,,,,,,,,,,,,,,,,12.9,,,,,,,,,,,,,,,,,,58.6,,,,,,,
1235,334997,"Beef, T-Bone Steak, lean only, cooked, animal 25, upperchoice",2019-04-01,,,,,,,1.04,,,,,,,,,,,,,,,,,,,,,,,,,,,,,,,,,,,,,,,,,,,,,,,,,,,,,,,,,,,,,,,,,,,,,,,,,,,,,,,,,,,,,,,,,,,,,,,,,,,,,,,,,,,,,,,,,,,,,,,,,,,,,,28.3,,,,,,,,,,,,,,,,,,,,,,,,,,,,,,,,,,,,,,,,,,,,,,,,,,,,,,,,,10.2,,,,,,,,,,,,,,,,,,60.3,,,,,,,
1236,334999,"Beef, T-Bone Steak, lean only, cooked, animal 30, upperchoice",2019-04-01,,,,,,,0.94,,,,,,,,,,,,,,,,,,,,,,,,,,,,,,,,,,,,,,,,,,,,,,,,,,,,,,,,,,,,,,,,,,,,,,,,,,,,,,,,,,,,,,,,,,,,,,,,,,,,,,,,,,,,,,,,,,,,,,,,,,,,,,27.0,,,,,,,,,,,,,,,,,,,,,,,,,,,,,,,,,,,,,,,,,,,,,,,,,,,,,,,,,15.0,,,,,,,,,,,,,,,,,,56.4,,,,,,,
1237,335001,"Beef, T-Bone Steak, lean only, cooked, animal 31, upperchoice",2019-04-01,,,,,,,1.13,,,,,,,,,,,,,,,,,,,,,,,,,,,,,,,,,,,,,,,,,,,,,,,,,,,,,,,,,,,,,,,,,,,,,,,,,,,,,,,,,,,,,,,,,,,,,,,,,,,,,,,,,,,,,,,,,,,,,,,,,,,,,,27.0,,,,,,,,,,,,,,,,,,,,,,,,,,,,,,,,,,,,,,,,,,,,,,,,,,,,,,,,,12.8,,,,,,,,,,,,,,,,,,58.7,,,,,,,
1238,335003,"Beef, T-Bone Steak, lean only, cooked, animal 32, upperchoice",2019-04-01,,,,,,,0.96,,,,,,,,,,,,,,,,,,,,,,,,,,,,,,,,,,,,,,,,,,,,,,,,,,,,,,,,,,,,,,,,,,,,,,,,,,,,,,,,,,,,,,,,,,,,,,,,,,,,,,,,,,,,,,,,,,,,,,,,,,,,,,25.4,,,,,,,,,,,,,,,,,,,,,,,,,,,,,,,,,,,,,,,,,,,,,,,,,,,,,,,,,14.3,,,,,,,,,,,,,,,,,,57.7,,,,,,,
1239,335005,"Beef, T-Bone Steak, lean only, cooked, animal 2, upperchoice",2019-04-01,,,,,,,1.14,,,,,,,,,,,,,,,,,,,,,,,,,,,,,,,,,,,,,,,,,,,,,,,,,,,,,,,,,,,,,,,,,,,,,,,,,,,,,,,,,,,,,,,,,,,,,,,,,,,,,,,,,,,,,,,,,,,,,,,,,,,,,,24.6,,,,,,,,,,,,,,,,,,,,,,,,,,,,,,,,,,,,,,,,,,,,,,,,,,,,,,,,,12.4,,,,,,,,,,,,,,,,,,62.8,,,,,,,
1240,335007,"Beef, T-Bone Steak, lean only, cooked, animal 6, upperchoice",2019-04-01,,,,,,,0.97,,,,,,,,,,,,,,,,,,,,,,,,,,,,,,,,,,,,,,,,,,,,,,,,,,,,,,,,,,,,,,,,,,,,,,,,,,,,,,,,,,,,,,,,,,,,,,,,,,,,,,,,,,,,,,,,,,,,,,,,,,,,,,28.0,,,,,,,,,,,,,,,,,,,,,,,,,,,,,,,,,,,,,,,,,,,,,,,,,,,,,,,,,10.8,,,,,,,,,,,,,,,,,,58.7,,,,,,,
1241,335009,"Beef, T-Bone Steak, lean only, cooked, animal 7, upperchoice",2019-04-01,,,,,,,1.11,,,,,,,,,,,,,,,,,,,,,,,,,,,,,,,,,,,,,,,,,,,,,,,,,,,,,,,,,,,,,,,,,,,,,,,,,,,,,,,,,,,,,,,,,,,,,,,,,,,,,,,,,,,,,,,,,,,,,,,,,,,,,,27.9,,,,,,,,,,,,,,,,,,,,,,,,,,,,,,,,,,,,,,,,,,,,,,,,,,,,,,,,,8.75,,,,,,,,,,,,,,,,,,61.0,,,,,,,
1242,335011,"Beef, T-Bone Steak, lean only, cooked, animal 13, upperchoice",2019-04-01,,,,,,,0.77,,,,,,,,,,,,,,,,,,,,,,,,,,,,,,,,,,,,,,,,,,,,,,,,,,,,,,,,,,,,,,,,,,,,,,,,,,,,,,,,,,,,,,,,,,,,,,,,,,,,,,,,,,,,,,,,,,,,,,,,,,,,,,28.2,,,,,,,,,,,,,,,,,,,,,,,,,,,,,,,,,,,,,,,,,,,,,,,,,,,,,,,,,11.0,,,,,,,,,,,,,,,,,,58.8,,,,,,,
1243,335013,"Beef, T-Bone Steak, lean only, cooked, animal 20, lowerchoice",2019-04-01,,,,,,,1.09,,,,,,,,,,,,,,,,,,,,,,,,,,,,,,,,,,,,,,,,,,,,,,,,,,,,,,,,,,,,,,,,,,,,,,,,,,,,,,,,,,,,,,,,,,,,,,,,,,,,,,,,,,,,,,,,,,,,,,,,,,,,,,26.7,,,,,,,,,,,,,,,,,,,,,,,,,,,,,,,,,,,,,,,,,,,,,,,,,,,,,,,,,10.8,,,,,,,,,,,,,,,,,,64.1,,,,,,,
1244,335016,"Beef, T-bone Steak, L_choice, grilled, comp4, lean (31BLTBS)",2019-04-01,,,,,,,,,,,,,,,,,,,,,78.0,,,,,,,,,,,,,,,,,,,,,,,,,,,,,,,,,,,,,,,,,,,,,,,,,,,,,,,,,0.3355,0.084,,3.76,,0.0185,,,,,,,,,,,,,5.89,,,,0.039,0.33899999999999997,,0.02,,,,,0.0025,,,0.019,,0.0575,,,0.0035,,,,,,0.011,,0.0,,,,,,,,,,,,,,,0.24,0.008,,0.0085,,0.2585,0.042,2.315,0.10999999999999999,1.295,0.0055,,,,0.008,,,,,,,,,,,,,,,,,,0.032,0.4295,,0.053,,,,,,,,,,,,,,,,,,,,,1.97,0.753,,,,,,,,,,,,,,,,,,,
1245,335025,"Beef, T-Bone Steak, lean only, cooked, animal 21, lowerchoice",2019-04-01,,,,,,,1.08,,,,,,,,,,,,,,,,,,,,,,,,,,,,,,,,,,,,,,,,,,,,,,,,,,,,,,,,,,,,,,,,,,,,,,,,,,,,,,,,,,,,,,,,,,,,,,,,,,,,,,,,,,,,,,,,,,,,,,,,,,,,,,28.0,,,,,,,,,,,,,,,,,,,,,,,,,,,,,,,,,,,,,,,,,,,,,,,,,,,,,,,,,11.0,,,,,,,,,,,,,,,,,,60.1,,,,,,,
1246,335027,"Beef, T-bone Steak, L_choice, grilled, comp12, lean (31BLTBS)",2019-04-01,,,,,,,,,,,,,,,19.0,,,,,,,,,,,,,,0.083,,,,,,,,,,,,,,,,,,,,,,,,,,,,,,,,,,,3.63,,,,,,,,,,,,,,,,,,,,,,,,,,19.5,,,0.004,,,,,,,,,,,,,,,,,,,,,,,,,,,,,,,,,,208.0,,,,275.0,,,,,,,,,,,,,,,,,,,,,,,,,,,,,31.7,,71.0,,,,,,,,,,,,,,,,,,,,,,,,,,,,,,,,,,,,,,,,,,,,,,,,4.68,,,,,
1247,335036,"Beef, T-Bone Steak, lean only, cooked, animal 3, lowerchoice",2019-04-01,,,,,,,1.08,,,,,,,,,,,,,,,,,,,,,,,,,,,,,,,,,,,,,,,,,,,,,,,,,,,,,,,,,,,,,,,,,,,,,,,,,,,,,,,,,,,,,,,,,,,,,,,,,,,,,,,,,,,,,,,,,,,,,,,,,,,,,,26.4,,,,,,,,,,,,,,,,,,,,,,,,,,,,,,,,,,,,,,,,,,,,,,,,,,,,,,,,,12.8,,,,,,,,,,,,,,,,,,61.6,,,,,,,
1248,335038,"Beef, T-bone Steak, L_choice, grilled, comp3, lean (31BLTBS)",2019-04-01,,,,,,,,,,,,,,,,,,,,,78.0,,,,,,,,,,,,,,,,,,,,,,,,,,,,,,,,,,,,,,,,,,,,,,,,,,,,,,,,,0.34750000000000003,0.094,,3.9699999999999998,,0.022,,,,,,,,,,,,,6.37,,,,0.036000000000000004,0.39,,0.0175,,,,,0.0025,,,0.018,,0.0425,,,0.0015,,,,,,0.012,,0.0,,,,,,,,,,,,,,,0.3,0.015,,0.012,,0.308,0.05,2.605,0.129,1.5,0.0055,,,,0.0,,,,,,,,,,,,,,,,,,0.0255,0.5715,,0.06,,,,,,,,,,,,,,,,,,,,,1.88,0.787,,,,,,,,,,,,,,,,,,,
1249,335043,"Beef, T-Bone Steak, lean only, cooked, animal 4, lowerchoice",2019-04-01,,,,,,,1.08,,,,,,,,,,,,,,,,,,,,,,,,,,,,,,,,,,,,,,,,,,,,,,,,,,,,,,,,,,,,,,,,,,,,,,,,,,,,,,,,,,,,,,,,,,,,,,,,,,,,,,,,,,,,,,,,,,,,,,,,,,,,,,25.8,,,,,,,,,,,,,,,,,,,,,,,,,,,,,,,,,,,,,,,,,,,,,,,,,,,,,,,,,15.5,,,,,,,,,,,,,,,,,,59.7,,,,,,,
1250,335045,"Beef, T-Bone Steak, lean only, cooked, animal 8, lowerchoice",2019-04-01,,,,,,,1.02,,,,,,,,,,,,,,,,,,,,,,,,,,,,,,,,,,,,,,,,,,,,,,,,,,,,,,,,,,,,,,,,,,,,,,,,,,,,,,,,,,,,,,,,,,,,,,,,,,,,,,,,,,,,,,,,,,,,,,,,,,,,,,28.5,,,,,,,,,,,,,,,,,,,,,,,,,,,,,,,,,,,,,,,,,,,,,,,,,,,,,,,,,7.44,,,,,,,,,,,,,,,,,,62.2,,,,,,,
1251,335047,"Beef, T-Bone Steak, lean only, cooked, animal 9, lowerchoice",2019-04-01,,,,,,,0.9,,,,,,,,,,,,,,,,,,,,,,,,,,,,,,,,,,,,,,,,,,,,,,,,,,,,,,,,,,,,,,,,,,,,,,,,,,,,,,,,,,,,,,,,,,,,,,,,,,,,,,,,,,,,,,,,,,,,,,,,,,,,,,28.6,,,,,,,,,,,,,,,,,,,,,,,,,,,,,,,,,,,,,,,,,,,,,,,,,,,,,,,,,7.68,,,,,,,,,,,,,,,,,,62.5,,,,,,,
1252,335049,"Beef, T-Bone Steak, lean only, cooked, animal 14, lowerchoice",2019-04-01,,,,,,,0.92,,,,,,,,,,,,,,,,,,,,,,,,,,,,,,,,,,,,,,,,,,,,,,,,,,,,,,,,,,,,,,,,,,,,,,,,,,,,,,,,,,,,,,,,,,,,,,,,,,,,,,,,,,,,,,,,,,,,,,,,,,,,,,27.9,,,,,,,,,,,,,,,,,,,,,,,,,,,,,,,,,,,,,,,,,,,,,,,,,,,,,,,,,8.79,,,,,,,,,,,,,,,,,,62.3,,,,,,,
1253,335051,"Beef, T-Bone Steak, lean only, cooked, animal 15, lowerchoice",2019-04-01,,,,,,,1.01,,,,,,,,,,,,,,,,,,,,,,,,,,,,,,,,,,,,,,,,,,,,,,,,,,,,,,,,,,,,,,,,,,,,,,,,,,,,,,,,,,,,,,,,,,,,,,,,,,,,,,,,,,,,,,,,,,,,,,,,,,,,,,30.4,,,,,,,,,,,,,,,,,,,,,,,,,,,,,,,,,,,,,,,,,,,,,,,,,,,,,,,,,8.45,,,,,,,,,,,,,,,,,,59.9,,,,,,,
1254,335053,"Beef, T-Bone Steak, lean only, cooked, animal 26, lowerchoice",2019-04-01,,,,,,,1.13,,,,,,,,,,,,,,,,,,,,,,,,,,,,,,,,,,,,,,,,,,,,,,,,,,,,,,,,,,,,,,,,,,,,,,,,,,,,,,,,,,,,,,,,,,,,,,,,,,,,,,,,,,,,,,,,,,,,,,,,,,,,,,29.9,,,,,,,,,,,,,,,,,,,,,,,,,,,,,,,,,,,,,,,,,,,,,,,,,,,,,,,,,7.83,,,,,,,,,,,,,,,,,,61.8,,,,,,,
1255,335055,"Beef, T-Bone Steak, lean only, cooked, animal 27, lowerchoice",2019-04-01,,,,,,,1.02,,,,,,,,,,,,,,,,,,,,,,,,,,,,,,,,,,,,,,,,,,,,,,,,,,,,,,,,,,,,,,,,,,,,,,,,,,,,,,,,,,,,,,,,,,,,,,,,,,,,,,,,,,,,,,,,,,,,,,,,,,,,,,26.3,,,,,,,,,,,,,,,,,,,,,,,,,,,,,,,,,,,,,,,,,,,,,,,,,,,,,,,,,12.9,,,,,,,,,,,,,,,,,,59.2,,,,,,,
1256,335057,"Beef, T-Bone Steak, lean only, cooked, animal 33, lowerchoice",2019-04-01,,,,,,,0.98,,,,,,,,,,,,,,,,,,,,,,,,,,,,,,,,,,,,,,,,,,,,,,,,,,,,,,,,,,,,,,,,,,,,,,,,,,,,,,,,,,,,,,,,,,,,,,,,,,,,,,,,,,,,,,,,,,,,,,,,,,,,,,27.9,,,,,,,,,,,,,,,,,,,,,,,,,,,,,,,,,,,,,,,,,,,,,,,,,,,,,,,,,11.1,,,,,,,,,,,,,,,,,,59.5,,,,,,,
1257,335059,"Beef, T-Bone Steak, lean only, cooked, animal 34, lowerchoice",2019-04-01,,,,,,,0.98,,,,,,,,,,,,,,,,,,,,,,,,,,,,,,,,,,,,,,,,,,,,,,,,,,,,,,,,,,,,,,,,,,,,,,,,,,,,,,,,,,,,,,,,,,,,,,,,,,,,,,,,,,,,,,,,,,,,,,,,,,,,,,26.0,,,,,,,,,,,,,,,,,,,,,,,,,,,,,,,,,,,,,,,,,,,,,,,,,,,,,,,,,11.4,,,,,,,,,,,,,,,,,,61.1,,,,,,,
1258,335062,"Beef, Porterhouse Steak, lean only, raw, animal 5, select",2019-04-01,,,,,,,1.08,,,,,,,,,,,,,,,,,,,,,,,,,,,,,,,,,,,,,,,,,,,,,,,,,,,,,,,,,,,,,,,,,,,,,,,,,,,,,,,,,,,,,,,,,,,,,,,,,,,,,,,,,,,,,,,,,,,,,,,,,,,,,,21.5,,,,,,,,,,,,,,,,,,,,,,,,,,,,,,,,,,,,,,,,,,,,,,,,,,,,,,,,,6.56,,,,,,,,,,,,,,,,,,72.2,,,,,,,
1259,335065,"Beef, Porterhouse Steak, select, raw, comp13, lean (30BLPHS)",2019-04-01,,,,,,,,,,,,,,,19.0,,,,,,,,,,,,,,0.075,,,,,,,,,,,,,,,,,,,,,,,,,,,,,,,,,,,2.26,,,,,,,,,,,,,,,,,,,,,,,,,,10.7,,,0.003,,,,,,,,,,,,,,,,,,,,,,,,,,,,,,,,,,200.0,,,,266.0,,,,,,,,,,,,,,,,,,,,,,,,,,,,,21.4,,43.0,,,,,,,,,,,,,,,,,,,,,,,,,,,,,,,,,,,,,,,,,,,,,,,,3.52,,,,,
1260,335079,"Beef, Porterhouse Steak, lean only, raw, animal 10, select",2019-04-01,,,,,,,0.99,,,,,,,,,,,,,,,,,,,,,,,,,,,,,,,,,,,,,,,,,,,,,,,,,,,,,,,,,,,,,,,,,,,,,,,,,,,,,,,,,,,,,,,,,,,,,,,,,,,,,,,,,,,,,,,,,,,,,,,,,,,,,,23.5,,,,,,,,,,,,,,,,,,,,,,,,,,,,,,,,,,,,,,,,,,,,,,,,,,,,,,,,,4.86,,,,,,,,,,,,,,,,,,71.1,,,,,,,
1261,335081,"Beef, Porterhouse Steak, select, raw, comp5, lean (30BLPHS)",2019-04-01,,,,,,,,,,,,,,,,,,,,,60.0,,,,,,,,,,,,,,,,,,,,,,,,,,,,,,,,,,,,,,,,,,,,,,,,,,,,,,,,,0.16299999999999998,0.0485,,1.895,,0.007,,,,,,,,,,,,,5.4,,,,0.013000000000000001,0.1855,,0.008,,,,,0.001,,,0.014,,0.038000000000000006,,,0.0025,,,,,,0.01,,0.0015,,,,,,,,,,,,,,,0.24,0.007,,0.005,,0.16949999999999998,0.031,1.4100000000000001,0.0745,0.7595000000000001,0.0025,,,,0.0015,,,,,,,,,,,,,,,,,,0.0105,0.277,,0.024,,,,,,,,,,,,,,,,,,,,,1.99,0.75,,,,,,,,,,,,,,,,,,,
1262,335085,"Beef, Porterhouse Steak, lean only, raw, animal 11, select",2019-04-01,,,,,,,1.01,,,,,,,,,,,,,,,,,,,,,,,,,,,,,,,,,,,,,,,,,,,,,,,,,,,,,,,,,,,,,,,,,,,,,,,,,,,,,,,,,,,,,,,,,,,,,,,,,,,,,,,,,,,,,,,,,,,,,,,,,,,,,,22.9,,,,,,,,,,,,,,,,,,,,,,,,,,,,,,,,,,,,,,,,,,,,,,,,,,,,,,,,,5.43,,,,,,,,,,,,,,,,,,70.7,,,,,,,
1263,335087,"Beef, Porterhouse Steak, lean only, raw, animal 16, select",2019-04-01,,,,,,,1.0,,,,,,,,,,,,,,,,,,,,,,,,,,,,,,,,,,,,,,,,,,,,,,,,,,,,,,,,,,,,,,,,,,,,,,,,,,,,,,,,,,,,,,,,,,,,,,,,,,,,,,,,,,,,,,,,,,,,,,,,,,,,,,23.5,,,,,,,,,,,,,,,,,,,,,,,,,,,,,,,,,,,,,,,,,,,,,,,,,,,,,,,,,4.06,,,,,,,,,,,,,,,,,,71.7,,,,,,,
1264,335089,"Beef, Porterhouse Steak, lean only, raw, animal 17, select",2019-04-01,,,,,,,0.97,,,,,,,,,,,,,,,,,,,,,,,,,,,,,,,,,,,,,,,,,,,,,,,,,,,,,,,,,,,,,,,,,,,,,,,,,,,,,,,,,,,,,,,,,,,,,,,,,,,,,,,,,,,,,,,,,,,,,,,,,,,,,,23.1,,,,,,,,,,,,,,,,,,,,,,,,,,,,,,,,,,,,,,,,,,,,,,,,,,,,,,,,,6.91,,,,,,,,,,,,,,,,,,67.8,,,,,,,
1265,335091,"Beef, Porterhouse Steak, lean only, raw, animal 18, select",2019-04-01,,,,,,,1.08,,,,,,,,,,,,,,,,,,,,,,,,,,,,,,,,,,,,,,,,,,,,,,,,,,,,,,,,,,,,,,,,,,,,,,,,,,,,,,,,,,,,,,,,,,,,,,,,,,,,,,,,,,,,,,,,,,,,,,,,,,,,,,23.8,,,,,,,,,,,,,,,,,,,,,,,,,,,,,,,,,,,,,,,,,,,,,,,,,,,,,,,,,3.83,,,,,,,,,,,,,,,,,,71.9,,,,,,,
1266,335093,"Beef, Porterhouse Steak, select, raw, comp6, lean (30BLPHS)",2019-04-01,,,,,,,,,,,,,,,,,,,,,54.0,,,,,,,,,,,,,,,,,,,,,,,,,,,,,,,,,,,,,,,,,,,,,,,,,,,,,,,,,0.127,0.036000000000000004,,1.44,,0.0095,,,,,,,,,,,,,5.25,,,,0.0155,0.17049999999999998,,0.007,,,,,0.001,,,0.012,,0.03,,,0.001,,,,,,0.007,,0.0,,,,,,,,,,,,,,,0.22,0.004,,0.004,,0.1185,0.024,0.9495,0.0505,0.521,0.003,,,,0.0035,,,,,,,,,,,,,,,,,,0.014,0.21,,0.024,,,,,,,,,,,,,,,,,,,,,1.96,0.752,,,,,,,,,,,,,,,,,,,
1267,335097,"Beef, Porterhouse Steak, lean only, raw, animal 22, select",2019-04-01,,,,,,,1.11,,,,,,,,,,,,,,,,,,,,,,,,,,,,,,,,,,,,,,,,,,,,,,,,,,,,,,,,,,,,,,,,,,,,,,,,,,,,,,,,,,,,,,,,,,,,,,,,,,,,,,,,,,,,,,,,,,,,,,,,,,,,,,23.6,,,,,,,,,,,,,,,,,,,,,,,,,,,,,,,,,,,,,,,,,,,,,,,,,,,,,,,,,6.41,,,,,,,,,,,,,,,,,,71.7,,,,,,,
1268,335099,"Beef, Porterhouse Steak, lean only, raw, animal 23, select",2019-04-01,,,,,,,1.08,,,,,,,,,,,,,,,,,,,,,,,,,,,,,,,,,,,,,,,,,,,,,,,,,,,,,,,,,,,,,,,,,,,,,,,,,,,,,,,,,,,,,,,,,,,,,,,,,,,,,,,,,,,,,,,,,,,,,,,,,,,,,,22.4,,,,,,,,,,,,,,,,,,,,,,,,,,,,,,,,,,,,,,,,,,,,,,,,,,,,,,,,,5.88,,,,,,,,,,,,,,,,,,72.5,,,,,,,
1269,335101,"Beef, Porterhouse Steak, lean only, raw, animal 28, select",2019-04-01,,,,,,,1.01,,,,,,,,,,,,,,,,,,,,,,,,,,,,,,,,,,,,,,,,,,,,,,,,,,,,,,,,,,,,,,,,,,,,,,,,,,,,,,,,,,,,,,,,,,,,,,,,,,,,,,,,,,,,,,,,,,,,,,,,,,,,,,22.4,,,,,,,,,,,,,,,,,,,,,,,,,,,,,,,,,,,,,,,,,,,,,,,,,,,,,,,,,4.09,,,,,,,,,,,,,,,,,,72.2,,,,,,,
1270,335103,"Beef, Porterhouse Steak, lean only, raw, animal 29, select",2019-04-01,,,,,,,1.04,,,,,,,,,,,,,,,,,,,,,,,,,,,,,,,,,,,,,,,,,,,,,,,,,,,,,,,,,,,,,,,,,,,,,,,,,,,,,,,,,,,,,,,,,,,,,,,,,,,,,,,,,,,,,,,,,,,,,,,,,,,,,,22.3,,,,,,,,,,,,,,,,,,,,,,,,,,,,,,,,,,,,,,,,,,,,,,,,,,,,,,,,,4.63,,,,,,,,,,,,,,,,,,71.6,,,,,,,
1271,335105,"Beef, Porterhouse Steak, lean only, raw, animal 35, select",2019-04-01,,,,,,,0.98,,,,,,,,,,,,,,,,,,,,,,,,,,,,,,,,,,,,,,,,,,,,,,,,,,,,,,,,,,,,,,,,,,,,,,,,,,,,,,,,,,,,,,,,,,,,,,,,,,,,,,,,,,,,,,,,,,,,,,,,,,,,,,22.0,,,,,,,,,,,,,,,,,,,,,,,,,,,,,,,,,,,,,,,,,,,,,,,,,,,,,,,,,4.11,,,,,,,,,,,,,,,,,,72.3,,,,,,,
1272,335107,"Beef, Porterhouse Steak, lean only, raw, animal 36, select",2019-04-01,,,,,,,0.96,,,,,,,,,,,,,,,,,,,,,,,,,,,,,,,,,,,,,,,,,,,,,,,,,,,,,,,,,,,,,,,,,,,,,,,,,,,,,,,,,,,,,,,,,,,,,,,,,,,,,,,,,,,,,,,,,,,,,,,,,,,,,,21.0,,,,,,,,,,,,,,,,,,,,,,,,,,,,,,,,,,,,,,,,,,,,,,,,,,,,,,,,,7.02,,,,,,,,,,,,,,,,,,70.6,,,,,,,
1273,335110,"Whole wheat bread, Store brand/other, KROGER & AMERICAS CHOICE (IN,NY) - CY1202Q",2019-04-01,,,,,,,2.48,,,,,,,,120.0,,,,,,,,,,,,,,0.231,,,,,,,,,,,,,,,,,,,,,,,,,,,,,,,,,,,4.61,,,,,,,,,,,,,,,,,,,,,,,,,,76.5,,,2.23,,,,1.91,,,,,,,,,,,,,,,,,,,,,,,,,,,,,,216.0,,,,248.0,,,,,,,,,,,,,,,,,,,,,,,,,,,,,,,536.0,,,,,,,,,,,,,,,,,,,,,,,,,,,,3.4,,,,,,,,,,,,,,,,,,37.7,,1.81,,,,,
1274,335117,"Whole wheat bread, Store brand/other, HEALTHY IDEAS (CA2,CT) - CY1202S",2019-04-01,,,,,,,2.27,,,,,,,,118.0,,,,,,,,,,,,,,0.261,,,,,,,,,,,,,,,,,,,,,,,,,,,,,,,,,,,2.78,,,,,,,,,,,,,,,,,,,,,,,,,,85.5,,,2.45,,,,1.93,,,,,,,,,,,,,,,,,,,,,,,,,,,,,,248.0,,,,252.0,,,,,,,,,,,,,,,,,,,,,,,,,,,,,,,436.0,,,,,,,,,,,,,,,,,,,,,,,,,,,,4.0,,,,,,,,,,,,,,,,,,38.4,,2.08,,,,,
1275,335122,"Whole wheat bread, NATURES OWN (FL,NC) - CY1202P",2019-04-01,,,,,,,2.34,,,,,,,,166.0,,,,,,,,,,,,,,0.236,,,,,,,,,,,,,,,,,,,,5.9,53.0,1.7,0.0,,,0.6,,,,,,,,,2.19,,0.0,,,,,,,,,,,,,,,,,,,,,,,,66.2,,0.9,2.11,,,4.43,2.17,,,,,,,,,,,,,,,,,,,,,,,,,,,,,,201.0,,,,247.0,,,,,,,,0.17,,,,,,,,,,,,,,,,,,,,,29.2,,428.0,,,25.7,,,0.0,,,,,,,,,,0.44,,0.26,0.23,0.69,0.07,1.44,0.0,0.0,,,,3.52,,,,,,0.18,,,,,,,,0.57,,,,40.3,,1.74,,,,,
1276,335137,"Whole wheat bread, STROEHMANN DUTCH COUNTY (NY) - CY1202F",2019-04-01,,,,,,,2.49,,,,,,,,244.0,,,,,,,,,,,,,,0.227,,,,,,,,,,,,,,,,,,,,5.2,27.0,2.5,0.0,,,1.7,,,,,,,,,2.41,,0.0,,,,,,,,,,0.0,,0.009,0.0,,0.542,,0.011,,,0.001,,,0.0,80.9,,1.2,2.18,,,4.31,1.81,,,0.0,1.3,,0.118,0.003,0.0,0.0,,0.002,,0.0,0.0,0.0,0.001,,,0.0,,0.0,,0.0,,0.0,,0.0,,,212.0,,,,207.0,,,,,,,,0.16,0.009,0.0,0.009,,0.007,0.003,0.44,0.004,0.293,0.008,,0.007,,0.004,0.0,,0.0,,0.002,,20.3,,417.0,,,24.8,,,0.2,,,0.0,0.053,,0.004,,,0.0,0.32,,0.1,0.25,0.43,0.09,0.68,0.0,0.0,,,,3.15,,,,,,0.27,,,,,,,,10.7,,,,39.7,,1.78,,,,,
1277,335153,"Whole wheat bread, NATURES OWN (IN,CT) - CY1202N",2019-04-01,,,,,,,2.29,,,,,,,,109.0,,,,,,,,,,,,,,0.234,,,,,,,,,,,,,,,,,,,,5.8,43.0,1.6,0.0,,,0.5,,,,,,,,,2.29,,0.0,,,,,,,,,,0.0,,0.016,0.002,,0.482,,0.015,,,0.0,,,0.0,75.5,,0.9,2.11,,,4.51,2.14,,,0.0,1.29,,0.122,0.0,0.0,0.0,,0.002,,0.001,0.0,0.0,0.007,,,0.0,,0.0,,0.0,,0.0,,0.0,0.63,,206.0,,,,252.0,,,,,,,,0.2,0.007,0.0,0.008,,0.006,0.003,0.393,0.003,0.202,0.006,,0.006,,0.003,0.0,,0.0,,0.002,,27.3,,442.0,,,31.1,,,0.0,,,0.0,0.005,,0.003,,,0.0,0.39,,,,,,,,,,,,3.34,,,,,,0.22,,,,,,,,,,,,40.0,,1.8,,,,,
1278,335169,"Whole wheat bread, Store brand/other, GREAT VALUE (AL,OK) - CY1202R",2019-04-01,,,,,,,2.68,,,,,,,,183.0,,,,,,,,,,,,,,0.18,,,,,,,,,,,,,,,,,,,,5.3,60.0,2.4,0.0,,,1.0,,,,,,,,,1.83,,0.0,,,,,,,,,,0.0,,0.024,0.002,,0.651,,0.022,,,0.0,,,0.0,68.4,,0.7,2.16,,,4.82,1.97,,,0.001,1.6,,0.154,0.0,0.0,0.0,,0.002,,0.001,0.0,0.0,0.003,,,0.0,,0.0,,0.0,,0.0,,0.0,,,205.0,,,,254.0,,,,,,,,0.18,0.012,0.0,0.036,,0.017,0.003,0.482,0.004,0.284,0.009,,0.009,,0.005,0.0,,0.0,,0.006,,29.9,,516.0,,,31.5,,,0.0,,,0.0,0.024,,0.007,,,0.0,0.49,,0.27,0.33,1.19,0.1,1.34,0.0,0.0,,,,3.62,,,,,,0.21,,,,,,,,0.54,,,,38.8,,1.59,,,,,
1279,335185,"Whole wheat bread, NATURES OWN (AL,OK) - CY1202L",2019-04-01,,,,,,,1.95,,,,,126.0,,,183.0,,,,,,,16.3,7.6,0.4,2.9,0.0,27.2,,0.217,,,,,,,,,,,,,,,,,,,,5.7,55.0,1.7,0.0,,,0.5,,,,,,,,,2.09,,0.0,,,,,,,,,,0.0,,0.026,0.002,,0.55,,0.018,,,0.001,,,0.0,71.7,,0.9,2.28,,,5.01,1.93,,,0.001,1.44,,0.133,0.005,0.0,0.0,,0.002,,0.001,0.0,0.0,0.003,,,0.0,,0.0,,0.0,,0.0,,0.0,,,229.0,,,,308.0,,,,,,,,0.18,0.01,0.0,0.014,,0.008,0.004,0.44,0.003,0.224,0.007,,0.007,,0.004,0.0,,0.0,,0.003,,13.8,,545.0,,,31.0,,,0.0,,,0.0,0.009,,0.005,,,0.0,0.49,,0.36,0.27,0.92,1.67,1.74,0.9,1.83,,,,3.22,,,,,,0.2,,,,,,,,1.97,,,,40.2,,1.87,,,,,
1280,335202,"Whole wheat bread, Store brand/other, HY VEE & PUBLIX (FL,MO) - CY1202U",2019-04-01,,,,,,,2.48,,,,,,,,148.0,,,,,,,,,,,,,,0.188,,,,,,,,,,,,,,,,,,,,,,,,,,,,,,,,,,,2.25,,,,,,,,,,,,,,,,,,,,,,,,,,78.6,,,2.12,,,,2.06,,,,,,,,,,,,,,,,,,,,,,,,,,,,0.68,,218.0,,,,244.0,,,,,,,,,,,,,,,,,,,,,,,,,,,,,,,464.0,,,,,,,,,,,,,,,,,,,,,,,,,,,,3.89,,,,,,,,,,,,,,,,,,37.7,,1.57,,,,,
1281,335208,"Whole wheat bread, Store brand/other, SAFEWAY (CA1,CO) - CY1202T",2019-04-01,,,,,,,2.67,,,,,,,,249.0,,,,,,,,,,,,,,0.254,,,,,,,,,,,,,,,,,,,,6.1,24.0,2.1,0.0,,,1.2,,,,,,,,,2.36,,0.0,,,,,,,,,,0.0,,0.008,0.002,,0.64,,0.014,,,0.0,,,0.0,75.6,,1.1,2.14,,,3.9,1.88,,,0.001,1.52,,0.148,0.004,0.0,0.0,,0.002,,0.0,0.0,0.0,0.007,,,0.0,,0.0,,0.0,,0.0,,0.0,0.64,,190.0,,,,215.0,,,,,,,,0.14,0.006,0.0,0.007,,0.006,0.002,0.44,0.003,0.159,0.007,,0.007,,0.004,0.0,,0.0,,0.0,,41.1,,457.0,,,32.8,,,0.0,,,0.0,0.004,,0.004,,,0.0,0.33,,,,,,,,,,,,3.78,,,,,,0.2,,,,,,,,,,,,37.4,,1.73,,,,,
1282,335224,"Whole wheat bread, Store brand/other, PEPPERIDGE FARM (MI,NC) - CY1202V",2019-04-01,,,,,,,1.95,,,,,,,,113.0,,,,,,,,,,,,,,0.235,,,,,,,,,,,,,,,,,,,,8.3,28.0,3.7,0.0,,,2.2,,,,,,,,,2.77,,0.1,,,,,,,,,,0.0,,0.007,0.002,,0.626,,0.023,,,0.0,,,0.0,87.1,,1.5,1.98,,,4.0,1.86,,,0.0,1.61,,0.159,0.0,0.0,0.0,,0.002,,0.0,0.0,0.0,0.003,,,0.0,,0.0,,0.0,,0.0,,0.0,,,196.0,,,,273.0,,,,,,,,0.13,0.006,0.0,0.002,,0.003,0.003,0.443,0.004,0.25,0.009,,0.009,,0.005,0.0,,0.0,,0.0,,18.9,,255.0,,,24.0,,,0.0,,,0.0,0.008,,0.005,,,0.0,0.28,,0.2,0.36,1.25,0.1,1.15,0.0,0.0,,,,3.56,,,,,,0.23,,,,,,,,0.33,,,,36.5,,1.67,,,,,
1283,746786,BURGER KING - HAM,2019-12-16,,,,,,,3.91,,,,,,,,6.0,,,,,,,,,,,,,,0.0,,,,,,,,,,,,,,1.54,0.55,1.17,0.01,,,,,0.0,0.0,,,3.72,,,,,,,,,0.67,,0.0,,,,,,,0.0,,0.001,0.0,,0.09,0.011,,1.42,,,0.025,,,0.0,0.001,0.0,19.1,,0.0,0.0,,,,3.09,,,0.003,0.435,,0.016,0.002,,0.0,,0.016,,0.002,0.008,0.0,0.052,,,0.001,,0.0,0.0,0.01,,0.004,,0.0,,,267.0,,,,292.0,,,,,,,,,0.002,0.0,0.002,,0.041,0.003,0.734,0.012,0.371,0.005,0.0,0.002,0.0,0.0,0.002,0.0,0.0,0.0,0.001,0.0,,,1220.0,,,,,,0.0,,0.0,0.0,0.007,,0.001,0.0,0.0,0.0,,,,,,,,,,,,,2.7,,,,,,,,,,,,,,,,,,71.3,,1.51,,,,,
1284,746792,BURGER KING - HAM,2019-12-16,,,,,,,3.6,,,,,,,,5.0,,,,,,,,,,,,,,0.0,,,,,,,,,,,,,,1.96,0.8,1.46,0.04,,,,,0.0,0.0,,,3.14,,,,,,,,,1.36,,0.0,,,,,,,0.0,,0.001,0.0,,0.112,0.024,,1.79,,,0.033,,,0.0,0.0,0.0,21.4,,0.0,0.0,,,,3.01,,,0.005,0.652,,0.031,0.001,,0.0,,0.023,,0.0,0.009,0.0,0.061,,,0.001,,0.0,0.0,0.01,,0.009,,0.002,,,262.0,,,,346.0,,,,,,,,,0.011,0.0,0.004,,0.055,0.004,0.916,0.014,0.447,0.006,0.0,0.003,0.0,0.0,0.0,0.0,0.0,0.0,0.0,0.0,,,1140.0,,,,,,0.0,,0.0,0.001,0.03,,0.005,0.0,0.0,0.0,,,,,,,,,,,,,4.0,,,,,,,,,,,,,,,,,,71.1,,1.67,,,,,
1285,746798,BURGER KING - HAM,2019-12-16,,,,,,,3.74,,,,,,,,5.0,,,,,,,,,,,,,,0.0,,,,,,,,,,,,,,2.11,0.88,1.64,0.02,,,,,0.0,0.0,,,3.39,,,,,,,,,1.04,,0.0,,,,,,,0.0,,0.001,0.0,,0.108,0.013,,1.95,,,0.033,,,0.0,0.0,0.0,21.5,,0.0,0.0,,,,3.12,,,0.003,0.725,,0.022,0.001,,0.0,,0.029,,0.003,0.01,0.0,0.068,,,0.001,,0.0,0.0,0.012,,0.006,,0.0,,,267.0,,,,310.0,,,,,,,,,0.012,0.0,0.005,,0.057,0.003,1.0,0.012,0.54,0.008,0.0,0.002,0.0,0.0,0.0,0.0,0.0,0.0,0.001,0.0,,,1240.0,,,,,,0.0,,0.0,0.0,0.016,,0.001,0.0,0.0,0.0,,,,,,,,,,,,,5.0,,,,,,,,,,,,,,,,,,69.7,,1.87,,,,,
1286,746804,BURGER KING - HAM,2019-12-16,,,,,,,3.99,,,,,,,,4.0,,,,,,,,,,,,,,0.0,,,,,,,,,,,,,,1.01,0.56,0.89,0.01,,,,,0.0,0.0,,,3.62,,,,,,,,,0.91,,0.0,,,,,,,0.0,,0.0,0.0,,0.052,0.001,,0.938,,,0.016,,,0.0,0.0,0.0,23.0,,0.0,0.0,,,,3.15,,,0.002,0.437,,0.011,0.002,,0.0,,0.016,,0.002,0.009,0.0,0.064,,,0.0,,0.0,0.0,0.011,,0.006,,0.001,,,282.0,,,,292.0,,,,,,,,,0.008,0.0,0.002,,0.031,0.002,0.541,0.007,0.296,0.004,0.0,0.001,0.0,0.0,0.0,0.0,0.0,0.0,0.0,0.0,,,1250.0,,,,,,0.0,,0.0,0.0,0.013,,0.0,0.0,0.0,0.0,,,,,,,,,,,,,3.4,,,,,,,,,,,,,,,,,,71.7,,1.63,,,,,
1287,746810,BURGER KING - HAM,2019-12-16,,,,,,,3.97,,,,,,,,6.0,,,,,,,,,,,,,,0.0,,,,,,,,,,,,,,1.42,0.66,1.17,0.01,,,,,0.0,0.0,,,4.02,,,,,,,,,0.57,,0.0,,,,,,,0.0,,0.001,0.0,,0.081,0.006,,1.31,,,0.024,,,0.0,0.0,0.0,20.2,,0.0,0.0,,,,3.06,,,0.003,0.533,,0.016,0.001,,0.0,,0.021,,0.002,0.008,0.0,0.059,,,0.001,,0.0,0.0,0.011,,0.005,,0.001,,,265.0,,,,290.0,,,,,,,,,0.002,0.0,0.003,,0.043,0.003,0.736,0.008,0.368,0.005,0.0,0.002,0.0,0.0,0.002,0.0,0.0,0.0,0.001,0.0,,,1260.0,,,,,,0.0,,0.0,0.001,0.01,,0.001,0.0,0.0,0.0,,,,,,,,,,,,,3.5,,,,,,,,,,,,,,,,,,72.1,,1.72,,,,,
1288,746816,BURGER KING - HAM,2019-12-16,,,,,,,4.1,,,,,,,,5.0,,,,,,,,,,,,,,0.0,,,,,,,,,,,,,,1.53,0.6,1.19,0.01,,,,,0.0,0.0,,,3.65,,,,,,,,,0.6,,0.0,,,,,,,0.0,,0.0,0.0,,0.091,0.005,,1.41,,,0.022,,,0.0,0.0,0.0,20.8,,0.0,0.0,,,,3.15,,,0.003,0.481,,0.016,0.002,,0.0,,0.017,,0.002,0.008,0.0,0.06,,,0.001,,0.0,0.0,0.01,,0.005,,0.002,,,272.0,,,,312.0,,,,,,,,,0.002,0.0,0.002,,0.044,0.002,0.752,0.008,0.375,0.005,0.0,0.002,0.0,0.0,0.002,0.0,0.0,0.0,0.001,0.0,,,1240.0,,,,,,0.0,,0.0,0.0,0.007,,0.002,0.0,0.0,0.0,,,,,,,,,,,,,3.6,,,,,,,,,,,,,,,,,,71.2,,1.42,,,,,
1289,746822,SUBWAY - HAM,2019-12-16,,,,,,,2.88,,,,,,,,4.0,,,,,,,,,,,,,,0.046,,,,,,,,,,,,,,1.93,0.84,1.47,0.02,,,,,0.0,,,,1.84,,,,,,,,,0.8,,0.0,,,,,,,0.0,,0.001,0.0,,0.103,0.005,,1.79,,,0.031,,,0.0,0.0,0.0,18.8,,0.0,0.009,,,,2.74,,,0.003,0.696,,0.033,0.002,,0.0,,0.025,,0.0,0.009,0.0,0.056,,,0.001,,0.0,0.0,0.009,,0.005,,0.002,,,272.0,,,,318.0,,,,,,,,,0.003,0.0,0.004,,0.053,0.002,0.925,0.008,0.46,0.007,0.0,0.002,0.0,0.0,0.0,0.0,0.0,0.0,0.001,0.0,,,923.0,,,,,,0.0,,0.0,0.0,0.015,,0.001,0.0,0.0,0.0,,,,,,,,,,,,,4.53,,,,,,,,,,,,,,,,,,71.0,,1.6,,,,,
1290,746830,PANERA - HAM,2019-12-16,,,,,,,3.14,,,,,,,,6.0,,,,,,,,,,,,,,0.06,,,,,,,,,,,,,,1.51,0.6,1.31,0.01,,,,,0.0,,,,0.0,,,,,,,,,0.77,,0.0,,,,,,,0.0,,0.001,0.0,,0.087,0.006,,1.39,,,0.025,,,0.0,0.001,0.0,21.3,,0.0,0.014,,,,3.22,,,0.003,0.474,,0.017,0.002,,0.0,,0.017,,0.004,0.009,0.0,0.058,,,0.001,,0.0,0.0,0.01,,0.006,,0.001,,,183.0,,,,533.0,,,,,,,,,0.005,0.0,0.005,,0.052,0.002,0.796,0.008,0.434,0.006,0.0,0.002,0.0,0.0,0.0,0.0,0.0,0.0,0.001,0.0,,,821.0,,,,,,1.35,,0.0,0.0,0.007,,0.001,0.0,0.0,0.0,,,,,,,,,,,,,4.14,,,,,,,,,,,,,,,,,,72.4,,1.76,,,,,
1291,746837,SUBWAY - HAM,2019-12-16,,,,,,,2.91,,,,,,,,7.0,,,,,,,,,,,,,,0.051,,,,,,,,,,,,,,1.6,0.74,1.2,0.02,,,,,0.0,,,,2.04,,,,,,,,,1.07,,0.0,,,,,,,0.0,,0.001,0.0,,0.093,0.007,,1.47,,,0.025,,,0.0,0.0,0.0,19.4,,0.0,0.01,,,,2.99,,,0.002,0.603,,0.024,0.002,,0.0,,0.02,,0.0,0.01,0.0,0.064,,,0.002,,0.0,0.0,0.01,,0.006,,0.001,,,272.0,,,,311.0,,,,,,,,,0.002,0.0,0.003,,0.045,0.003,0.764,0.006,0.366,0.005,0.0,0.002,0.0,0.0,0.0,0.0,0.0,0.0,0.001,0.0,,,842.0,,,,,,0.0,,0.0,0.001,0.013,,0.001,0.0,0.0,0.0,,,,,,,,,,,,,3.84,,,,,,,,,,,,,,,,,,70.8,,1.7,,,,,
1292,746845,DUNKIN DONUTS - HAM,2019-12-16,,,,,,,4.09,,,,,,,,4.0,,,,,,,,,,,,,,0.052,,,,,,,,,,,,,,1.11,0.48,0.89,0.01,,,,,0.0,,,,1.58,,,,,,,,,1.65,,0.0,,,,,,,0.0,,0.001,0.0,,0.064,0.007,,1.03,,,0.017,,,0.0,0.0,0.0,20.2,,0.0,0.014,,,,3.4,,,0.002,0.373,,0.009,0.002,,0.0,,0.013,,0.002,0.008,0.0,0.058,,,0.001,,0.0,0.0,0.009,,0.006,,0.002,,,273.0,,,,758.0,,,,,,,,,0.002,0.0,0.002,,0.033,0.002,0.557,0.007,0.275,0.004,0.0,0.003,0.0,0.001,0.0,0.0,0.0,0.0,0.001,0.0,,,974.0,,,,,,0.0,,0.0,0.0,0.005,,0.001,0.0,0.0,0.0,,,,,,,,,,,,,3.01,,,,,,,,,,,,,,,,,,71.1,,1.76,,,,,
1293,746852,PANERA - HAM,2019-12-16,,,,,,,3.33,,,,,,,,6.0,,,,,,,,,,,,,,0.073,,,,,,,,,,,,,,1.36,0.47,1.06,0.01,,,,,0.0,,,,0.17,,,,,,,,,0.83,,0.0,,,,,,,0.0,,0.001,0.0,,0.081,0.007,,1.25,,,0.021,,,0.0,0.0,0.0,20.0,,0.0,0.012,,,,3.12,,,0.003,0.353,,0.012,0.002,,0.0,,0.012,,0.003,0.008,0.0,0.059,,,0.001,,0.0,0.0,0.009,,0.006,,0.001,,,174.0,,,,576.0,,,,,,,,,0.004,0.0,0.003,,0.04,0.002,0.66,0.006,0.336,0.005,0.0,0.003,0.0,0.0,0.0,0.0,0.0,0.0,0.001,0.0,,,907.0,,,,,,1.47,,0.0,0.0,0.006,,0.001,0.0,0.0,0.0,,,,,,,,,,,,,3.51,,,,,,,,,,,,,,,,,,73.2,,1.89,,,,,
1294,746859,DUNKIN DONUTS - HAM,2019-12-16,,,,,,,4.3,,,,,,,,6.0,,,,,,,,,,,,,,0.054,,,,,,,,,,,,,,1.15,0.49,0.93,0.01,,,,,0.0,,,,1.44,,,,,,,,,0.8,,0.0,,,,,,,0.0,,0.001,0.0,,0.07,0.006,,1.05,,,0.019,,,0.0,0.0,0.0,20.2,,0.0,0.021,,,,3.36,,,0.002,0.376,,0.008,0.002,,0.0,,0.013,,0.002,0.008,0.0,0.063,,,0.001,,0.0,0.0,0.01,,0.005,,0.001,,,280.0,,,,794.0,,,,,,,,,0.003,0.0,0.003,,0.034,0.002,0.583,0.007,0.29,0.004,0.0,0.002,0.0,0.0,0.0,0.0,0.0,0.0,0.001,0.0,,,1060.0,,,,,,0.0,,0.0,0.0,0.006,,0.001,0.0,0.0,0.0,,,,,,,,,,,,,2.91,,,,,,,,,,,,,,,,,,63.9,,1.87,,,,,
1295,746867,DUNKIN DONUTS - HAM,2019-12-16,,,,,,,4.47,,,,,,,,8.0,,,,,,,,,,,,,,0.074,,,,,,,,,,,,,,1.33,0.58,1.04,0.01,,,,,0.0,,,,1.76,,,,,,,,,1.25,,0.0,,,,,,,0.0,,0.0,0.0,,0.074,0.007,,1.22,,,0.021,,,0.0,0.0,0.0,23.4,,0.0,0.03,,,,3.89,,,0.003,0.439,,0.011,0.002,,0.0,,0.016,,0.004,0.01,0.0,0.076,,,0.001,,0.0,0.0,0.012,,0.007,,0.002,,,310.0,,,,846.0,,,,,,,,,0.004,0.0,0.003,,0.036,0.002,0.648,0.008,0.33,0.004,0.0,0.003,0.0,0.0,0.0,0.0,0.0,0.0,0.001,0.0,,,1090.0,,,,,,0.0,,0.0,0.0,0.01,,0.002,0.0,0.0,0.0,,,,,,,,,,,,,3.56,,,,,,,,,,,,,,,,,,67.5,,2.22,,,,,
1296,746874,PANERA - HAM,2019-12-16,,,,,,,3.63,,,,,,,,7.0,,,,,,,,,,,,,,0.058,,,,,,,,,,,,,,1.39,0.47,1.13,0.01,,,,,0.0,,,,0.0,,,,,,,,,0.8,,0.0,,,,,,,0.0,,0.0,0.0,,0.092,0.004,,1.27,,,0.018,,,0.0,0.0,0.0,21.1,,0.0,0.045,,,,3.21,,,0.001,0.364,,0.01,0.002,,0.0,,0.012,,0.001,0.007,0.0,0.055,,,0.001,,0.0,0.0,0.008,,0.006,,0.001,,,183.0,,,,623.0,,,,,,,,,0.003,0.0,0.005,,0.046,0.002,0.708,0.007,0.351,0.005,0.0,0.002,0.0,0.0,0.0,0.0,0.0,0.0,0.0,0.0,,,957.0,,,,,,1.57,,0.0,0.0,0.005,,0.0,0.0,0.0,0.0,,,,,,,,,,,,,3.41,,,,,,,,,,,,,,,,,,70.9,,2.15,,,,,
1297,746882,PANERA - HAM,2019-12-16,,,,,,,3.31,,,,,,,,6.0,,,,,,,,,,,,,,0.058,,,,,,,,,,,,,,1.75,0.52,1.29,0.01,,,,,0.0,,,,0.16,,,,,,,,,0.88,,0.0,,,,,,,0.0,,0.001,0.0,,0.111,0.008,,1.6,,,0.027,,,0.0,0.0,0.0,20.5,,0.0,0.013,,,,3.27,,,0.003,0.401,,0.011,0.002,,0.0,,0.014,,0.004,0.009,0.0,0.061,,,0.001,,0.0,0.0,0.01,,0.005,,0.002,,,178.0,,,,562.0,,,,,,,,,0.005,0.0,0.005,,0.051,0.002,0.816,0.007,0.394,0.005,0.0,0.003,0.0,0.0,0.0,0.0,0.0,0.0,0.001,0.0,,,878.0,,,,,,1.41,,0.0,0.0,0.009,,0.0,0.0,0.0,0.0,,,,,,,,,,,,,4.19,,,,,,,,,,,,,,,,,,71.5,,2.23,,,,,
1298,746889,DUNKIN DONUTS - HAM,2019-12-16,,,,,,,3.91,,,,,,,,4.0,,,,,,,,,,,,,,0.048,,,,,,,,,,,,,,0.96,0.43,0.76,0.0,,,,,0.0,,,,1.29,,,,,,,,,0.58,,0.0,,,,,,,0.0,,0.0,0.0,,0.055,0.002,,0.888,,,0.014,,,0.0,0.0,0.0,18.2,,0.0,0.009,,,,2.93,,,0.002,0.334,,0.01,0.0,,0.0,,0.012,,0.002,0.007,0.0,0.052,,,0.0,,0.0,0.0,0.007,,0.004,,0.0,,,252.0,,,,720.0,,,,,,,,,0.002,0.0,0.002,,0.027,0.002,0.476,0.005,0.236,0.002,0.0,0.002,0.0,0.0,0.0,0.0,0.0,0.0,0.0,0.0,,,971.0,,,,,,0.0,,0.0,0.0,0.003,,0.0,0.0,0.0,0.0,,,,,,,,,,,,,3.14,,,,,,,,,,,,,,,,,,74.7,,1.6,,,,,
1299,746896,DUNKIN DONUTS - HAM,2019-12-16,,,,,,,3.92,,,,,,,,6.0,,,,,,,,,,,,,,0.06,,,,,,,,,,,,,,1.26,0.48,0.95,0.01,,,,,0.0,,,,1.56,,,,,,,,,0.66,,0.0,,,,,,,0.0,,0.0,0.0,,0.082,0.004,,1.16,,,0.019,,,0.0,0.0,0.0,19.8,,0.0,0.034,,,,3.18,,,0.002,0.376,,0.009,0.001,,0.0,,0.013,,0.003,0.007,0.0,0.057,,,0.0,,0.0,0.0,0.01,,0.005,,0.0,,,267.0,,,,733.0,,,,,,,,,0.002,0.0,0.002,,0.035,0.002,0.607,0.008,0.287,0.005,0.0,0.001,0.0,0.0,0.0,0.0,0.001,0.0,0.0,0.0,,,1020.0,,,,,,0.0,,0.0,0.0,0.008,,0.001,0.0,0.0,0.0,,,,,,,,,,,,,2.76,,,,,,,,,,,,,,,,,,71.5,,1.56,,,,,
1300,746904,SUBWAY - HAM,2019-12-16,,,,,,,3.16,,,,,,,,4.0,,,,,,,,,,,,,,0.047,,,,,,,,,,,,,,1.77,0.54,1.29,0.01,,,,,0.0,,,,2.04,,,,,,,,,1.04,,0.0,,,,,,,0.0,,0.001,0.0,,0.108,0.009,,1.62,,,0.029,,,0.0,0.0,0.0,19.0,,0.0,0.016,,,,2.89,,,0.002,0.423,,0.013,0.002,,0.0,,0.016,,0.004,0.009,0.0,0.055,,,0.001,,0.0,0.0,0.01,,0.005,,0.0,,,269.0,,,,285.0,,,,,,,,,0.003,0.0,0.003,,0.049,0.002,0.828,0.009,0.391,0.006,0.0,0.003,0.0,0.0,0.0,0.0,0.0,0.0,0.001,0.0,,,980.0,,,,,,0.0,,0.0,0.0,0.007,,0.0,0.0,0.0,0.0,,,,,,,,,,,,,4.02,,,,,,,,,,,,,,,,,,70.4,,1.58,,,,,
1301,746912,SUBWAY - HAM,2019-12-16,,,,,,,2.92,,,,,,,,8.0,,,,,,,,,,,,,,0.048,,,,,,,,,,,,,,1.57,0.63,1.25,0.01,,,,,0.0,,,,2.16,,,,,,,,,0.66,,0.0,,,,,,,0.0,,0.001,0.0,,0.091,0.009,,1.44,,,0.026,,,0.001,0.0,0.0,20.8,,0.0,0.023,,,,2.98,,,0.003,0.505,,0.016,0.002,,0.0,,0.02,,0.004,0.008,0.0,0.056,,,0.001,,0.0,0.0,0.01,,0.005,,0.001,,,255.0,,,,293.0,,,,,,,,,0.004,0.0,0.003,,0.047,0.003,0.794,0.01,0.384,0.005,0.0,0.002,0.0,0.0,0.0,0.0,0.0,0.0,0.001,0.0,,,895.0,,,,,,0.0,,0.0,0.0,0.008,,0.001,0.0,0.0,0.0,,,,,,,,,,,,,4.24,,,,,,,,,,,,,,,,,,72.5,,1.79,,,,,
1302,746919,SUBWAY - HAM,2019-12-16,,,,,,,2.64,,,,,,,,6.0,,,,,,,,,,,,,,0.045,,,,,,,,,,,,,,1.26,0.53,0.96,0.01,,,,,0.0,,,,1.9,,,,,,,,,0.72,,0.0,,,,,,,0.0,,0.001,0.0,,0.077,0.004,,1.16,,,0.019,,,0.0,0.0,0.0,19.2,,0.0,0.016,,,,3.01,,,0.003,0.426,,0.012,0.002,,0.0,,0.015,,0.003,0.007,0.0,0.053,,,0.001,,0.0,0.0,0.01,,0.004,,0.0,,,268.0,,,,288.0,,,,,,,,,0.003,0.0,0.003,,0.036,0.002,0.609,0.008,0.292,0.004,0.0,0.002,0.0,0.0,0.0,0.0,0.0,0.0,0.001,0.0,,,872.0,,,,,,0.0,,0.0,0.0,0.008,,0.001,0.0,0.0,0.0,,,,,,,,,,,,,3.54,,,,,,,,,,,,,,,,,,73.0,,1.56,,,,,
1303,746926,PANERA - HAM,2019-12-16,,,,,,,3.62,,,,,,,,7.0,,,,,,,,,,,,,,0.048,,,,,,,,,,,,,,1.33,0.44,1.1,0.0,,,,,0.0,,,,0.2,,,,,,,,,0.62,,0.0,,,,,,,0.0,,0.001,0.0,,0.082,0.005,,1.22,,,0.02,,,0.0,0.0,0.0,20.4,,0.0,0.016,,,,3.15,,,0.0,0.344,,0.01,0.0,,0.0,,0.011,,0.002,0.007,0.0,0.055,,,0.001,,0.0,0.0,0.008,,0.005,,0.0,,,175.0,,,,616.0,,,,,,,,,0.005,0.0,0.006,,0.044,0.002,0.682,0.005,0.346,0.005,0.0,0.002,0.0,0.0,0.0,0.0,0.0,0.0,0.0,0.0,,,965.0,,,,,,1.59,,0.0,0.0,0.005,,0.0,0.0,0.0,0.0,,,,,,,,,,,,,3.21,,,,,,,,,,,,,,,,,,71.5,,1.69,,,,,
1304,746934,PANERA - HAM,2019-12-16,,,,,,,3.86,,,,,,,,8.0,,,,,,,,,,,,,,0.052,,,,,,,,,,,,,,1.94,0.84,1.49,0.01,,,,,0.0,,,,0.0,,,,,,,,,0.69,,0.0,,,,,,,0.0,,0.001,0.0,,0.097,0.009,,1.8,,,0.03,,,0.0,0.0,0.0,19.9,,0.0,0.026,,,,2.98,,,0.002,0.675,,0.038,0.002,,0.0,,0.027,,0.006,0.009,0.0,0.059,,,0.002,,0.0,0.0,0.009,,0.009,,0.002,,,167.0,,,,304.0,,,,,,,,,0.006,0.0,0.004,,0.051,0.002,0.93,0.01,0.473,0.007,0.0,0.002,0.0,0.0,0.0,0.0,0.0,0.0,0.001,0.0,,,1230.0,,,,,,1.77,,0.0,0.0,0.009,,0.003,0.0,0.0,0.0,,,,,,,,,,,,,4.48,,,,,,,,,,,,,,,,,,70.6,,1.85,,,,,
1305,746943,DUNKIN DONUTS - HAM,2019-12-16,,,,,,,4.14,,,,,,,,6.0,,,,,,,,,,,,,,0.061,,,,,,,,,,,,,,1.62,0.67,1.26,0.01,,,,,0.0,,,,1.71,,,,,,,,,0.76,,0.0,,,,,,,0.0,,0.001,0.0,,0.087,0.005,,1.5,,,0.025,,,0.0,0.0,0.0,19.6,,0.0,0.031,,,,3.41,,,0.002,0.543,,0.013,0.002,,0.0,,0.018,,0.003,0.011,0.0,0.066,,,0.0,,0.0,0.0,0.011,,0.005,,0.0,,,269.0,,,,724.0,,,,,,,,,0.003,0.0,0.003,,0.046,0.003,0.794,0.009,0.393,0.005,0.0,0.003,0.0,0.0,0.0,0.0,0.0,0.0,0.001,0.0,,,999.0,,,,,,0.0,,0.0,0.0,0.009,,0.001,0.0,0.0,0.0,,,,,,,,,,,,,3.96,,,,,,,,,,,,,,,,,,62.1,,1.88,,,,,
1306,746953,IHOP - SLICED PROCESSED AMERICAN CHEESE,2019-12-16,,,,,,,5.86,,,,,,,,454.0,,,,,,,,,,,,,,0.026,,,,,,,,,,,,,,6.08,1.35,16.7,0.95,,,,,0.0,0.32,,,0.0,,,,,,,,55.4,0.51,,4.98,,,,,,,0.02,,0.211,0.0,,0.341,0.044,,5.42,,,0.047,,,0.0,0.001,0.001,24.8,,0.0,0.031,,,,2.39,,,0.137,1.05,,0.175,0.008,,0.006,,0.005,,0.001,0.031,0.0,0.04,,,0.01,,0.003,0.0,0.007,,0.017,,0.001,,,325.0,,,,248.0,,,,,,,,,0.739,0.0,0.863,,2.66,0.275,7.65,0.156,2.77,0.039,0.004,0.019,0.0,0.009,0.643,0.0,0.521,0.0,0.316,0.0,,,1650.0,,,,,,0.0,,0.05,0.086,0.659,,0.155,0.003,0.0,0.0,,,,,,,,,,,,,30.3,,,,,,,,,,,,,,,,,,40.3,,2.12,,,,,
1307,746960,IHOP - SLICED PROCESSED AMERICAN CHEESE,2019-12-16,,,,,,,4.86,,,,,,,,498.0,,,,,,,,,,,,,,0.038,,,,,,,,,,,,,,6.64,0.95,18.1,1.04,,,,,0.0,0.27,,,0.0,,,,,,,,,0.15,,3.16,,,,,,,0.023,,0.256,0.0,,0.401,0.06,,5.85,,,0.049,,,0.0,0.002,0.001,21.0,,0.0,0.018,,,,2.93,,,0.158,0.695,,0.116,0.009,,0.007,,0.005,,0.002,0.033,0.0,0.043,,,0.01,,0.004,0.0,0.008,,0.018,,0.001,,,373.0,,,,115.0,,,,,,,,,0.798,0.0,0.97,,2.99,0.324,8.36,0.183,2.87,0.04,0.003,0.019,0.0,0.009,0.663,0.0,0.542,0.0,0.341,0.0,,,1440.0,,,,,,0.0,,0.059,0.099,0.713,,0.168,0.003,0.0,0.0,,,,,,,,,,,,,32.8,,,,,,,,,,,,,,,,,,38.8,,2.83,,,,,
1308,746966,IHOP - SLICED PROCESSED AMERICAN CHEESE,2019-12-16,,,,,,,5.82,,,,,,,,463.0,,,,,,,,,,,,,,0.018,,,,,,,,,,,,,,6.13,1.38,17.0,1.03,,,,,0.0,0.0,,,0.0,,,,,,,,73.3,0.28,,4.86,,,,,,,0.018,,0.0,0.0,,0.339,0.048,,5.68,,,0.049,,,0.0,0.002,0.001,25.1,,0.0,0.029,,,,2.43,,,0.14,1.08,,0.167,0.009,,0.005,,0.004,,0.002,0.033,0.0,0.039,,,0.009,,0.003,0.0,0.008,,0.017,,0.001,,,333.0,,,,246.0,,,,,,,,,0.729,0.0,0.858,,2.64,0.274,7.74,0.162,3.01,0.041,0.003,0.018,0.0,0.008,0.64,0.0,0.509,0.0,0.313,0.0,,,1720.0,,,,,,0.0,,0.049,0.089,0.73,,0.158,0.003,0.0,0.0,,,,,,,,,,,,,30.9,,,,,,,,,,,,,,,,,,40.4,,2.18,,,,,
1309,746973,IHOP - SLICED PROCESSED AMERICAN CHEESE,2019-12-16,,,,,,,6.12,,,,,,,,497.0,,,,,,,,,,,,,,0.026,,,,,,,,,,,,,,6.78,1.51,17.7,1.06,,,,,0.0,0.19,,,0.0,,,,,,,,,0.2,,4.0,,,,,,,0.016,,0.194,0.0,,0.356,0.05,,6.11,,,0.055,,,0.0,0.002,0.001,26.3,,0.0,0.02,,,,2.61,,,0.123,1.2,,0.174,0.01,,0.004,,0.006,,0.001,0.037,0.0,0.048,,,0.009,,0.002,0.0,0.008,,0.018,,0.001,,,352.0,,,,220.0,,,,,,,,,0.757,0.0,0.852,,2.66,0.281,8.15,0.172,3.25,0.045,0.004,0.018,0.0,0.008,0.648,0.0,0.52,0.0,0.321,0.0,,,1780.0,,,,,,0.0,,0.045,0.085,0.743,,0.185,0.003,0.0,0.0,,,,,,,,,,,,,32.4,,,,,,,,,,,,,,,,,,38.2,,2.43,,,,,
1310,746979,IHOP - SLICED PROCESSED AMERICAN CHEESE,2019-12-16,,,,,,,5.03,,,,,,,,465.0,,,,,,,,,,,,,,0.028,,,,,,,,,,,,,,6.6,1.0,17.6,1.05,,,,,0.0,0.17,,,0.0,,,,,,,,,0.22,,3.21,,,,,,,0.021,,0.243,0.0,,0.396,0.053,,5.84,,,0.051,,,0.0,0.002,0.001,20.0,,0.0,0.021,,,,2.79,,,0.148,0.746,,0.118,0.01,,0.006,,0.005,,0.001,0.033,0.0,0.047,,,0.009,,0.002,0.0,0.008,,0.017,,0.001,,,348.0,,,,114.0,,,,,,,,,0.768,0.0,0.888,,2.88,0.313,8.15,0.183,2.84,0.041,0.003,0.017,0.0,0.008,0.644,0.0,0.523,0.0,0.328,0.0,,,1440.0,,,,,,0.0,,0.056,0.096,0.722,,0.174,0.003,0.0,0.0,,,,,,,,,,,,,31.8,,,,,,,,,,,,,,,,,,40.0,,2.67,,,,,
1311,746985,IHOP - SLICED PROCESSED AMERICAN CHEESE,2019-12-16,,,,,,,5.07,,,,,,,,458.0,,,,,,,,,,,,,,0.036,,,,,,,,,,,,,,6.53,0.97,17.5,1.0,,,,,0.0,0.2,,,0.0,,,,,,,,41.7,0.19,,3.34,,,,,,,0.02,,0.242,0.0,,0.404,0.053,,5.77,,,0.042,,,0.0,0.0,0.0,19.8,,0.0,0.024,,,,2.79,,,0.132,0.734,,0.115,0.008,,0.005,,0.004,,0.0,0.032,0.0,0.042,,,0.009,,0.002,0.0,0.008,,0.016,,0.0,,,342.0,,,,117.0,,,,,,,,,0.76,0.0,0.88,,2.82,0.304,8.23,0.175,2.79,0.038,0.002,0.015,0.0,0.007,0.651,0.0,0.526,0.0,0.327,0.0,,,1360.0,,,,,,0.0,,0.049,0.09,0.686,,0.176,0.003,0.0,0.0,,,,,,,,,,,,,31.8,,,,,,,,,,,,,,,,,,39.5,,2.58,,,,,
1312,746992,MCDONALDS - PROCESSED AMERICAN CHEESE,2019-12-16,,,,,,,5.3,,,,,,,,538.0,,,,,,,,,,,,,,0.026,,,,,,,,,,,,,,7.03,1.36,18.3,1.03,,,,,,,,,,,,,,,,,,0.12,,,,,,,,,0.014,,0.222,0.0,,0.464,0.052,,6.23,,,0.051,,,0.0,0.001,0.0,27.7,,,0.017,,,,2.88,,,0.133,1.07,,0.161,0.009,,0.006,,0.007,,0.0,0.034,0.0,0.041,,,0.009,,0.0,0.0,0.008,,0.018,,0.0,,,369.0,,,,222.0,,,,,,,,,0.787,0.0,0.873,,2.79,0.292,8.68,0.172,3.07,0.038,0.007,0.016,0.0,0.007,0.656,0.0,0.517,0.0,0.36,0.0,,,1490.0,,,,,,,,0.044,0.08,0.731,,0.174,0.003,0.0,0.0,,,,,,,,,,,,,32.0,,,,,,,,,,,,,,,,,,37.1,,2.48,,,,,
1313,746997,MCDONALDS - PROCESSED AMERICAN CHEESE,2019-12-16,,,,,,,5.17,,,,,,,,516.0,,,,,,,,,,,,,,0.026,,,,,,,,,,,,,,6.58,1.26,17.4,0.97,,,,,,,,,,,,,,,,,,0.27,,,,,,,,,0.013,,0.231,0.0,,0.409,0.053,,5.83,,,0.048,,,0.0,0.002,0.0,27.0,,,0.023,,,,2.75,,,0.149,0.966,,0.172,0.008,,0.008,,0.007,,0.002,0.026,0.0,0.036,,,0.01,,0.002,0.0,0.005,,0.019,,0.0,,,353.0,,,,227.0,,,,,,,,,0.751,0.0,0.883,,2.76,0.29,8.2,0.169,2.79,0.035,0.008,0.02,0.0,0.008,0.613,0.0,0.487,0.0,0.343,0.0,,,1460.0,,,,,,,,0.046,0.081,0.674,,0.168,0.003,0.0,0.0,,,,,,,,,,,,,30.6,,,,,,,,,,,,,,,,,,39.2,,2.33,,,,,
1314,747002,MCDONALDS - PROCESSED AMERICAN CHEESE,2019-12-16,,,,,,,4.8,,,,,,,,494.0,,,,,,,,,,,,,,0.032,,,,,,,,,,,,,,6.86,1.32,17.8,1.13,,,,,,,,,,,,,,,,,,0.14,,,,,,,,,0.011,,0.191,0.0,,0.417,0.052,,6.14,,,0.046,,,0.0,0.002,0.0,24.6,,,0.022,,,,2.69,,,0.156,1.02,,0.172,0.006,,0.008,,0.007,,0.0,0.028,0.0,0.037,,,0.01,,0.006,0.0,0.006,,0.017,,0.0,,,346.0,,,,215.0,,,,,,,,,0.782,0.0,0.963,,2.74,0.276,8.05,0.167,3.19,0.036,0.005,0.019,0.0,0.006,0.663,0.0,0.529,0.0,0.328,0.0,,,1360.0,,,,,,,,0.045,0.089,0.819,,0.172,0.003,0.0,0.0,,,,,,,,,,,,,31.2,,,,,,,,,,,,,,,,,,40.5,,2.26,,,,,
1315,747007,MCDONALDS - PROCESSED AMERICAN CHEESE,2019-12-16,,,,,,,5.29,,,,,,,,517.0,,,,,,,,,,,,,,0.022,,,,,,,,,,,,,,7.01,1.47,18.1,0.96,,,,,0.0,0.23,,,0.0,,,,,,,,65.9,0.2,,3.64,,,,,,,0.013,,0.227,0.0,,0.476,0.053,,6.18,,,0.055,,,0.0,0.001,0.0,27.3,,0.0,0.028,,,,2.73,,,0.117,1.15,,0.181,0.008,,0.006,,0.008,,0.002,0.035,0.0,0.04,,,0.01,,0.003,0.0,0.006,,0.019,,0.0,,,361.0,,,,229.0,,,,,,,,,0.753,0.0,0.878,,2.79,0.303,8.72,0.175,2.95,0.04,0.006,0.017,0.0,0.008,0.648,0.0,0.508,0.0,0.312,0.0,,,1530.0,,,,,,0.0,,0.044,0.078,0.655,,0.18,0.003,0.0,0.0,,,,,,,,,,,,,30.8,,,,,,,,,,,,,,,,,,39.3,,2.36,,,,,
1316,747014,"BURGER KING, SLICED PROCESSED AMERICAN CHEESE",2019-12-16,,,,,,,5.66,,,,,,,,475.0,,,,,,,,,,,,,,0.024,,,,,,,,,,,,,,6.59,1.38,17.4,1.0,,,,,0.0,0.13,,,0.0,,,,,,,,97.8,0.19,,3.43,,,,,,,0.017,,0.207,0.0,,0.372,0.054,,5.88,,,0.052,,,0.0,0.002,0.001,24.6,,0.0,0.021,,,,2.53,,,0.116,1.06,,0.175,0.011,,0.006,,0.005,,0.002,0.034,0.0,0.046,,,0.01,,0.002,0.0,0.007,,0.018,,0.001,,,348.0,,,,198.0,,,,,,,,,0.728,0.0,0.836,,2.68,0.297,8.25,0.176,2.93,0.043,0.005,0.017,0.0,0.008,0.62,0.0,0.501,0.0,0.309,0.0,,,1730.0,,,,,,0.0,,0.048,0.089,0.666,,0.189,0.003,0.0,0.0,,,,,,,,,,,,,31.8,,,,,,,,,,,,,,,,,,40.1,,2.48,,,,,
1317,747021,MCDONALDS - PROCESSED AMERICAN CHEESE,2019-12-16,,,,,,,4.98,,,,,,,,520.0,,,,,,,,,,,,,,0.026,,,,,,,,,,,,,,7.19,1.45,18.2,1.06,,,,,0.0,0.27,,,0.0,,,,,,,,49.6,0.0,,3.08,,,,,,,0.012,,0.219,0.0,,0.456,0.051,,6.39,,,0.056,,,0.0,0.002,0.0,27.7,,0.0,0.042,,,,2.71,,,0.13,1.14,,0.171,0.009,,0.005,,0.006,,0.002,0.036,0.0,0.041,,,0.009,,0.002,0.0,0.007,,0.017,,0.0,,,366.0,,,,213.0,,,,,,,,,0.748,0.0,0.861,,2.78,0.287,8.68,0.168,3.19,0.044,0.007,0.016,0.0,0.008,0.645,0.0,0.51,0.0,0.313,0.0,,,1400.0,,,,,,0.0,,0.042,0.079,0.748,,0.183,0.003,0.0,0.0,,,,,,,,,,,,,32.0,,,,,,,,,,,,,,,,,,39.1,,2.32,,,,,
1318,747028,"BURGER KING, SLICED PROCESSED AMERICAN CHEESE",2019-12-16,,,,,,,5.27,,,,,,,,496.0,,,,,,,,,,,,,,0.023,,,,,,,,,,,,,,6.78,1.01,18.1,1.1,,,,,0.0,0.2,,,0.0,,,,,,,,,0.18,,1.9,,,,,,,0.02,,0.251,0.0,,0.398,0.057,,6.0,,,0.051,,,0.0,0.002,0.001,20.4,,0.0,0.018,,,,2.96,,,0.168,0.754,,0.114,0.011,,0.007,,0.006,,0.001,0.036,0.0,0.046,,,0.009,,0.003,0.0,0.008,,0.017,,0.001,,,375.0,,,,106.0,,,,,,,,,0.783,0.0,0.919,,2.94,0.32,8.46,0.183,2.9,0.042,0.004,0.017,0.0,0.008,0.651,0.0,0.533,0.0,0.337,0.0,,,1560.0,,,,,,0.0,,0.057,0.103,0.758,,0.181,0.004,0.0,0.0,,,,,,,,,,,,,32.0,,,,,,,,,,,,,,,,,,39.5,,3.12,,,,,
1319,747035,"BURGER KING, SLICED PROCESSED AMERICAN CHEESE",2019-12-16,,,,,,,5.86,,,,,,,,494.0,,,,,,,,,,,,,,0.026,,,,,,,,,,,,,,6.6,1.41,17.5,1.04,,,,,0.0,0.18,,,0.0,,,,,,,,,0.17,,3.7,,,,,,,0.018,,0.203,0.0,,0.352,0.055,,5.92,,,0.051,,,0.0,0.002,0.001,25.8,,0.0,0.022,,,,2.62,,,0.122,1.09,,0.172,0.01,,0.005,,0.007,,0.001,0.035,0.0,0.047,,,0.01,,0.002,0.0,0.008,,0.019,,0.001,,,360.0,,,,203.0,,,,,,,,,0.748,0.0,0.848,,2.7,0.295,8.22,0.179,3.04,0.042,0.004,0.018,0.0,0.008,0.581,0.0,0.498,0.0,0.315,0.0,,,1750.0,,,,,,0.0,,0.047,0.092,0.71,,0.188,0.003,0.0,0.0,,,,,,,,,,,,,31.1,,,,,,,,,,,,,,,,,,39.4,,2.51,,,,,
1320,747041,"BURGER KING, SLICED PROCESSED AMERICAN CHEESE",2019-12-16,,,,,,,5.35,,,,,,,,495.0,,,,,,,,,,,,,,0.027,,,,,,,,,,,,,,6.78,1.0,17.9,1.12,,,,,0.0,0.16,,,0.0,,,,,,,,45.1,0.21,,2.09,,,,,,,0.02,,0.243,0.0,,0.395,0.057,,6.01,,,0.052,,,0.002,0.002,0.002,20.5,,0.0,0.019,,,,2.97,,,0.162,0.769,,0.103,0.01,,0.006,,0.007,,0.001,0.035,0.0,0.047,,,0.008,,0.002,0.0,0.009,,0.0,,0.002,,,372.0,,,,117.0,,,,,,,,,0.785,0.0,0.904,,2.9,0.317,8.23,0.182,2.99,0.044,0.003,0.016,0.0,0.008,0.668,0.0,0.536,0.0,0.34,0.0,,,1540.0,,,,,,0.0,,0.059,0.104,0.764,,0.188,0.003,0.0,0.0,,,,,,,,,,,,,32.6,,,,,,,,,,,,,,,,,,39.4,,3.06,,,,,
1321,747048,"BURGER KING, SLICED PROCESSED AMERICAN CHEESE",2019-12-16,,,,,,,5.31,,,,,,,,496.0,,,,,,,,,,,,,,0.029,,,,,,,,,,,,,,6.59,0.98,17.7,1.07,,,,,0.0,0.18,,,0.0,,,,,,,,39.5,0.19,,1.81,,,,,,,0.02,,0.243,0.0,,0.383,0.057,,5.83,,,0.05,,,0.0,0.002,0.001,20.6,,0.0,0.02,,,,2.96,,,0.16,0.729,,0.11,0.01,,0.006,,0.007,,0.001,0.034,0.0,0.045,,,0.006,,0.003,0.0,0.008,,0.016,,0.001,,,373.0,,,,103.0,,,,,,,,,0.786,0.0,0.926,,2.89,0.316,8.12,0.181,2.89,0.041,0.004,0.017,0.0,0.008,0.649,0.0,0.525,0.0,0.336,0.0,,,1570.0,,,,,,0.0,,0.054,0.1,0.743,,0.172,0.004,0.0,0.0,,,,,,,,,,,,,31.9,,,,,,,,,,,,,,,,,,39.6,,3.05,,,,,
1322,747055,CHICK-FIL-A - AMERICAN CHEESE,2019-12-16,,,,,,,5.52,,,,,,,,527.0,,,,,,,,,,,,,,0.025,,,,,,,,,,,,,,6.58,1.0,17.2,1.04,,,,,0.0,0.18,,,0.0,,,,,,,,,0.19,,2.89,,,,,,,0.018,,0.197,0.0,,0.367,0.054,,5.9,,,0.047,,,0.0,0.002,0.001,23.7,,0.0,0.029,,,,2.94,,,0.125,0.756,,0.114,0.01,,0.005,,0.005,,0.001,0.034,0.0,0.042,,,0.009,,0.002,0.0,0.007,,0.017,,0.001,,,438.0,,,,127.0,,,,,,,,,0.739,0.0,0.838,,2.61,0.283,7.9,0.17,3.13,0.042,0.003,0.017,0.0,0.008,0.647,0.0,0.512,0.0,0.322,0.0,,,1630.0,,,,,,0.0,,0.048,0.09,0.724,,0.179,0.003,0.0,0.0,,,,,,,,,,,,,31.2,,,,,,,,,,,,,,,,,,39.8,,2.81,,,,,
1323,747061,MCDONALDS - PROCESSED AMERICAN CHEESE,2019-12-16,,,,,,,5.39,,,,,,,,505.0,,,,,,,,,,,,,,0.023,,,,,,,,,,,,,,6.9,1.36,18.0,0.99,,,,,0.0,0.0,,,0.0,,,,,,,,45.5,0.12,,3.94,,,,,,,0.012,,0.219,0.0,,0.453,0.052,,6.12,,,0.05,,,0.0,0.002,0.0,27.3,,0.0,0.016,,,,2.73,,,0.122,1.07,,0.164,0.008,,0.006,,0.007,,0.001,0.032,0.0,0.041,,,0.008,,0.0,0.0,0.007,,0.017,,0.0,,,350.0,,,,227.0,,,,,,,,,0.775,0.0,0.86,,2.78,0.293,8.52,0.173,3.03,0.041,0.006,0.018,0.0,0.008,0.645,0.0,0.51,0.0,0.352,0.0,,,1510.0,,,,,,0.0,,0.043,0.078,0.695,,0.169,0.003,0.0,0.0,,,,,,,,,,,,,31.4,,,,,,,,,,,,,,,,,,38.5,,2.26,,,,,
1324,747068,CHICK-FIL-A - AMERICAN CHEESE,2019-12-16,,,,,,,5.64,,,,,,,,515.0,,,,,,,,,,,,,,0.023,,,,,,,,,,,,,,6.87,1.07,17.7,1.08,,,,,0.0,0.19,,,0.0,,,,,,,,44.8,0.15,,2.63,,,,,,,0.016,,0.199,0.0,,0.362,0.052,,6.19,,,0.049,,,0.0,0.001,0.001,23.9,,0.0,0.026,,,,2.93,,,0.126,0.809,,0.115,0.011,,0.005,,0.005,,0.001,0.037,0.0,0.044,,,0.01,,0.002,0.0,0.008,,0.018,,0.001,,,422.0,,,,146.0,,,,,,,,,0.735,0.0,0.833,,2.68,0.287,8.12,0.172,3.32,0.044,0.007,0.015,0.0,0.007,0.67,0.0,0.527,0.0,0.321,0.0,,,1600.0,,,,,,0.0,,0.048,0.091,0.742,,0.189,0.005,0.0,0.0,,,,,,,,,,,,,31.6,,,,,,,,,,,,,,,,,,39.4,,2.72,,,,,
1325,747075,CHICK-FIL-A - AMERICAN CHEESE,2019-12-16,,,,,,,5.69,,,,,,,,516.0,,,,,,,,,,,,,,0.025,,,,,,,,,,,,,,6.83,1.07,17.7,1.03,,,,,0.0,0.19,,,0.0,,,,,,,,44.3,0.21,,2.85,,,,,,,0.016,,0.199,0.0,,0.355,0.051,,6.16,,,0.046,,,0.002,0.002,0.0,24.0,,0.0,0.029,,,,2.94,,,0.126,0.813,,0.114,0.009,,0.006,,0.007,,0.001,0.036,0.0,0.045,,,0.009,,0.002,0.0,0.007,,0.017,,0.0,,,435.0,,,,159.0,,,,,,,,,0.737,0.0,0.842,,2.68,0.288,8.14,0.172,3.28,0.042,0.006,0.016,0.0,0.008,0.664,0.0,0.518,0.0,0.316,0.0,,,1610.0,,,,,,0.0,,0.049,0.082,0.729,,0.171,0.003,0.0,0.0,,,,,,,,,,,,,31.5,,,,,,,,,,,,,,,,,,39.0,,2.78,,,,,
1326,747082,CHICK-FIL-A - AMERICAN CHEESE,2019-12-16,,,,,,,5.41,,,,,,,,509.0,,,,,,,,,,,,,,0.036,,,,,,,,,,,,,,6.82,1.04,17.4,1.04,,,,,0.0,0.21,,,0.0,,,,,,,,45.1,0.16,,2.7,,,,,,,0.017,,0.191,0.0,,0.365,0.055,,6.13,,,0.05,,,0.001,0.002,0.001,22.9,,0.0,0.029,,,,2.96,,,0.126,0.779,,0.119,0.011,,0.005,,0.006,,0.001,0.035,0.0,0.043,,,0.01,,0.003,0.0,0.007,,0.019,,0.002,,,434.0,,,,133.0,,,,,,,,,0.713,0.0,0.808,,2.6,0.282,8.07,0.174,3.27,0.044,0.003,0.018,0.0,0.008,0.567,0.0,0.504,0.0,0.316,0.0,,,1590.0,,,,,,0.0,,0.048,0.095,0.699,,0.19,0.004,0.0,0.0,,,,,,,,,,,,,31.2,,,,,,,,,,,,,,,,,,39.6,,2.78,,,,,
1327,747090,"BURGER KING, SLICED PROCESSED AMERICAN CHEESE",2019-12-16,,,,,,,5.76,,,,,,,,486.0,,,,,,,,,,,,,,0.032,,,,,,,,,,,,,,6.27,1.3,17.2,1.01,,,,,0.0,0.12,,,0.0,,,,,,,,,0.14,,3.68,,,,,,,0.017,,0.198,0.0,,0.338,0.047,,5.62,,,0.048,,,0.0,0.002,0.001,25.3,,0.0,0.028,,,,2.59,,,0.134,1.02,,0.15,0.01,,0.006,,0.006,,0.001,0.035,0.0,0.044,,,0.009,,0.003,0.0,0.008,,0.016,,0.001,,,351.0,,,,218.0,,,,,,,,,0.753,0.0,0.877,,2.65,0.282,8.02,0.164,2.99,0.04,0.005,0.017,0.0,0.007,0.622,0.0,0.51,0.0,0.318,0.0,,,1700.0,,,,,,0.0,,0.047,0.088,0.703,,0.163,0.004,0.0,0.0,,,,,,,,,,,,,30.9,,,,,,,,,,,,,,,,,,40.6,,2.39,,,,,
1328,747096,PANERA - AMERICAN CHEESE,2019-12-16,,,,,,,4.81,,,,,,,,600.0,,,,,,,,,,,,,,0.033,,,,,,,,,,,,,,6.22,0.98,17.6,0.89,,,,,0.0,0.2,,,0.0,,,,,,,,,0.22,,0.73,,,,,,,0.024,,0.251,0.0,,0.385,0.056,,5.45,,,0.045,,,0.0,0.001,0.001,25.5,,0.0,0.022,,,,3.27,,,0.115,0.7,,0.153,0.008,,0.005,,0.005,,0.002,0.03,0.0,0.038,,,0.012,,0.001,0.0,0.007,,0.022,,0.001,,,418.0,,,,122.0,,,,,,,,,0.817,0.0,0.954,,2.97,0.316,8.12,0.177,2.64,0.039,0.003,0.017,0.0,0.008,0.673,0.0,0.551,0.0,0.342,0.0,,,1270.0,,,,,,0.0,,0.048,0.08,0.6,,0.164,0.003,0.0,0.0,,,,,,,,,,,,,31.0,,,,,,,,,,,,,,,,,,40.3,,3.26,,,,,
1329,747102,PANERA - AMERICAN CHEESE,2019-12-16,,,,,,,5.04,,,,,,,,574.0,,,,,,,,,,,,,,0.041,,,,,,,,,,,,,,6.61,0.99,17.8,0.93,,,,,0.0,0.2,,,0.0,,,,,,,,,0.25,,0.83,,,,,,,0.021,,0.249,0.0,,0.415,0.061,,5.82,,,0.047,,,0.0,0.001,0.001,25.0,,0.0,0.035,,,,3.3,,,0.125,0.698,,0.153,0.009,,0.006,,0.006,,0.002,0.03,0.0,0.038,,,0.012,,0.002,0.0,0.007,,0.022,,0.002,,,411.0,,,,116.0,,,,,,,,,0.777,0.0,0.919,,2.93,0.322,8.26,0.186,2.79,0.042,0.004,0.018,0.0,0.009,0.649,0.0,0.532,0.0,0.329,0.0,,,1240.0,,,,,,0.0,,0.051,0.086,0.63,,0.165,0.003,0.0,0.0,,,,,,,,,,,,,31.4,,,,,,,,,,,,,,,,,,39.4,,3.16,,,,,
1330,747109,CHICK-FIL-A - AMERICAN CHEESE,2019-12-16,,,,,,,5.56,,,,,,,,531.0,,,,,,,,,,,,,,0.026,,,,,,,,,,,,,,6.68,1.04,17.8,1.0,,,,,0.0,0.22,,,0.0,,,,,,,,,0.34,,2.99,,,,,,,0.016,,0.203,0.0,,0.376,0.052,,5.98,,,0.048,,,0.0,0.002,0.001,24.4,,0.0,0.03,,,,2.97,,,0.113,0.787,,0.113,0.011,,0.005,,0.006,,0.001,0.037,0.0,0.042,,,0.009,,0.002,0.0,0.007,,0.017,,0.001,,,439.0,,,,163.0,,,,,,,,,0.708,0.0,0.799,,2.65,0.287,8.44,0.169,3.2,0.042,0.003,0.016,0.0,0.007,0.685,0.0,0.523,0.0,0.313,0.0,,,1610.0,,,,,,0.0,,0.047,0.087,0.686,,0.179,0.003,0.0,0.0,,,,,,,,,,,,,31.3,,,,,,,,,,,,,,,,,,39.2,,2.84,,,,,
1331,747115,PANERA - AMERICAN CHEESE,2019-12-16,,,,,,,4.95,,,,,,,,578.0,,,,,,,,,,,,,,0.036,,,,,,,,,,,,,,6.6,0.98,18.0,0.91,,,,,0.0,0.11,,,0.0,,,,,,,,,0.2,,0.82,,,,,,,0.021,,0.25,0.0,,0.398,0.056,,5.82,,,0.048,,,0.0,0.001,0.001,24.0,,0.0,0.04,,,,3.23,,,0.121,0.706,,0.138,0.011,,0.006,,0.006,,0.002,0.031,0.0,0.042,,,0.011,,0.002,0.0,0.006,,0.02,,0.002,,,402.0,,,,120.0,,,,,,,,,0.809,0.0,0.938,,2.97,0.32,8.35,0.181,2.82,0.041,0.003,0.018,0.0,0.009,0.668,0.0,0.549,0.0,0.338,0.0,,,1310.0,,,,,,0.0,,0.051,0.084,0.61,,0.158,0.004,0.0,0.0,,,,,,,,,,,,,31.3,,,,,,,,,,,,,,,,,,40.2,,3.16,,,,,
1332,747121,PANERA - AMERICAN CHEESE,2019-12-16,,,,,,,5.21,,,,,,,,563.0,,,,,,,,,,,,,,0.04,,,,,,,,,,,,,,6.6,1.0,17.8,0.96,,,,,0.0,0.11,,,0.0,,,,,,,,55.8,0.26,,0.72,,,,,,,0.021,,0.247,0.0,,0.427,0.057,,5.8,,,0.048,,,0.0,0.001,0.001,24.1,,0.0,0.044,,,,3.19,,,0.125,0.718,,0.142,0.009,,0.006,,0.006,,0.002,0.031,0.0,0.04,,,0.011,,0.002,0.0,0.007,,0.02,,0.002,,,399.0,,,,115.0,,,,,,,,,0.799,0.0,0.94,,2.96,0.322,8.21,0.182,2.8,0.041,0.003,0.019,0.0,0.008,0.654,0.0,0.537,0.0,0.334,0.0,,,1420.0,,,,,,0.0,,0.049,0.083,0.654,,0.166,0.003,0.0,0.0,,,,,,,,,,,,,31.2,,,,,,,,,,,,,,,,,,39.6,,3.14,,,,,
1333,747128,DENNYS - AMERICAN CHEESE,2019-12-16,,,,,,,5.59,,,,,,,,430.0,,,,,,,,,,,,,,0.0,,,,,,,,,,,,,,6.65,1.04,16.8,0.98,,,,,0.0,0.0,,,0.0,,,,,,,,,0.0,,4.96,,,,,,,0.007,,0.243,0.0,,0.414,0.055,,5.88,,,0.047,,,0.0,0.001,0.001,23.3,,0.0,0.0,,,,2.31,,,0.127,0.794,,0.122,0.009,,0.005,,0.005,,0.002,0.029,0.0,0.046,,,0.008,,0.001,0.0,0.007,,0.015,,0.001,,,337.0,,,,185.0,,,,,,,,,0.806,0.0,0.0,,2.89,0.318,8.34,0.182,2.68,0.039,0.003,0.016,0.0,0.007,0.689,0.0,0.55,0.0,0.337,0.0,,,1540.0,,,,,,0.0,,0.052,0.088,0.662,,0.172,0.004,0.0,0.0,,,,,,,,,,,,,31.7,,,,,,,,,,,,,,,,,,39.7,,2.08,,,,,
1334,747135,APPLEBEES -  AMERICAN CHEESE,2019-12-16,,,,,,,5.26,,,,,,,,501.0,,,,,,,,,,,,,,0.0,,,,,,,,,,,,,,6.44,0.92,17.3,1.01,,,,,0.0,0.19,,,0.0,,,,,,,,,0.0,,3.8,,,,,,,0.008,,0.23,0.0,,0.351,0.052,,5.75,,,0.046,,,0.0,0.004,0.001,22.4,,0.0,0.0,,,,2.83,,,0.121,0.688,,0.111,0.008,,0.005,,0.006,,0.002,0.03,0.0,0.037,,,0.009,,0.001,0.0,0.007,,0.015,,0.001,,,380.0,,,,136.0,,,,,,,,,0.754,0.0,0.859,,2.79,0.292,8.06,0.164,2.84,0.038,0.003,0.014,0.0,0.007,0.67,0.0,0.528,0.0,0.324,0.0,,,1510.0,,,,,,0.0,,0.049,0.087,0.691,,0.178,0.003,0.0,0.0,,,,,,,,,,,,,33.8,,,,,,,,,,,,,,,,,,39.6,,2.62,,,,,
1335,747141,DENNYS - AMERICAN CHEESE,2019-12-16,,,,,,,5.59,,,,,,,,451.0,,,,,,,,,,,,,,0.0,,,,,,,,,,,,,,6.6,0.98,18.0,0.99,,,,,0.0,0.0,,,0.0,,,,,,,,,0.0,,4.77,,,,,,,0.006,,0.244,0.0,,0.393,0.058,,5.85,,,0.048,,,0.0,0.002,0.001,23.3,,0.0,0.0,,,,2.46,,,0.13,0.733,,0.122,0.008,,0.005,,0.006,,0.002,0.03,0.0,0.042,,,0.009,,0.001,0.0,0.007,,0.016,,0.001,,,364.0,,,,191.0,,,,,,,,,0.808,0.0,0.919,,2.94,0.32,8.26,0.186,2.86,0.04,0.003,0.016,0.0,0.008,0.7,0.0,0.556,0.0,0.344,0.0,,,1590.0,,,,,,0.0,,0.055,0.091,0.667,,0.17,0.003,0.0,0.0,,,,,,,,,,,,,30.7,,,,,,,,,,,,,,,,,,40.3,,2.34,,,,,
1336,747148,APPLEBEES -  AMERICAN CHEESE,2019-12-16,,,,,,,6.32,,,,,,,,539.0,,,,,,,,,,,,,,0.0,,,,,,,,,,,,,,6.2,1.34,16.4,0.94,,,,,0.0,0.16,,,0.0,,,,,,,,,0.0,,4.61,,,,,,,0.0,,0.196,0.0,,0.371,0.046,,5.54,,,0.049,,,0.0,0.002,0.001,26.9,,0.0,0.0,,,,2.57,,,0.111,1.05,,0.166,0.008,,0.005,,0.005,,0.001,0.03,0.0,0.038,,,0.009,,0.002,0.0,0.006,,0.014,,0.001,,,391.0,,,,226.0,,,,,,,,,0.697,0.0,0.789,,2.53,0.26,7.65,0.149,2.82,0.038,0.003,0.016,0.0,0.006,0.643,0.0,0.497,0.0,0.301,0.0,,,1790.0,,,,,,0.0,,0.044,0.082,0.655,,0.158,0.003,0.0,0.0,,,,,,,,,,,,,30.3,,,,,,,,,,,,,,,,,,39.9,,2.08,,,,,
1337,747154,APPLEBEES -  AMERICAN CHEESE,2019-12-16,,,,,,,6.06,,,,,,,,486.0,,,,,,,,,,,,,,0.0,,,,,,,,,,,,,,6.39,1.37,17.0,0.97,,,,,0.0,0.0,,,0.0,,,,,,,,,0.0,,4.72,,,,,,,0.012,,0.195,0.0,,0.311,0.047,,5.77,,,0.05,,,0.0,0.002,0.001,27.4,,0.0,0.0,,,,2.65,,,0.112,1.08,,0.166,0.009,,0.004,,0.006,,0.001,0.032,0.0,0.042,,,0.008,,0.002,0.0,0.007,,0.015,,0.002,,,369.0,,,,236.0,,,,,,,,,0.72,0.0,0.807,,2.59,0.27,7.89,0.154,3.01,0.04,0.003,0.016,0.0,0.007,0.68,0.0,0.531,0.0,0.311,0.0,,,1640.0,,,,,,0.0,,0.045,0.083,0.675,,0.165,0.003,0.0,0.0,,,,,,,,,,,,,30.1,,,,,,,,,,,,,,,,,,39.9,,2.24,,,,,
1338,747160,DENNYS - AMERICAN CHEESE,2019-12-16,,,,,,,6.13,,,,,,,,493.0,,,,,,,,,,,,,,0.0,,,,,,,,,,,,,,6.35,1.39,16.8,0.93,,,,,0.0,0.0,,,0.0,,,,,,,,,0.0,,3.9,,,,,,,0.007,,0.191,0.0,,0.373,0.047,,5.68,,,0.049,,,0.0,0.002,0.001,26.2,,0.0,0.0,,,,2.76,,,0.105,1.1,,0.167,0.008,,0.004,,0.005,,0.001,0.032,0.0,0.04,,,0.008,,0.001,0.0,0.007,,0.015,,0.001,,,439.0,,,,196.0,,,,,,,,,0.682,0.0,0.76,,2.51,0.263,7.95,0.161,2.96,0.04,0.003,0.016,0.0,0.007,0.65,0.0,0.499,0.0,0.296,0.0,,,1690.0,,,,,,0.0,,0.043,0.082,0.639,,0.166,0.003,0.0,0.0,,,,,,,,,,,,,30.1,,,,,,,,,,,,,,,,,,39.7,,2.24,,,,,
1339,747166,DENNYS - AMERICAN CHEESE,2019-12-16,,,,,,,5.91,,,,,,,,494.0,,,,,,,,,,,,,,0.0,,,,,,,,,,,,,,6.33,1.35,16.8,0.93,,,,,0.0,0.0,,,0.0,,,,,,,,,0.0,,4.34,,,,,,,0.008,,0.182,0.0,,0.342,0.047,,5.7,,,0.048,,,0.0,0.002,0.001,25.7,,0.0,0.0,,,,2.72,,,0.103,1.07,,0.156,0.009,,0.004,,0.006,,0.001,0.032,0.0,0.043,,,0.007,,0.001,0.0,0.007,,0.014,,0.002,,,442.0,,,,193.0,,,,,,,,,0.667,0.0,0.739,,2.46,0.258,7.95,0.157,3.02,0.04,0.003,0.015,0.0,0.007,0.658,0.0,0.495,0.0,0.293,0.0,,,1700.0,,,,,,0.0,,0.043,0.078,0.642,,0.164,0.002,0.0,0.0,,,,,,,,,,,,,29.4,,,,,,,,,,,,,,,,,,40.3,,2.28,,,,,
1340,747172,APPLEBEES -  AMERICAN CHEESE,2019-12-16,,,,,,,5.3,,,,,,,,504.0,,,,,,,,,,,,,,0.0,,,,,,,,,,,,,,6.5,0.98,17.5,1.05,,,,,0.0,0.27,,,0.0,,,,,,,,,0.0,,3.4,,,,,,,0.009,,0.236,0.0,,0.342,0.05,,5.82,,,0.047,,,0.0,0.002,0.001,21.5,,0.0,0.0,,,,2.91,,,0.146,0.749,,0.108,0.009,,0.005,,0.006,,0.001,0.032,0.0,0.039,,,0.008,,0.002,0.0,0.007,,0.015,,0.0,,,385.0,,,,126.0,,,,,,,,,0.788,0.0,0.88,,2.84,0.299,8.0,0.165,2.87,0.038,0.003,0.016,0.0,0.007,0.689,0.0,0.553,0.0,0.339,0.0,,,1520.0,,,,,,0.0,,0.054,0.097,0.729,,0.171,0.003,0.0,0.0,,,,,,,,,,,,,31.4,,,,,,,,,,,,,,,,,,38.9,,2.79,,,,,
1341,747178,DENNYS - AMERICAN CHEESE,2019-12-16,,,,,,,5.82,,,,,,,,492.0,,,,,,,,,,,,,,0.0,,,,,,,,,,,,,,6.41,1.36,17.0,0.97,,,,,0.0,0.0,,,0.0,,,,,,,,,0.0,,4.18,,,,,,,0.002,,0.175,0.0,,0.336,0.044,,5.8,,,0.048,,,0.0,0.001,0.001,25.5,,0.0,0.0,,,,2.8,,,0.108,1.08,,0.156,0.009,,0.004,,0.006,,0.001,0.034,0.0,0.041,,,0.008,,0.001,0.0,0.007,,0.015,,0.0,,,428.0,,,,215.0,,,,,,,,,0.688,0.0,0.756,,2.47,0.256,7.96,0.158,3.12,0.041,0.003,0.015,0.0,0.007,0.684,0.0,0.507,0.0,0.3,0.0,,,1560.0,,,,,,0.0,,0.043,0.083,0.679,,0.161,0.003,0.0,0.0,,,,,,,,,,,,,31.1,,,,,,,,,,,,,,,,,,39.7,,2.45,,,,,
1342,747184,DENNYS - AMERICAN CHEESE,2019-12-16,,,,,,,5.95,,,,,,,,504.0,,,,,,,,,,,,,,0.0,,,,,,,,,,,,,,6.41,1.4,17.2,0.94,,,,,0.0,0.21,,,0.0,,,,,,,,,0.0,,3.68,,,,,,,0.006,,0.194,0.0,,0.341,0.046,,5.78,,,0.045,,,0.0,0.002,0.001,26.4,,0.0,0.0,,,,2.79,,,0.109,1.1,,0.165,0.013,,0.004,,0.005,,0.001,0.033,0.0,0.04,,,0.007,,0.001,0.0,0.007,,0.015,,0.001,,,456.0,,,,184.0,,,,,,,,,0.714,0.0,0.792,,2.58,0.267,8.11,0.155,3.02,0.04,0.003,0.015,0.0,0.007,0.691,0.0,0.528,0.0,0.309,0.0,,,1590.0,,,,,,0.0,,0.045,0.073,0.658,,0.163,0.003,0.0,0.0,,,,,,,,,,,,,30.6,,,,,,,,,,,,,,,,,,40.5,,2.26,,,,,
1343,747190,MCDONALDS - AMERICAN CHEESE,2019-12-16,,,,,,,5.49,,,,,,,,513.0,,,,,,,,,,,,,,0.0,,,,,,,,,,,,,,6.57,1.43,17.5,1.0,,,,,0.0,0.1,,,0.1,,,,,,,,,0.31,,4.0,,,,,,,0.018,,0.217,0.0,,0.373,0.052,,5.86,,,0.051,,,0.0,0.001,0.001,28.7,,0.0,0.0,,,,2.65,,,0.124,1.12,,0.174,0.01,,0.003,,0.006,,0.002,0.035,0.0,0.041,,,0.009,,0.002,0.0,0.008,,0.018,,0.0,,,360.0,,,,209.0,,,,,,,,,0.732,0.0,0.844,,2.71,0.29,8.26,0.172,2.95,0.042,0.004,0.018,0.0,0.008,0.639,0.0,0.517,0.0,0.321,0.0,,,1540.0,,,,,,0.0,,0.046,0.095,0.676,,0.174,0.003,0.0,0.0,,,,,,,,,,,,,30.1,,,,,,,,,,,,,,,,,,39.8,,2.27,,,,,
1344,747196,CHICK FIL A - AMERICAN CHEESE,2019-12-16,,,,,,,5.88,,,,,,,,562.0,,,,,,,,,,,,,,1.5,,,,,,,,,,,,,,6.51,0.99,18.1,1.01,,,,,0.0,0.1,,,0.0,,,,,,,,,0.33,,2.8,,,,,,,0.02,,0.236,0.0,,0.389,0.054,,5.77,,,0.047,,,0.0,0.001,0.001,26.0,,0.0,0.0,,,,2.96,,,0.123,0.74,,0.113,0.009,,0.005,,0.005,,0.002,0.035,0.0,0.041,,,0.009,,0.001,0.0,0.007,,0.017,,0.001,,,456.0,,,,131.0,,,,,,,,,0.781,0.0,0.902,,2.83,0.316,8.55,0.178,2.94,0.04,0.003,0.016,0.0,0.008,0.646,0.0,0.531,0.0,0.331,0.0,,,1660.0,,,,,,0.0,,0.049,0.086,0.68,,0.191,0.003,0.0,0.0,,,,,,,,,,,,,30.5,,,,,,,,,,,,,,,,,,39.0,,2.86,,,,,
1345,747202,MCDONALDS - AMERICAN CHEESE,2019-12-16,,,,,,,5.37,,,,,,,,510.0,,,,,,,,,,,,,,0.0,,,,,,,,,,,,,,6.44,1.35,17.6,1.01,,,,,0.0,0.1,,,0.0,,,,,,,,,0.42,,4.1,,,,,,,0.018,,0.214,0.0,,0.359,0.05,,5.76,,,0.047,,,0.0,0.001,0.001,27.8,,0.0,0.0,,,,2.7,,,0.122,1.05,,0.16,0.01,,0.004,,0.005,,0.001,0.035,0.0,0.042,,,0.009,,0.001,0.0,0.008,,0.016,,0.001,,,363.0,,,,206.0,,,,,,,,,0.782,0.0,0.861,,2.69,0.286,8.21,0.166,3.01,0.04,0.003,0.016,0.0,0.007,0.624,0.0,0.524,0.0,0.371,0.0,,,1500.0,,,,,,0.0,,0.045,0.091,0.702,,0.167,0.003,0.0,0.0,,,,,,,,,,,,,30.7,,,,,,,,,,,,,,,,,,39.7,,2.35,,,,,
1346,747208,APPLEBEES -  AMERICAN CHEESE,2019-12-16,,,,,,,6.38,,,,,,,,545.0,,,,,,,,,,,,,,0.0,,,,,,,,,,,,,,6.29,1.36,16.7,0.97,,,,,0.0,0.16,,,0.0,,,,,,,,,0.0,,4.95,,,,,,,0.008,,0.2,0.0,,0.341,0.047,,5.65,,,0.048,,,0.0,0.002,0.001,27.2,,0.0,0.0,,,,2.54,,,0.115,1.07,,0.169,0.008,,0.004,,0.006,,0.001,0.03,0.0,0.036,,,0.009,,0.002,0.0,0.006,,0.015,,0.0,,,392.0,,,,224.0,,,,,,,,,0.714,0.0,0.801,,2.57,0.265,7.79,0.153,2.87,0.039,0.003,0.015,0.0,0.007,0.681,0.0,0.524,0.0,0.307,0.0,,,1800.0,,,,,,0.0,,0.045,0.084,0.67,,0.166,0.003,0.0,0.0,,,,,,,,,,,,,29.8,,,,,,,,,,,,,,,,,,39.9,,2.16,,,,,
1347,747214,CHICK FIL A - AMERICAN CHEESE,2019-12-16,,,,,,,5.69,,,,,,,,498.0,,,,,,,,,,,,,,0.0,,,,,,,,,,,,,,6.73,1.07,18.3,1.03,,,,,0.0,0.2,,,0.0,,,,,,,,,0.21,,2.6,,,,,,,0.018,,0.221,0.0,,0.376,0.052,,6.02,,,0.048,,,0.0,0.002,0.001,23.3,,0.0,0.0,,,,2.96,,,0.103,0.814,,0.115,0.01,,0.005,,0.005,,0.001,0.038,0.0,0.043,,,0.009,,0.001,0.0,0.007,,0.017,,0.008,,,430.0,,,,130.0,,,,,,,,,0.758,0.0,0.875,,2.78,0.304,8.64,0.174,3.13,0.042,0.004,0.016,0.0,0.007,0.667,0.0,0.535,0.0,0.328,0.0,,,1650.0,,,,,,0.0,,0.048,0.088,0.704,,0.186,0.003,0.0,0.0,,,,,,,,,,,,,31.0,,,,,,,,,,,,,,,,,,39.3,,2.69,,,,,
1348,747220,CHICK FIL A - AMERICAN CHEESE,2019-12-16,,,,,,,6.05,,,,,,,,611.0,,,,,,,,,,,,,,0.0,,,,,,,,,,,,,,6.57,0.99,18.4,1.01,,,,,0.0,0.1,,,0.0,,,,,,,,,0.32,,2.6,,,,,,,0.02,,0.241,0.0,,0.366,0.053,,5.84,,,0.047,,,0.0,0.002,0.0,26.3,,0.0,0.0,,,,2.93,,,0.109,0.742,,0.113,0.01,,0.005,,0.005,,0.001,0.034,0.0,0.041,,,0.009,,0.001,0.0,0.007,,0.017,,0.0,,,482.0,,,,130.0,,,,,,,,,0.8,0.0,0.916,,2.88,0.323,8.68,0.18,2.97,0.041,0.003,0.015,0.0,0.007,0.657,0.0,0.541,0.0,0.339,0.0,,,1660.0,,,,,,0.0,,0.049,0.082,0.704,,0.176,0.003,0.0,0.0,,,,,,,,,,,,,30.9,,,,,,,,,,,,,,,,,,39.1,,2.78,,,,,
1349,747226,CHICK FIL A - AMERICAN CHEESE,2019-12-16,,,,,,,5.89,,,,,,,,562.0,,,,,,,,,,,,,,0.0,,,,,,,,,,,,,,6.55,0.99,18.2,1.01,,,,,0.0,0.1,,,0.0,,,,,,,,,0.21,,2.8,,,,,,,0.02,,0.239,0.0,,0.401,0.055,,5.79,,,0.046,,,0.0,0.001,0.0,26.6,,0.0,0.0,,,,2.99,,,0.1,0.741,,0.114,0.01,,0.005,,0.005,,0.002,0.035,0.0,0.041,,,0.009,,0.002,0.0,0.008,,0.017,,0.0,,,459.0,,,,133.0,,,,,,,,,0.797,0.0,0.907,,2.86,0.32,8.58,0.18,2.94,0.041,0.003,0.016,0.0,0.007,0.66,0.0,0.539,0.0,0.338,0.0,,,1660.0,,,,,,0.0,,0.05,0.09,0.685,,0.178,0.003,0.0,0.0,,,,,,,,,,,,,30.9,,,,,,,,,,,,,,,,,,38.9,,2.78,,,,,
1350,747232,MCDONALDS - AMERICAN CHEESE,2019-12-16,,,,,,,5.35,,,,,,,,503.0,,,,,,,,,,,,,,0.0,,,,,,,,,,,,,,6.6,1.53,17.7,0.95,,,,,0.0,0.2,,,0.0,,,,,,,,,0.31,,4.2,,,,,,,0.016,,0.21,0.0,,0.375,0.05,,5.89,,,0.052,,,0.0,0.002,0.001,28.9,,0.0,0.0,,,,2.66,,,0.12,1.21,,0.183,0.01,,0.005,,0.007,,0.001,0.037,0.0,0.046,,,0.009,,0.001,0.0,0.007,,0.017,,0.001,,,360.0,,,,204.0,,,,,,,,,0.75,0.0,0.851,,2.67,0.285,8.35,0.167,3.03,0.044,0.0,0.018,0.0,0.008,0.654,0.0,0.524,0.0,0.318,0.0,,,1500.0,,,,,,0.0,,0.046,0.082,0.642,,0.181,0.003,0.0,0.0,,,,,,,,,,,,,30.3,,,,,,,,,,,,,,,,,,39.7,,2.26,,,,,
1351,747238,MCDONALDS - AMERICAN CHEESE,2019-12-16,,,,,,,5.32,,,,,,,,505.0,,,,,,,,,,,,,,0.0,,,,,,,,,,,,,,6.75,1.36,18.1,1.02,,,,,0.0,0.2,,,0.1,,,,,,,,,0.25,,3.6,,,,,,,0.018,,0.229,0.0,,0.395,0.052,,6.01,,,0.051,,,0.0,0.002,0.001,28.1,,0.0,0.0,,,,2.66,,,0.143,1.04,,0.178,0.01,,0.006,,0.005,,0.001,0.034,0.0,0.039,,,0.011,,0.003,0.0,0.007,,0.019,,0.002,,,353.0,,,,200.0,,,,,,,,,0.78,0.0,0.891,,2.8,0.294,8.46,0.173,3.04,0.042,0.003,0.019,0.0,0.008,0.658,0.0,0.534,0.0,0.37,0.0,,,1460.0,,,,,,0.0,,0.051,0.094,0.703,,0.167,0.004,0.0,0.0,,,,,,,,,,,,,31.0,,,,,,,,,,,,,,,,,,39.3,,2.26,,,,,
1352,747244,MCDONALDS - AMERICAN CHEESE,2019-12-16,,,,,,,5.55,,,,,,,,518.0,,,,,,,,,,,,,,0.0,,,,,,,,,,,,,,6.65,1.36,17.9,1.01,,,,,0.0,0.1,,,0.1,,,,,,,,,0.23,,4.1,,,,,,,0.019,,0.226,0.0,,0.383,0.06,,5.91,,,0.05,,,0.0,0.002,0.001,29.3,,0.0,0.0,,,,2.73,,,0.137,1.05,,0.175,0.01,,0.006,,0.006,,0.001,0.033,0.0,0.04,,,0.01,,0.003,0.0,0.007,,0.019,,0.002,,,364.0,,,,206.0,,,,,,,,,0.785,0.0,0.881,,2.78,0.297,8.39,0.174,2.98,0.041,0.002,0.018,0.0,0.008,0.651,0.0,0.529,0.0,0.369,0.0,,,1510.0,,,,,,0.0,,0.049,0.094,0.693,,0.17,0.004,0.0,0.0,,,,,,,,,,,,,29.7,,,,,,,,,,,,,,,,,,38.9,,2.31,,,,,
1353,747250,CHICK FIL A - AMERICAN CHEESE,2019-12-16,,,,,,,5.66,,,,,,,,522.0,,,,,,,,,,,,,,0.0,,,,,,,,,,,,,,6.62,1.05,18.3,1.02,,,,,0.0,0.2,,,0.0,,,,,,,,,0.33,,2.9,,,,,,,0.017,,0.223,0.0,,0.329,0.051,,5.96,,,0.047,,,0.0,0.002,0.001,24.5,,0.0,0.0,,,,2.96,,,0.092,0.802,,0.11,0.011,,0.005,,0.006,,0.001,0.038,0.0,0.042,,,0.009,,0.001,0.0,0.007,,0.018,,0.001,,,429.0,,,,133.0,,,,,,,,,0.769,0.0,0.885,,2.76,0.303,8.69,0.168,3.13,0.042,0.003,0.016,0.0,0.007,0.664,0.0,0.535,0.0,0.328,0.0,,,1620.0,,,,,,0.0,,0.049,0.091,0.701,,0.18,0.004,0.0,0.0,,,,,,,,,,,,,31.0,,,,,,,,,,,,,,,,,,39.0,,2.74,,,,,
1354,747256,MCDONALDS - AMERICAN CHEESE,2019-12-16,,,,,,,5.36,,,,,,,,512.0,,,,,,,,,,,,,,0.0,,,,,,,,,,,,,,6.73,1.45,18.3,1.04,,,,,0.0,0.2,,,0.1,,,,,,,,,0.35,,3.2,,,,,,,0.018,,0.205,0.0,,0.353,0.049,,6.06,,,0.049,,,0.0,0.001,0.001,26.9,,0.0,0.0,,,,2.71,,,0.122,1.15,,0.157,0.01,,0.004,,0.006,,0.001,0.039,0.0,0.048,,,0.008,,0.002,0.0,0.009,,0.016,,0.001,,,364.0,,,,172.0,,,,,,,,,0.775,0.0,0.883,,2.73,0.296,8.5,0.171,3.28,0.043,0.003,0.017,0.0,0.008,0.684,0.0,0.546,0.0,0.332,0.0,,,1530.0,,,,,,0.0,,0.047,0.089,0.726,,0.179,0.003,0.0,0.0,,,,,,,,,,,,,31.5,,,,,,,,,,,,,,,,,,39.2,,2.4,,,,,
1355,747262,CHICK FIL A - AMERICAN CHEESE,2019-12-16,,,,,,,5.83,,,,,,,,522.0,,,,,,,,,,,,,,0.0,,,,,,,,,,,,,,6.7,1.07,18.5,1.05,,,,,0.0,0.2,,,0.0,,,,,,,,,0.3,,2.9,,,,,,,0.02,,0.225,0.0,,0.333,0.052,,6.02,,,0.048,,,0.0,0.002,0.001,24.6,,0.0,0.0,,,,2.96,,,0.121,0.814,,0.113,0.011,,0.004,,0.005,,0.002,0.038,0.0,0.043,,,0.009,,0.001,0.0,0.008,,0.018,,0.001,,,438.0,,,,131.0,,,,,,,,,0.771,0.0,0.893,,2.81,0.309,8.82,0.175,3.16,0.042,0.003,0.016,0.0,0.007,0.657,0.0,0.541,0.0,0.333,0.0,,,1690.0,,,,,,0.0,,0.049,0.091,0.717,,0.187,0.004,0.0,0.0,,,,,,,,,,,,,31.3,,,,,,,,,,,,,,,,,,38.4,,2.74,,,,,
1356,747268,SUBWAY - AMERICAN CHEESE,2019-12-16,,,,,,,6.13,,,,,,,,520.0,,,,,,,,,,,,,,0.076,,,,,,,,,,,,,,6.51,1.05,17.4,0.98,,,,,0.0,,,,0.0,,,,,,,,,3.54,,3.1,,,,,,,0.014,,0.193,0.0,,0.342,0.049,,5.87,,,0.045,,,0.0,0.002,0.001,24.5,,0.0,0.07,,,,2.45,,,0.11,0.788,,0.112,0.011,,0.005,,0.006,,0.001,0.038,0.0,0.048,,,0.009,,0.002,0.0,0.008,,0.017,,0.001,,,341.0,,,,156.0,,,,,,,,,0.719,0.0,0.809,,2.64,0.275,8.01,0.168,3.28,0.042,0.007,0.016,0.0,0.008,0.647,0.0,0.511,0.0,0.309,0.0,,,1660.0,,,,,,0.0,,0.046,0.084,0.675,,0.175,0.003,0.0,0.0,,,,,,,,,,,,,31.0,,,,,,,,,,,,,,,,,,39.8,,2.18,,,,,
1357,747275,SUBWAY - AMERICAN CHEESE,2019-12-16,,,,,,,5.81,,,,,,,,544.0,,,,,,,,,,,,,,0.026,,,,,,,,,,,,,,6.46,1.04,18.0,1.04,,,,,0.0,,,,0.19,,,,,,,,,0.19,,3.73,,,,,,,0.015,,0.195,0.0,,0.356,0.047,,5.8,,,0.042,,,0.0,0.001,0.001,25.9,,0.0,0.026,,,,2.67,,,0.126,0.791,,0.104,0.011,,0.004,,0.006,,0.001,0.037,0.0,0.047,,,0.008,,0.001,0.0,0.008,,0.016,,0.0,,,373.0,,,,191.0,,,,,,,,,0.765,0.0,0.856,,2.7,0.283,8.28,0.166,3.34,0.041,0.008,0.014,0.0,0.007,0.648,0.0,0.535,0.0,0.328,0.0,,,1690.0,,,,,,0.0,,0.045,0.081,0.74,,0.174,0.003,0.0,0.0,,,,,,,,,,,,,29.5,,,,,,,,,,,,,,,,,,38.5,,2.56,,,,,
1358,747282,SUBWAY - AMERICAN CHEESE,2019-12-16,,,,,,,5.89,,,,,,,,533.0,,,,,,,,,,,,,,0.026,,,,,,,,,,,,,,6.02,1.03,18.0,1.04,,,,,0.0,,,,0.22,,,,,,,,,0.16,,3.13,,,,,,,0.016,,0.201,0.0,,0.02,0.046,,5.69,,,0.042,,,0.0,0.001,0.0,25.3,,0.0,0.019,,,,2.63,,,0.131,0.784,,0.104,0.011,,0.004,,0.006,,0.001,0.038,0.0,0.047,,,0.008,,0.001,0.0,0.008,,0.016,,0.001,,,363.0,,,,164.0,,,,,,,,,0.788,0.0,0.888,,2.74,0.294,8.3,0.166,3.25,0.036,0.007,0.015,0.0,0.007,0.657,0.0,0.536,0.0,0.331,0.0,,,1780.0,,,,,,0.0,,0.045,0.084,0.73,,0.176,0.003,0.0,0.0,,,,,,,,,,,,,30.6,,,,,,,,,,,,,,,,,,38.9,,2.41,,,,,
1359,747289,SUBWAY - AMERICAN CHEESE,2019-12-16,,,,,,,5.89,,,,,,,,541.0,,,,,,,,,,,,,,0.094,,,,,,,,,,,,,,6.35,1.05,18.2,1.05,,,,,0.0,,,,0.0,,,,,,,,,0.14,,3.22,,,,,,,0.015,,0.201,0.0,,0.309,0.046,,5.74,,,0.043,,,0.0,0.001,0.001,23.6,,0.0,0.018,,,,2.62,,,0.131,0.803,,0.106,0.011,,0.004,,0.006,,0.002,0.039,0.0,0.047,,,0.008,,0.002,0.0,0.008,,0.016,,0.001,,,346.0,,,,153.0,,,,,,,,,0.794,0.0,0.895,,2.76,0.292,8.39,0.168,3.32,0.037,0.006,0.013,0.0,0.007,0.671,0.0,0.546,0.0,0.334,0.0,,,1710.0,,,,,,0.0,,0.045,0.077,0.745,,0.177,0.003,0.0,0.0,,,,,,,,,,,,,31.0,,,,,,,,,,,,,,,,,,38.8,,2.24,,,,,
1360,747296,SUBWAY - AMERICAN CHEESE,2019-12-16,,,,,,,5.95,,,,,,,,554.0,,,,,,,,,,,,,,0.021,,,,,,,,,,,,,,6.43,1.01,17.4,0.97,,,,,0.0,,,,0.21,,,,,,,,,0.19,,3.37,,,,,,,0.014,,0.197,0.0,,0.372,0.048,,5.75,,,0.045,,,0.0,0.002,0.001,26.1,,0.0,0.033,,,,2.61,,,0.116,0.759,,0.115,0.01,,0.004,,0.006,,0.001,0.036,0.0,0.045,,,0.009,,0.001,0.001,0.007,,0.017,,0.001,,,368.0,,,,200.0,,,,,,,,,0.727,0.0,0.815,,2.65,0.279,8.06,0.167,3.2,0.04,0.007,0.012,0.0,0.008,0.651,0.0,0.519,0.0,0.314,0.0,,,1750.0,,,,,,0.0,,0.046,0.084,0.664,,0.171,0.003,0.0,0.0,,,,,,,,,,,,,30.7,,,,,,,,,,,,,,,,,,40.1,,2.51,,,,,
1361,747303,APPLEBEES -  AMERICAN CHEESE (WAVE 22D),2019-12-16,,,,,,,5.87,,,,,,,,482.0,,,,,,,,,,,,,,0.017,,,,,,,,,,,,,,6.51,1.46,17.6,1.04,,,,,0.0,0.0,,,0.0,,,,,,,,,0.43,,5.66,,,,,,,0.018,,0.206,0.0,,0.362,0.05,,5.82,,,0.05,,,0.0,0.001,0.0,27.0,,0.0,0.02,,,,,,,0.111,1.16,,0.174,0.01,,0.005,,0.006,,0.0,0.033,0.0,0.041,,,0.009,,0.002,0.0,0.008,,0.017,,0.001,,,342.0,,,,219.0,,,,,,,,,0.765,0.0,0.874,,2.69,0.287,8.14,0.17,3.09,0.037,0.003,0.016,0.0,0.007,0.645,0.0,0.522,0.0,0.322,0.0,,,1710.0,,,,,,0.0,,0.043,0.087,0.722,,0.18,0.003,0.0,0.0,,,,,,,,,,,,,30.6,,,,,,,,,,,,,,,,,,39.5,,2.03,,,,,
1362,747310,IHOP - AMERICAN CHEESE (WAVE 22D),2019-12-16,,,,,,,5.99,,,,,,,,477.0,,,,,,,,,,,,,,0.015,,,,,,,,,,,,,,6.45,1.46,17.5,1.03,,,,,0.0,0.0,,,0.0,,,,,,,,,0.16,,5.52,,,,,,,0.02,,0.206,0.0,,0.313,0.05,,5.81,,,0.044,,,0.0,0.001,0.001,26.7,,0.0,0.019,,,,,,,0.121,1.15,,0.175,0.016,,0.005,,0.006,,0.001,0.032,0.0,0.041,,,0.009,,0.0,0.0,0.008,,0.016,,0.001,,,340.0,,,,213.0,,,,,,,,,0.759,0.0,0.871,,2.68,0.287,8.12,0.169,3.08,0.039,0.004,0.017,0.0,0.008,0.647,0.0,0.525,0.0,0.322,0.0,,,1820.0,,,,,,0.0,,0.043,0.083,0.728,,0.168,0.004,0.0,0.0,,,,,,,,,,,,,30.0,,,,,,,,,,,,,,,,,,40.0,,2.0,,,,,
1363,747317,IHOP - AMERICAN CHEESE (WAVE 22D),2019-12-16,,,,,,,5.99,,,,,,,,479.0,,,,,,,,,,,,,,0.026,,,,,,,,,,,,,,6.59,1.48,17.4,0.97,,,,,0.0,0.27,,,0.0,,,,,,,,,0.17,,4.65,,,,,,,0.016,,0.199,0.0,,0.359,0.05,,5.91,,,0.051,,,0.0,0.002,0.001,26.3,,0.0,0.022,,,,,,,0.101,1.16,,0.182,0.011,,0.005,,0.006,,0.001,0.035,0.0,0.04,,,0.009,,0.002,0.001,0.007,,0.017,,0.001,,,343.0,,,,188.0,,,,,,,,,0.731,0.0,0.821,,2.6,0.279,8.19,0.167,3.08,0.041,0.003,0.018,0.0,0.008,0.649,0.0,0.516,0.0,0.311,0.0,,,1820.0,,,,,,0.0,,0.044,0.082,0.662,,0.176,0.003,0.0,0.0,,,,,,,,,,,,,30.5,,,,,,,,,,,,,,,,,,40.1,,2.09,,,,,
1364,747324,DENNYS - AMERICAN CHEESE (WAVE 22D),2019-12-16,,,,,,,5.72,,,,,,,,527.0,,,,,,,,,,,,,,0.019,,,,,,,,,,,,,,6.59,1.41,17.8,1.03,,,,,0.0,0.0,,,0.0,,,,,,,,,0.23,,3.69,,,,,,,0.018,,0.199,0.0,,0.331,0.049,,5.94,,,0.052,,,0.0,0.002,0.001,25.8,,0.0,0.026,,,,,,,0.109,1.12,,0.151,0.01,,0.0,,0.006,,0.001,0.036,0.0,0.044,,,0.008,,0.001,0.0,0.009,,0.015,,0.001,,,422.0,,,,184.0,,,,,,,,,0.755,0.0,0.859,,2.65,0.285,8.39,0.169,3.17,0.038,0.002,0.017,0.0,0.007,0.663,0.0,0.529,0.0,0.322,0.0,,,1620.0,,,,,,0.0,,0.042,0.083,0.719,,0.181,0.003,0.0,0.0,,,,,,,,,,,,,31.1,,,,,,,,,,,,,,,,,,39.8,,2.31,,,,,
1365,747331,DENNYS - AMERICAN CHEESE (WAVE 22D),2019-12-16,,,,,,,5.98,,,,,,,,509.0,,,,,,,,,,,,,,0.042,,,,,,,,,,,,,,6.59,1.46,17.3,1.0,,,,,0.0,0.0,,,0.0,,,,,,,,,0.3,,4.18,,,,,,,0.017,,0.198,0.0,,0.364,0.047,,5.91,,,0.05,,,0.0,0.002,0.001,26.1,,0.0,0.035,,,,,,,0.105,1.16,,0.172,0.01,,0.005,,0.006,,0.001,0.034,0.0,0.041,,,0.008,,0.002,0.001,0.008,,0.016,,0.001,,,420.0,,,,186.0,,,,,,,,,0.724,0.0,0.82,,2.61,0.275,8.1,0.166,3.09,0.042,0.003,0.016,0.0,0.007,0.638,0.0,0.507,0.0,0.31,0.0,,,1770.0,,,,,,0.0,,0.044,0.082,0.692,,0.181,0.003,0.0,0.0,,,,,,,,,,,,,29.1,,,,,,,,,,,,,,,,,,40.0,,2.14,,,,,
1366,747338,DENNYS - AMERICAN CHEESE (WAVE 22D),2019-12-16,,,,,,,5.53,,,,,,,,461.0,,,,,,,,,,,,,,0.021,,,,,,,,,,,,,,6.67,1.02,17.9,1.04,,,,,0.0,0.0,,,0.0,,,,,,,,,0.23,,4.07,,,,,,,0.023,,0.245,0.0,,0.364,0.055,,5.94,,,0.047,,,0.0,0.001,0.001,23.3,,0.0,0.016,,,,,,,0.12,0.794,,0.104,0.009,,0.005,,0.005,,0.001,0.031,0.0,0.039,,,0.008,,0.002,0.0,0.007,,0.015,,0.001,,,346.0,,,,160.0,,,,,,,,,0.792,0.0,0.925,,2.85,0.321,8.54,0.18,2.78,0.04,0.002,0.015,0.0,0.007,0.632,0.0,0.523,0.0,0.329,0.0,,,1700.0,,,,,,0.0,,0.045,0.086,0.724,,0.18,0.003,0.0,0.0,,,,,,,,,,,,,30.7,,,,,,,,,,,,,,,,,,40.2,,2.26,,,,,
1367,747345,APPLEBEES -  AMERICAN CHEESE (WAVE 22D),2019-12-16,,,,,,,5.77,,,,,,,,490.0,,,,,,,,,,,,,,0.042,,,,,,,,,,,,,,6.65,1.44,17.6,1.02,,,,,0.0,0.0,,,0.0,,,,,,,,,0.31,,4.93,,,,,,,0.019,,0.222,0.0,,0.358,0.054,,5.94,,,0.049,,,0.0,0.001,0.001,26.3,,0.0,0.026,,,,,,,0.118,1.13,,0.181,0.01,,0.005,,0.006,,0.001,0.032,0.0,0.039,,,0.009,,0.001,0.0,0.007,,0.016,,0.001,,,342.0,,,,202.0,,,,,,,,,0.759,0.0,0.867,,2.76,0.298,8.21,0.178,2.99,0.043,0.003,0.017,0.0,0.007,0.653,0.0,0.527,0.0,0.326,0.0,,,1710.0,,,,,,0.0,,0.046,0.086,0.71,,0.181,0.0,0.0,0.0,,,,,,,,,,,,,30.9,,,,,,,,,,,,,,,,,,39.8,,1.99,,,,,
1368,747352,APPLEBEES -  AMERICAN CHEESE (WAVE 22D),2019-12-16,,,,,,,5.75,,,,,,,,473.0,,,,,,,,,,,,,,0.016,,,,,,,,,,,,,,6.68,1.46,17.6,1.0,,,,,0.0,0.0,,,0.0,,,,,,,,,0.37,,6.34,,,,,,,0.017,,0.198,0.0,,0.344,0.05,,6.01,,,0.052,,,0.0,0.002,0.001,27.3,,0.0,0.019,,,,,,,0.117,1.16,,0.164,0.01,,0.005,,0.006,,0.001,0.035,0.0,0.043,,,0.009,,0.002,0.0,0.008,,0.017,,0.001,,,337.0,,,,230.0,,,,,,,,,0.734,0.0,0.832,,2.64,0.279,8.25,0.17,3.17,0.043,0.004,0.016,0.0,0.008,0.671,0.0,0.525,0.0,0.316,0.0,,,1860.0,,,,,,0.0,,0.043,0.089,0.689,,0.179,0.004,0.0,0.0,,,,,,,,,,,,,31.1,,,,,,,,,,,,,,,,,,39.1,,2.02,,,,,
1369,747359,APPLEBEES -  AMERICAN CHEESE (WAVE 22D),2019-12-16,,,,,,,5.82,,,,,,,,491.0,,,,,,,,,,,,,,0.04,,,,,,,,,,,,,,6.61,1.44,17.5,1.01,,,,,0.0,0.0,,,0.0,,,,,,,,,0.41,,6.12,,,,,,,0.017,,0.196,0.0,,0.318,0.05,,5.98,,,0.055,,,0.0,0.002,0.001,27.1,,0.0,0.02,,,,,,,0.097,1.14,,0.166,0.01,,0.005,,0.006,,0.001,0.036,0.0,0.044,,,0.009,,0.002,0.0,0.008,,0.017,,0.001,,,353.0,,,,229.0,,,,,,,,,0.719,0.0,0.817,,2.61,0.277,8.22,0.169,3.14,0.05,0.003,0.017,0.0,0.007,0.646,0.0,0.509,0.0,0.308,0.0,,,1690.0,,,,,,0.0,,0.043,0.087,0.699,,0.18,0.003,0.0,0.0,,,,,,,,,,,,,29.3,,,,,,,,,,,,,,,,,,40.0,,1.88,,,,,
1370,747366,APPLEBEES -  AMERICAN CHEESE (WAVE 22D),2019-12-16,,,,,,,5.12,,,,,,,,499.0,,,,,,,,,,,,,,0.022,,,,,,,,,,,,,,6.7,1.0,18.8,1.01,,,,,0.0,0.0,,,0.0,,,,,,,,,0.3,,3.74,,,,,,,0.022,,0.265,0.0,,0.398,0.058,,5.91,,,0.048,,,0.0,0.001,0.001,22.3,,0.0,0.017,,,,,,,0.135,0.736,,0.128,0.009,,0.006,,0.006,,0.002,0.033,0.0,0.042,,,0.011,,0.002,0.0,0.007,,0.018,,0.001,,,323.0,,,,87.0,,,,,,,,,0.825,0.0,0.964,,3.01,0.34,8.98,0.188,2.85,0.037,0.002,0.013,0.0,0.007,0.668,0.0,0.553,0.0,0.35,0.0,,,1380.0,,,,,,0.0,,0.05,0.09,0.689,,0.179,0.003,0.0,0.0,,,,,,,,,,,,,32.0,,,,,,,,,,,,,,,,,,39.0,,2.35,,,,,
1371,747373,DENNYS - AMERICAN CHEESE (WAVE 22D),2019-12-16,,,,,,,5.12,,,,,,,,464.0,,,,,,,,,,,,,,0.028,,,,,,,,,,,,,,7.08,1.1,18.6,1.06,,,,,0.0,0.0,,,0.0,,,,,,,,,0.17,,3.82,,,,,,,0.021,,0.237,0.0,,0.403,0.055,,6.32,,,0.05,,,0.0,0.002,0.0,24.1,,0.0,0.022,,,,,,,0.128,0.85,,0.113,0.01,,0.005,,0.006,,0.001,0.035,0.0,0.041,,,0.009,,0.002,0.0,0.007,,0.016,,0.001,,,349.0,,,,163.0,,,,,,,,,0.78,0.0,0.909,,2.85,0.314,8.96,0.182,2.99,0.044,0.003,0.017,0.0,0.008,0.661,0.0,0.535,0.0,0.331,0.0,,,1610.0,,,,,,0.0,,0.049,0.091,0.733,,0.185,0.004,0.0,0.0,,,,,,,,,,,,,32.2,,,,,,,,,,,,,,,,,,38.7,,2.14,,,,,
1372,747380,DENNYS - AMERICAN CHEESE (WAVE 22D),2019-12-16,,,,,,,5.61,,,,,,,,501.0,,,,,,,,,,,,,,0.02,,,,,,,,,,,,,,6.65,1.45,17.8,1.0,,,,,0.0,0.0,,,0.0,,,,,,,,,0.19,,4.12,,,,,,,0.019,,0.2,0.0,,0.364,0.049,,5.96,,,0.054,,,0.0,0.002,0.001,26.3,,0.0,0.022,,,,,,,0.105,1.15,,0.161,0.011,,0.005,,0.006,,0.001,0.037,0.0,0.044,,,0.009,,0.001,0.0,0.008,,0.017,,0.001,,,414.0,,,,183.0,,,,,,,,,0.741,0.0,0.839,,2.63,0.278,8.45,0.167,3.13,0.039,0.003,0.016,0.0,0.007,0.655,0.0,0.52,0.0,0.317,0.0,,,1710.0,,,,,,0.0,,0.042,0.083,0.702,,0.173,0.003,0.0,0.0,,,,,,,,,,,,,31.2,,,,,,,,,,,,,,,,,,39.8,,2.28,,,,,
1373,747387,DENNYS - AMERICAN CHEESE (WAVE 22D),2019-12-16,,,,,,,5.44,,,,,,,,512.0,,,,,,,,,,,,,,0.019,,,,,,,,,,,,,,6.59,1.44,17.7,1.03,,,,,0.0,0.15,,,0.0,,,,,,,,,0.29,,3.96,,,,,,,0.017,,0.197,0.0,,0.313,0.049,,5.96,,,0.053,,,0.0,0.002,0.001,26.1,,0.0,0.02,,,,,,,0.121,1.14,,0.154,0.01,,0.004,,0.006,,0.001,0.037,0.0,0.045,,,0.008,,0.001,0.0,0.009,,0.016,,0.001,,,433.0,,,,189.0,,,,,,,,,0.744,0.0,0.842,,2.63,0.281,8.3,0.167,3.18,0.044,0.005,0.015,0.0,0.007,0.657,0.0,0.521,0.0,0.318,0.0,,,1740.0,,,,,,0.0,,0.043,0.087,0.717,,0.18,0.003,0.0,0.0,,,,,,,,,,,,,31.2,,,,,,,,,,,,,,,,,,39.6,,2.23,,,,,
1374,747394,IHOP - AMERICAN CHEESE (WAVE 22D),2019-12-16,,,,,,,5.69,,,,,,,,480.0,,,,,,,,,,,,,,0.071,,,,,,,,,,,,,,6.98,1.52,18.7,1.04,,,,,0.0,0.22,,,0.0,,,,,,,,,0.17,,4.68,,,,,,,0.019,,0.212,0.0,,0.336,0.052,,6.3,,,0.056,,,0.0,0.002,0.001,26.3,,0.0,0.035,,,,,,,0.094,1.2,,0.175,0.011,,0.005,,0.007,,0.001,0.038,0.0,0.045,,,0.009,,0.002,0.0,0.008,,0.017,,0.001,,,337.0,,,,174.0,,,,,,,,,0.778,0.0,0.881,,2.78,0.296,8.8,0.177,3.34,0.044,0.004,0.018,0.0,0.008,0.663,0.0,0.547,0.0,0.334,0.0,,,1670.0,,,,,,0.0,,0.045,0.085,0.718,,0.186,0.004,0.0,0.0,,,,,,,,,,,,,32.5,,,,,,,,,,,,,,,,,,39.5,,1.96,,,,,
1375,747401,APPLEBEES -  AMERICAN CHEESE (WAVE 22D),2019-12-16,,,,,,,4.86,,,,,,,,512.0,,,,,,,,,,,,,,0.022,,,,,,,,,,,,,,6.78,1.0,18.5,1.01,,,,,0.0,0.0,,,0.0,,,,,,,,,0.29,,3.34,,,,,,,0.022,,0.256,0.0,,0.379,0.059,,6.01,,,0.05,,,0.0,0.001,0.001,22.1,,0.0,0.023,,,,,,,0.121,0.742,,0.125,0.009,,0.006,,0.006,,0.001,0.032,0.0,0.041,,,0.01,,0.001,0.0,0.007,,0.018,,0.001,,,359.0,,,,103.0,,,,,,,,,0.795,0.0,0.918,,2.95,0.321,8.81,0.186,2.88,0.04,0.004,0.016,0.0,0.007,0.69,0.0,0.551,0.0,0.342,0.0,,,1380.0,,,,,,0.0,,0.049,0.091,0.691,,0.177,0.003,0.0,0.0,,,,,,,,,,,,,32.1,,,,,,,,,,,,,,,,,,39.9,,2.5,,,,,
1376,747408,IHOP - AMERICAN CHEESE (WAVE 22D),2019-12-16,,,,,,,5.06,,,,,,,,522.0,,,,,,,,,,,,,,0.04,,,,,,,,,,,,,,6.81,1.02,18.8,1.04,,,,,0.0,0.21,,,0.0,,,,,,,,,0.18,,3.45,,,,,,,0.02,,0.272,0.0,,0.378,0.063,,6.03,,,0.05,,,0.0,0.002,0.001,22.2,,0.0,0.026,,,,,,,0.128,0.749,,0.132,0.01,,0.005,,0.006,,0.002,0.032,0.0,0.042,,,0.011,,0.002,0.001,0.007,,0.02,,0.002,,,356.0,,,,98.0,,,,,,,,,0.813,0.0,0.949,,3.05,0.336,8.94,0.192,2.86,0.04,0.003,0.016,0.0,0.007,0.675,0.0,0.551,0.0,0.346,0.0,,,1520.0,,,,,,0.0,,0.05,0.088,0.715,,0.179,0.004,0.0,0.0,,,,,,,,,,,,,32.5,,,,,,,,,,,,,,,,,,39.2,,2.38,,,,,
1377,747415,IHOP - AMERICAN CHEESE (WAVE 22D),2019-12-16,,,,,,,5.0,,,,,,,,481.0,,,,,,,,,,,,,,0.045,,,,,,,,,,,,,,6.77,1.06,18.4,1.03,,,,,0.0,0.24,,,0.0,,,,,,,,,0.17,,3.79,,,,,,,0.022,,0.251,0.0,,0.406,0.056,,5.99,,,0.05,,,0.0,0.001,0.0,21.0,,0.0,0.022,,,,,,,0.135,0.802,,0.126,0.01,,0.005,,0.006,,0.002,0.034,0.0,0.042,,,0.009,,0.002,0.0,0.008,,0.018,,0.001,,,348.0,,,,93.0,,,,,,,,,0.806,0.0,0.92,,2.94,0.317,8.74,0.183,2.88,0.046,0.005,0.019,0.0,0.009,0.672,0.0,0.544,0.0,0.339,0.0,,,1410.0,,,,,,0.0,,0.052,0.092,0.7,,0.177,0.004,0.0,0.0,,,,,,,,,,,,,31.5,,,,,,,,,,,,,,,,,,40.1,,2.41,,,,,
1378,747422,IHOP - AMERICAN CHEESE (WAVE 22D),2019-12-16,,,,,,,5.94,,,,,,,,470.0,,,,,,,,,,,,,,0.028,,,,,,,,,,,,,,6.79,1.47,17.8,1.0,,,,,0.0,0.0,,,0.0,,,,,,,,,0.16,,5.73,,,,,,,0.017,,0.2,0.0,,0.353,0.05,,6.11,,,0.055,,,0.0,0.002,0.001,26.6,,0.0,0.023,,,,,,,0.104,1.16,,0.167,0.01,,0.005,,0.005,,0.001,0.036,0.0,0.044,,,0.009,,0.002,0.001,0.008,,0.018,,0.002,,,338.0,,,,222.0,,,,,,,,,0.717,0.0,0.826,,2.65,0.282,8.39,0.171,3.18,0.04,0.006,0.018,0.0,0.007,0.671,0.0,0.524,0.0,0.315,0.0,,,1620.0,,,,,,0.0,,0.043,0.081,0.694,,0.181,0.004,0.0,0.0,,,,,,,,,,,,,31.1,,,,,,,,,,,,,,,,,,39.2,,1.82,,,,,
1379,747449,MCDONALDS - KETCHUP,2019-12-16,,,,,,,3.09,,,,,,,,15.0,,,,,,,,,,,,,,0.067,,,,,,,,,,,,,,,,,,,,,,5.96,0.0,,,10.8,,,,,,,,,0.48,,0.0,,,,,,,,,,,,,,,,,,,,,,,,14.1,,3.62,0.094,,,,0.22,,,,,,,,,,,,,,,,,,,,,,,,,,,,,,28.0,,,,265.0,,,,,,,,,,,,,,,,,,,,,,,,,,,,,,,965.0,,,,,,0.0,,,,,,,,,,,,,,,,,,,,,,0.1,,,,,,,,,,,,,,,,,,68.7,,0.19,,,,,
1380,747454,MCDONALDS - KETCHUP,2019-12-16,,,,,,,2.86,,,,,,,,16.0,,,,,,,,,,,,,,0.062,,,,,,,,,,,,,,,,,,,,,,5.83,0.0,,,10.6,,,,,,,,,0.36,,0.0,,,,,,,,,,,,,,,,,,,,,,,,13.7,,3.51,0.09,,,,0.2,,,,,,,,,,,,,,,,,,,,,,,,,,,,,,30.0,,,,264.0,,,,,,,,,,,,,,,,,,,,,,,,,,,,,,,929.0,,,,,,0.0,,,,,,,,,,,,,,,,,,,,,,0.1,,,,,,,,,,,,,,,,,,67.7,,0.17,,,,,
1381,747460,MCDONALDS - KETCHUP,2019-12-16,,,,,,,3.14,,,,,,,,14.0,,,,,,,,,,,,,,0.066,,,,,,,,,,,,,,,,,,,,,,5.93,0.0,,,10.4,,,,,,,,,0.7,,0.0,,,,,,,,,,,,,,,,,,,,,,,,17.2,,3.39,0.108,,,,0.21,,,,,,,,,,,,,,,,,,,,,,,,,,,,,,30.0,,,,279.0,,,,,,,,,,,,,,,,,,,,,,,,,,,,,,,972.0,,,,,,0.0,,,,,,,,,,,,,,,,,,,,,,0.2,,,,,,,,,,,,,,,,,,69.3,,0.18,,,,,
1382,747465,"BURGER KING, KETCHUP",2019-12-16,,,,,,,2.96,,,,,,,,12.0,,,,,,,,,,,,,,0.086,,,,,,,,,,,,,,,,,,,,,,9.46,0.0,,,11.2,,,,,,,,,0.42,,0.0,,,,,,,,,,,,,,,,,,,,,,,,14.6,,0.67,0.089,,,,0.14,,,,,,,,,,,,,,,,,,,,,,,,,,,,,,25.0,,,,249.0,,,,,,,,,,,,,,,,,,,,,,,,,,,,,,,923.0,,,,,,0.0,,,,,,,,,,,,,,,,,,,,,,0.38,,,,,,,,,,,,,,,,,,68.3,,0.14,,,,,
1383,747470,MCDONALDS - KETCHUP,2019-12-16,,,,,,,3.05,,,,,,,,18.0,,,,,,,,,,,,,,0.08,,,,,,,,,,,,,,,,,,,,,,5.51,0.0,,,10.4,,,,,,,,,0.43,,0.0,,,,,,,,,,,,,,,,,,,,,,,,15.1,,2.97,0.098,,,,0.23,,,,,,,,,,,,,,,,,,,,,,,,,,,,,,30.0,,,,342.0,,,,,,,,,,,,,,,,,,,,,,,,,,,,,,,942.0,,,,,,0.0,,,,,,,,,,,,,,,,,,,,,,0.2,,,,,,,,,,,,,,,,,,67.8,,0.2,,,,,
1384,747475,"BURGER KING, KETCHUP",2019-12-16,,,,,,,2.98,,,,,,,,12.0,,,,,,,,,,,,,,0.08,,,,,,,,,,,,,,,,,,,,,,9.37,0.0,,,11.2,,,,,,,,,0.36,,0.0,,,,,,,,,,,,,,,,,,,,,,,,13.5,,0.75,0.08,,,,0.14,,,,,,,,,,,,,,,,,,,,,,,,,,,,,,24.0,,,,229.0,,,,,,,,,,,,,,,,,,,,,,,,,,,,,,,893.0,,,,,,0.0,,,,,,,,,,,,,,,,,,,,,,0.26,,,,,,,,,,,,,,,,,,68.2,,0.14,,,,,
1385,747480,"BURGER KING, KETCHUP",2019-12-16,,,,,,,2.96,,,,,,,,12.0,,,,,,,,,,,,,,0.127,,,,,,,,,,,,,,,,,,,,,,9.63,0.0,,,11.6,,,,,,,,,0.34,,0.0,,,,,,,,,,,,,,,,,,,,,,,,11.9,,0.68,0.068,,,,0.14,,,,,,,,,,,,,,,,,,,,,,,,,,,,,,23.0,,,,234.0,,,,,,,,,,,,,,,,,,,,,,,,,,,,,,,893.0,,,,,,0.0,,,,,,,,,,,,,,,,,,,,,,0.34,,,,,,,,,,,,,,,,,,68.1,,0.15,,,,,
1386,747486,"BURGER KING, KETCHUP",2019-12-16,,,,,,,2.97,,,,,,,,12.0,,,,,,,,,,,,,,0.055,,,,,,,,,,,,,,,,,,,,,,9.16,0.0,,,10.8,,,,,,,,,0.35,,0.0,,,,,,,,,,,,,,,,,,,,,,,,11.1,,0.87,0.069,,,,0.13,,,,,,,,,,,,,,,,,,,,,,,,,,,,,,22.0,,,,223.0,,,,,,,,,,,,,,,,,,,,,,,,,,,,,,,907.0,,,,,,0.0,,,,,,,,,,,,,,,,,,,,,,0.31,,,,,,,,,,,,,,,,,,68.4,,0.14,,,,,
1387,747491,MCDONALDS - KETCHUP,2019-12-16,,,,,,,3.05,,,,,,,,16.0,,,,,,,,,,,,,,0.075,,,,,,,,,,,,,,,,,,,,,,5.33,0.0,,,10.2,,,,,,,,,0.39,,0.0,,,,,,,,,,,,,,,,,,,,,,,,15.0,,3.35,0.092,,,,0.22,,,,,,,,,,,,,,,,,,,,,,,,,,,,,,30.0,,,,345.0,,,,,,,,,,,,,,,,,,,,,,,,,,,,,,,942.0,,,,,,0.0,,,,,,,,,,,,,,,,,,,,,,0.1,,,,,,,,,,,,,,,,,,68.3,,0.19,,,,,
1388,747496,IHOP - KETCHUP,2019-12-16,,,,,,,2.95,,,,,,,,14.0,,,,,,,,,,,,,,0.076,,,,,,,,,,,,,,,,,,,,,,10.5,0.0,,,11.9,,,,,,,,,0.41,,0.0,,,,,,,,,,,,,,,,,,,,,,,,12.5,,0.78,0.083,,,,0.18,,,,,,,,,,,,,,,,,,,,,,,,,,,,,,26.0,,,,266.0,,,,,,,,,,,,,,,,,,,,,,,,,,,,,,,987.0,,,,,,0.0,,,,,,,,,,,,,,,,,,,,,,0.46,,,,,,,,,,,,,,,,,,69.9,,0.16,,,,,
1389,747501,"BURGER KING, KETCHUP",2019-12-16,,,,,,,2.95,,,,,,,,12.0,,,,,,,,,,,,,,0.132,,,,,,,,,,,,,,,,,,,,,,9.78,0.0,,,11.6,,,,,,,,,0.38,,0.0,,,,,,,,,,,,,,,,,,,,,,,,12.6,,0.65,0.08,,,,0.15,,,,,,,,,,,,,,,,,,,,,,,,,,,,,,24.0,,,,219.0,,,,,,,,,,,,,,,,,,,,,,,,,,,,,,,924.0,,,,,,0.0,,,,,,,,,,,,,,,,,,,,,,0.39,,,,,,,,,,,,,,,,,,67.7,,0.14,,,,,
1390,747506,"BURGER KING, KETCHUP",2019-12-16,,,,,,,2.99,,,,,,,,13.0,,,,,,,,,,,,,,0.08,,,,,,,,,,,,,,,,,,,,,,9.21,0.0,,,11.2,,,,,,,,,0.3,,0.0,,,,,,,,,,,,,,,,,,,,,,,,12.0,,0.66,0.064,,,,0.16,,,,,,,,,,,,,,,,,,,,,,,,,,,,,,24.0,,,,267.0,,,,,,,,,,,,,,,,,,,,,,,,,,,,,,,893.0,,,,,,0.0,,,,,,,,,,,,,,,,,,,,,,0.37,,,,,,,,,,,,,,,,,,68.3,,0.15,,,,,
1391,747511,MCDONALDS - KETCHUP,2019-12-16,,,,,,,3.14,,,,,,,,13.0,,,,,,,,,,,,,,0.072,,,,,,,,,,,,,,,,,,,,,,5.8,0.0,,,10.3,,,,,,,,,0.61,,0.0,,,,,,,,,,,,,,,,,,,,,,,,16.9,,3.36,0.096,,,,0.2,,,,,,,,,,,,,,,,,,,,,,,,,,,,,,29.0,,,,279.0,,,,,,,,,,,,,,,,,,,,,,,,,,,,,,,957.0,,,,,,0.0,,,,,,,,,,,,,,,,,,,,,,0.2,,,,,,,,,,,,,,,,,,69.0,,0.17,,,,,
1392,747516,IHOP - KETCHUP,2019-12-16,,,,,,,2.91,,,,,,,,13.0,,,,,,,,,,,,,,0.079,,,,,,,,,,,,,,,,,,,,,,10.2,0.0,,,12.0,,,,,,,,,0.37,,0.0,,,,,,,,,,,,,,,,,,,,,,,,12.5,,0.89,0.082,,,,0.19,,,,,,,,,,,,,,,,,,,,,,,,,,,,,,26.0,,,,257.0,,,,,,,,,,,,,,,,,,,,,,,,,,,,,,,952.0,,,,,,0.0,,,,,,,,,,,,,,,,,,,,,,0.51,,,,,,,,,,,,,,,,,,69.4,,0.18,,,,,
1393,747521,IHOP - KETCHUP,2019-12-16,,,,,,,3.06,,,,,,,,13.0,,,,,,,,,,,,,,0.066,,,,,,,,,,,,,,,,,,,,,,10.0,0.0,,,11.6,,,,,,,,,0.32,,0.0,,,,,,,,,,,,,,,,,,,,,,,,12.1,,0.97,0.071,,,,0.17,,,,,,,,,,,,,,,,,,,,,,,,,,,,,,23.0,,,,278.0,,,,,,,,,,,,,,,,,,,,,,,,,,,,,,,993.0,,,,,,0.0,,,,,,,,,,,,,,,,,,,,,,0.59,,,,,,,,,,,,,,,,,,69.7,,0.14,,,,,
1394,747526,IHOP - KETCHUP,2019-12-16,,,,,,,2.82,,,,,,,,15.0,,,,,,,,,,,,,,0.089,,,,,,,,,,,,,,,,,,,,,,10.1,0.0,,,11.6,,,,,,,,,0.39,,0.0,,,,,,,,,,,,,,,,,,,,,,,,11.9,,0.81,0.08,,,,0.18,,,,,,,,,,,,,,,,,,,,,,,,,,,,,,25.0,,,,250.0,,,,,,,,,,,,,,,,,,,,,,,,,,,,,,,940.0,,,,,,0.0,,,,,,,,,,,,,,,,,,,,,,1.27,,,,,,,,,,,,,,,,,,68.0,,0.16,,,,,
1395,747531,DENNYS - KETCHUP,2019-12-16,,,,,,,2.91,,,,,,,,22.0,,,,,,,,,,,,,,0.102,,,,,,,,,,,,,,,,,,,,,,10.9,0.0,,,12.1,,,,,,,,,0.63,,0.0,,,,,,,,,,,,,,,,,,,,,,,,13.4,,0.87,0.115,,,,0.19,,,,,,,,,,,,,,,,,,,,,,,,,,,,,,31.0,,,,215.0,,,,,,,,,,,,,,,,,,,,,,,,,,,,,,,1000.0,,,,,,0.0,,,,,,,,,,,,,,,,,,,,,,0.3,,,,,,,,,,,,,,,,,,68.6,,0.24,,,,,
1396,747536,DENNYS - KETCHUP,2019-12-16,,,,,,,2.81,,,,,,,,12.0,,,,,,,,,,,,,,0.0,,,,,,,,,,,,,,,,,,,,,,10.7,0.0,,,12.1,,,,,,,,,0.44,,0.0,,,,,,,,,,,,,,,,,,,,,,,,12.1,,0.77,0.087,,,,0.17,,,,,,,,,,,,,,,,,,,,,,,,,,,,,,22.0,,,,224.0,,,,,,,,,,,,,,,,,,,,,,,,,,,,,,,922.0,,,,,,0.0,,,,,,,,,,,,,,,,,,,,,,0.2,,,,,,,,,,,,,,,,,,69.0,,0.18,,,,,
1397,747541,DENNYS - KETCHUP,2019-12-16,,,,,,,2.97,,,,,,,,15.0,,,,,,,,,,,,,,0.101,,,,,,,,,,,,,,,,,,,,,,10.1,0.0,,,11.2,,,,,,,,,0.37,,0.0,,,,,,,,,,,,,,,,,,,,,,,,11.9,,0.87,0.078,,,,0.16,,,,,,,,,,,,,,,,,,,,,,,,,,,,,,24.0,,,,237.0,,,,,,,,,,,,,,,,,,,,,,,,,,,,,,,946.0,,,,,,0.0,,,,,,,,,,,,,,,,,,,,,,0.2,,,,,,,,,,,,,,,,,,68.6,,0.17,,,,,
1398,747546,DENNYS - KETCHUP,2019-12-16,,,,,,,2.98,,,,,,,,14.0,,,,,,,,,,,,,,0.148,,,,,,,,,,,,,,,,,,,,,,10.8,0.0,,,12.0,,,,,,,,,0.43,,0.0,,,,,,,,,,,,,,,,,,,,,,,,11.4,,0.73,0.07,,,,0.17,,,,,,,,,,,,,,,,,,,,,,,,,,,,,,24.0,,,,244.0,,,,,,,,,,,,,,,,,,,,,,,,,,,,,,,972.0,,,,,,0.0,,,,,,,,,,,,,,,,,,,,,,0.2,,,,,,,,,,,,,,,,,,68.5,,0.17,,,,,
1399,747551,DENNYS - KETCHUP,2019-12-16,,,,,,,2.94,,,,,,,,14.0,,,,,,,,,,,,,,0.0,,,,,,,,,,,,,,,,,,,,,,10.1,0.0,,,11.4,,,,,,,,,0.35,,0.0,,,,,,,,,,,,,,,,,,,,,,,,11.2,,0.78,0.076,,,,0.16,,,,,,,,,,,,,,,,,,,,,,,,,,,,,,23.0,,,,208.0,,,,,,,,,,,,,,,,,,,,,,,,,,,,,,,942.0,,,,,,0.0,,,,,,,,,,,,,,,,,,,,,,0.3,,,,,,,,,,,,,,,,,,68.8,,0.16,,,,,
1400,747556,DENNYS - KETCHUP,2019-12-16,,,,,,,2.95,,,,,,,,13.0,,,,,,,,,,,,,,0.0,,,,,,,,,,,,,,,,,,,,,,9.72,0.0,,,11.4,,,,,,,,,0.39,,0.0,,,,,,,,,,,,,,,,,,,,,,,,12.4,,0.76,0.075,,,,0.17,,,,,,,,,,,,,,,,,,,,,,,,,,,,,,23.0,,,,258.0,,,,,,,,,,,,,,,,,,,,,,,,,,,,,,,982.0,,,,,,0.0,,,,,,,,,,,,,,,,,,,,,,0.2,,,,,,,,,,,,,,,,,,69.2,,0.16,,,,,
1401,747561,BURGER KING - KETCHUP,2019-12-16,,,,,,,2.93,,,,,,,,13.0,,,,,,,,,,,,,,0.0,,,,,,,,,,,,,,,,,,,,,,10.3,0.0,,,11.8,,,,,,,,,0.5,,0.0,,,,,,,,,,,,,,,,,,,,,,,,13.9,,0.8,0.085,,,,0.17,,,,,,,,,,,,,,,,,,,,,,,,,,,,,,24.0,,,,237.0,,,,,,,,,,,,,,,,,,,,,,,,,,,,,,,926.0,,,,,,0.0,,,,,,,,,,,,,,,,,,,,,,0.3,,,,,,,,,,,,,,,,,,69.0,,0.17,,,,,
1402,747566,MCDONALDS - KETCHUP,2019-12-16,,,,,,,3.41,,,,,,,,18.0,,,,,,,,,,,,,,0.0,,,,,,,,,,,,,,,,,,,,,,5.73,0.0,,,10.2,,,,,,,,,0.47,,0.0,,,,,,,,,,,,,,,,,,,,,,,,17.4,,3.39,0.119,,,,0.22,,,,,,,,,,,,,,,,,,,,,,,,,,,,,,30.0,,,,355.0,,,,,,,,,,,,,,,,,,,,,,,,,,,,,,,1030.0,,,,,,0.0,,,,,,,,,,,,,,,,,,,,,,0.3,,,,,,,,,,,,,,,,,,67.4,,0.22,,,,,
1403,747571,MCDONALDS - KETCHUP,2019-12-16,,,,,,,2.98,,,,,,,,14.0,,,,,,,,,,,,,,0.0,,,,,,,,,,,,,,,,,,,,,,6.53,0.0,,,11.4,,,,,,,,,0.52,,0.0,,,,,,,,,,,,,,,,,,,,,,,,15.9,,3.83,0.093,,,,0.22,,,,,,,,,,,,,,,,,,,,,,,,,,,,,,26.0,,,,243.0,,,,,,,,,,,,,,,,,,,,,,,,,,,,,,,975.0,,,,,,0.0,,,,,,,,,,,,,,,,,,,,,,0.2,,,,,,,,,,,,,,,,,,68.6,,0.23,,,,,
1404,747576,MCDONALDS - KETCHUP,2019-12-16,,,,,,,3.4,,,,,,,,20.0,,,,,,,,,,,,,,0.0,,,,,,,,,,,,,,,,,,,,,,6.33,0.0,,,10.5,,,,,,,,,0.45,,0.0,,,,,,,,,,,,,,,,,,,,,,,,16.8,,3.49,0.121,,,,0.26,,,,,,,,,,,,,,,,,,,,,,,,,,,,,,31.0,,,,352.0,,,,,,,,,,,,,,,,,,,,,,,,,,,,,,,993.0,,,,,,0.0,,,,,,,,,,,,,,,,,,,,,,0.3,,,,,,,,,,,,,,,,,,68.3,,0.24,,,,,
1405,747581,MCDONALDS - KETCHUP,2019-12-16,,,,,,,3.01,,,,,,,,13.0,,,,,,,,,,,,,,0.0,,,,,,,,,,,,,,,,,,,,,,6.2,0.0,,,11.1,,,,,,,,,0.51,,0.0,,,,,,,,,,,,,,,,,,,,,,,,15.6,,3.45,0.094,,,,0.22,,,,,,,,,,,,,,,,,,,,,,,,,,,,,,26.0,,,,224.0,,,,,,,,,,,,,,,,,,,,,,,,,,,,,,,996.0,,,,,,0.0,,,,,,,,,,,,,,,,,,,,,,0.3,,,,,,,,,,,,,,,,,,68.8,,0.22,,,,,
1406,747586,BURGER KING - KETCHUP,2019-12-16,,,,,,,2.92,,,,,,,,12.0,,,,,,,,,,,,,,0.134,,,,,,,,,,,,,,,,,,,,,,10.4,0.0,,,11.8,,,,,,,,,0.5,,0.0,,,,,,,,,,,,,,,,,,,,,,,,12.4,,0.79,0.078,,,,0.16,,,,,,,,,,,,,,,,,,,,,,,,,,,,,,23.0,,,,236.0,,,,,,,,,,,,,,,,,,,,,,,,,,,,,,,972.0,,,,,,0.0,,,,,,,,,,,,,,,,,,,,,,0.2,,,,,,,,,,,,,,,,,,68.2,,0.18,,,,,
1407,747591,BURGER KING - KETCHUP,2019-12-16,,,,,,,2.9,,,,,,,,13.0,,,,,,,,,,,,,,0.0,,,,,,,,,,,,,,,,,,,,,,9.96,0.0,,,11.6,,,,,,,,,0.46,,0.0,,,,,,,,,,,,,,,,,,,,,,,,13.3,,0.8,0.081,,,,0.16,,,,,,,,,,,,,,,,,,,,,,,,,,,,,,23.0,,,,228.0,,,,,,,,,,,,,,,,,,,,,,,,,,,,,,,945.0,,,,,,0.0,,,,,,,,,,,,,,,,,,,,,,0.3,,,,,,,,,,,,,,,,,,68.9,,0.15,,,,,
1408,747596,BURGER KING - KETCHUP,2019-12-16,,,,,,,2.98,,,,,,,,13.0,,,,,,,,,,,,,,0.0,,,,,,,,,,,,,,,,,,,,,,9.4,0.0,,,11.7,,,,,,,,,0.35,,0.0,,,,,,,,,,,,,,,,,,,,,,,,13.1,,0.74,0.081,,,,0.18,,,,,,,,,,,,,,,,,,,,,,,,,,,,,,26.0,,,,270.0,,,,,,,,,,,,,,,,,,,,,,,,,,,,,,,959.0,,,,,,0.0,,,,,,,,,,,,,,,,,,,,,,0.3,,,,,,,,,,,,,,,,,,69.1,,0.17,,,,,
1409,747601,MCDONALDS - KETCHUP,2019-12-16,,,,,,,3.27,,,,,,,,16.0,,,,,,,,,,,,,,0.0,,,,,,,,,,,,,,,,,,,,,,6.59,0.0,,,10.9,,,,,,,,,0.44,,0.0,,,,,,,,,,,,,,,,,,,,,,,,15.7,,3.29,0.123,,,,0.23,,,,,,,,,,,,,,,,,,,,,,,,,,,,,,29.0,,,,290.0,,,,,,,,,,,,,,,,,,,,,,,,,,,,,,,1010.0,,,,,,0.0,,,,,,,,,,,,,,,,,,,,,,0.2,,,,,,,,,,,,,,,,,,68.3,,0.19,,,,,
1410,747606,BURGER KING - KETCHUP,2019-12-16,,,,,,,2.86,,,,,,,,13.0,,,,,,,,,,,,,,0.134,,,,,,,,,,,,,,,,,,,,,,10.6,0.0,,,12.1,,,,,,,,,0.45,,0.0,,,,,,,,,,,,,,,,,,,,,,,,12.4,,0.72,0.079,,,,0.16,,,,,,,,,,,,,,,,,,,,,,,,,,,,,,22.0,,,,205.0,,,,,,,,,,,,,,,,,,,,,,,,,,,,,,,952.0,,,,,,0.0,,,,,,,,,,,,,,,,,,,,,,0.2,,,,,,,,,,,,,,,,,,68.7,,0.14,,,,,
1411,747611,MCDONALDS - KETCHUP,2019-12-16,,,,,,,3.37,,,,,,,,19.0,,,,,,,,,,,,,,0.0,,,,,,,,,,,,,,,,,,,,,,6.27,0.0,,,10.4,,,,,,,,,0.5,,0.0,,,,,,,,,,,,,,,,,,,,,,,,17.4,,3.52,0.115,,,,0.22,,,,,,,,,,,,,,,,,,,,,,,,,,,,,,29.0,,,,364.0,,,,,,,,,,,,,,,,,,,,,,,,,,,,,,,1020.0,,,,,,0.0,,,,,,,,,,,,,,,,,,,,,,0.0,,,,,,,,,,,,,,,,,,68.8,,0.21,,,,,
1412,747616,BURGER KING - KETCHUP,2019-12-16,,,,,,,2.93,,,,,,,,12.0,,,,,,,,,,,,,,0.127,,,,,,,,,,,,,,,,,,,,,,10.2,0.0,,,11.9,,,,,,,,,0.46,,0.0,,,,,,,,,,,,,,,,,,,,,,,,11.8,,0.73,0.074,,,,0.16,,,,,,,,,,,,,,,,,,,,,,,,,,,,,,22.0,,,,240.0,,,,,,,,,,,,,,,,,,,,,,,,,,,,,,,958.0,,,,,,0.0,,,,,,,,,,,,,,,,,,,,,,0.2,,,,,,,,,,,,,,,,,,68.8,,0.15,,,,,
1413,747621,IHOP - KETCHUP (WAVE 22D),2019-12-16,,,,,,,3.04,,,,,,,,12.0,,,,,,,,,,,,,,0.052,,,,,,,,,,,,,,,,,,,,,,9.95,0.0,,,11.9,,,,,,,,,0.4,,0.0,,,,,,,,,,,,,,,,,,,,,,,,12.8,,0.68,0.077,,,,,,,,,,,,,,,,,,,,,,,,,,,,,,,,,,22.0,,,,216.0,,,,,,,,,,,,,,,,,,,,,,,,,,,,,,,975.0,,,,,,0.0,,,,,,,,,,,,,,,,,,,,,,1.01,,,,,,,,,,,,,,,,,,68.5,,0.13,,,,,
1414,747627,IHOP - KETCHUP (WAVE 22D),2019-12-16,,,,,,,2.9,,,,,,,,12.0,,,,,,,,,,,,,,0.154,,,,,,,,,,,,,,,,,,,,,,10.4,0.0,,,12.1,,,,,,,,,0.42,,0.0,,,,,,,,,,,,,,,,,,,,,,,,12.8,,0.77,0.07,,,,,,,,,,,,,,,,,,,,,,,,,,,,,,,,,,22.0,,,,210.0,,,,,,,,,,,,,,,,,,,,,,,,,,,,,,,917.0,,,,,,0.0,,,,,,,,,,,,,,,,,,,,,,1.4,,,,,,,,,,,,,,,,,,66.7,,0.14,,,,,
1415,747633,IHOP - KETCHUP (WAVE 22D),2019-12-16,,,,,,,2.93,,,,,,,,13.0,,,,,,,,,,,,,,0.089,,,,,,,,,,,,,,,,,,,,,,10.1,0.0,,,11.7,,,,,,,,,0.43,,0.0,,,,,,,,,,,,,,,,,,,,,,,,13.5,,0.8,0.086,,,,,,,,,,,,,,,,,,,,,,,,,,,,,,,,,,24.0,,,,219.0,,,,,,,,,,,,,,,,,,,,,,,,,,,,,,,890.0,,,,,,0.0,,,,,,,,,,,,,,,,,,,,,,1.32,,,,,,,,,,,,,,,,,,68.2,,0.13,,,,,
1416,747639,IHOP - KETCHUP (WAVE 22D),2019-12-16,,,,,,,2.9,,,,,,,,13.0,,,,,,,,,,,,,,0.102,,,,,,,,,,,,,,,,,,,,,,10.1,0.0,,,11.8,,,,,,,,,0.34,,0.0,,,,,,,,,,,,,,,,,,,,,,,,12.4,,0.91,0.079,,,,,,,,,,,,,,,,,,,,,,,,,,,,,,,,,,23.0,,,,208.0,,,,,,,,,,,,,,,,,,,,,,,,,,,,,,,906.0,,,,,,0.0,,,,,,,,,,,,,,,,,,,,,,1.54,,,,,,,,,,,,,,,,,,67.8,,0.14,,,,,
1417,747645,IHOP - KETCHUP (WAVE 22D),2019-12-16,,,,,,,2.96,,,,,,,,13.0,,,,,,,,,,,,,,0.094,,,,,,,,,,,,,,,,,,,,,,9.25,0.0,,,11.2,,,,,,,,,0.45,,0.0,,,,,,,,,,,,,,,,,,,,,,,,13.6,,0.86,0.08,,,,,,,,,,,,,,,,,,,,,,,,,,,,,,,,,,23.0,,,,218.0,,,,,,,,,,,,,,,,,,,,,,,,,,,,,,,880.0,,,,,,0.0,,,,,,,,,,,,,,,,,,,,,,0.95,,,,,,,,,,,,,,,,,,67.8,,0.12,,,,,
1418,747651,IHOP - KETCHUP (WAVE 22D),2019-12-16,,,,,,,3.04,,,,,,,,12.0,,,,,,,,,,,,,,0.095,,,,,,,,,,,,,,,,,,,,,,10.4,0.0,,,12.6,,,,,,,,,0.41,,0.0,,,,,,,,,,,,,,,,,,,,,,,,13.9,,0.84,0.086,,,,,,,,,,,,,,,,,,,,,,,,,,,,,,,,,,23.0,,,,220.0,,,,,,,,,,,,,,,,,,,,,,,,,,,,,,,938.0,,,,,,0.0,,,,,,,,,,,,,,,,,,,,,,0.9,,,,,,,,,,,,,,,,,,68.0,,0.14,,,,,
1419,747657,DENNYS - KETCHUP (WAVE 22D),2019-12-16,,,,,,,3.23,,,,,,,,11.0,,,,,,,,,,,,,,0.046,,,,,,,,,,,,,,,,,,,,,,9.42,0.0,,,11.6,,,,,,,,,0.4,,0.0,,,,,,,,,,,,,,,,,,,,,,,,13.5,,0.74,0.079,,,,,,,,,,,,,,,,,,,,,,,,,,,,,,,,,,22.0,,,,211.0,,,,,,,,,,,,,,,,,,,,,,,,,,,,,,,1010.0,,,,,,0.0,,,,,,,,,,,,,,,,,,,,,,1.31,,,,,,,,,,,,,,,,,,68.7,,0.14,,,,,
1420,747663,DENNYS - KETCHUP (WAVE 22D),2019-12-16,,,,,,,3.0,,,,,,,,13.0,,,,,,,,,,,,,,0.084,,,,,,,,,,,,,,,,,,,,,,9.9,0.0,,,11.8,,,,,,,,,0.44,,0.0,,,,,,,,,,,,,,,,,,,,,,,,13.5,,0.81,0.088,,,,,,,,,,,,,,,,,,,,,,,,,,,,,,,,,,23.0,,,,214.0,,,,,,,,,,,,,,,,,,,,,,,,,,,,,,,878.0,,,,,,0.0,,,,,,,,,,,,,,,,,,,,,,1.4,,,,,,,,,,,,,,,,,,68.3,,0.13,,,,,
1421,747669,DENNYS - KETCHUP (WAVE 22D),2019-12-16,,,,,,,3.13,,,,,,,,12.0,,,,,,,,,,,,,,0.051,,,,,,,,,,,,,,,,,,,,,,9.21,0.0,,,11.4,,,,,,,,,0.31,,0.0,,,,,,,,,,,,,,,,,,,,,,,,12.7,,0.8,0.069,,,,,,,,,,,,,,,,,,,,,,,,,,,,,,,,,,23.0,,,,218.0,,,,,,,,,,,,,,,,,,,,,,,,,,,,,,,946.0,,,,,,0.0,,,,,,,,,,,,,,,,,,,,,,1.31,,,,,,,,,,,,,,,,,,68.8,,0.13,,,,,
1422,747675,DENNYS - KETCHUP (WAVE 22D),2019-12-16,,,,,,,3.23,,,,,,,,12.0,,,,,,,,,,,,,,0.045,,,,,,,,,,,,,,,,,,,,,,9.62,0.0,,,11.7,,,,,,,,,0.42,,0.0,,,,,,,,,,,,,,,,,,,,,,,,13.0,,0.7,0.076,,,,,,,,,,,,,,,,,,,,,,,,,,,,,,,,,,23.0,,,,225.0,,,,,,,,,,,,,,,,,,,,,,,,,,,,,,,1010.0,,,,,,0.0,,,,,,,,,,,,,,,,,,,,,,1.3,,,,,,,,,,,,,,,,,,68.7,,0.12,,,,,
1423,747681,DENNYS - KETCHUP (WAVE 22D),2019-12-16,,,,,,,3.02,,,,,,,,13.0,,,,,,,,,,,,,,0.082,,,,,,,,,,,,,,,,,,,,,,9.75,0.0,,,11.8,,,,,,,,,0.42,,0.0,,,,,,,,,,,,,,,,,,,,,,,,13.2,,0.9,0.079,,,,,,,,,,,,,,,,,,,,,,,,,,,,,,,,,,23.0,,,,213.0,,,,,,,,,,,,,,,,,,,,,,,,,,,,,,,900.0,,,,,,0.0,,,,,,,,,,,,,,,,,,,,,,1.53,,,,,,,,,,,,,,,,,,67.7,,0.13,,,,,
1424,747687,DENNYS - KETCHUP (WAVE 22D),2019-12-16,,,,,,,2.93,,,,,,,,12.0,,,,,,,,,,,,,,0.111,,,,,,,,,,,,,,,,,,,,,,10.6,0.0,,,12.4,,,,,,,,,0.49,,0.0,,,,,,,,,,,,,,,,,,,,,,,,12.7,,0.83,0.083,,,,,,,,,,,,,,,,,,,,,,,,,,,,,,,,,,21.0,,,,205.0,,,,,,,,,,,,,,,,,,,,,,,,,,,,,,,893.0,,,,,,0.0,,,,,,,,,,,,,,,,,,,,,,1.16,,,,,,,,,,,,,,,,,,67.5,,0.11,,,,,
1425,747694,"EGG, GRADE A, LARGE, WHITE, RAW, FRESH",2019-12-16,,,,,,,0.65,,,,,,,,,,,,,,,,,,,,,,,,,,,,,,,,,,,,,,,,,,,,,,,,,,,,,,,,,,,,,,,,,,,,,,,,,,,,,,,,,,,,,,,,,,1.73,,,,,,,,,,,,,,,,,,,,,,,,,,,,,,,,,,,,,,,,,,0.397,,,,,,,,,,,,,,,,,,,,,21.5,,,,,,,,,,,,,,,,,,,,,,,,,,,,,,0.0,,,,,,,,,,,,,,,,,,87.7,,,,,,,
1426,747701,"EGG, GRADE A, LARGE, WHITE, RAW, FRESH",2019-12-16,,,,,0.68,0.62,0.6,1.25,,,,,,,,,,,,,,,,,,,,,,,,0.4,,,,,,,,,,,,,,,,,,,,,,,,1.81,,0.38,,,0.22,0.0,,,0.55,,0.94,,,,,0.76,,,,,,,,,,,,,,,,,,,,,,0.44,,,1.75,,,,,,,,,,,,,,,,,,,,,,,,,,,,,0.65,,,,,,0.48,,,,,,,0.43,,,,,,,,,,,,,,,,,,,,,13.5,0.82,,,,,,,,,,,,,,,,,,0.51,,,,,,,,,,,0.0,0.2,0.4,0.72,,,,,,,,,,,,,,,86.1,,,,,,,
1427,747709,"EGG, GRADE A, LARGE, WHOLE, RAW, FRESH",2019-12-16,,,,,,,,,,,,,,,,,,0.0,0.0,,,,,,,,,,,19.0,16.0,,,,,,,,,,,,,,,,,,0.0,,0.0,,,,0.28,,,,,,,,,,,0.0,,,215.0,,0.0,,,,,,,,,,,,,,,,,,,,,0.0,,,,0.0,,,,,,,,,,,,,,,,,,,,,,,,,,,,,,,,,,,,,,,,,,,,,,,,,,,,,,,,,,,,,,,,,,,,,0.0,,,0.0,,,,,,,,,,0.08,,,,,,,,,,,,,,,,,,0.06,,,,,,,,,,,,,218.0,,59.0,0.0,0.0,0.0,0.0
1428,747723,"EGG, GRADE A, LARGE, WHOLE, RAW, FRESH",2019-12-16,,0.38,,,0.67,0.79,0.84,1.28,,,,0.1,,,48.0,,,,,,404.0,0.6,0.2,272.0,0.2,23.6,296.0,,0.0,,,0.38,,,,,,,,,,,3.49,1.78,3.03,,,,,62.0,,,,,,1.62,,0.41,,,0.28,0.0,40.0,1.56,0.62,,1.05,,,,,0.91,,,,,,0.206,,,3.25,,,,,,,,,12.1,,,0.0,0.42,,,1.99,,,,1.46,,,0.013,,,,,,,0.024,,,,,,,,,,,,,,,0.66,178.0,,,,131.0,0.58,,,,,,154.0,0.481,,,,,0.03,,2.2,,0.774,,,,,,,,,,,,25.3,0.91,134.0,,,,,,,,,,,,,,,,,0.6,,,,,,,,,,,9.82,0.17,0.51,0.74,,0.46,,,,,0.0,0.63,,,,,,,75.9,,1.21,,,,,
1429,747739,"EGG, GRADE A, LARGE, YOLK, RAW, FRESH",2019-12-16,,,,,0.74,1.11,3.34,1.42,,,,,35.9,,,,,,,,,,,,,,,,,,,0.46,,,,,,,,,,,,,,,,,,,,,,,,1.83,,0.47,,,0.37,0.0,,,0.74,,1.33,,514.0,,0.0,1.2,,,,,,,,,,,,,,,,,,,,,,0.39,,,2.56,,,,,,,,,,,,,,,,,,,,,,,,,,,,,0.67,,,,,,0.7,,,,,,,0.47,,,,,,,,,,,,,,,,,,,,,50.5,1.23,,,,,,,,,,,,,,,,,,0.76,0.92,0.0,0.0,0.13,0.0,0.0,0.0,,,,27.7,0.16,0.68,0.81,,,,,,,,,,,2.63,,,,52.6,532.0,,118.0,0.0,0.0,0.0,0.0
1430,747749,"EGG, GRADE A, LARGE, WHITE, RAW, FRESH",2019-12-16,,,,,0.5,0.5,0.67,0.95,,,,,,,,,,,,,,,,,,,,,,,,0.28,,,,,,,,,,,,,,,,,,,,,,,,1.18,,0.31,,,0.19,0.0,,,0.44,,0.73,,,,,0.6,,,,,,,,,,,,,,,,,,,,,,0.35,,,1.76,,,,,,,,,,,,,,,,,,,,,,,,,,,,,0.52,,,,,,0.36,,,,,,,0.376,,,,,,,,,,,,,,,,,,,,,17.4,0.6,,,,,,,,,,,,,,,,,,0.41,,,,,,,,,,,0.0,0.15,0.34,0.55,,,,,,,,,,,,,,,87.2,,,,,,,
1431,747757,"EGG, GRADE A, LARGE, WHITE, RAW, FRESH",2019-12-16,,,,,0.62,0.58,0.57,1.15,,,,,,,,,,,,,,,,,,,,,,,,0.49,,,,,,,,,,,,,,,,,,,,,,,,1.66,,0.37,,,0.2,0.0,,,0.5,,0.86,,,,,0.79,,,,,,,,,,,,,,,,,,,,,,0.41,,,1.7,,,,,,,,,,,,,,,,,,,,,,,,,,,,,0.59,,,,,,0.52,,,,,,,0.376,,,,,,,,,,,,,,,,,,,,,43.2,0.76,,,,,,,,,,,,,,,,,,0.47,,,,,,,,,,,0.0,0.19,0.36,0.65,,,,,,,,,,,,,,,87.0,,,,,,,
1432,747765,"EGG, GRADE A, LARGE, WHITE, RAW, FRESH",2019-12-16,,,,,0.73,0.74,0.66,1.35,,,,,,,,,,,,,,,,,,,,,,,,0.57,,,,,,,,,,,,,,,,,,,,,,,,1.74,,0.45,,,0.28,0.0,,,0.65,,1.08,,,,,0.92,,,,,,,,,,,,,,,,,,,,,,0.51,,,1.81,,,,,,,,,,,,,,,,,,,,,,,,,,,,,0.77,,,,,,0.57,,,,,,,0.452,,,,,,,,,,,,,,,,,,,,,22.3,0.87,,,,,,,,,,,,,,,,,,0.58,,,,,,,,,,,0.0,0.19,0.5,0.8,,,,,,,,,,,,,,,85.1,,,,,,,
1433,747773,"EGG, GRADE A, LARGE, WHITE, RAW, FRESH",2019-12-16,,,,,0.73,0.72,0.73,1.34,,,,,,,,,,,,,,,,,,,,,,,,0.43,,,,,,,,,,,,,,,,,,,,,,,,1.7,,0.45,,,0.28,0.0,,,0.63,,1.06,,,,,0.87,,,,,,,,,,,,,,,,,,,,,,0.5,,,1.52,,,,,,,,,,,,,,,,,,,,,,,,,,,,,0.75,,,,,,0.53,,,,,,,0.33,,,,,,,,,,,,,,,,,,,,,21.2,0.85,,,,,,,,,,,,,,,,,,0.58,,,,,,,,,,,0.0,0.19,0.49,0.81,,,,,,,,,,,,,,,88.4,,,,,,,
1434,747780,"EGG, GRADE A, LARGE, YOLK, RAW, FRESH",2019-12-16,,,,,,,2.09,,,,,,50.8,,,,,,,,,,,,,,,,,,,,,,,,,,,,,,,,,,,,,,,,,,,,,,,,,,,,,,,,469.0,,0.0,,,,,,,,,,,,,,,,,,,,,,,,,,2.62,,,,,,,,,,,,,,,,,,,,,,,,,,,,,,,,,,,,,,,,,,0.377,,,,,,,,,,,,,,,,,,,,,60.2,,,,,,,,,,,,,,,,,,,,0.74,0.0,0.0,0.18,0.0,0.0,0.0,,,,29.4,,,,,,,,,,,,,,4.0,,,,51.2,595.0,,139.0,0.0,0.0,0.0,0.0
1435,747789,"EGG, GRADE A, LARGE, WHITE, RAW, FRESH",2019-12-16,,,,,,,0.65,,,,,,,,,,,,,,,,,,,,,,,,,,,,,,,,,,,,,,,,,,,,,,,,,,,,,,,,,,,,,,,,,,,,,,,,,,,,,,,,,,,,,,,,,,1.97,,,,,,,,,,,,,,,,,,,,,,,,,,,,,,,,,,,,,,,,,,0.421,,,,,,,,,,,,,,,,,,,,,7.0,,,,,,,,,,,,,,,,,,,,,,,,,,,,,,0.0,,,,,,,,,,,,,,,,,,86.3,,,,,,,
1436,747798,"EGG, GRADE A, LARGE, YOLK, RAW, FRESH",2019-12-16,,,,,0.83,1.2,1.89,1.58,,,,,52.0,,,,,,,,,,,,,,,,,,,0.35,,,,,,,,,,,,,,,,,,,,,,,,2.18,,0.49,,,0.39,0.0,,,0.83,,1.45,,379.0,,0.0,1.23,,,,,,,,,,,,,,,,,,,,,,0.43,,,2.57,,,,,,,,,,,,,,,,,,,,,,,,,,,,,0.73,,,,,,0.76,,,,,,,0.42,,,,,,,,,,,,,,,,,,,,,55.9,1.39,,,,,,,,,,,,,,,,,,0.83,0.16,0.39,5.37,0.15,0.0,0.0,0.0,,,,29.2,0.18,0.75,0.9,,,,,,,,,,,6.21,,,,52.4,328.0,,70.0,0.0,0.0,0.0,0.0
1437,747808,"EGG, GRADE A, LARGE, WHITE, RAW, FRESH",2019-12-16,,,,,0.68,0.67,0.5,1.29,,,,,,,,,,,,,,,,,,,,,,,,0.36,,,,,,,,,,,,,,,,,,,,,,,,1.62,,0.4,,,0.25,0.0,,,0.6,,0.98,,,,,0.74,,,,,,,,,,,,,,,,,,,,,,0.46,,,1.65,,,,,,,,,,,,,,,,,,,,,,,,,,,,,0.7,,,,,,0.46,,,,,,,0.326,,,,,,,,,,,,,,,,,,,,,24.0,0.81,,,,,,,,,,,,,,,,,,0.56,,,,,,,,,,,0.0,0.16,0.45,0.76,,,,,,,,,,,,,,,87.4,,,,,,,
1438,747816,"EGG, GRADE A, LARGE, WHITE, RAW, FRESH",2019-12-16,,,,,0.81,0.71,0.69,1.43,,,,,,,,,,,,,,,,,,,,,,,,0.39,,,,,,,,,,,,,,,,,,,,,,,,2.19,,0.44,,,0.27,0.0,,,0.67,,1.12,,,,,0.8,,,,,,,,,,,,,,,,,,,,,,0.53,,,1.75,,,,,,,,,,,,,,,,,,,,,,,,,,,,,0.78,,,,,,0.51,,,,,,,0.443,,,,,,,,,,,,,,,,,,,,,16.0,0.94,,,,,,,,,,,,,,,,,,0.58,,,,,,,,,,,0.0,0.19,0.48,0.88,,,,,,,,,,,,,,,85.8,,,,,,,
1439,747824,"EGG, GRADE A, LARGE, WHITE, RAW, FRESH",2019-12-16,,,,,0.78,0.78,0.67,1.49,,,,,,,,,,,,,,,,,,,,,,,,0.41,,,,,,,,,,,,,,,,,,,,,,,,2.04,,0.42,,,0.24,0.0,,,0.61,,1.02,,,,,0.79,,,,,,,,,,,,,,,,,,,,,,0.53,,,1.67,,,,,,,,,,,,,,,,,,,,,,,,,,,,,0.82,,,,,,0.57,,,,,,,0.36,,,,,,,,,,,,,,,,,,,,,13.0,0.94,,,,,,,,,,,,,,,,,,0.61,,,,,,,,,,,0.0,0.17,0.53,0.87,,,,,,,,,,,,,,,87.0,,,,,,,
1440,747833,"EGG, GRADE A, LARGE, YOLK, RAW, FRESH",2019-12-16,,,,,,,2.21,,,,,,26.4,,,,,,,,,,,,,,,,,,,,,,,,,,,,,,,,,,,,,,,,,,,,,,,,,,,,,,,,730.0,,0.0,,,,,,,,,,,,,,,,,,,,,,,,,,2.55,,,,,,,,,,,,,,,,,,,,,,,,,,,,,,,,,,,,,,,,,,0.379,,,,,,,,,,,,,,,,,,,,,49.9,,,,,,,,,,,,,,,,,,,,1.48,0.0,0.0,0.21,0.0,0.0,0.0,,,,29.3,,,,,,,,,,,,,,5.91,,,,52.4,683.0,,164.0,0.0,0.0,0.0,0.0
1441,747842,"EGG, GRADE A, LARGE, WHITE, RAW, FRESH",2019-12-16,,,,,0.67,0.67,0.58,1.25,,,,,,,,,,,,,,,,,,,,,,,,0.41,,,,,,,,,,,,,,,,,,,,,,,,1.58,,0.42,,,0.25,0.0,,,0.58,,0.98,,,,,0.83,,,,,,,,,,,,,,,,,,,,,,0.47,,,1.67,,,,,,,,,,,,,,,,,,,,,,,,,,,,,0.69,,,,,,0.45,,,,,,,0.469,,,,,,,,,,,,,,,,,,,,,10.8,0.81,,,,,,,,,,,,,,,,,,0.54,,,,,,,,,,,0.0,0.18,0.45,0.72,,,,,,,,,,,,,,,86.2,,,,,,,
1442,747850,"EGG, GRADE A, LARGE, WHITE, RAW, FRESH",2019-12-16,,,,,0.77,0.76,0.64,1.45,,,,,,,,,,,,,,,,,,,,,,,,0.46,,,,,,,,,,,,,,,,,,,,,,,,1.82,,0.47,,,0.29,0.0,,,0.67,,1.12,,,,,0.93,,,,,,,,,,,,,,,,,,,,,,0.53,,,1.6,,,,,,,,,,,,,,,,,,,,,,,,,,,,,0.8,,,,,,0.49,,,,,,,0.418,,,,,,,,,,,,,,,,,,,,,13.9,0.93,,,,,,,,,,,,,,,,,,0.62,,,,,,,,,,,0.0,0.21,0.53,0.84,,,,,,,,,,,,,,,85.5,,,,,,,
1443,747859,"EGG, GRADE A, LARGE, WHITE, RAW, FRESH",2019-12-16,,,,,,,0.68,,,,,,,,,,,,,,,,,,,,,,,,,,,,,,,,,,,,,,,,,,,,,,,,,,,,,,,,,,,,,,,,,,,,,,,,,,,,,,,,,,,,,,,,,,1.82,,,,,,,,,,,,,,,,,,,,,,,,,,,,,,,,,,,,,,,,,,0.346,,,,,,,,,,,,,,,,,,,,,10.7,,,,,,,,,,,,,,,,,,,,,,,,,,,,,,0.0,,,,,,,,,,,,,,,,,,85.5,,,,,,,
1444,747866,"EGG, GRADE A, LARGE, WHITE, RAW, FRESH",2019-12-16,,,,,0.62,0.57,0.79,1.19,,,,,,,,,,,,,,,,,,,,,,,,0.32,,,,,,,,,,,,,,,,,,,,,,,,1.63,,0.35,,,0.2,0.0,,,0.52,,0.87,,,,,0.69,,,,,,,,,,,,,,,,,,,,,,0.41,,,1.53,,,,,,,,,,,,,,,,,,,,,,,,,,,,,0.59,,,,,,0.42,,,,,,,0.32,,,,,,,,,,,,,,,,,,,,,18.2,0.77,,,,,,,,,,,,,,,,,,0.49,,,,,,,,,,,0.0,0.17,0.36,0.67,,,,,,,,,,,,,,,87.4,,,,,,,
1445,747874,"EGG, GRADE A, LARGE, WHITE, RAW, FRESH",2019-12-16,,,,,0.79,0.79,0.48,1.45,,,,,,,,,,,,,,,,,,,,,,,,0.43,,,,,,,,,,,,,,,,,,,,,,,,1.86,,0.49,,,0.3,0.0,,,0.67,,1.14,,,,,0.98,,,,,,,,,,,,,,,,,,,,,,0.55,,,1.65,,,,,,,,,,,,,,,,,,,,,,,,,,,,,0.81,,,,,,0.5,,,,,,,0.45,,,,,,,,,,,,,,,,,,,,,28.7,0.95,,,,,,,,,,,,,,,,,,0.63,,,,,,,,,,,0.0,0.23,0.53,0.84,,,,,,,,,,,,,,,84.4,,,,,,,
1446,747882,"EGG, GRADE A, LARGE, YOLK, RAW, FRESH",2019-12-16,,,,,0.8,1.19,1.98,1.57,,,,,41.9,,,,,,,,,,,,,,,,,,,0.47,,,,,,,,,,,,,,,,,,,,,,,,2.01,,0.49,,,0.4,0.0,,,0.81,,1.42,,359.0,,0.0,1.26,,,,,,,,,,,,,,,,,,,,,,0.42,,,2.77,,,,,,,,,,,,,,,,,,,,,,,,,,,,,0.7,,,,,,0.76,,,,,,,0.501,,,,,,,,,,,,,,,,,,,,,81.3,1.35,,,,,,,,,,,,,,,,,,0.83,0.68,0.0,0.0,0.06,0.0,0.0,0.0,,,,27.6,0.18,0.72,0.89,,,,,,,,,,,1.53,,,,51.4,409.0,,104.0,0.0,0.0,0.0,0.0
1447,747892,"EGG, GRADE A, LARGE, WHITE, RAW, FRESH",2019-12-16,,,,,,,0.7,,,,,,,,,,,,,,,,,,,,,,,,,,,,,,,,,,,,,,,,,,,,,,,,,,,,,,,,,,,,,,,,,,,,,,,,,,,,,,,,,,,,,,,,,,1.69,,,,,,,,,,,,,,,,,,,,,,,,,,,,,,,,,,,,,,,,,,0.375,,,,,,,,,,,,,,,,,,,,,13.2,,,,,,,,,,,,,,,,,,,,,,,,,,,,,,0.0,,,,,,,,,,,,,,,,,,86.3,,,,,,,
1448,747900,"EGG, GRADE A, LARGE, WHOLE, RAW, FRESH",2019-12-16,,0.39,,,0.61,0.71,0.78,1.12,,,,0.2,,,49.0,,,,,,387.0,0.6,0.3,285.0,0.2,26.3,312.0,,0.0,,,0.39,,,,,,,,,,,3.3,1.77,3.08,,,,,64.0,,,,,,1.49,,0.37,,,0.25,0.0,27.6,1.74,0.56,,0.96,,,,,0.79,,,,,,0.233,,,3.03,,,,,,,,,11.8,,,0.0,0.38,,,2.04,,,,1.47,,,0.012,,,,,,,0.023,,,,,,,,,,,,,,,0.61,177.0,,,,129.0,0.55,,,,,,179.0,0.43,,,,,0.033,,2.24,,0.776,,,,,,,,,,,,24.4,0.84,133.0,,,,,,,,,,,,,,,,,0.53,,,,,,,,,,,11.7,0.17,0.47,0.65,,0.62,,,,,0.0,1.4,,,,,,,76.5,,1.22,,,,,
1449,747919,"EGG, GRADE A, LARGE, WHITE, RAW, FRESH",2019-12-16,,,,,0.69,0.6,0.66,1.26,,,,,,,,,,,,,,,,,,,,,,,,0.35,,,,,,,,,,,,,,,,,,,,,,,,1.81,,0.38,,,0.22,0.0,,,0.56,,0.95,,,,,0.74,,,,,,,,,,,,,,,,,,,,,,0.44,,,1.7,,,,,,,,,,,,,,,,,,,,,,,,,,,,,0.65,,,,,,0.46,,,,,,,0.348,,,,,,,,,,,,,,,,,,,,,9.1,0.83,,,,,,,,,,,,,,,,,,0.52,,,,,,,,,,,0.0,0.18,0.39,0.74,,,,,,,,,,,,,,,86.5,,,,,,,
1450,747927,"EGG, GRADE A, LARGE, WHITE, RAW, FRESH",2019-12-16,,,,,0.77,0.75,0.66,1.46,,,,,,,,,,,,,,,,,,,,,,,,0.4,,,,,,,,,,,,,,,,,,,,,,,,1.84,,0.46,,,0.29,0.0,,,0.68,,1.11,,,,,0.86,,,,,,,,,,,,,,,,,,,,,,0.53,,,1.8,,,,,,,,,,,,,,,,,,,,,,,,,,,,,0.8,,,,,,0.56,,,,,,,0.504,,,,,,,,,,,,,,,,,,,,,9.1,0.92,,,,,,,,,,,,,,,,,,0.63,,,,,,,,,,,0.0,0.19,0.52,0.86,,,,,,,,,,,,,,,86.3,,,,,,,
1451,747935,"EGG, GRADE A, LARGE, WHITE, RAW, FRESH",2019-12-16,,,,,0.79,0.78,0.63,1.51,,,,,,,,,,,,,,,,,,,,,,,,0.4,,,,,,,,,,,,,,,,,,,,,,,,1.89,,0.47,,,0.31,0.0,,,0.69,,1.15,,,,,0.92,,,,,,,,,,,,,,,,,,,,,,0.54,,,1.65,,,,,,,,,,,,,,,,,,,,,,,,,,,,,0.82,,,,,,0.56,,,,,,,0.416,,,,,,,,,,,,,,,,,,,,,8.5,0.94,,,,,,,,,,,,,,,,,,0.65,,,,,,,,,,,0.0,0.2,0.54,0.88,,,,,,,,,,,,,,,85.7,,,,,,,
1452,747942,"EGG, GRADE A, LARGE, WHITE, RAW, FRESH",2019-12-16,,,,,0.76,0.75,0.71,1.45,,,,,,,,,,,,,,,,,,,,,,,,0.44,,,,,,,,,,,,,,,,,,,,,,,,1.82,,0.47,,,0.29,0.0,,,0.65,,1.1,,,,,0.89,,,,,,,,,,,,,,,,,,,,,,0.53,,,1.65,,,,,,,,,,,,,,,,,,,,,,,,,,,,,0.79,,,,,,0.47,,,,,,,0.333,,,,,,,,,,,,,,,,,,,,,14.2,0.93,,,,,,,,,,,,,,,,,,0.63,,,,,,,,,,,0.0,0.2,0.52,0.82,,,,,,,,,,,,,,,85.8,,,,,,,
1453,747950,"EGG, GRADE A, LARGE, WHOLE, RAW, FRESH",2019-12-16,,0.65,,,0.66,0.79,0.9,1.27,,,,0.3,,,49.0,,,,,,437.0,0.6,0.3,322.0,0.3,28.0,351.0,,0.0,,,0.38,,,,,,,,,,,3.97,1.57,3.38,,,,,67.0,,,,,,1.58,,0.4,,,0.28,0.0,38.2,2.09,0.61,,1.04,,,,,0.86,,,,,,0.307,,,3.62,,,,,,,,,10.7,,,0.0,0.41,,,1.98,,,,1.25,,,0.012,,,,,,,0.021,,,,,,,,,,,,,,,0.64,193.0,,,,138.0,0.57,,,,,,189.0,0.369,,,,,0.037,,2.48,,0.828,,,,,,,,,,,,26.8,0.91,123.0,,,,,,,,,,,,,,,,,0.6,,,,,,,,,,,9.57,0.15,0.51,0.74,,1.0,,,,,0.0,5.16,,,,,,,75.6,,1.21,,,,,
1454,747967,"EGG, GRADE A, LARGE, WHITE, RAW, FRESH",2019-12-16,,,,,,,0.63,,,,,,,,,,,,,,,,,,,,,,,,,,,,,,,,,,,,,,,,,,,,,,,,,,,,,,,,,,,,,,,,,,,,,,,,,,,,,,,,,,,,,,,,,,1.84,,,,,,,,,,,,,,,,,,,,,,,,,,,,,,,,,,,,,,,,,,0.498,,,,,,,,,,,,,,,,,,,,,48.8,,,,,,,,,,,,,,,,,,,,,,,,,,,,,,0.0,,,,,,,,,,,,,,,,,,86.5,,,,,,,
1455,747974,"EGG, GRADE A, LARGE, WHITE, RAW, FRESH",2019-12-16,,,,,,,0.69,,,,,,,,,,,,,,,,,,,,,,,,,,,,,,,,,,,,,,,,,,,,,,,,,,,,,,,,,,,,,,,,,,,,,,,,,,,,,,,,,,,,,,,,,,1.74,,,,,,,,,,,,,,,,,,,,,,,,,,,,,,,,,,,,,,,,,,0.302,,,,,,,,,,,,,,,,,,,,,8.2,,,,,,,,,,,,,,,,,,,,,,,,,,,,,,0.0,,,,,,,,,,,,,,,,,,86.6,,,,,,,
1456,747981,"EGG, GRADE A, LARGE, WHITE, RAW, FRESH",2019-12-16,,,,,0.78,0.75,0.67,1.45,,,,,,,,,,,,,,,,,,,,,,,,0.38,,,,,,,,,,,,,,,,,,,,,,,,1.84,,0.45,,,0.29,0.0,,,0.68,,1.12,,,,,0.86,,,,,,,,,,,,,,,,,,,,,,0.53,,,1.78,,,,,,,,,,,,,,,,,,,,,,,,,,,,,0.81,,,,,,0.54,,,,,,,0.338,,,,,,,,,,,,,,,,,,,,,15.0,0.93,,,,,,,,,,,,,,,,,,0.63,,,,,,,,,,,0.0,0.21,0.52,0.85,,,,,,,,,,,,,,,84.9,,,,,,,
1457,747989,"EGG, GRADE A, LARGE, WHITE, RAW, FRESH",2019-12-16,,,,,0.69,0.69,0.69,1.3,,,,,,,,,,,,,,,,,,,,,,,,0.4,,,,,,,,,,,,,,,,,,,,,,,,1.63,,0.42,,,0.26,0.0,,,0.61,,1.01,,,,,0.83,,,,,,,,,,,,,,,,,,,,,,0.48,,,1.68,,,,,,,,,,,,,,,,,,,,,,,,,,,,,0.72,,,,,,0.44,,,,,,,0.357,,,,,,,,,,,,,,,,,,,,,21.4,0.83,,,,,,,,,,,,,,,,,,0.56,,,,,,,,,,,0.0,0.17,0.48,0.76,,,,,,,,,,,,,,,86.5,,,,,,,
1458,747998,"EGG, GRADE A, LARGE, YOLK, RAW, FRESH",2019-12-16,,,,,0.75,1.08,1.82,1.44,,,,,75.2,,,,,,,,,,,,,,,,,,,0.4,,,,,,,,,,,,,,,,,,,,,,,,1.88,,0.45,,,0.36,0.0,,,0.74,,1.29,,494.0,,0.0,1.14,,,,,,,,,,,,,,,,,,,,,,0.38,,,2.55,,,,,,,,,,,,,,,,,,,,,,,,,,,,,0.65,,,,,,0.78,,,,,,,0.545,,,,,,,,,,,,,,,,,,,,,64.3,1.21,,,,,,,,,,,,,,,,,,0.76,0.84,0.0,0.0,0.1,0.0,0.0,0.0,,,,29.8,0.16,0.67,0.82,,,,,,,,,,,2.7,,,,51.6,478.0,,96.0,0.0,0.0,0.0,0.0
1459,748009,"EGG, GRADE A, LARGE, YOLK, RAW, FRESH",2019-12-16,,,,,0.83,1.2,1.98,1.56,,,,,52.9,,,,,,,,,,,,,,,,,,,0.39,,,,,,,,,,,,,,,,,,,,,,,,2.13,,0.5,,,0.4,0.0,,,0.82,,1.47,,525.0,,0.0,1.2,,,,,,,,,,,,,,,,,,,,,,0.43,,,2.58,,,,,,,,,,,,,,,,,,,,,,,,,,,,,0.73,,,,,,0.74,,,,,,,0.296,,,,,,,,,,,,,,,,,,,,,64.0,1.38,,,,,,,,,,,,,,,,,,0.84,0.51,0.0,0.0,0.07,0.0,0.0,0.0,,,,29.2,0.18,0.74,0.92,,,,,,,,,,,1.68,,,,51.7,464.0,,105.0,0.0,0.0,0.0,0.0
1460,748021,"EGG, GRADE A, LARGE, YOLK, RAW, FRESH",2019-12-16,,,,,0.75,1.08,0.0,1.46,,,,,56.1,,,,,,,,,,,,,,,,,,,0.42,,,,,,,,,,,,,,,,,,,,,,,,1.86,,0.46,,,0.37,0.0,,,0.76,,1.33,,939.0,,0.0,1.19,,,,,,,,,,,,,,,,,,,,,,0.4,,,2.59,,,,,,,,,,,,,,,,,,,,,,,,,,,,,0.67,,,,,,0.72,,,,,,,0.564,,,,,,,,,,,,,,,,,,,,,72.7,1.25,,,,,,,,,,,,,,,,,,0.77,0.72,0.0,0.0,0.12,0.0,0.0,0.0,,,,29.0,0.17,0.69,0.82,,,,,,,,,,,28.3,,,,52.3,472.0,,92.0,0.0,0.0,0.0,0.0
1461,748032,"EGG, GRADE A, LARGE, YOLK, RAW, FRESH",2019-12-16,,,,,0.78,1.13,1.77,1.53,,,,,32.2,,,,,,,,,,,,,,,,,,,0.42,,,,,,,,,,,,,,,,,,,,,,,,1.95,,0.48,,,0.38,0.0,,,0.78,,1.37,,1400.0,,0.0,1.2,,,,,,,,,,,,,,,,,,,,,,0.4,,,2.59,,,,,,,,,,,,,,,,,,,,,,,,,,,,,0.68,,,,,,0.83,,,,,,,0.45,,,,,,,,,,,,,,,,,,,,,53.4,1.3,,,,,,,,,,,,,,,,,,0.82,0.7,0.0,0.0,0.09,0.0,0.0,0.0,,,,29.2,0.18,0.7,0.86,,,,,,,,,,,8.46,,,,52.0,621.0,,112.0,0.0,0.0,0.0,0.0
1462,748043,"EGG, GRADE A, LARGE, YOLK, RAW, FRESH",2019-12-16,,,,,,,1.65,,,,,,53.3,,,,,,,,,,,,,,,,,,,,,,,,,,,,,,,,,,,,,,,,,,,,,,,,,,,,,,,,627.0,,0.0,,,,,,,,,,,,,,,,,,,,,,,,,,2.5,,,,,,,,,,,,,,,,,,,,,,,,,,,,,,,,,,,,,,,,,,0.399,,,,,,,,,,,,,,,,,,,,,63.4,,,,,,,,,,,,,,,,,,,,1.31,0.0,0.0,0.11,0.0,0.0,0.0,,,,28.8,,,,,,,,,,,,,,2.14,,,,53.1,611.0,,152.0,0.0,0.0,0.0,0.0
1463,748053,"EGG, GRADE A, LARGE, YOLK, RAW, FRESH",2019-12-16,,,,,0.77,1.13,1.72,1.49,,,,,53.9,,,,,,,,,,,,,,,,,,,0.47,,,,,,,,,,,,,,,,,,,,,,,,1.9,,0.47,,,0.37,0.0,,,0.77,,1.35,,546.0,,0.0,1.2,,,,,,,,,,,,,,,,,,,,,,0.4,,,2.58,,,,,,,,,,,,,,,,,,,,,,,,,,,,,0.67,,,,,,0.68,,,,,,,0.46,,,,,,,,,,,,,,,,,,,,,58.7,1.27,,,,,,,,,,,,,,,,,,0.79,0.71,0.0,0.0,0.14,0.0,0.0,0.0,,,,30.3,0.18,0.7,0.84,,,,,,,,,,,2.06,,,,51.2,597.0,,141.0,0.0,0.0,0.0,0.0
1464,748064,"EGG, GRADE A, LARGE, YOLK, RAW, FRESH",2019-12-16,,,,,0.7,1.1,1.73,1.48,,,,,43.8,,,,,,,,,,,,,,,,,,,0.43,,,,,,,,,,,,,,,,,,,,,,,,1.92,,0.46,,,0.37,0.0,,,0.75,,1.32,,658.0,,0.0,1.18,,,,,,,,,,,,,,,,,,,,,,0.39,,,2.54,,,,,,,,,,,,,,,,,,,,,,,,,,,,,0.67,,,,,,0.8,,,,,,,0.594,,,,,,,,,,,,,,,,,,,,,46.7,1.25,,,,,,,,,,,,,,,,,,0.77,1.78,0.0,0.0,0.18,0.0,0.0,0.0,,,,28.6,0.16,0.68,0.83,,,,,,,,,,,3.52,,,,53.1,600.0,,120.0,0.0,0.0,0.0,0.0
1465,748075,"EGG, GRADE A, LARGE, YOLK, RAW, FRESH",2019-12-16,,,,,0.81,1.18,1.77,1.58,,,,,32.8,,,,,,,,,,,,,,,,,,,0.41,,,,,,,,,,,,,,,,,,,,,,,,2.08,,0.49,,,0.38,0.0,,,0.79,,1.39,,368.0,,32.0,1.26,,,,,,,,,,,,,,,,,,,,,,0.41,,,2.61,,,,,,,,,,,,,,,,,,,,,,,,,,,,,0.7,,,,,,0.79,,,,,,,0.419,,,,,,,,,,,,,,,,,,,,,48.2,1.38,,,,,,,,,,,,,,,,,,0.84,1.38,6.73,0.0,0.13,0.0,0.0,0.23,,,,29.2,0.19,0.7,0.85,,,,,,,,,,,2.91,,,,52.0,402.0,,84.0,0.0,0.0,32.0,0.0
1466,748086,"EGG, GRADE A, LARGE, WHOLE, RAW, FRESH",2019-12-16,,,,,,,,,,,,,,,,,,0.0,0.0,,,,,,,,,,,10.0,8.0,,,,,,,,,,,,,,,,,,0.0,,0.0,,,,0.31,,,,,,,,,,,0.0,,,158.0,,0.0,,,,,,,,,,,,,,,,,,,,,0.0,,,,0.0,,,,,,,,,,,,,,,,,,,,,,,,,,,,,,,,,,,,,,,,,,,,,,,,,,,,,,,,,,,,,,,,,,,,,0.0,,,0.0,,,,,,,,,,0.07,,,,,,,,,,,,,,,,,,0.07,,,,,,,,,,,,,175.0,,45.0,0.0,0.0,0.0,0.0
1467,748098,"EGG, GRADE A, LARGE, YOLK, RAW, FRESH",2019-12-16,,,,,0.75,1.11,2.0,1.46,,,,,28.7,,,,,,,,,,,,,,,,,,,0.42,,,,,,,,,,,,,,,,,,,,,,,,1.86,,0.45,,,0.37,0.0,,,0.73,,1.32,,559.0,,10.0,1.18,,,,,,,,,,,,,,,,,,,,,,0.39,,,2.52,,,,,,,,,,,,,,,,,,,,,,,,,,,,,0.65,,,,,,0.77,,,,,,,0.517,,,,,,,,,,,,,,,,,,,,,47.6,1.23,,,,,,,,,,,,,,,,,,0.76,1.15,0.0,0.0,0.19,0.0,0.0,0.0,,,,29.4,0.16,0.68,0.82,,,,,,,,,,,2.12,,,,52.1,689.0,,139.0,0.0,0.0,10.0,0.0
1468,748111,"EGG, GRADE A, LARGE, YOLK, RAW, FRESH",2019-12-16,,,,,0.77,1.12,1.87,1.49,,,,,53.9,,,,,,,,,,,,,,,,,,,0.45,,,,,,,,,,,,,,,,,,,,,,,,1.92,,0.47,,,0.38,0.0,,,0.78,,1.35,,589.0,,7.0,1.15,,,,,,,,,,,,,,,,,,,,,,0.4,,,2.57,,,,,,,,,,,,,,,,,,,,,,,,,,,,,0.67,,,,,,0.67,,,,,,,0.426,,,,,,,,,,,,,,,,,,,,,55.7,1.27,,,,,,,,,,,,,,,,,,0.79,1.41,0.0,0.0,0.13,0.0,0.0,0.0,,,,28.4,0.17,0.7,0.85,,,,,,,,,,,2.53,,,,51.6,615.0,,191.0,0.0,0.0,7.0,0.0
1469,748122,"EGG, GRADE A, LARGE, WHOLE, RAW, FRESH",2019-12-16,,0.56,,,0.63,0.77,0.97,1.23,,,,0.4,,,46.0,,,,,,409.0,0.7,0.3,309.0,0.3,26.1,336.0,,0.0,,,0.37,,,,,,,,,,,4.0,1.72,3.39,,,,,63.0,,,,,,1.55,,0.4,,,0.28,0.0,44.1,1.61,0.6,,1.02,,,,,0.87,,,,,,0.249,,,3.71,,,,,,,,,10.9,,,0.0,0.39,,,1.86,,,,1.4,,,0.01,,,,,,,0.02,,,,,,,,,,,,,,,0.63,193.0,,,,137.0,0.58,,,,,,160.0,0.37,,,,,0.035,,2.45,,0.868,,,,,,,,,,,,31.1,0.89,130.0,,,,,,,,,,,,,,,,,0.58,,,,,,,,,,,10.2,0.16,0.5,0.7,,1.0,,,,,0.0,5.84,,,,,,,76.1,,1.25,,,,,
1470,748138,"EGG, GRADE A, LARGE, YOLK, RAW, FRESH",2019-12-16,,,,,0.73,1.04,2.0,1.41,,,,,37.3,,,,,,,,,,,,,,,,,,,0.38,,,,,,,,,,,,,,,,,,,,,,,,2.07,,0.45,,,0.32,0.0,,,0.69,,1.26,,728.0,,0.0,1.26,,,,,,,,,,,,,,,,,,,,,,0.37,,,2.6,,,,,,,,,,,,,,,,,,,,,,,,,,,,,0.62,,,,,,0.75,,,,,,,0.466,,,,,,,,,,,,,,,,,,,,,50.1,1.24,,,,,,,,,,,,,,,,,,0.72,1.6,0.0,0.0,0.19,0.0,0.0,0.0,,,,27.8,0.17,0.6,0.79,,,,,,,,,,,3.55,,,,53.2,670.0,,167.0,0.0,0.0,0.0,0.0
1471,748149,"EGG, GRADE A, LARGE, YOLK, RAW, FRESH",2019-12-16,,,,,0.75,1.02,1.97,1.49,,,,,48.4,,,,,,,,,,,,,,,,,,,0.41,,,,,,,,,,,,,,,,,,,,,,,,2.12,,0.45,,,0.32,0.0,,,0.71,,1.28,,668.0,,0.0,1.23,,,,,,,,,,,,,,,,,,,,,,0.37,,,2.58,,,,,,,,,,,,,,,,,,,,,,,,,,,,,0.62,,,,,,0.79,,,,,,,0.474,,,,,,,,,,,,,,,,,,,,,47.5,1.28,,,,,,,,,,,,,,,,,,0.75,0.67,0.0,0.0,0.13,0.0,0.0,0.0,,,,28.0,0.18,0.6,0.82,,,,,,,,,,,3.59,,,,52.5,623.0,,149.0,0.0,0.0,0.0,0.0
1472,748160,"EGG, GRADE A, LARGE, YOLK, RAW, FRESH",2019-12-16,,,,,0.81,1.15,2.24,1.61,,,,,36.2,,,,,,,,,,,,,,,,,,,0.45,,,,,,,,,,,,,,,,,,,,,,,,2.06,,0.48,,,0.4,0.0,,,0.83,,1.41,,631.0,,0.0,1.14,,,,,,,,,,,,,,,,,,,,,,0.42,,,2.53,,,,,,,,,,,,,,,,,,,,,,,,,,,,,0.71,,,,,,0.66,,,,,,,0.448,,,,,,,,,,,,,,,,,,,,,47.8,1.32,,,,,,,,,,,,,,,,,,0.84,1.18,0.0,0.0,0.19,0.0,0.0,0.0,,,,28.3,0.17,0.73,0.9,,,,,,,,,,,4.87,,,,53.3,592.0,,129.0,0.0,0.0,0.0,0.0
1473,748172,"EGG, GRADE A, LARGE, YOLK, RAW, FRESH",2019-12-16,,,,,,,1.95,,,,,,40.0,,,,,,,,,,,,,,,,,,,,,,,,,,,,,,,,,,,,,,,,,,,,,,,,,,,,,,,,471.0,,0.0,,,,,,,,,,,,,,,,,,,,,,,,,,2.58,,,,,,,,,,,,,,,,,,,,,,,,,,,,,,,,,,,,,,,,,,0.528,,,,,,,,,,,,,,,,,,,,,47.6,,,,,,,,,,,,,,,,,,,,1.44,0.0,0.0,0.21,0.0,0.0,0.0,,,,29.2,,,,,,,,,,,,,,4.12,,,,52.0,463.0,,74.0,0.0,0.0,0.0,0.0
1474,748182,"EGG, GRADE A, LARGE, YOLK, RAW, FRESH",2019-12-16,,,,,,,1.84,,,,,,69.0,,,,,,,,,,,,,,,,,,,,,,,,,,,,,,,,,,,,,,,,,,,,,,,,,,,,,,,,528.0,,7.0,,,,,,,,,,,,,,,,,,,,,,,,,,2.71,,,,,,,,,,,,,,,,,,,,,,,,,,,,,,,,,,,,,,,,,,0.529,,,,,,,,,,,,,,,,,,,,,29.0,,,,,,,,,,,,,,,,,,,,1.63,0.1,0.0,0.09,0.0,0.0,0.0,,,,27.2,,,,,,,,,,,,,,5.47,,,,52.5,537.0,,110.0,0.0,0.0,7.0,0.0
1475,748192,"EGG, GRADE A, LARGE, YOLK, RAW, FRESH",2019-12-16,,,,,0.77,1.14,1.87,1.5,,,,,55.8,,,,,,,,,,,,,,,,,,,0.46,,,,,,,,,,,,,,,,,,,,,,,,1.92,,0.49,,,0.38,0.0,,,0.77,,1.36,,649.0,,0.0,1.21,,,,,,,,,,,,,,,,,,,,,,0.39,,,2.61,,,,,,,,,,,,,,,,,,,,,,,,,,,,,0.67,,,,,,0.81,,,,,,,0.455,,,,,,,,,,,,,,,,,,,,,50.1,1.27,,,,,,,,,,,,,,,,,,0.8,0.84,0.0,0.0,0.1,0.0,0.0,0.0,,,,29.0,0.19,0.69,0.85,,,,,,,,,,,3.52,,,,52.3,609.0,,149.0,0.0,0.0,0.0,0.0
1476,748202,"EGG, GRADE A, LARGE, YOLK, RAW, FRESH",2019-12-16,,,,,0.78,1.12,1.92,1.57,,,,,56.6,,,,,,,,,,,,,,,,,,,0.45,,,,,,,,,,,,,,,,,,,,,,,,1.99,,0.47,,,0.38,0.0,,,0.79,,1.36,,888.0,,0.0,1.17,,,,,,,,,,,,,,,,,,,,,,0.41,,,2.65,,,,,,,,,,,,,,,,,,,,,,,,,,,,,0.69,,,,,,0.67,,,,,,,0.548,,,,,,,,,,,,,,,,,,,,,78.6,1.3,,,,,,,,,,,,,,,,,,0.82,0.59,0.0,0.0,0.11,0.0,0.0,0.0,,,,28.9,0.18,0.7,0.87,,,,,,,,,,,27.6,,,,51.8,458.0,,91.0,0.0,0.0,0.0,0.0
1477,748215,"EGG, GRADE A, LARGE, YOLK, RAW, FRESH",2019-12-16,,,,,0.73,1.01,1.84,1.43,,,,,33.5,,,,,,,,,,,,,,,,,,,0.41,,,,,,,,,,,,,,,,,,,,,,,,2.08,,0.44,,,0.31,0.0,,,0.69,,1.25,,507.0,,0.0,1.22,,,,,,,,,,,,,,,,,,,,,,0.37,,,2.56,,,,,,,,,,,,,,,,,,,,,,,,,,,,,0.61,,,,,,0.79,,,,,,,0.494,,,,,,,,,,,,,,,,,,,,,50.5,1.23,,,,,,,,,,,,,,,,,,0.72,0.61,0.0,0.0,0.11,0.0,0.0,0.0,,,,29.7,0.17,0.59,0.79,,,,,,,,,,,2.29,,,,51.8,519.0,,81.0,0.0,0.0,0.0,0.0
1478,748226,"EGG, GRADE A, LARGE, YOLK, RAW, FRESH",2019-12-16,,,,,,,1.85,,,,,,35.7,,,,,,,,,,,,,,,,,,,,,,,,,,,,,,,,,,,,,,,,,,,,,,,,,,,,,,,,472.0,,0.0,,,,,,,,,,,,,,,,,,,,,,,,,,2.56,,,,,,,,,,,,,,,,,,,,,,,,,,,,,,,,,,,,,,,,,,0.453,,,,,,,,,,,,,,,,,,,,,66.7,,,,,,,,,,,,,,,,,,,,1.33,0.0,0.0,0.17,0.0,0.0,0.0,,,,27.6,,,,,,,,,,,,,,3.59,,,,51.5,535.0,,131.0,0.0,0.0,0.0,0.0
1479,748237,CANOLA OIL,2019-12-16,,,,,,,,,,0.0,352.0,,,71.9,,0.0,254.0,,,,,,,,,,,,,,,,,,,21.4,,,,,,,63.5,24.3,6.62,,,,,,,,,,,,,,,,,,,,,,,,,,,,,,,,,0.211,,,60.5,,,2.5,,,,,,,,,,,,,,,,,17.6,,6.57,,,,,,,,0.0,,,,,,,,,,,,,,,,,,,15.9,,,,,,,,,,,,,,0.049,0.018,3.89,0.042,1.64,0.534,0.012,0.274,,0.145,,,,,,,,,,,,,,2.01,,,,,,,,,,,,,0.0,1.52,39.7,0.0,7.68,0.0,0.0,,,,,,,,,,,,,,,,,,18.3,,,,,,,,,,,
1480,748245,CANOLA OIL,2019-12-16,,,,,,,,,,0.0,371.0,,,79.9,,0.0,261.0,,,,,,,,,,,,,,,,,,,23.2,,,,,,,62.9,25.1,6.63,,,,,,,,,,,,,,,,,,,,,,,,,,,,,,,,,0.201,,,60.5,,,2.01,,,,,,,,,,,,,,,,,17.7,,7.32,,,,,,,,0.0,,,,,,,,,,,,,,,,,,,16.2,,,,,,,,,,,,,,0.046,0.017,3.86,0.041,1.67,0.54,0.011,0.271,,0.152,,,,,,,,,,,,,,2.55,,,,,,,,,,,,,0.0,1.47,41.3,0.0,8.03,0.0,0.0,,,,,,,,,,,,,,,,,,16.5,,,,,,,,,,,
1481,748253,CANOLA OIL,2019-12-16,,,,,,,,,,0.0,376.0,,,81.2,,0.0,255.0,,,,,,,,,,,,,,,,,,,22.1,,,,,,,61.9,25.8,6.56,,,,,,,,,,,,,,,,,,,,,,,,,,,,,,,,,0.201,,,60.0,,,1.52,,,,,,,,,,,,,,,,,18.0,,7.72,,,,,,,,0.0,,,,,,,,,,,,,,,,,,,13.0,,,,,,,,,,,,,,0.047,0.019,3.8,0.039,1.68,0.538,0.01,0.264,,0.151,,,,,,,,,,,,,,2.48,,,,,,,,,,,,,0.0,1.24,43.5,0.0,8.75,0.0,0.0,,,,,,,,,,,,,,,,,,18.6,,,,,,,,,,,
1482,748261,CANOLA OIL,2019-12-16,,,,,,,,,,0.0,367.0,,,77.8,,0.0,262.0,,,,,,,,,,,,,,,,,,,26.7,,,,,,,61.8,26.1,6.67,,,,,,,,,,,,,,,,,,,,,,,,,,,,,,,,,0.206,,,59.7,,,1.64,,,,,,,,,,,,,,,,,18.0,,7.95,,,,,,,,0.0,,,,,,,,,,,,,,,,,,,15.0,,,,,,,,,,,,,,0.047,0.018,3.92,0.042,1.66,0.535,0.01,0.271,,0.15,,,,,,,,,,,,,,2.77,,,,,,,,,,,,,0.0,1.52,40.599999999999994,0.0,7.705,0.0,0.0,,,,,,,,,,,,,,,,,,16.8,,,,,,,,,,,
1483,748270,CANOLA OIL,2019-12-16,,,,,,,,,,0.0,372.0,,,80.0,,0.0,269.0,,,,,,,,,,,,,,,,,,,30.0,,,,,,,62.8,25.2,6.56,,,,,,,,,,,,,,,,,,,,,,,,,,,,,,,,,0.205,,,60.6,,,1.79,,,,,,,,,,,,,,,,,17.5,,7.68,,,,,,,,0.0,,,,,,,,,,,,,,,,,,,13.2,,,,,,,,,,,,,,0.047,0.018,3.83,0.041,1.64,0.539,0.011,0.27,,0.151,,,,,,,,,,,,,,2.1,,,,,,,,,,,,,0.0,1.64,41.6,0.0,8.2,0.0,0.0,,,,,,,,,,,,,,,,,,16.5,,,,,,,,,,,
1484,748279,CORN OIL,2019-12-16,,,,,,,,,,22.6,448.0,,,2.07,,8.69,122.0,,,,,,,,,,,,,,,,,,,21.5,,,,,,,28.6,51.9,13.3,,,,,,,,,,,,,,,,,,,,,,,,,,,,,,,,,0.1,,,28.0,,,0.436,,,,,,,,,,,,,,,,,50.6,,1.26,,,,,,,,0.0,,,,,,,,,,,,,,,,,,,19.4,,,,,,,,,,,,,,0.041,0.008,10.9,0.061,1.66,0.34,0.004,0.115,,0.15,,,,,,,,,,,,,,45.6,,,,,,,,,,,,,1.08,2.6,52.9,1.68,4.39,0.0,1.39,,,,,,,,,,,,,,,,,,23.8,,,,,,,,,,,
1485,748288,CORN OIL,2019-12-16,,,,,,,,,,29.0,547.0,,,0.0,,12.8,156.0,,,,,,,,,,,,,,,,,,,29.1,,,,,,,27.8,53.5,13.2,,,,,,,,,,,,,,,,,,,,,,,,,,,,,,,,,0.09,,,27.3,,,0.335,,,,,,,,,,,,,,,,,52.4,,1.05,,,,,,,,0.0,,,,,,,,,,,,,,,,,,,15.3,,,,,,,,,,,,,,0.031,0.007,10.9,0.061,1.56,0.352,0.005,0.111,,0.155,,,,,,,,,,,,,,58.1,,,,,,,,,,,,,1.02,2.69,68.8,1.64,4.04,0.0,1.68,,,,,,,,,,,,,,,,,,25.2,,,,,,,,,,,
1486,748296,CORN OIL,2019-12-16,,,,,,,,,,30.6,564.0,,,0.0,,12.3,156.0,,,,,,,,,,,,,,,,,,,20.2,,,,,,,27.7,52.4,13.6,,,,,,,,,,,,,,,,,,,,,,,,,,,,,,,,,0.096,,,27.2,,,0.358,,,,,,,,,,,,,,,,,51.3,,1.06,,,,,,,,0.0,,,,,,,,,,,,,,,,,,,20.7,,,,,,,,,,,,,,0.032,0.008,11.3,0.061,1.57,0.345,0.002,0.11,,0.157,,,,,,,,,,,,,,53.1,,,,,,,,,,,,,1.27,2.81,56.2,1.6,5.04,0.0,1.5,,,,,,,,,,,,,,,,,,24.9,,,,,,,,,,,
1487,748304,CORN OIL,2019-12-16,,,,,,,,,,33.0,539.0,,,0.0,,14.0,152.0,,,,,,,,,,,,,,,,,,,26.9,,,,,,,27.3,53.6,13.6,,,,,,,,,,,,,,,,,,,,,,,,,,,,,,,,,0.087,,,26.8,,,0.339,,,,,,,,,,,,,,,,,52.6,,0.961,,,,,,,,0.0,,,,,,,,,,,,,,,,,,,17.0,,,,,,,,,,,,,,0.034,0.009,11.3,0.062,1.56,0.351,0.004,0.117,,0.157,,,,,,,,,,,,,,55.6,,,,,,,,,,,,,1.11,2.71,54.0,1.25,4.25,0.0,1.62,,,,,,,,,,,,,,,,,,20.5,,,,,,,,,,,
1488,748312,CORN OIL,2019-12-16,,,,,,,,,,36.8,594.0,,,0.0,,16.5,181.0,,,,,,,,,,,,,,,,,,,31.8,,,,,,,27.1,53.25,13.350000000000001,,,,,,,,,,,,,,,,,,,,,,,,,,,,,,,,,0.0825,,,26.65,,,0.3555,,,,,,,,,,,,,,,,,52.349999999999994,,0.8825000000000001,,,,,,,,0.0,,,,,,,,,,,,,,,,,,,16.5,,,,,,,,,,,,,,0.0305,0.008,11.05,0.058,1.545,0.359,0.004,0.108,,0.1535,,,,,,,,,,,,,,64.0,,,,,,,,,,,,,1.03,3.1,72.8,1.27,4.29,0.0,1.81,,,,,,,,,,,,,,,,,,18.6,,,,,,,,,,,
1489,748324,VEGETABLE OIL (100% SOYBEAN OIL),2019-12-16,,,,,,,,,,6.22,168.0,,,0.0,,2.63,68.2,,,,,,,,,,,,,,,,,,,12.7,,,,,,,21.6,58.1,15.0,,,,,,,,,,,,,,,,,,,,,,,,,,,,,,,,,0.077,,,20.9,,,0.561,,,,,,,,,,,,,,,,,51.3,,6.75,,,,,,,,0.0,,,,,,,,,,,,,,,,,,,19.4,,,,,,,,,,,,,,0.077,0.014,10.4,0.085,3.67,0.292,0.025,0.299,,0.123,,,,,,,,,,,,,,61.6,,,,,,,,,,,,,2.2,23.4,70.8,0.0,1.43,0.0,0.0,,,,,,,,,,,,,,,,,,12.6,,,,,,,,,,,
1490,748332,VEGETABLE OIL (100% SOYBEAN OIL),2019-12-16,,,,,,,,,,5.15,135.0,,,0.0,,1.81,46.2,,,,,,,,,,,,,,,,,,,8.21,,,,,,,,,,,,,,,,,,,,,,,,,,,,,,,,,,,,,,,,,,,,,,,,,,,,,,,,,,,,,,,,,,,,,,,,,,,,,,,,,,,,,,,,,,,,,,22.6,,,,,,,,,,,,,,,,,,,,,,,,,,,,,,,,,,,,,45.4,,,,,,,,,,,,,1.645,18.2,68.8,0.0,1.665,0.0,0.0,,,,,,,,,,,,,,,,,,14.15,,,,,,,,,,,
1491,748339,VEGETABLE OIL (100% SOYBEAN OIL),2019-12-16,,,,,,,,,,5.84,158.0,,,0.0,,2.37,59.7,,,,,,,,,,,,,,,,,,,9.19,,,,,,,22.4,57.1,15.0,,,,,,,,,,,,,,,,,,,,,,,,,,,,,,,,,0.081,,,21.7,,,0.564,,,,,,,,,,,,,,,,,50.7,,6.33,,,,,,,,0.0,,,,,,,,,,,,,,,,,,,22.6,,,,,,,,,,,,,,0.075,0.014,10.2,0.083,3.86,0.31,0.024,0.328,,0.131,,,,,,,,,,,,,,58.5,,,,,,,,,,,,,1.88,22.3,76.6,0.0,1.44,0.0,0.0,,,,,,,,,,,,,,,,,,13.4,,,,,,,,,,,
1492,748347,VEGETABLE OIL (100% SOYBEAN OIL),2019-12-16,,,,,,,,,,5.42,152.0,,,0.0,,1.98,57.3,,,,,,,,,,,,,,,,,,,11.2,,,,,,,22.1,57.7,14.8,,,,,,,,,,,,,,,,,,,,,,,,,,,,,,,,,0.081,,,21.2,,,0.694,,,,,,,,,,,,,,,,,51.0,,6.64,,,,,,,,0.0,,,,,,,,,,,,,,,,,,,20.1,,,,,,,,,,,,,,0.074,0.014,10.2,0.087,3.65,0.285,0.026,0.298,,0.12,,,,,,,,,,,,,,55.5,,,,,,,,,,,,,1.68,22.5,67.3,0.0,1.83,0.0,0.0,,,,,,,,,,,,,,,,,,10.3,,,,,,,,,,,
1493,748355,VEGETABLE OIL (100% SOYBEAN OIL),2019-12-16,,,,,,,,,,5.46,152.0,,,0.0,,1.97,58.3,,,,,,,,,,,,,,,,,,,11.2,,,,,,,22.3,57.55,14.850000000000001,,,,,,,,,,,,,,,,,,,,,,,,,,,,,,,,,0.0815,,,21.55,,,0.5825,,,,,,,,,,,,,,,,,50.75,,6.76,,,,,,,,0.0,,,,,,,,,,,,,,,,,,,19.5,,,,,,,,,,,,,,0.075,0.014,10.25,0.087,3.67,0.2875,0.026000000000000002,0.2985,,0.121,,,,,,,,,,,,,,55.9,,,,,,,,,,,,,1.57,23.5,68.4,0.0,1.63,0.0,0.0,,,,,,,,,,,,,,,,,,10.6,,,,,,,,,,,
1494,748367,"OLIVE OIL, EXTRA VIRGIN",2019-12-16,,,,,,,,,,1.73,112.0,,,0.0,,0.0,5.63,,,,,,,,,,,,,,,,,,,35.9,,,,,,,66.1,10.4,16.7,,,,,,,,,,,,,,,,,,,,,,,,,,,,,,,,,1.35,,,64.2,,,0.277,,,,,,,,,,,,,,,,,9.85,,0.506,,,,,,,,0.0,,,,,,,,,,,,,,,,,,,25.6,,,,,,,,,,,,,,0.013,0.007,14.1,0.094,1.87,0.38,0.02,0.112,,0.063,,,,,,,,,,,,,,1.14,,,,,,,,,,,,,,,,,,,,,,,,,,,,,,,,,,,,,,,,,,,,,,,,
1495,748373,"OLIVE OIL, EXTRA VIRGIN",2019-12-16,,,,,,,,,,1.92,120.0,,,0.0,,0.0,4.99,,,,,,,,,,,,,,,,,,,17.6,,,,,,,71.6,7.94,13.1,,,,,,,,,,,,,,,,,,,,,,,,,,,,,,,,,0.634,,,70.5,,,0.29,,,,,,,,,,,,,,,,,7.3,,0.638,,,,,,,,0.0,,,,,,,,,,,,,,,,,,,27.7,,,,,,,,,,,,,,0.011,0.004,9.48,0.102,2.97,0.382,0.016,0.102,,0.049,,,,,,,,,,,,,,0.79,,,,,,,,,,,,,,,,,,,,,,,,,,,,,,,,,,,,,,,,,,,,,,,,
1496,748379,"OLIVE OIL, EXTRA VIRGIN",2019-12-16,,,,,,,,,,3.31,136.0,,,0.0,,0.0,8.09,,,,,,,,,,,,,,,,,,,21.5,,,,,,,66.1,11.2,17.3,,,,,,,,,,,,,,,,,,,,,,,,,,,,,,,,,1.35,,,64.2,,,0.299,,,,,,,,,,,,,,,,,10.6,,0.582,,,,,,,,0.0,,,,,,,,,,,,,,,,,,,19.9,,,,,,,,,,,,,,0.021,0.012,14.7,0.114,1.87,0.4,0.012,0.132,,0.075,,,,,,,,,,,,,,1.88,,,,,,,,,,,,,,,,,,,,,,,,,,,,,,,,,,,,,,,,,,,,,,,,
1497,748385,"OLIVE OIL, EXTRA VIRGIN",2019-12-16,,,,,,,,,,2.58,116.0,,,0.0,,0.0,5.98,,,,,,,,,,,,,,,,,,,20.0,,,,,,,72.8,6.17,14.1,,,,,,,,,,,,,,,,,,,,,,,,,,,,,,,,,0.783,,,71.6,,,0.283,,,,,,,,,,,,,,,,,5.58,,0.582,,,,,,,,0.0,,,,,,,,,,,,,,,,,,,19.9,,,,,,,,,,,,,,0.01,0.005,10.6,0.065,2.75,0.425,0.019,0.117,,0.056,,,,,,,,,,,,,,1.0,,,,,,,,,,,,,,,,,,,,,,,,,,,,,,,,,,,,,,,,,,,,,,,,
1498,748391,"OLIVE OIL, EXTRA VIRGIN",2019-12-16,,,,,,,,,,2.28,151.0,,,0.0,,0.0,6.94,,,,,,,,,,,,,,,,,,,25.1,,,,,,,65.7,11.8,17.3,,,,,,,,,,,,,,,,,,,,,,,,,,,,,,,,,1.44,,,63.9,,,0.24,,,,,,,,,,,,,,,,,11.1,,0.679,,,,,,,,0.0,,,,,,,,,,,,,,,,,,,27.9,,,,,,,,,,,,,,0.016,0.006,14.0,0.065,2.58,0.404,0.01,0.116,,0.066,,,,,,,,,,,,,,1.14,,,,,,,,,,,,,,,,,,,,,,,,,,,,,,,,,,,,,,,,,,,,,,,,
1499,748398,"OLIVE OIL, EXTRA VIRGIN",2019-12-16,,,,,,,,,,2.19,156.0,,,0.0,,0.0,6.54,,,,,,,,,,,,,,,,,,,24.3,,,,,,,63.7,13.0,17.6,,,,,,,,,,,,,,,,,,,,,,,,,,,,,,,,,1.75,,,61.6,,,0.224,,,,,,,,,,,,,,,,,12.4,,0.647,,,,,,,,0.0,,,,,,,,,,,,,,,,,,,25.2,,,,,,,,,,,,,,0.011,0.005,14.6,0.041,2.31,0.399,0.008,0.114,,0.071,,,,,,,,,,,,,,0.948,,,,,,,,,,,,,,,,,,,,,,,,,,,,,,,,,,,,,,,,,,,,,,,,
1500,748405,"OLIVE OIL, EXTRA VIRGIN",2019-12-16,,,,,,,,,,2.73,112.0,,,0.0,,0.0,4.19,,,,,,,,,,,,,,,,,,,19.5,,,,,,,71.3,5.92,14.9,,,,,,,,,,,,,,,,,,,,,,,,,,,,,,,,,0.959,,,69.9,,,0.271,,,,,,,,,,,,,,,,,5.26,,0.655,,,,,,,,0.0,,,,,,,,,,,,,,,,,,,22.1,,,,,,,,,,,,,,0.011,0.007,11.7,0.106,2.53,0.393,0.018,0.112,,0.062,,,,,,,,,,,,,,0.971,,,,,,,,,,,,,,,,,,,,,,,,,,,,,,,,,,,,,,,,,,,,,,,,
1501,748411,"OLIVE OIL, EXTRA VIRGIN",2019-12-16,,,,,,,,,,1.85,127.0,,,0.0,,0.0,5.09,,,,,,,,,,,,,,,,,,,19.2,,,,,,,71.2,8.08,13.9,,,,,,,,,,,,,,,,,,,,,,,,,,,,,,,,,0.707,,,70.1,,,0.272,,,,,,,,,,,,,,,,,6.92,,0.673,,,,,,,,0.0,,,,,,,,,,,,,,,,,,,25.5,,,,,,,,,,,,,,0.011,0.006,10.0,0.107,3.16,0.399,0.017,0.106,,0.052,,,,,,,,,,,,,,0.758,,,,,,,,,,,,,,,,,,,,,,,,,,,,,,,,,,,,,,,,,,,,,,,,
1502,748417,"OLIVE OIL, EXTRA VIRGIN",2019-12-16,,,,,,,,,,2.5,144.0,,,0.0,,0.0,5.8,,,,,,,,,,,,,,,,,,,24.1,,,,,,,67.7,10.7,14.5,,,,,,,,,,,,,,,,,,,,,,,,,,,,,,,,,1.0,,,66.2,,,0.275,,,,,,,,,,,,,,,,,10.0,,0.674,,,,,,,,0.0,,,,,,,,,,,,,,,,,,,32.4,,,,,,,,,,,,,,0.012,0.006,10.9,0.122,2.91,0.412,0.016,0.109,,0.056,,,,,,,,,,,,,,0.876,,,,,,,,,,,,,,,,,,,,,,,,,,,,,,,,,,,,,,,,,,,,,,,,
1503,748424,"OLIVE OIL, EXTRA VIRGIN",2019-12-16,,,,,,,,,,2.99,90.1,,,0.0,,0.0,3.87,,,,,,,,,,,,,,,,,,,16.7,,,,,,,74.2,7.07,13.2,,,,,,,,,,,,,,,,,,,,,,,,,,,,,,,,,0.593,,,73.2,,,0.331,,,,,,,,,,,,,,,,,6.41,,0.655,,,,,,,,0.0,,,,,,,,,,,,,,,,,,,51.3,,,,,,,,,,,,,,0.01,0.005,10.0,0.051,2.54,0.405,0.011,0.111,,0.052,,,,,,,,,,,,,,0.636,,,,,,,,,,,,,,,,,,,,,,,,,,,,,,,,,,,,,,,,,,,,,,,,
1504,748431,"OLIVE OIL, EXTRA VIRGIN",2019-12-16,,,,,,,,,,2.53,100.0,,,0.0,,0.0,3.69,,,,,,,,,,,,,,,,,,,21.0,,,,,,,73.1,7.0,14.2,,,,,,,,,,,,,,,,,,,,,,,,,,,,,,,,,0.815,,,71.7,,,0.318,,,,,,,,,,,,,,,,,6.41,,0.586,,,,,,,,0.0,,,,,,,,,,,,,,,,,,,44.4,,,,,,,,,,,,,,0.01,0.008,10.8,0.109,2.64,0.425,0.009,0.118,,0.059,,,,,,,,,,,,,,0.671,,,,,,,,,,,,,,,,,,,,,,,,,,,,,,,,,,,,,,,,,,,,,,,,
1505,748438,"OLIVE OIL, EXTRA VIRGIN",2019-12-16,,,,,,,,,,2.96,132.0,,,0.0,,0.0,6.24,,,,,,,,,,,,,,,,,,,23.3,,,,,,,71.5,7.88,14.8,,,,,,,,,,,,,,,,,,,,,,,,,,,,,,,,,0.849,,,70.3,,,0.288,,,,,,,,,,,,,,,,,7.21,,0.672,,,,,,,,0.0,,,,,,,,,,,,,,,,,,,28.9,,,,,,,,,,,,,,0.013,0.005,11.1,0.058,2.92,0.438,0.012,0.127,,0.062,,,,,,,,,,,,,,0.995,,,,,,,,,,,,,,,,,,,,,,,,,,,,,,,,,,,,,,,,,,,,,,,,
1506,748445,"OLIVE OIL, EXTRA VIRGIN",2019-12-16,,,,,,,,,,2.73,117.0,,,0.0,,0.0,6.06,,,,,,,,,,,,,,,,,,,27.8,,,,,,,68.35,10.1,16.2,,,,,,,,,,,,,,,,,,,,,,,,,,,,,,,,,1.22,,,66.6,,,0.29,,,,,,,,,,,,,,,,,9.51,,0.603,,,,,,,,0.0,,,,,,,,,,,,,,,,,,,24.8,,,,,,,,,,,,,,0.014,0.009,13.5,0.097,2.01,0.383,0.01,0.118,,0.064,,,,,,,,,,,,,,1.19,,,,,,,,,,,,,,,,,,,,,,,,,,,,,,,,,,,,,,,,,,,,,,,,
1507,748453,"OLIVE OIL, EXTRA VIRGIN",2019-12-16,,,,,,,,,,2.34,128.0,,,0.0,,0.0,5.65,,,,,,,,,,,,,,,,,,,20.8,,,,,,,70.0,8.06,14.8,,,,,,,,,,,,,,,,,,,,,,,,,,,,,,,,,0.927,,,68.6,,,0.269,,,,,,,,,,,,,,,,,7.39,,0.666,,,,,,,,0.0,,,,,,,,,,,,,,,,,,,24.3,,,,,,,,,,,,,,0.011,0.006,11.3,0.1,2.82,0.405,0.018,0.111,,0.058,,,,,,,,,,,,,,0.969,,,,,,,,,,,,,,,,,,,,,,,,,,,,,,,,,,,,,,,,,,,,,,,,
1508,748460,"OLIVE OIL, EXTRA VIRGIN",2019-12-16,,,,,,,,,,2.26,145.0,,,0.0,,0.0,6.3,,,,,,,,,,,,,,,,,,,23.8,,,,,,,66.8,11.5,16.2,,,,,,,,,,,,,,,,,,,,,,,,,,,,,,,,,1.33,,,65.0,,,0.26,,,,,,,,,,,,,,,,,10.8,,0.662,,,,,,,,0.0,,,,,,,,,,,,,,,,,,,24.6,,,,,,,,,,,,,,0.012,0.006,13.1,0.074,2.43,0.392,0.009,0.11,,0.064,,,,,,,,,,,,,,1.06,,,,,,,,,,,,,,,,,,,,,,,,,,,,,,,,,,,,,,,,,,,,,,,,
1509,748467,"OLIVE OIL, EXTRA VIRGIN",2019-12-16,,,,,,,,,,2.22,140.0,,,0.0,,0.0,6.54,,,,,,,,,,,,,,,,,,,23.2,,,,,,,66.9,11.4,16.4,,,,,,,,,,,,,,,,,,,,,,,,,,,,,,,,,1.34,,,65.1,,,0.259,,,,,,,,,,,,,,,,,10.8,,0.638,,,,,,,,0.0,,,,,,,,,,,,,,,,,,,23.4,,,,,,,,,,,,,,0.014,0.007,13.4,0.077,2.3,0.395,0.009,0.116,,0.067,,,,,,,,,,,,,,1.04,,,,,,,,,,,,,,,,,,,,,,,,,,,,,,,,,,,,,,,,,,,,,,,,
1510,748474,"OLIVE OIL, EXTRA VIRGIN",2019-12-16,,,,,,,,,,2.48,139.0,,,0.0,,0.0,6.2,,,,,,,,,,,,,,,,,,,22.4,,,,,,,66.0,10.6,16.4,,,,,,,,,,,,,,,,,,,,,,,,,,,,,,,,,1.25,,,64.4,,,0.256,,,,,,,,,,,,,,,,,9.9,,0.661,,,,,,,,0.0,,,,,,,,,,,,,,,,,,,24.6,,,,,,,,,,,,,,0.013,0.008,13.2,0.08,2.49,0.404,0.018,0.114,,0.063,,,,,,,,,,,,,,1.24,,,,,,,,,,,,,,,,,,,,,,,,,,,,,,,,,,,,,,,,,,,,,,,,
1511,748481,"OLIVE OIL, EXTRA VIRGIN",2019-12-16,,,,,,,,,,2.56,132.0,,,0.0,,0.0,5.6,,,,,,,,,,,,,,,,,,,20.7,,,,,,,68.5,8.82,15.9,,,,,,,,,,,,,,,,,,,,,,,,,,,,,,,,,1.22,,,66.9,,,0.232,,,,,,,,,,,,,,,,,8.15,,0.67,,,,,,,,0.0,,,,,,,,,,,,,,,,,,,23.6,,,,,,,,,,,,,,0.011,0.005,12.7,0.052,2.62,0.385,0.017,0.11,,0.062,,,,,,,,,,,,,,1.04,,,,,,,,,,,,,,,,,,,,,,,,,,,,,,,,,,,,,,,,,,,,,,,,
1512,748487,"OLIVE OIL, EXTRA VIRGIN",2019-12-16,,,,,,,,,,2.34,114.0,,,0.0,,0.0,5.34,,,,,,,,,,,,,,,,,,,22.3,,,,,,,70.3,8.33,15.8,,,,,,,,,,,,,,,,,,,,,,,,,,,,,,,,,1.05,,,68.7,,,0.298,,,,,,,,,,,,,,,,,7.66,,0.67,,,,,,,,0.0,,,,,,,,,,,,,,,,,,,21.5,,,,,,,,,,,,,,0.013,0.009,12.8,0.109,2.22,0.397,0.01,0.12,,0.068,,,,,,,,,,,,,,1.24,,,,,,,,,,,,,,,,,,,,,,,,,,,,,,,,,,,,,,,,,,,,,,,,
1513,748493,"OLIVE OIL, EXTRA VIRGIN",2019-12-16,,,,,,,,,,2.71,101.0,,,0.0,,0.0,4.53,,,,,,,,,,,,,,,,,,,17.6,,,,,,,72.4,7.06,13.8,,,,,,,,,,,,,,,,,,,,,,,,,,,,,,,,,0.713,,,71.3,,,0.333,,,,,,,,,,,,,,,,,6.42,,0.644,,,,,,,,0.0,,,,,,,,,,,,,,,,,,,30.8,,,,,,,,,,,,,,0.009,0.004,11.0,0.042,2.2,0.379,0.018,0.106,,0.05,,,,,,,,,,,,,,0.787,,,,,,,,,,,,,,,,,,,,,,,,,,,,,,,,,,,,,,,,,,,,,,,,
1514,748499,"OLIVE OIL, EXTRA VIRGIN",2019-12-16,,,,,,,,,,2.56,125.0,,,0.0,,0.0,5.84,,,,,,,,,,,,,,,,,,,21.6,,,,,,,68.7,8.37,16.0,,,,,,,,,,,,,,,,,,,,,,,,,,,,,,,,,1.15,,,67.1,,,0.266,,,,,,,,,,,,,,,,,7.71,,0.656,,,,,,,,0.0,,,,,,,,,,,,,,,,,,,23.2,,,,,,,,,,,,,,0.013,0.007,12.8,0.091,2.45,0.395,0.019,0.116,,0.061,,,,,,,,,,,,,,1.2,,,,,,,,,,,,,,,,,,,,,,,,,,,,,,,,,,,,,,,,,,,,,,,,
1515,748505,"OLIVE OIL, EXTRA VIRGIN",2019-12-16,,,,,,,,,,2.45,167.0,,,0.0,,0.0,7.09,,,,,,,,,,,,,,,,,,,26.0,,,,,,,59.2,15.5,18.8,,,,,,,,,,,,,,,,,,,,,,,,,,,,,,,,,1.96,,,56.9,,,0.211,,,,,,,,,,,,,,,,,14.8,,0.655,,,,,,,,0.0,,,,,,,,,,,,,,,,,,,34.1,,,,,,,,,,,,,,0.012,0.005,15.8,0.039,2.27,0.409,0.016,0.114,,0.071,,,,,,,,,,,,,,1.12,,,,,,,,,,,,,,,,,,,,,,,,,,,,,,,,,,,,,,,,,,,,,,,,
1516,748511,"OLIVE OIL, EXTRA VIRGIN",2019-12-16,,,,,,,,,,2.11,126.0,,,0.0,,0.0,5.5,,,,,,,,,,,,,,,,,,,18.0,,,,,,,73.5,6.69,14.5,,,,,,,,,,,,,,,,,,,,,,,,,,,,,,,,,0.794,,,72.2,,,0.297,,,,,,,,,,,,,,,,,5.97,,0.717,,,,,,,,0.0,,,,,,,,,,,,,,,,,,,16.9,,,,,,,,,,,,,,0.012,0.008,11.1,0.107,2.64,0.406,0.009,0.117,,0.068,,,,,,,,,,,,,,1.04,,,,,,,,,,,,,,,,,,,,,,,,,,,,,,,,,,,,,,,,,,,,,,,,
1517,748518,"OLIVE OIL, EXTRA VIRGIN",2019-12-16,,,,,,,,,,2.23,126.0,,,0.0,,0.0,5.1,,,,,,,,,,,,,,,,,,,19.6,,,,,,,71.1,7.77,14.0,,,,,,,,,,,,,,,,,,,,,,,,,,,,,,,,,0.735,,,69.9,,,0.279,,,,,,,,,,,,,,,,,7.09,,0.679,,,,,,,,0.0,,,,,,,,,,,,,,,,,,,24.9,,,,,,,,,,,,,,0.011,0.006,10.2,0.112,3.05,0.413,0.016,0.112,,0.055,,,,,,,,,,,,,,0.772,,,,,,,,,,,,,,,,,,,,,,,,,,,,,,,,,,,,,,,,,,,,,,,,
1518,748525,"OLIVE OIL, EXTRA VIRGIN",2019-12-16,,,,,,,,,,2.53,156.0,,,0.0,,0.0,6.73,,,,,,,,,,,,,,,,,,,24.7,,,,,,,65.1,12.9,17.2,,,,,,,,,,,,,,,,,,,,,,,,,,,,,,,,,1.55,,,63.2,,,0.208,,,,,,,,,,,,,,,,,12.3,,0.603,,,,,,,,0.0,,,,,,,,,,,,,,,,,,,29.8,,,,,,,,,,,,,,0.011,0.005,14.0,0.043,2.54,0.412,0.008,0.114,,0.066,,,,,,,,,,,,,,0.968,,,,,,,,,,,,,,,,,,,,,,,,,,,,,,,,,,,,,,,,,,,,,,,,
1519,748532,"OLIVE OIL, EXTRA VIRGIN",2019-12-16,,,,,,,,,,2.49,133.0,,,0.0,,0.0,5.75,,,,,,,,,,,,,,,,,,,21.7,,,,,,,70.0,9.28,15.3,,,,,,,,,,,,,,,,,,,,,,,,,,,,,,,,,1.04,,,68.5,,,0.273,,,,,,,,,,,,,,,,,8.6,,0.674,,,,,,,,0.0,,,,,,,,,,,,,,,,,,,25.3,,,,,,,,,,,,,,0.013,0.007,11.9,0.075,2.63,0.407,0.01,0.115,,0.063,,,,,,,,,,,,,,1.07,,,,,,,,,,,,,,,,,,,,,,,,,,,,,,,,,,,,,,,,,,,,,,,,
1520,748538,"OLIVE OIL, EXTRA VIRGIN",2019-12-16,,,,,,,,,,3.28,93.7,,,0.0,,0.0,5.13,,,,,,,,,,,,,,,,,,,20.3,,,,,,,73.2,6.0,13.8,,,,,,,,,,,,,,,,,,,,,,,,,,,,,,,,,0.689,,,72.1,,,0.315,,,,,,,,,,,,,,,,,5.31,,0.694,,,,,,,,0.0,,,,,,,,,,,,,,,,,,,20.3,,,,,,,,,,,,,,0.013,0.005,10.7,0.048,2.35,0.436,0.02,0.147,,0.065,,,,,,,,,,,,,,1.01,,,,,,,,,,,,,,,,,,,,,,,,,,,,,,,,,,,,,,,,,,,,,,,,
1521,748545,"OLIVE OIL, EXTRA VIRGIN",2019-12-16,,,,,,,,,,3.08,92.8,,,0.0,,0.0,4.96,,,,,,,,,,,,,,,,,,,36.2,,,,,,,70.5,7.81,15.2,,,,,,,,,,,,,,,,,,,,,,,,,,,,,,,,,0.731,,,69.4,,,0.288,,,,,,,,,,,,,,,,,7.09,,0.72,,,,,,,,0.0,,,,,,,,,,,,,,,,,,,19.2,,,,,,,,,,,,,,0.014,0.005,11.6,0.038,2.85,0.468,0.02,0.145,,0.061,,,,,,,,,,,,,,0.855,,,,,,,,,,,,,,,,,,,,,,,,,,,,,,,,,,,,,,,,,,,,,,,,
1522,748552,"OLIVE OIL, EXTRA VIRGIN",2019-12-16,,,,,,,,,,2.56,149.0,,,0.0,,0.0,6.31,,,,,,,,,,,,,,,,,,,23.6,,,,,,,65.2,12.3,16.8,,,,,,,,,,,,,,,,,,,,,,,,,,,,,,,,,1.36,,,63.4,,,0.248,,,,,,,,,,,,,,,,,11.6,,0.67,,,,,,,,0.0,,,,,,,,,,,,,,,,,,,28.8,,,,,,,,,,,,,,0.013,0.006,13.4,0.075,2.64,0.419,0.01,0.117,,0.067,,,,,,,,,,,,,,1.07,,,,,,,,,,,,,,,,,,,,,,,,,,,,,,,,,,,,,,,,,,,,,,,,
1523,748559,"OLIVE OIL, EXTRA VIRGIN",2019-12-16,,,,,,,,,,2.77,129.0,,,0.0,,0.0,4.89,,,,,,,,,,,,,,,,,,,22.8,,,,,,,68.2,9.62,16.0,,,,,,,,,,,,,,,,,,,,,,,,,,,,,,,,,0.823,,,66.9,,,0.292,,,,,,,,,,,,,,,,,8.94,,0.675,,,,,,,,0.0,,,,,,,,,,,,,,,,,,,37.3,,,,,,,,,,,,,,0.018,0.008,12.5,0.122,2.77,0.429,0.01,0.116,,0.067,,,,,,,,,,,,,,1.54,,,,,,,,,,,,,,,,,,,,,,,,,,,,,,,,,,,,,,,,,,,,,,,,
1524,748565,"OLIVE OIL, EXTRA VIRGIN",2019-12-16,,,,,,,,,,2.8,132.0,,,0.0,,0.0,6.76,,,,,,,,,,,,,,,,,,,24.0,,,,,,,69.25,7.8149999999999995,16.2,,,,,,,,,,,,,,,,,,,,,,,,,,,,,,,,,1.12,,,67.8,,,0.238,,,,,,,,,,,,,,,,,7.17,,0.648,,,,,,,,0.0,,,,,,,,,,,,,,,,,,,26.6,,,,,,,,,,,,,,0.011,0.007,12.7,0.083,2.78,0.41,0.017,0.122,,0.06,,,,,,,,,,,,,,1.14,,,,,,,,,,,,,,,,,,,,,,,,,,,,,,,,,,,,,,,,,,,,,,,,
1525,748575,"OLIVE OIL, EXTRA VIRGIN",2019-12-16,,,,,,,,,,2.38,114.0,,,0.0,,0.0,5.43,,,,,,,,,,,,,,,,,,,26.0,,,,,,,70.4,8.42,15.4,,,,,,,,,,,,,,,,,,,,,,,,,,,,,,,,,0.962,,,69.0,,,0.287,,,,,,,,,,,,,,,,,7.76,,0.661,,,,,,,,0.0,,,,,,,,,,,,,,,,,,,24.5,,,,,,,,,,,,,,0.015,0.005,12.1,0.059,2.59,0.436,0.011,0.135,,0.067,,,,,,,,,,,,,,0.888,,,,,,,,,,,,,,,,,,,,,,,,,,,,,,,,,,,,,,,,,,,,,,,,
1526,748581,"OLIVE OIL, EXTRA VIRGIN",2019-12-16,,,,,,,,,,1.94,115.0,,,0.0,,0.0,5.47,,,,,,,,,,,,,,,,,,,17.1,,,,,,,74.1,5.81,14.6,,,,,,,,,,,,,,,,,,,,,,,,,,,,,,,,,0.828,,,72.8,,,0.272,,,,,,,,,,,,,,,,,5.14,,0.67,,,,,,,,0.0,,,,,,,,,,,,,,,,,,,18.9,,,,,,,,,,,,,,0.012,0.006,11.1,0.069,2.88,0.388,0.01,0.11,,0.06,,,,,,,,,,,,,,0.918,,,,,,,,,,,,,,,,,,,,,,,,,,,,,,,,,,,,,,,,,,,,,,,,
1528,748589,"OLIVE OIL, EXTRA VIRGIN",2019-12-16,,,,,,,,,,4.14,147.0,,,0.0,,0.0,5.46,,,,,,,,,,,,,,,,,,,26.9,,,,,,,66.6,10.2,16.4,,,,,,,,,,,,,,,,,,,,,,,,,,,,,,,,,0.679,,,65.3,,,0.312,,,,,,,,,,,,,,,,,9.58,,0.632,,,,,,,,0.0,,,,,,,,,,,,,,,,,,,38.1,,,,,,,,,,,,,,0.016,0.009,12.6,0.148,2.94,0.472,0.018,0.13,,0.074,,,,,,,,,,,,,,1.01,,,,,,,,,,,,,,,,,,,,,,,,,,,,,,,,,,,,,,,,,,,,,,,,
1529,748596,"OLIVE OIL, EXTRA VIRGIN",2019-12-16,,,,,,,,,,2.72,119.0,,,0.0,,0.0,5.69,,,,,,,,,,,,,,,,,,,24.1,,,,,,,72.0,7.56,14.7,,,,,,,,,,,,,,,,,,,,,,,,,,,,,,,,,0.821,,,70.9,,,0.285,,,,,,,,,,,,,,,,,6.9,,0.658,,,,,,,,0.0,,,,,,,,,,,,,,,,,,,27.4,,,,,,,,,,,,,,0.013,0.005,11.1,0.052,2.9,0.447,0.012,0.13,,0.062,,,,,,,,,,,,,,0.825,,,,,,,,,,,,,,,,,,,,,,,,,,,,,,,,,,,,,,,,,,,,,,,,
1530,748602,"OLIVE OIL, EXTRA VIRGIN",2019-12-16,,,,,,,,,,2.42,107.0,,,0.0,,0.0,4.96,,,,,,,,,,,,,,,,,,,31.4,,,,,,,71.8,7.66,14.3,,,,,,,,,,,,,,,,,,,,,,,,,,,,,,,,,0.663,,,70.7,,,0.291,,,,,,,,,,,,,,,,,6.99,,0.675,,,,,,,,0.0,,,,,,,,,,,,,,,,,,,23.5,,,,,,,,,,,,,,0.013,0.006,10.6,0.084,2.9,0.438,0.019,0.133,,0.058,,,,,,,,,,,,,,0.86,,,,,,,,,,,,,,,,,,,,,,,,,,,,,,,,,,,,,,,,,,,,,,,,
1531,748609,"EGG, GRADE A, LARGE, WHOLE, RAW, FRESH",2019-12-16,,0.57,,,,,0.9,,,,,0.3,,,50.0,,,,,,405.0,0.6,0.2,334.0,0.2,25.5,360.0,,0.0,,,,,,,,,,,,,,4.05,1.55,3.08,,,,,52.0,,,,,,,,,,,,,43.8,1.65,,,,,,,,,,,,,,0.245,,,3.76,,,,,,,,,11.0,,,0.0,,,,2.02,,,,1.2,,,0.01,,,,,,,0.017,,,,,,,,,,,,,,,,191.0,,,,122.0,,,,,,,154.0,0.486,,,,,0.035,,2.29,,0.719,,,,,,,,,,,,38.6,,132.0,,,,,,,,,,,,,,,,,,,,,,,,,,,,10.2,,,,,1.6,,,,,0.0,1.52,,,,,,,75.1,,1.3,,,,,
1532,748627,"EGG, GRADE A, LARGE, WHOLE, RAW, FRESH",2019-12-16,,0.29,,,,,0.86,,,,,0.25,,,47.0,,,,,,418.0,0.8500000000000001,0.3,341.5,0.2,27.75,371.0,,0.0,,,,,,,,,,,,,,3.82,1.6,3.34,,,,,62.0,,,,,,,,,,,,,66.9,1.62,,,,,,,,,,,,,,0.294,,,3.48,,,,,,,,,10.6,,,0.0,,,,1.95,,,,1.24,,,0.013,,,,,,,0.022,,,,,,,,,,,,,,,,178.0,,,,130.0,,,,,,,180.0,0.386,,,,,0.034,,2.43,,0.835,,,,,,,,,,,,30.1,,123.0,,,,,,,,,,,,,,,,,,,,,,,,,,,,10.3,,,,,1.1,,,,,0.0,0.64,,,,,,,75.8,,1.21,,,,,
1533,748645,"EGG, GRADE A, LARGE, WHOLE, RAW, FRESH",2019-12-16,,0.79,,,0.67,0.78,0.9,1.28,,,,0.4,,,48.0,,,,,,395.0,0.5,0.2,295.0,0.3,21.2,317.0,,0.0,,,0.35,,,,,,,,,,,3.57,1.91,3.06,,,,,104.0,,,,,,1.63,,0.42,,,0.28,0.0,115.0,1.86,0.62,,1.06,,,,,0.92,,,,,,0.291,,,3.24,,,,,,,,,11.5,,,0.0,0.42,,,2.08,,,,1.39,,,0.012,,,,,,,0.022,,,,,,,,,,,,,,,0.66,183.0,,,,132.0,0.56,,,,,,206.0,0.427,,,,,0.028,,2.26,,0.74,,,,,,,,,,,,58.6,0.92,131.0,,,,,,,,,,,,,,,,,0.6,,,,,,,,,,,9.74,0.16,0.51,0.74,,1.4,,,,,0.0,0.0,,,,,,,76.0,,1.49,,,,,
1534,748662,"EGG, GRADE A, LARGE, WHOLE, RAW, FRESH",2019-12-16,,0.53,,,0.67,0.8,0.87,1.3,,,,0.2,,,44.0,,,,,,436.0,0.7,0.2,314.0,0.1,25.2,340.0,,0.0,,,0.37,,,,,,,,,,,3.61,1.52,3.15,,,,,56.0,,,,,,1.64,,0.42,,,0.29,0.0,39.5,1.54,0.62,,1.07,,,,,0.92,,,,,,0.279,,,3.29,,,,,,,,,12.0,,,0.0,0.42,,,1.96,,,,1.21,,,0.012,,,,,,,0.025,,,,,,,,,,,,,,,0.67,177.0,,,,134.0,0.45,,,,,,170.0,0.407,,,,,0.032,,2.3,,0.792,,,,,,,,,,,,35.4,0.93,126.0,,,,,,,,,,,,,,,,,0.61,,,,,,,,,,,9.46,0.17,0.52,0.74,,1.0,,,,,0.0,1.79,,,,,,,76.2,,1.11,,,,,
1535,748679,"EGG, GRADE A, LARGE, WHOLE, RAW, FRESH",2019-12-16,,0.74,,,0.67,0.8,0.98,1.23,,,,0.5,,,51.0,,,,,,426.0,0.5,0.4,376.0,0.3,27.1,404.0,,0.0,,,0.36,,,,,,,,,,,4.23,1.86,3.67,,,,,90.0,,,,,,1.68,,0.4,,,0.28,0.0,33.3,1.71,0.61,,1.05,,,,,0.85,,,,,,0.325,,,3.86,,,,,,,,,10.3,,,0.0,0.4,,,1.87,,,,1.51,,,0.013,,,,,,,0.024,,,,,,,,,,,,,,,0.64,196.0,,,,141.0,0.54,,,,,,251.0,0.359,,,,,0.037,,2.69,,0.908,,,,,,,,,,,,33.0,0.92,117.0,,,,,,,,,,,,,,,,,0.58,,,,,,,,,,,11.6,0.16,0.52,0.73,,1.4,,,,,0.0,3.99,,,,,,,75.3,,1.33,,,,,
1536,748696,"EGG, GRADE A, LARGE, WHOLE, RAW, FRESH",2019-12-16,,0.48,,,0.63,0.74,0.9,1.2,,,,0.4,,,45.0,,,,,,451.0,0.6,0.2,336.0,0.1,23.3,360.0,,0.0,,,0.38,,,,,,,,,,,3.83,1.62,3.28,,,,,48.0,,,,,,1.51,,0.39,,,0.27,0.0,33.7,1.46,0.58,,0.99,,,,,0.85,,,,,,0.225,,,3.56,,,,,,,,,11.5,,,0.0,0.39,,,1.92,,,,1.29,,,0.013,,,,,,,0.021,,,,,,,,,,,,,,,0.62,183.0,,,,138.0,0.57,,,,,,163.0,0.401,,,,,0.032,,2.34,,0.875,,,,,,,,,,,,29.8,0.86,124.0,,,,,,,,,,,,,,,,,0.56,,,,,,,,,,,9.68,0.17,0.48,0.7,,0.7,,,,,0.0,1.36,,,,,,,76.0,,1.2,,,,,
1537,748713,"EGG, GRADE A, LARGE, WHOLE, RAW, FRESH",2019-12-16,,0.62,,,,,0.91,,,,,0.3,,,54.0,,,,,,414.0,0.6,0.2,276.0,0.2,21.8,299.0,,0.0,,,,,,,,,,,,,,3.64,2.25,3.28,,,,,100.0,,,,,,,,,,,,,36.0,1.74,,,,,,,,,,,,,,0.196,,,3.4,,,,,,,,,12.1,,,0.0,,,,2.02,,,,1.89,,,0.014,,,,,,,0.021,,,,,,,,,,,,,,,,194.0,,,,127.0,,,,,,,179.0,0.517,,,,,0.03,,2.41,,0.804,,,,,,,,,,,,26.0,,135.0,,,,,,,,,,,,,,,,,,,,,,,,,,,,10.2,,,,,1.4,,,,,0.0,2.32,,,,,,,74.8,,1.37,,,,,
1538,748730,"EGG, GRADE A, LARGE, WHOLE, RAW, FRESH",2019-12-16,,0.5,,,,,0.89,,,,,0.6,,,48.0,,,,,,444.0,0.6,0.2,345.0,0.3,28.7,375.0,,0.0,,,,,,,,,,,,,,4.07,1.81,3.37,,,,,91.0,,,,,,,,,,,,,34.4,1.6,,,,,,,,,,,,,,0.276,,,3.74,,,,,,,,,10.1,,,0.0,,,,1.96,,,,1.49,,,0.01,,,,,,,0.017,,,,,,,,,,,,,,,,184.0,,,,132.0,,,,,,,180.0,0.402,,,,,0.034,,2.47,,0.829,,,,,,,,,,,,25.5,,126.0,,,,,,,,,,,,,,,,,,,,,,,,,,,,10.5,,,,,1.2,,,,,0.0,2.26,,,,,,,75.2,,1.28,,,,,
1539,748746,"EGG, GRADE A, LARGE, WHOLE, RAW, FRESH",2019-12-16,,0.65,,,0.72,0.83,0.85,1.39,,,,0.2,,,44.0,,,,,,375.0,0.9,0.4,271.0,0.2,22.2,294.0,,0.0,,,0.47,,,,,,,,,,,2.56,2.27,2.66,,,,,73.0,,,,,,1.76,,0.45,,,0.3,0.0,27.0,1.66,0.66,,1.12,,,,,0.98,,,,,,0.121,,,2.42,,,,,,,,,12.4,,,0.0,0.46,,,2.11,,,,1.84,,,0.012,,,,,,,0.017,,,,,,,,,,,,,,,0.73,169.0,,,,134.0,0.62,,,,,,170.0,0.426,,,,,0.022,,1.86,,0.758,,,,,,,,,,,,21.0,0.97,140.0,,,,,,,,,,,,,,,,,0.64,,,,,,,,,,,8.31,0.19,0.55,0.79,,0.38,,,,,0.0,1.93,,,,,,,76.5,,1.16,,,,,
1540,748763,"EGG, GRADE A, LARGE, WHOLE, RAW, FRESH",2019-12-16,,,,,,,,,,,,,,,,,,0.0,0.0,,,,,,,,,,,10.0,15.0,,,,,,,,,,,,,,,,,,0.0,,0.0,,,,0.0,,,,,,,,,,,0.0,,,317.0,,0.0,,,,,,,,,,,,,,,,,,,,,0.0,,,,0.0,,,,,,,,,,,,,,,,,,,,,,,,,,,,,,,,,,,,,,,,,,,,,,,,,,,,,,,,,,,,,,,,,,,,,0.0,,,0.0,,,,,,,,,,0.08,,,,,,,,,,,,,,,,,,0.06,,,,,,,,,,,,,294.0,,67.0,0.0,0.0,0.0,0.0
1541,748778,"EGG, GRADE A, LARGE, WHOLE, RAW, FRESH",2019-12-16,,0.41,,,0.67,0.79,0.88,1.26,,,,0.2,,,47.0,,,,,,385.0,0.6,0.3,292.0,0.2,22.8,316.0,,0.0,,,0.39,,,,,,,,,,,3.6,1.83,3.17,,,,,70.0,,,,,,1.65,,0.4,,,0.28,0.0,39.9,1.55,0.63,,1.07,,,,,0.86,,,,,,0.227,,,3.33,,,,,,,,,11.6,,,0.0,0.43,,,1.92,,,,1.48,,,0.01,,,,,,,0.02,,,,,,,,,,,,,,,0.68,178.0,,,,131.0,0.54,,,,,,185.0,0.395,,,,,0.039,,2.31,,0.791,,,,,,,,,,,,33.2,0.93,128.0,,,,,,,,,,,,,,,,,0.59,,,,,,,,,,,9.88,0.17,0.51,0.72,,0.65,,,,,0.0,1.33,,,,,,,76.2,,1.2,,,,,
1542,748796,"EGG, GRADE A, LARGE, WHOLE, RAW, FRESH",2019-12-16,,0.83,,,0.68,0.79,0.91,1.3,,,,0.4,,,47.0,,,,,,442.0,0.6,0.15000000000000002,337.0,0.25,26.15,364.0,,0.0,,,0.37,,,,,,,,,,,4.0,1.76,3.34,,,,,51.0,,,,,,1.64,,0.41,,,0.29,0.0,35.6,1.42,0.63,,1.07,,,,,0.0,,,,,,0.249,,,3.7,,,,,,,,,11.2,,,0.0,0.42,,,1.96,,,,1.42,,,0.014,,,,,,,0.022,,,,,,,,,,,,,,,0.67,180.0,,,,127.0,0.61,,,,,,136.0,0.518,,,,,0.034,,2.45,,0.82,,,,,,,,,,,,23.8,0.93,125.0,,,,,,,,,,,,,,,,,0.61,,,,,,,,,,,10.2,0.16,0.52,0.76,,1.1,,,,,0.0,2.42,,,,,,,75.6,,1.21,,,,,
1543,748815,"EGG, GRADE A, LARGE, WHOLE, RAW, FRESH",2019-12-16,,0.43,,,0.66,0.78,0.87,1.28,,,,0.0,,,52.0,,,,,,390.0,0.7,0.1,261.0,0.1,25.0,287.0,,0.0,,,0.38,,,,,,,,,,,3.2,1.64,3.07,,,,,68.0,,,,,,1.62,,0.4,,,0.28,0.0,55.3,1.62,0.62,,1.04,,,,,0.87,,,,,,0.183,,,2.98,,,,,,,,,12.2,,,0.0,0.41,,,2.01,,,,1.34,,,0.006,,,,,,,0.018,,,,,,,,,,,,,,,0.65,182.0,,,,136.0,0.58,,,,,,167.0,0.381,,,,,0.032,,2.14,,0.871,,,,,,,,,,,,41.3,0.91,134.0,,,,,,,,,,,,,,,,,0.6,,,,,,,,,,,8.91,0.16,0.51,0.75,,0.23,,,,,0.0,0.79,,,,,,,76.8,,1.25,,,,,
1544,748832,"EGG, GRADE A, LARGE, WHOLE, RAW, FRESH",2019-12-16,,0.44,,,0.64,0.76,0.85,1.23,,,,0.5,,,44.0,,,,,,420.0,0.8,0.2,284.0,0.1,24.5,310.0,,0.0,,,0.4,,,,,,,,,,,3.36,2.09,3.07,,,,,64.0,,,,,,1.55,,0.4,,,0.27,0.0,62.5,1.56,0.59,,1.02,,,,,0.89,,,,,,0.238,,,3.08,,,,,,,,,10.9,,,0.0,0.4,,,1.98,,,,1.7,,,0.013,,,,,,,0.022,,,,,,,,,,,,,,,0.63,180.0,,,,134.0,0.57,,,,,,180.0,0.336,,,,,0.031,,2.26,,0.743,,,,,,,,,,,,25.2,0.88,127.0,,,,,,,,,,,,,,,,,0.58,,,,,,,,,,,9.39,0.16,0.5,0.7,,1.4,,,,,0.0,1.55,,,,,,,76.8,,1.17,,,,,
1545,748849,"EGG, GRADE A, LARGE, WHOLE, RAW, FRESH",2019-12-16,,0.51,,,,,0.88,,,,,0.2,,,,,,,,,425.0,0.6,0.2,312.0,0.2,22.8,336.0,,,,,,,,,,,,,,,,3.57,2.04,3.15,,,,,61.0,,,,,,,,,,,,,53.5,,,,,,,,,,,,,,,0.23,,,3.3,,,,,,,,,,,,,,,,1.96,,,,1.69,,,0.013,,,,,,,0.021,,,,,,,,,,,,,,,,,,,,,,,,,,,169.0,0.452,,,,,0.03,,2.32,,0.774,,,,,,,,,,,,22.9,,,,,,,,,,,,,,,,,,,,,,,,,,,,,,9.86,,,,,1.2,,,,,0.0,1.15,,,,,,,75.8,,,,,,,
1546,748864,"EGG, GRADE A, LARGE, WHOLE, RAW, FRESH",2019-12-16,,0.53,,,,,0.93,,,,,0.1,,,,,,,,,402.0,0.6,0.3,262.0,0.2,24.0,287.0,,,,,,,,,,,,,,,,3.35,2.04,3.06,,,,,83.0,,,,,,,,,,,,,39.5,,,,,,,,,,,,,,,0.182,,,3.14,,,,,,,,,,,,,,,,2.09,,,,1.61,,,0.012,,,,,,,0.021,,,,,,,,,,,,,,,,,,,,,,,,,,,215.0,0.427,,,,,0.03,,2.13,,0.873,,,,,,,,,,,,24.3,,,,,,,,,,,,,,,,,,,,,,,,,,,,,,10.1,,,,,0.72,,,,,0.0,2.46,,,,,,,75.5,,,,,,,
1547,748880,"EGG, GRADE A, LARGE, WHOLE, RAW, FRESH",2019-12-16,,0.89,,,0.63,0.74,0.85,1.21,,,,0.2,,,48.0,,,,,,408.0,0.7,0.1,326.0,0.2,24.6,352.0,,0.0,,,0.38,,,,,,,,,,,3.96,1.66,3.42,,,,,57.0,,,,,,1.55,,0.38,,,0.26,0.0,66.0,2.0,0.58,,1.0,,,,,0.81,,,,,,0.3,,,3.6,,,,,,,,,10.7,,,0.0,0.4,,,2.0,,,,1.34,,,0.012,,,,,,,0.022,,,,,,,,,,,,,,,0.62,190.0,,,,136.0,0.56,,,,,,175.0,0.329,,,,,0.038,,2.51,,0.834,,,,,,,,,,,,21.0,0.89,128.0,,,,,,,,,,,,,,,,,0.56,,,,,,,,,,,10.1,0.16,0.48,0.69,,1.47,,,,,0.0,8.19,,,,,,,75.6,,1.28,,,,,
1548,748899,"EGG, GRADE A, LARGE, WHOLE, RAW, FRESH",2019-12-16,,0.7,,,0.74,0.87,0.88,1.34,,,,0.2,,,48.0,,,,,,409.0,0.6,0.1,314.0,0.2,29.8,344.0,,0.0,,,0.39,,,,,,,,,,,3.37,1.84,3.14,,,,,83.0,,,,,,1.85,,0.44,,,0.3,0.0,65.9,1.58,0.66,,1.15,,,,,0.94,,,,,,0.187,,,3.15,,,,,,,,,11.8,,,0.0,0.47,,,2.03,,,,1.49,,,0.009,,,,,,,0.019,,,,,,,,,,,,,,,0.73,176.0,,,,125.0,0.57,,,,,,196.0,0.47,,,,,0.031,,2.24,,0.839,,,,,,,,,,,,35.8,1.02,123.0,,,,,,,,,,,,,,,,,0.64,,,,,,,,,,,9.62,0.17,0.55,0.79,,0.66,,,,,0.0,1.61,,,,,,,75.8,,1.16,,,,,
1549,748916,"Eggs, whole",2019-12-16,,0.24,,,0.72,0.85,0.83,1.33,,,,0.1,,,50.0,,,,,,412.0,0.5,0.2,323.0,0.2,27.2,351.0,,0.0,,,0.39,,,,,,,,,,,3.28,2.0599999999999996,,,,,,85.0,,,,,,1.82,,0.44,,,0.33,0.0,62.1,1.68,0.66,,1.13,,,,,0.93,,,,,,0.179,,,3.05,,,,,,,,,11.9,,,0.0,0.46,,,1.99,,,,1.72,,,0.007,,,,,,,0.017,,,,,,,,,,,,,,,0.72,193.0,,,,131.0,0.58,,,,,,169.0,0.413,,,,,0.036,,2.48,,0.922,,,,,,,,,,,,23.8,0.99,129.0,,,,,,,,,,,,,,,,,0.63,,,,,,,,,,,9.95,0.18,0.55,0.79,,0.48,,,,,0.0,0.38,,,,,,,75.5,,1.23,,,,,
1550,748933,"EGG, GRADE A, LARGE, WHOLE, RAW, FRESH",2019-12-16,,0.85,,,0.67,0.79,0.89,1.28,,,,0.2,,,51.0,,,,,,371.0,0.5,0.2,306.0,0.2,22.4,330.0,,0.0,,,0.4,,,,,,,,,,,3.69,1.68,3.0,,,,,93.0,,,,,,1.62,,0.41,,,0.29,0.0,90.9,1.71,0.62,,1.06,,,,,0.9,,,,,,0.241,,,3.41,,,,,,,,,12.7,,,0.0,0.42,,,2.07,,,,1.25,,,0.01,,,,,,,0.02,,,,,,,,,,,,,,,0.66,191.0,,,,134.0,0.49,,,,,,185.0,0.5,,,,,0.028,,2.21,,0.739,,,,,,,,,,,,54.1,0.92,129.0,,,,,,,,,,,,,,,,,0.59,,,,,,,,,,,9.85,0.17,0.51,0.74,,1.9,,,,,0.0,6.71,,,,,,,75.8,,1.24,,,,,
1551,748951,"EGG, GRADE A, LARGE, WHOLE, RAW, FRESH",2019-12-16,,0.58,,,,,0.0,,,,,0.2,,,49.0,,,,,,407.0,0.5,0.3,315.0,0.2,26.8,343.0,,0.0,,,,,,,,,,,,,,3.63,1.69,3.15,,,,,58.0,,,,,,,,,,,,,28.1,1.76,,,,,,,,,,,,,,0.244,,,3.34,,,,,,,,,10.9,,,0.0,,,,1.94,,,,1.35,,,0.01,,,,,,,0.017,,,,,,,,,,,,,,,,186.0,,,,125.0,,,,,,,173.0,0.384,,,,,0.033,,2.28,,0.801,,,,,,,,,,,,36.5,,132.0,,,,,,,,,,,,,,,,,,,,,,,,,,,,9.79,,,,,1.4,,,,,0.0,3.5,,,,,,,76.0,,1.31,,,,,
1552,748968,APPLEBEES -  BACON,2019-12-16,,,,,,,6.29,,,,,,,,13.0,,,,,,,,,,,,,,0.134,,,,,,,,,,,,,,15.3,7.36,13.0,0.09,,,,,0.0,0.0,,,0.0,,,,,,,,,1.06,,0.0,,,,,,,0.001,,0.006,0.0,,0.788,0.145,,14.1,,,0.273,,,0.003,0.004,0.001,33.2,,0.0,0.0,,,,6.87,,,0.04,6.52,,0.199,0.015,,0.0,,0.264,,0.028,0.052,0.0,0.185,,,0.003,,0.004,0.001,0.06,,0.023,,0.004,,,509.0,,,,554.0,,,,,,,,,0.039,0.0,0.034,,0.508,0.029,8.26,0.156,3.92,0.068,0.0,0.014,0.0,0.002,0.002,0.0,0.001,0.0,0.005,0.0,,,1770.0,,,,,,2.66,,0.0,0.002,0.071,,0.019,0.0,0.0,0.0,,,,,,,,,,,,,36.0,,,,,,,,,,,,,,,,,,14.0,,3.45,,,,,
1553,748974,APPLEBEES - BACON (WAVE 22D),2019-12-16,,,,,,,5.75,,,,,,,,12.0,,,,,,,,,,,,,,0.124,,,,,,,,,,,,,,16.3,7.02,17.5,0.18,,,,,0.0,0.0,,,0.0,,,,,,,,,1.19,,0.0,,,,,,,0.0,,0.009,0.0,,0.741,0.088,,15.1,,,0.313,,,0.003,0.006,0.001,39.5,,0.0,0.03,,,,,,,0.047,6.24,,0.204,0.009,,0.0,,0.282,,0.03,0.036,0.0,0.134,,,0.003,,0.004,0.001,0.044,,0.021,,0.006,,,491.0,,,,616.0,,,,,,,,,0.052,0.0,0.043,,0.67,0.024,9.94,0.144,6.49,0.104,0.0,0.012,0.0,0.002,0.001,0.0,0.001,0.0,0.006,0.0,,,1400.0,,,,,,2.06,,0.001,0.006,0.155,,0.022,0.0,0.0,0.0,,,,,,,,,,,,,41.9,,,,,,,,,,,,,,,,,,10.2,,3.28,,,,,
1554,748981,APPLEBEES -  BACON,2019-12-16,,,,,,,6.36,,,,,,,,15.0,,,,,,,,,,,,,,0.144,,,,,,,,,,,,,,21.0,6.33,13.1,0.12,,,,,0.0,0.0,,,0.0,,,,,,,,,1.18,,0.0,,,,,,,0.002,,0.011,0.0,,1.45,0.169,,18.9,,,0.38,,,0.005,0.008,0.002,36.3,,0.0,0.0,,,,7.15,,,0.044,5.66,,0.145,0.01,,0.0,,0.257,,0.022,0.04,0.0,0.129,,,0.002,,0.005,0.002,0.043,,0.013,,0.001,,,551.0,,,,600.0,,,,,,,,,0.055,0.0,0.039,,0.548,0.026,8.55,0.156,3.61,0.08,0.0,0.018,0.0,0.003,0.002,0.0,0.002,0.0,0.007,0.0,,,1760.0,,,,,,2.44,,0.001,0.006,0.095,,0.023,0.0,0.0,0.0,,,,,,,,,,,,,41.9,,,,,,,,,,,,,,,,,,3.12,,4.16,,,,,
1555,748988,APPLEBEES -  BACON,2019-12-16,,,,,,,5.63,,,,,,,,11.0,,,,,,,,,,,,,,0.133,,,,,,,,,,,,,,17.0,8.03,13.3,0.28,,,,,0.0,0.0,,,0.0,,,,,,,,,0.92,,0.0,,,,,,,0.001,,0.01,0.0,,0.9,0.117,,15.7,,,0.311,,,0.003,0.007,0.001,27.0,,0.0,0.0,,,,5.81,,,0.069,7.05,,0.337,0.012,,0.0,,0.267,,0.042,0.048,0.0,0.174,,,0.004,,0.004,0.001,0.057,,0.029,,0.006,,,329.0,,,,428.0,,,,,,,,,0.037,0.0,0.039,,0.536,0.026,8.62,0.129,3.8,0.071,0.0,0.015,0.0,0.003,0.001,0.0,0.001,0.0,0.005,0.0,,,1640.0,,,,,,3.22,,0.003,0.013,0.221,,0.041,0.0,0.0,0.0,,,,,,,,,,,,,39.7,,,,,,,,,,,,,,,,,,13.8,,2.96,,,,,
1556,748995,APPLEBEES -  BACON,2019-12-16,,,,,,,6.53,,,,,,,,14.0,,,,,,,,,,,,,,0.143,,,,,,,,,,,,,,13.9,5.93,10.8,0.13,,,,,0.0,0.0,,,0.0,,,,,,,,,1.13,,0.0,,,,,,,0.001,,0.005,0.0,,0.666,0.101,,12.9,,,0.256,,,0.003,0.004,0.001,44.5,,0.0,0.0,,,,7.81,,,0.055,5.22,,0.173,0.012,,0.0,,0.231,,0.026,0.038,0.0,0.153,,,0.002,,0.004,0.002,0.044,,0.021,,0.004,,,611.0,,,,692.0,,,,,,,,,0.026,0.0,0.035,,0.421,0.021,6.84,0.101,3.29,0.058,0.0,0.011,0.0,0.002,0.002,0.0,0.002,0.0,0.006,0.0,,,1810.0,,,,,,2.73,,0.001,0.007,0.097,,0.024,0.0,0.0,0.0,,,,,,,,,,,,,31.8,,,,,,,,,,,,,,,,,,8.27,,4.02,,,,,
1557,749002,APPLEBEES -  BACON,2019-12-16,,,,,,,7.85,,,,,,,,12.0,,,,,,,,,,,,,,0.145,,,,,,,,,,,,,,13.7,6.58,10.7,0.09,,,,,0.0,0.0,,,0.0,,,,,,,,,1.25,,0.0,,,,,,,0.001,,0.005,0.0,,0.577,0.077,,12.8,,,0.27,,,0.003,0.005,0.001,37.4,,0.0,0.0,,,,7.37,,,0.025,5.8,,0.168,0.014,,0.0,,0.271,,0.025,0.042,0.0,0.178,,,0.002,,0.004,0.001,0.056,,0.019,,0.004,,,577.0,,,,623.0,,,,,,,,,0.025,0.0,0.024,,0.387,0.016,6.81,0.08,3.26,0.069,0.0,0.013,0.0,0.003,0.002,0.0,0.001,0.0,0.006,0.0,,,2280.0,,,,,,3.49,,0.0,0.001,0.07,,0.017,0.0,0.0,0.0,,,,,,,,,,,,,34.1,,,,,,,,,,,,,,,,,,7.57,,3.51,,,,,
1558,749009,APPLEBEES - BACON (WAVE 22D),2019-12-16,,,,,,,6.5,,,,,,,,14.0,,,,,,,,,,,,,,0.116,,,,,,,,,,,,,,20.4,4.15,15.3,0.12,,,,,0.0,0.0,,,0.0,,,,,,,,,1.01,,0.0,,,,,,,0.001,,0.013,0.0,,1.54,0.094,,18.4,,,0.39,,,0.005,0.007,0.002,29.2,,0.0,0.017,,,,,,,0.049,3.49,,0.187,0.009,,0.0,,0.165,,0.029,0.035,0.0,0.151,,,0.002,,0.003,0.0,0.046,,0.025,,0.004,,,479.0,,,,466.0,,,,,,,,,0.038,0.0,0.034,,0.637,0.013,10.1,0.072,4.27,0.088,0.0,0.014,0.0,0.001,0.002,0.0,0.001,0.0,0.005,0.0,,,2020.0,,,,,,3.64,,0.001,0.005,0.097,,0.019,0.0,0.0,0.0,,,,,,,,,,,,,40.2,,,,,,,,,,,,,,,,,,15.6,,3.56,,,,,
1559,749016,APPLEBEES - BACON (WAVE 22D),2019-12-16,,,,,,,6.21,,,,,,,,14.0,,,,,,,,,,,,,,0.105,,,,,,,,,,,,,,15.0,5.68,11.7,0.11,,,,,0.0,0.0,,,0.0,,,,,,,,,0.93,,0.0,,,,,,,0.0,,0.005,0.0,,0.712,0.099,,13.9,,,0.258,,,0.003,0.004,0.001,37.4,,0.0,0.072,,,,,,,0.03,5.01,,0.178,0.01,,0.0,,0.221,,0.023,0.036,0.0,0.13,,,0.002,,0.003,0.0,0.042,,0.018,,0.002,,,401.0,,,,551.0,,,,,,,,,0.023,0.0,0.022,,0.409,0.017,7.36,0.104,3.68,0.068,0.0,0.016,0.0,0.001,0.002,0.0,0.001,0.0,0.005,0.0,,,1780.0,,,,,,3.79,,0.0,0.001,0.087,,0.018,0.0,0.0,0.0,,,,,,,,,,,,,33.5,,,,,,,,,,,,,,,,,,19.8,,2.52,,,,,
1560,749023,APPLEBEES - BACON (WAVE 22D),2019-12-16,,,,,,,6.7,,,,,,,,13.0,,,,,,,,,,,,,,0.141,,,,,,,,,,,,,,15.6,4.87,12.6,0.25,,,,,0.0,0.0,,,0.0,,,,,,,,,1.25,,0.0,,,,,,,0.0,,0.008,0.0,,0.778,0.097,,14.5,,,0.27,,,0.003,0.004,0.001,38.1,,0.0,0.018,,,,,,,0.059,4.18,,0.148,0.011,,0.0,,0.188,,0.021,0.045,0.0,0.188,,,0.002,,0.003,0.0,0.05,,0.022,,0.006,,,545.0,,,,602.0,,,,,,,,,0.027,0.0,0.022,,0.463,0.017,7.87,0.094,4.06,0.067,0.0,0.014,0.0,0.002,0.002,0.0,0.002,0.0,0.008,0.0,,,1940.0,,,,,,2.57,,0.001,0.016,0.199,,0.034,0.0,0.0,0.0,,,,,,,,,,,,,35.1,,,,,,,,,,,,,,,,,,10.6,,4.0,,,,,
1561,749030,APPLEBEES - BACON (WAVE 22D),2019-12-16,,,,,,,6.82,,,,,,,,13.0,,,,,,,,,,,,,,0.156,,,,,,,,,,,,,,20.6,5.04,15.7,0.14,,,,,0.0,0.0,,,0.0,,,,,,,,,1.54,,0.0,,,,,,,0.0,,0.013,0.0,,1.34,0.119,,18.8,,,0.347,,,0.004,0.006,0.001,40.5,,0.0,0.024,,,,,,,0.056,4.37,,0.163,0.011,,0.0,,0.189,,0.026,0.045,0.0,0.154,,,0.003,,0.003,0.0,0.044,,0.023,,0.004,,,575.0,,,,635.0,,,,,,,,,0.051,0.0,0.041,,0.672,0.018,10.3,0.11,4.39,0.09,0.0,0.014,0.0,0.002,0.001,0.0,0.002,0.0,0.007,0.0,,,1930.0,,,,,,2.54,,0.0,0.004,0.117,,0.021,0.0,0.0,0.0,,,,,,,,,,,,,42.6,,,,,,,,,,,,,,,,,,5.13,,4.07,,,,,
1562,749037,APPLEBEES - BACON (WAVE 22D),2019-12-16,,,,,,,6.31,,,,,,,,9.0,,,,,,,,,,,,,,0.094,,,,,,,,,,,,,,19.5,5.37,15.1,0.16,,,,,0.0,0.0,,,0.0,,,,,,,,,1.33,,0.0,,,,,,,0.001,,0.011,0.0,,1.3,0.103,,17.8,,,0.276,,,0.004,0.005,0.001,29.2,,0.0,0.019,,,,,,,0.048,4.72,,0.187,0.01,,0.0,,0.177,,0.023,0.036,0.0,0.146,,,0.001,,0.003,0.0,0.041,,0.018,,0.003,,,372.0,,,,492.0,,,,,,,,,0.038,0.0,0.032,,0.613,0.015,9.88,0.089,4.33,0.071,0.0,0.012,0.0,0.002,0.003,0.0,0.001,0.0,0.005,0.0,,,1980.0,,,,,,2.94,,0.001,0.01,0.127,,0.02,0.0,0.0,0.0,,,,,,,,,,,,,39.5,,,,,,,,,,,,,,,,,,17.7,,3.15,,,,,
1563,749044,"BURGER KING, BACON",2019-12-16,,,,,,,7.01,,,,,,,,9.0,,,,,,,,,,,,,,0.11,,,,,,,,,,,,,,17.2,8.01,13.3,0.37,,,,,0.0,0.0,,,0.37,,,,,,,,,1.32,,0.0,,,,,,,0.0,,0.015,0.0,,0.787,0.125,,16.0,,,0.333,,,0.003,0.008,0.002,42.9,,0.0,0.02,,,,6.35,,,0.074,6.9,,0.43,0.015,,0.0,,0.248,,0.052,0.053,0.0,0.189,,,0.004,,0.003,0.0,0.056,,0.038,,0.015,,,445.0,,,,714.0,,,,,,,,,0.022,0.0,0.024,,0.476,0.028,8.28,0.137,4.26,0.062,0.0,0.014,0.0,0.002,0.004,0.0,0.002,0.0,0.005,0.0,,,2100.0,,,,,,1.0,,0.005,0.028,0.269,,0.071,0.001,0.0,0.0,,,,,,,,,,,,,42.2,,,,,,,,,,,,,,,,,,12.1,,3.59,,,,,
1564,749050,"BURGER KING, BACON",2019-12-16,,,,,,,6.99,,,,,,,,13.0,,,,,,,,,,,,,,0.129,,,,,,,,,,,,,,14.6,5.66,13.0,0.1,,,,,0.0,0.0,,,0.0,,,,,,,,,1.14,,0.0,,,,,,,0.001,,0.005,0.0,,0.641,0.058,,13.6,,,0.284,,,0.002,0.006,0.001,33.4,,0.0,0.02,,,,5.99,,,0.026,4.92,,0.186,0.011,,0.0,,0.213,,0.171,0.04,0.0,0.028,,,0.002,,0.004,0.002,0.052,,0.024,,0.006,,,375.0,,,,536.0,,,,,,,,,0.032,0.0,0.032,,0.442,0.013,7.93,0.066,4.4,0.072,0.0,0.012,0.0,0.002,0.002,0.0,0.001,0.0,0.004,0.0,,,2030.0,,,,,,1.1,,0.0,0.002,0.076,,0.014,0.0,0.0,0.0,,,,,,,,,,,,,33.9,,,,,,,,,,,,,,,,,,18.1,,4.02,,,,,
1565,749057,"BURGER KING, BACON",2019-12-16,,,,,,,5.33,,,,,,,,12.0,,,,,,,,,,,,,,0.09,,,,,,,,,,,,,,14.9,7.34,10.9,0.11,,,,,0.0,0.0,,,0.0,,,,,,,,,1.02,,0.0,,,,,,,0.001,,0.007,0.0,,0.783,0.094,,13.7,,,0.274,,,0.004,0.005,0.002,30.7,,0.0,0.015,,,,5.38,,,0.039,6.51,,0.242,0.013,,0.0,,0.266,,0.029,0.045,0.0,0.156,,,0.003,,0.004,0.0,0.049,,0.022,,0.003,,,376.0,,,,363.0,,,,,,,,,0.029,0.0,0.026,,0.417,0.018,7.17,0.093,3.06,0.066,0.0,0.013,0.0,0.003,0.003,0.0,0.001,0.0,0.006,0.0,,,1480.0,,,,,,1.5,,0.001,0.005,0.082,,0.023,0.0,0.0,0.0,,,,,,,,,,,,,34.7,,,,,,,,,,,,,,,,,,26.8,,2.95,,,,,
1566,749063,"BURGER KING, BACON",2019-12-16,,,,,,,7.19,,,,,,,,10.0,,,,,,,,,,,,,,0.122,,,,,,,,,,,,,,15.5,7.34,12.1,0.33,,,,,0.0,0.0,,,0.0,,,,,,,,,1.27,,0.0,,,,,,,0.0,,0.012,0.0,,0.725,0.11,,14.3,,,0.311,,,0.003,0.007,0.001,44.1,,0.0,0.017,,,,6.91,,,0.064,6.29,,0.4,0.013,,0.0,,0.236,,0.051,0.048,0.0,0.19,,,0.004,,0.003,0.0,0.051,,0.04,,0.01,,,455.0,,,,732.0,,,,,,,,,0.025,0.0,0.025,,0.459,0.026,7.49,0.122,3.9,0.061,0.0,0.015,0.0,0.003,0.004,0.0,0.002,0.0,0.004,0.0,,,1970.0,,,,,,0.9,,0.004,0.024,0.236,,0.062,0.0,0.0,0.0,,,,,,,,,,,,,37.7,,,,,,,,,,,,,,,,,,12.4,,4.06,,,,,
1567,749069,"BURGER KING, BACON",2019-12-16,,,,,,,6.86,,,,,,,,10.0,,,,,,,,,,,,,,0.115,,,,,,,,,,,,,,20.3,4.09,14.0,0.13,,,,,0.0,0.0,,,0.0,,,,,,,,,1.04,,0.0,,,,,,,0.002,,0.011,0.0,,1.44,0.136,,18.4,,,0.298,,,0.005,0.006,0.002,37.5,,0.0,0.016,,,,6.11,,,0.055,3.51,,0.141,0.014,,0.0,,0.137,,0.022,0.037,0.0,0.156,,,0.003,,0.002,0.0,0.038,,0.022,,0.003,,,474.0,,,,668.0,,,,,,,,,0.039,0.0,0.029,,0.52,0.018,9.18,0.116,3.97,0.069,0.0,0.022,0.0,0.002,0.003,0.0,0.001,0.0,0.005,0.0,,,1800.0,,,,,,1.4,,0.0,0.004,0.102,,0.019,0.0,0.0,0.0,,,,,,,,,,,,,41.5,,,,,,,,,,,,,,,,,,12.4,,2.86,,,,,
1568,749075,BURGER KING - BACON,2019-12-16,,,,,,,7.07,,,,,,,,16.0,,,,,,,,,,,,,,0.121,,,,,,,,,,,,,,,,,,,,,,0.0,0.0,,,0.0,,,,,,,,,3.6,,0.0,,,,,,,,,,,,,,,,,,,,,,,,38.4,,0.0,0.0,,,,6.11,,,,,,,,,,,,,,,,,,,,,,,,,,,,,,379.0,,,,627.0,,,,,,,,,,,,,,,,,,,,,,,,,,,,,,,2110.0,,,,,,1.28,,,,,,,,,,,,,,,,,,,,,,41.5,,,,,,,,,,,,,,,,,,12.3,,3.69,,,,,
1569,749080,"BURGER KING, BACON",2019-12-16,,,,,,,5.95,,,,,,,,10.0,,,,,,,,,,,,,,0.076,,,,,,,,,,,,,,16.0,8.22,11.9,0.08,,,,,0.0,0.0,,,0.0,,,,,,,,,0.92,,0.0,,,,,,,0.001,,0.005,0.0,,0.798,0.096,,14.8,,,0.295,,,0.005,0.005,0.002,28.7,,0.0,0.012,,,,5.32,,,0.034,7.28,,0.238,0.016,,0.0,,0.323,,0.033,0.054,0.0,0.18,,,0.003,,0.004,0.0,0.056,,0.025,,0.005,,,390.0,,,,444.0,,,,,,,,,0.026,0.0,0.028,,0.441,0.017,7.71,0.087,3.53,0.062,0.0,0.016,0.0,0.003,0.004,0.0,0.001,0.0,0.003,0.0,,,1810.0,,,,,,1.37,,0.0,0.003,0.058,,0.021,0.0,0.0,0.0,,,,,,,,,,,,,38.9,,,,,,,,,,,,,,,,,,22.9,,2.91,,,,,
1570,749086,BURGER KING - BACON,2019-12-16,,,,,,,7.19,,,,,,,,12.0,,,,,,,,,,,,,,0.146,,,,,,,,,,,,,,15.0,3.32,11.5,0.11,,,,,0.0,0.0,,,0.0,,,,,,,,,1.56,,0.0,,,,,,,0.0,,0.005,0.0,,0.781,0.083,,13.9,,,0.286,,,0.003,0.004,0.001,42.1,,0.0,0.0,,,,7.28,,,0.034,2.78,,0.117,0.006,,0.0,,0.131,,0.021,0.033,0.0,0.155,,,0.002,,0.002,0.0,0.043,,0.023,,0.007,,,486.0,,,,732.0,,,,,,,,,0.023,0.0,0.022,,0.408,0.012,7.33,0.075,3.56,0.064,0.0,0.014,0.0,0.001,0.002,0.0,0.0,0.0,0.004,0.0,,,2090.0,,,,,,1.76,,0.0,0.004,0.093,,0.016,0.0,0.0,0.0,,,,,,,,,,,,,32.8,,,,,,,,,,,,,,,,,,14.0,,3.89,,,,,
1571,749092,BURGER KING - BACON,2019-12-16,,,,,,,6.24,,,,,,,,12.0,,,,,,,,,,,,,,0.139,,,,,,,,,,,,,,17.7,7.02,13.1,0.24,,,,,0.0,0.0,,,0.0,,,,,,,,,1.34,,0.0,,,,,,,0.001,,0.013,0.0,,1.05,0.112,,16.2,,,0.318,,,0.004,0.005,0.001,37.9,,0.0,0.0,,,,6.54,,,0.076,6.14,,0.21,0.015,,0.0,,0.239,,0.025,0.054,0.0,0.222,,,0.004,,0.003,0.001,0.07,,0.03,,0.007,,,455.0,,,,656.0,,,,,,,,,0.047,0.0,0.036,,0.542,0.023,8.52,0.113,3.75,0.071,0.0,0.017,0.0,0.001,0.002,0.0,0.001,0.0,0.004,0.0,,,1720.0,,,,,,1.23,,0.002,0.013,0.193,,0.031,0.0,0.0,0.0,,,,,,,,,,,,,44.8,,,,,,,,,,,,,,,,,,9.24,,3.05,,,,,
1572,749098,BURGER KING - BACON,2019-12-16,,,,,,,6.21,,,,,,,,12.0,,,,,,,,,,,,,,0.117,,,,,,,,,,,,,,11.8,5.75,12.6,0.11,,,,,0.0,0.0,,,0.0,,,,,,,,,1.25,,0.0,,,,,,,0.0,,0.004,0.0,,0.552,0.073,,11.0,,,0.23,,,0.002,0.004,0.001,38.4,,0.0,0.0,,,,6.43,,,0.032,5.08,,0.158,0.009,,0.0,,0.223,,0.023,0.036,0.0,0.146,,,0.001,,0.004,0.0,0.052,,0.015,,0.004,,,394.0,,,,638.0,,,,,,,,,0.029,0.0,0.028,,0.502,0.018,7.26,0.109,4.57,0.078,0.0,0.009,0.0,0.001,0.002,0.0,0.001,0.0,0.004,0.0,,,1800.0,,,,,,0.76,,0.0,0.003,0.09,,0.016,0.0,0.0,0.0,,,,,,,,,,,,,32.1,,,,,,,,,,,,,,,,,,20.1,,3.57,,,,,
1573,749104,BURGER KING - BACON,2019-12-16,,,,,,,7.17,,,,,,,,13.0,,,,,,,,,,,,,,0.152,,,,,,,,,,,,,,16.8,6.98,13.2,0.12,,,,,0.0,0.0,,,0.0,,,,,,,,,1.22,,0.0,,,,,,,0.0,,0.008,0.0,,0.963,0.083,,15.5,,,0.265,,,0.003,0.006,0.002,39.0,,0.0,0.0,,,,6.91,,,0.027,6.15,,0.206,0.017,,0.0,,0.241,,0.026,0.049,0.0,0.199,,,0.003,,0.004,0.001,0.058,,0.021,,0.004,,,446.0,,,,646.0,,,,,,,,,0.049,0.0,0.036,,0.5,0.016,8.38,0.093,4.04,0.081,0.0,0.013,0.0,0.002,0.0,0.0,0.002,0.0,0.005,0.0,,,1980.0,,,,,,1.53,,0.0,0.003,0.092,,0.021,0.0,0.0,0.0,,,,,,,,,,,,,38.0,,,,,,,,,,,,,,,,,,9.59,,3.53,,,,,
1574,749110,BURGER KING - BACON,2019-12-16,,,,,,,5.77,,,,,,,,17.0,,,,,,,,,,,,,,0.105,,,,,,,,,,,,,,12.4,6.17,9.89,0.13,,,,,0.93,0.0,,,0.96,,,,,,,,,1.52,,0.0,,,,,,,0.0,,0.007,0.0,,0.508,0.087,,11.5,,,0.213,,,0.003,0.017,0.0,31.6,,0.0,0.0,,,,6.51,,,0.045,5.41,,0.178,0.012,,0.0,,0.222,,0.024,0.043,0.0,0.194,,,0.002,,0.003,0.0,0.053,,0.022,,0.005,,,395.0,,,,461.0,,,,,,,,,0.032,0.0,0.022,,0.328,0.018,5.95,0.1,3.36,0.054,0.0,0.012,0.0,0.002,0.002,0.0,0.0,0.0,0.004,0.0,,,1820.0,,,,,,1.59,,0.001,0.003,0.107,,0.024,0.0,0.0,0.0,,,,,,,,,,,,,27.3,,,,,,,,,,,,,,,,,,25.0,,3.24,,,,,
1575,749116,DENNYS - BACON ,2019-12-16,,,,,,,5.61,,,,,,,,13.0,,,,,,,,,,,,,,0.163,,,,,,,,,,,,,,16.1,5.24,12.2,0.19,,,,,0.0,0.0,,,0.0,,,,,,,,,1.18,,0.0,,,,,,,0.001,,0.011,0.0,,0.932,0.12,,14.7,,,0.297,,,0.004,0.005,0.001,40.6,,0.0,0.0,,,,7.47,,,0.06,4.44,,0.266,0.013,,0.0,,0.178,,0.035,0.045,0.0,0.164,,,0.007,,0.003,0.002,0.048,,0.031,,0.008,,,436.0,,,,617.0,,,,,,,,,0.038,0.0,0.034,,0.498,0.022,7.84,0.115,3.58,0.06,0.0,0.022,0.0,0.003,0.002,0.0,0.001,0.0,0.007,0.0,,,1500.0,,,,,,2.62,,0.001,0.011,0.142,,0.036,0.0,0.0,0.0,,,,,,,,,,,,,36.8,,,,,,,,,,,,,,,,,,9.81,,3.85,,,,,
1576,749122,DENNYS - BACON ,2019-12-16,,,,,,,5.74,,,,,,,,14.0,,,,,,,,,,,,,,0.142,,,,,,,,,,,,,,13.0,4.99,11.1,0.1,,,,,0.0,0.0,,,0.0,,,,,,,,,1.39,,0.0,,,,,,,0.001,,0.011,0.0,,0.83,0.061,,11.9,,,0.228,,,0.003,0.006,0.002,39.8,,0.0,0.0,,,,7.54,,,0.028,4.31,,0.21,0.013,,0.0,,0.156,,0.025,0.041,0.0,0.158,,,0.003,,0.003,0.0,0.042,,0.023,,0.0,,,394.0,,,,609.0,,,,,,,,,0.033,0.0,0.033,,0.44,0.014,7.08,0.059,3.34,0.058,0.0,0.012,0.0,0.003,0.002,0.0,0.001,0.0,0.005,0.0,,,1550.0,,,,,,3.25,,0.001,0.004,0.072,,0.019,0.0,0.0,0.0,,,,,,,,,,,,,29.7,,,,,,,,,,,,,,,,,,15.0,,4.37,,,,,
1577,749129,DENNYS - BACON ,2019-12-16,,,,,,,6.63,,,,,,,,15.0,,,,,,,,,,,,,,0.152,,,,,,,,,,,,,,11.1,4.23,9.18,0.1,,,,,0.0,0.0,,,0.0,,,,,,,,,1.31,,0.0,,,,,,,0.002,,0.009,0.0,,0.563,0.063,,10.3,,,0.181,,,0.003,0.004,0.001,44.0,,0.0,0.0,,,,8.8,,,0.02,3.63,,0.241,0.009,,0.0,,0.127,,0.024,0.027,0.0,0.111,,,0.004,,0.002,0.002,0.025,,0.021,,0.008,,,524.0,,,,681.0,,,,,,,,,0.026,0.0,0.024,,0.335,0.014,5.66,0.064,2.97,0.058,0.0,0.014,0.0,0.003,0.002,0.0,0.003,0.0,0.008,0.0,,,1830.0,,,,,,3.3,,0.001,0.005,0.073,,0.016,0.0,0.0,0.0,,,,,,,,,,,,,28.1,,,,,,,,,,,,,,,,,,7.91,,4.33,,,,,
1578,749136,DENNYS - BACON ,2019-12-16,,,,,,,5.7,,,,,,,,15.0,,,,,,,,,,,,,,0.18,,,,,,,,,,,,,,13.5,3.32,11.1,0.11,,,,,0.0,0.0,,,0.0,,,,,,,,,1.14,,0.0,,,,,,,0.001,,0.007,0.0,,0.757,0.103,,12.4,,,0.258,,,0.003,0.004,0.001,36.2,,0.0,0.0,,,,7.21,,,0.017,2.74,,0.163,0.007,,0.0,,0.13,,0.027,0.03,0.0,0.138,,,0.005,,0.003,0.002,0.04,,0.024,,0.007,,,370.0,,,,566.0,,,,,,,,,0.032,0.0,0.028,,0.421,0.017,6.9,0.094,3.52,0.061,0.0,0.016,0.0,0.001,0.002,0.0,0.001,0.0,0.006,0.0,,,1540.0,,,,,,3.56,,0.001,0.005,0.082,,0.018,0.0,0.0,0.0,,,,,,,,,,,,,27.6,,,,,,,,,,,,,,,,,,19.6,,3.78,,,,,
1579,749142,DENNYS - BACON ,2019-12-16,,,,,,,6.43,,,,,,,,15.0,,,,,,,,,,,,,,0.139,,,,,,,,,,,,,,11.2,6.95,8.0,0.14,,,,,0.0,0.0,,,0.0,,,,,,,,,1.24,,0.0,,,,,,,0.0,,0.004,0.0,,0.494,0.062,,10.4,,,0.289,,,0.001,0.005,0.002,36.0,,0.0,0.0,,,,7.18,,,0.048,6.24,,0.404,0.007,,0.001,,0.081,,0.008,0.025,0.0,0.115,,,0.003,,0.002,0.005,0.038,,0.014,,0.003,,,373.0,,,,561.0,,,,,,,,,0.02,0.0,0.017,,0.22,0.01,5.01,0.054,2.49,0.074,0.0,0.054,0.0,0.018,0.002,0.0,0.002,0.0,0.034,0.0,,,1870.0,,,,,,3.89,,0.0,0.002,0.066,,0.07,0.0,0.0,0.0,,,,,,,,,,,,,30.0,,,,,,,,,,,,,,,,,,16.3,,3.26,,,,,
1580,749148,DENNYS - BACON ,2019-12-16,,,,,,,7.11,,,,,,,,14.0,,,,,,,,,,,,,,0.474,,,,,,,,,,,,,,17.5,4.58,13.3,0.36,,,,,0.0,0.0,,,0.0,,,,,,,,,1.42,,0.0,,,,,,,0.001,,0.012,0.0,,0.939,0.118,,16.2,,,0.281,,,0.004,0.005,0.001,47.0,,0.0,0.0,,,,7.45,,,0.078,3.98,,0.163,0.008,,0.001,,0.154,,0.021,0.034,0.0,0.155,,,0.003,,0.002,0.001,0.039,,0.019,,0.004,,,465.0,,,,650.0,,,,,,,,,0.039,0.0,0.03,,0.514,0.018,8.4,0.101,4.11,0.065,0.0,0.015,0.0,0.002,0.002,0.0,0.002,0.0,0.006,0.0,,,2070.0,,,,,,2.27,,0.004,0.02,0.294,,0.038,0.0,0.0,0.0,,,,,,,,,,,,,35.7,,,,,,,,,,,,,,,,,,7.83,,3.76,,,,,
1581,749155,DENNYS - BACON  (WAVE 22D),2019-12-16,,,,,,,5.92,,,,,,,,13.0,,,,,,,,,,,,,,0.113,,,,,,,,,,,,,,12.7,5.66,9.58,0.13,,,,,0.0,0.0,,,0.0,,,,,,,,,1.33,,0.0,,,,,,,0.0,,0.006,0.0,,0.633,0.081,,11.7,,,0.241,,,0.004,0.005,0.001,41.3,,0.0,0.016,,,,,,,0.038,4.87,,0.262,0.012,,0.0,,0.191,,0.031,0.04,0.0,0.168,,,0.003,,0.003,0.0,0.041,,0.027,,0.007,,,407.0,,,,665.0,,,,,,,,,0.028,0.0,0.031,,0.365,0.016,6.09,0.072,2.91,0.053,0.0,0.012,0.0,0.002,0.003,0.0,0.0,0.0,0.003,0.0,,,1570.0,,,,,,3.59,,0.0,0.005,0.098,,0.025,0.0,0.0,0.0,,,,,,,,,,,,,26.2,,,,,,,,,,,,,,,,,,20.3,,4.82,,,,,
1582,749162,DENNYS - BACON  (WAVE 22D),2019-12-16,,,,,,,5.29,,,,,,,,10.0,,,,,,,,,,,,,,0.094,,,,,,,,,,,,,,19.9,5.54,16.0,0.14,,,,,0.0,0.0,,,0.0,,,,,,,,,1.41,,0.0,,,,,,,0.001,,0.01,0.0,,1.07,0.12,,18.3,,,0.359,,,0.005,0.008,0.002,29.8,,0.0,0.023,,,,,,,0.051,4.7,,0.321,0.013,,0.0,,0.18,,0.038,0.043,0.0,0.154,,,0.004,,0.003,0.001,0.042,,0.032,,0.009,,,317.0,,,,454.0,,,,,,,,,0.049,0.0,0.04,,0.602,0.023,10.1,0.119,5.0,0.096,0.0,0.022,0.0,0.003,0.001,0.0,0.0,0.0,0.005,0.0,,,1550.0,,,,,,3.21,,0.001,0.004,0.115,,0.015,0.0,0.0,0.0,,,,,,,,,,,,,39.7,,,,,,,,,,,,,,,,,,17.3,,3.36,,,,,
1583,749169,DENNYS - BACON  (WAVE 22D),2019-12-16,,,,,,,5.29,,,,,,,,11.0,,,,,,,,,,,,,,0.105,,,,,,,,,,,,,,18.0,6.25,14.2,0.16,,,,,0.0,0.0,,,0.0,,,,,,,,,1.3,,0.0,,,,,,,0.001,,0.009,0.0,,0.903,0.131,,16.6,,,0.321,,,0.004,0.007,0.002,33.0,,0.0,0.025,,,,,,,0.052,5.34,,0.321,0.013,,0.0,,0.216,,0.04,0.047,0.0,0.172,,,0.004,,0.003,0.001,0.046,,0.034,,0.008,,,321.0,,,,467.0,,,,,,,,,0.032,0.0,0.037,,0.542,0.022,8.85,0.118,4.5,0.082,0.0,0.019,0.0,0.002,0.002,0.0,0.001,0.0,0.005,0.0,,,1470.0,,,,,,3.6,,0.001,0.009,0.123,,0.027,0.0,0.0,0.0,,,,,,,,,,,,,37.2,,,,,,,,,,,,,,,,,,18.3,,3.06,,,,,
1584,749176,DENNYS - BACON  (WAVE 22D),2019-12-16,,,,,,,5.62,,,,,,,,12.0,,,,,,,,,,,,,,0.108,,,,,,,,,,,,,,17.8,5.13,14.2,0.12,,,,,0.0,0.0,,,0.0,,,,,,,,,1.1,,0.0,,,,,,,0.001,,0.009,0.0,,1.02,0.142,,16.3,,,0.324,,,0.004,0.006,0.001,36.1,,0.0,0.022,,,,,,,0.04,4.46,,0.182,0.01,,0.0,,0.189,,0.025,0.04,0.0,0.144,,,0.003,,0.003,0.001,0.045,,0.02,,0.002,,,356.0,,,,552.0,,,,,,,,,0.044,0.0,0.034,,0.543,0.021,9.09,0.123,4.24,0.084,0.0,0.021,0.0,0.003,0.001,0.0,0.0,0.0,0.006,0.0,,,1560.0,,,,,,3.59,,0.0,0.004,0.102,,0.017,0.0,0.0,0.0,,,,,,,,,,,,,40.4,,,,,,,,,,,,,,,,,,12.9,,3.46,,,,,
1585,749183,DENNYS - BACON  (WAVE 22D),2019-12-16,,,,,,,5.77,,,,,,,,10.0,,,,,,,,,,,,,,0.094,,,,,,,,,,,,,,18.8,4.97,15.1,0.25,,,,,0.0,0.0,,,0.0,,,,,,,,,1.59,,0.0,,,,,,,0.001,,0.013,0.0,,1.1,0.103,,17.2,,,0.31,,,0.004,0.006,0.001,31.7,,0.0,0.028,,,,,,,0.059,4.36,,0.153,0.011,,0.0,,0.171,,0.023,0.041,0.0,0.146,,,0.002,,0.003,0.0,0.042,,0.019,,0.003,,,342.0,,,,435.0,,,,,,,,,0.048,0.0,0.038,,0.609,0.018,9.57,0.102,4.58,0.081,0.0,0.015,0.0,0.002,0.001,0.0,0.0,0.0,0.006,0.0,,,1780.0,,,,,,2.28,,0.001,0.008,0.219,,0.025,0.0,0.0,0.0,,,,,,,,,,,,,42.0,,,,,,,,,,,,,,,,,,15.6,,2.87,,,,,
1586,749190,DENNYS - BACON  (WAVE 22D),2019-12-16,,,,,,,6.88,,,,,,,,14.0,,,,,,,,,,,,,,0.124,,,,,,,,,,,,,,14.2,6.1,11.8,0.15,,,,,0.0,0.0,,,0.0,,,,,,,,,2.25,,0.0,,,,,,,0.0,,0.006,0.0,,0.684,0.083,,13.2,,,0.262,,,0.002,0.005,0.001,52.9,,0.0,0.026,,,,,,,0.034,5.3,,0.252,0.011,,0.0,,0.21,,0.03,0.039,0.0,0.172,,,0.003,,0.003,0.001,0.042,,0.027,,0.006,,,422.0,,,,640.0,,,,,,,,,0.023,0.0,0.028,,0.442,0.017,7.42,0.082,3.63,0.075,0.0,0.012,0.0,0.002,0.002,0.0,0.003,0.0,0.012,0.0,,,1960.0,,,,,,3.86,,0.0,0.01,0.108,,0.026,0.0,0.0,0.0,,,,,,,,,,,,,34.3,,,,,,,,,,,,,,,,,,7.48,,4.7,,,,,
1587,749197,"IHOP - BACON, COOKED",2019-12-16,,,,,,,7.28,,,,,,,,13.0,,,,,,,,,,,,,,0.15,,,,,,,,,,,,,,14.6,5.44,11.2,0.16,,,,,0.0,0.0,,,0.0,,,,,,,,,1.49,,0.0,,,,,,,0.0,,0.007,0.0,,0.796,0.113,,13.5,,,0.265,,,0.003,0.005,0.001,34.8,,0.0,0.081,,,,6.3,,,0.048,4.77,,0.174,0.013,,0.0,,0.19,,0.02,0.039,0.0,0.161,,,0.001,,0.003,0.0,0.047,,0.019,,0.004,,,432.0,,,,630.0,,,,,,,,,0.026,0.0,0.021,,0.409,0.019,7.15,0.106,3.43,0.067,0.0,0.006,0.0,0.002,0.004,0.0,0.001,0.0,0.007,0.0,,,2210.0,,,,,,4.25,,0.001,0.009,0.121,,0.025,0.0,0.0,0.0,,,,,,,,,,,,,35.1,,,,,,,,,,,,,,,,,,17.5,,4.25,,,,,
1588,749203,"IHOP - BACON, COOKED",2019-12-16,,,,,,,7.82,,,,,,,,12.0,,,,,,,,,,,,,,0.127,,,,,,,,,,,,,,19.0,7.21,13.4,0.18,,,,,0.0,0.0,,,0.0,,,,,,,,,1.11,,0.0,,,,,,,0.001,,0.009,0.0,,1.04,0.104,,17.5,,,0.32,,,0.004,0.006,0.001,30.1,,0.0,0.035,,,,6.02,,,0.052,6.28,,0.333,0.016,,0.0,,0.228,,0.033,0.049,0.0,0.17,,,0.003,,0.003,0.001,0.048,,0.03,,0.008,,,434.0,,,,551.0,,,,,,,,,0.035,0.0,0.027,,0.48,0.018,8.62,0.094,4.01,0.075,0.0,0.009,0.0,0.004,0.004,0.0,0.001,0.0,0.006,0.0,,,2400.0,,,,,,4.36,,0.001,0.012,0.135,,0.033,0.0,0.0,0.0,,,,,,,,,,,,,37.9,,,,,,,,,,,,,,,,,,13.0,,2.78,,,,,
1589,749209,"IHOP - BACON, COOKED",2019-12-16,,,,,,,5.94,,,,,,,,12.0,,,,,,,,,,,,,,0.099,,,,,,,,,,,,,,16.9,4.82,13.0,0.38,,,,,0.0,0.0,,,0.0,,,,,,,,,1.22,,0.0,,,,,,,0.001,,0.014,0.0,,1.0,0.152,,15.4,,,0.275,,,0.003,0.004,0.001,33.2,,0.0,0.023,,,,5.83,,,0.073,4.2,,0.217,0.008,,0.0,,0.145,,0.024,0.032,0.0,0.129,,,0.002,,0.002,0.0,0.033,,0.019,,0.003,,,381.0,,,,586.0,,,,,,,,,0.033,0.0,0.03,,0.516,0.025,8.25,0.136,3.9,0.061,0.0,0.01,0.0,0.002,0.004,0.0,0.001,0.0,0.006,0.0,,,1690.0,,,,,,2.01,,0.003,0.025,0.316,,0.036,0.0,0.0,0.0,,,,,,,,,,,,,39.1,,,,,,,,,,,,,,,,,,19.6,,3.68,,,,,
1590,749215,"IHOP - BACON, COOKED",2019-12-16,,,,,,,5.5,,,,,,,,12.0,,,,,,,,,,,,,,0.119,,,,,,,,,,,,,,17.4,6.01,15.8,0.18,,,,,0.0,0.0,,,0.0,,,,,,,,,1.28,,0.0,,,,,,,0.001,,0.006,0.0,,0.857,0.107,,16.0,,,0.361,,,0.005,0.006,0.001,33.1,,0.0,0.034,,,,6.12,,,0.085,5.16,,0.261,0.011,,0.0,,0.256,,0.043,0.044,0.0,0.141,,,0.002,,0.004,0.001,0.052,,0.029,,0.003,,,381.0,,,,567.0,,,,,,,,,0.035,0.0,0.038,,0.562,0.02,9.49,0.109,5.4,0.104,0.0,0.01,0.0,0.003,0.004,0.0,0.002,0.0,0.007,0.0,,,1620.0,,,,,,2.94,,0.001,0.003,0.154,,0.026,0.0,0.0,0.0,,,,,,,,,,,,,40.6,,,,,,,,,,,,,,,,,,14.5,,3.37,,,,,
1591,749221,"IHOP - BACON, COOKED",2019-12-16,,,,,,,7.24,,,,,,,,12.0,,,,,,,,,,,,,,0.126,,,,,,,,,,,,,,12.6,5.57,9.66,0.09,,,,,0.0,0.0,,,0.0,,,,,,,,,1.16,,0.0,,,,,,,0.0,,0.005,0.0,,0.606,0.056,,11.7,,,0.214,,,0.002,0.004,0.001,37.1,,0.0,0.027,,,,6.43,,,0.026,4.84,,0.229,0.011,,0.0,,0.197,,0.029,0.033,0.0,0.156,,,0.002,,0.0,0.0,0.037,,0.023,,0.006,,,462.0,,,,635.0,,,,,,,,,0.018,0.0,0.018,,0.344,0.011,6.19,0.053,2.97,0.051,0.0,0.006,0.0,0.002,0.003,0.0,0.001,0.0,0.003,0.0,,,2240.0,,,,,,3.62,,0.0,0.007,0.066,,0.017,0.0,0.0,0.0,,,,,,,,,,,,,30.1,,,,,,,,,,,,,,,,,,18.6,,3.61,,,,,
1592,749227,"IHOP - BACON, COOKED",2019-12-16,,,,,,,7.46,,,,,,,,11.0,,,,,,,,,,,,,,0.128,,,,,,,,,,,,,,16.1,6.7,12.4,0.13,,,,,0.0,0.0,,,0.0,,,,,,,,,1.12,,0.0,,,,,,,0.001,,0.007,0.0,,0.769,0.073,,15.0,,,0.263,,,0.003,0.005,0.001,34.9,,0.0,0.023,,,,6.2,,,0.035,5.85,,0.27,0.013,,0.0,,0.252,,0.033,0.043,0.0,0.157,,,0.002,,0.003,0.001,0.043,,0.025,,0.006,,,460.0,,,,598.0,,,,,,,,,0.03,0.0,0.028,,0.452,0.014,7.85,0.074,3.82,0.064,0.0,0.003,0.0,0.002,0.003,0.0,0.002,0.0,0.008,0.0,,,2220.0,,,,,,3.8,,0.001,0.008,0.099,,0.022,0.0,0.0,0.0,,,,,,,,,,,,,38.6,,,,,,,,,,,,,,,,,,12.7,,3.35,,,,,
1593,749233,IHOP - BACON (WAVE 22D),2019-12-16,,,,,,,6.97,,,,,,,,12.0,,,,,,,,,,,,,,0.115,,,,,,,,,,,,,,18.4,7.77,15.3,0.19,,,,,0.0,0.0,,,0.0,,,,,,,,,1.35,,0.0,,,,,,,0.0,,0.01,0.0,,0.885,0.103,,17.1,,,0.345,,,0.004,0.007,0.0,31.1,,0.0,0.036,,,,,,,0.05,6.83,,0.316,0.014,,0.0,,0.268,,0.036,0.048,0.0,0.17,,,0.002,,0.004,0.0,0.053,,0.026,,0.006,,,440.0,,,,526.0,,,,,,,,,0.043,0.0,0.037,,0.576,0.022,9.7,0.108,4.67,0.094,0.0,0.017,0.0,0.002,0.003,0.0,0.003,0.0,0.007,0.0,,,2100.0,,,,,,4.55,,0.001,0.008,0.148,,0.029,0.0,0.0,0.0,,,,,,,,,,,,,42.8,,,,,,,,,,,,,,,,,,12.0,,2.81,,,,,
1594,749240,IHOP - BACON (WAVE 22D),2019-12-16,,,,,,,6.32,,,,,,,,14.0,,,,,,,,,,,,,,0.114,,,,,,,,,,,,,,18.9,5.78,13.8,0.1,,,,,0.0,0.0,,,0.0,,,,,,,,,1.04,,0.0,,,,,,,0.001,,0.007,0.0,,1.02,0.096,,17.4,,,0.338,,,0.004,0.007,0.002,39.4,,0.0,0.053,,,,,,,0.03,5.02,,0.187,0.014,,0.0,,0.215,,0.025,0.047,0.0,0.175,,,0.003,,0.004,0.0,0.062,,0.022,,0.005,,,457.0,,,,589.0,,,,,,,,,0.043,0.0,0.034,,0.545,0.015,9.02,0.086,3.93,0.081,0.0,0.02,0.0,0.003,0.003,0.0,0.002,0.0,0.005,0.0,,,1750.0,,,,,,3.31,,0.0,0.002,0.079,,0.016,0.0,0.0,0.0,,,,,,,,,,,,,42.7,,,,,,,,,,,,,,,,,,7.47,,3.48,,,,,
1595,749247,IHOP - BACON (WAVE 22D),2019-12-16,,,,,,,6.5,,,,,,,,12.0,,,,,,,,,,,,,,0.116,,,,,,,,,,,,,,20.9,5.55,15.9,0.1,,,,,0.0,0.0,,,0.0,,,,,,,,,1.11,,0.0,,,,,,,0.001,,0.008,0.0,,1.19,0.137,,19.1,,,0.459,,,0.007,0.007,0.001,30.5,,0.0,0.03,,,,,,,0.04,4.78,,0.206,0.011,,0.0,,0.232,,0.031,0.041,0.0,0.15,,,0.004,,0.003,0.0,0.048,,0.022,,0.023,,,421.0,,,,518.0,,,,,,,,,0.036,0.0,0.029,,0.551,0.017,10.1,0.115,4.86,0.09,0.0,0.019,0.0,0.003,0.002,0.0,0.001,0.0,0.006,0.0,,,2100.0,,,,,,3.74,,0.0,0.002,0.079,,0.015,0.0,0.0,0.0,,,,,,,,,,,,,45.6,,,,,,,,,,,,,,,,,,10.7,,2.8,,,,,
1596,749254,IHOP - BACON (WAVE 22D),2019-12-16,,,,,,,5.6,,,,,,,,10.0,,,,,,,,,,,,,,0.109,,,,,,,,,,,,,,20.0,7.21,15.2,0.18,,,,,0.0,0.0,,,0.0,,,,,,,,,0.92,,0.0,,,,,,,0.001,,0.011,0.0,,1.17,0.105,,18.3,,,0.348,,,0.002,0.006,0.002,29.5,,0.0,0.048,,,,,,,0.052,6.35,,0.237,0.015,,0.0,,0.257,,0.032,0.059,0.0,0.164,,,0.003,,0.004,0.001,0.051,,0.028,,0.007,,,342.0,,,,469.0,,,,,,,,,0.042,0.0,0.037,,0.613,0.019,9.95,0.099,4.33,0.102,0.0,0.015,0.0,0.002,0.003,0.0,0.0,0.0,0.004,0.0,,,1650.0,,,,,,3.33,,0.001,0.009,0.137,,0.033,0.0,0.0,0.0,,,,,,,,,,,,,44.9,,,,,,,,,,,,,,,,,,13.1,,2.78,,,,,
1597,749261,IHOP - BACON (WAVE 22D),2019-12-16,,,,,,,5.95,,,,,,,,10.0,,,,,,,,,,,,,,0.13,,,,,,,,,,,,,,19.1,8.08,15.1,0.18,,,,,0.0,0.0,,,0.0,,,,,,,,,1.02,,0.0,,,,,,,0.0,,0.008,0.0,,0.84,0.096,,17.7,,,0.397,,,0.004,0.007,0.001,26.0,,0.0,0.03,,,,,,,0.05,7.07,,0.302,0.015,,0.0,,0.316,,0.04,0.053,0.0,0.179,,,0.003,,0.005,0.001,0.056,,0.03,,0.008,,,372.0,,,,449.0,,,,,,,,,0.037,0.0,0.036,,0.548,0.019,9.43,0.1,4.77,0.103,0.0,0.016,0.0,0.002,0.003,0.0,0.0,0.0,0.004,0.0,,,1840.0,,,,,,3.6,,0.0,0.003,0.141,,0.033,0.0,0.0,0.0,,,,,,,,,,,,,45.2,,,,,,,,,,,,,,,,,,15.3,,3.13,,,,,
1598,749268,IHOP - BACON (WAVE 22D),2019-12-16,,,,,,,7.06,,,,,,,,12.0,,,,,,,,,,,,,,0.126,,,,,,,,,,,,,,16.8,8.84,15.4,0.06,,,,,0.0,0.0,,,0.0,,,,,,,,,1.07,,0.0,,,,,,,0.0,,0.006,0.0,,0.804,0.06,,15.6,,,0.277,,,0.003,0.005,0.001,32.8,,0.0,0.042,,,,,,,0.014,7.77,,0.369,0.016,,0.0,,0.327,,0.051,0.046,0.0,0.166,,,0.003,,0.005,0.0,0.052,,0.032,,0.006,,,445.0,,,,563.0,,,,,,,,,0.034,0.0,0.029,,0.527,0.015,9.65,0.072,4.94,0.089,0.0,0.009,0.0,0.002,0.003,0.0,0.001,0.0,0.006,0.0,,,2150.0,,,,,,3.75,,0.0,0.001,0.049,,0.014,0.0,0.0,0.0,,,,,,,,,,,,,42.3,,,,,,,,,,,,,,,,,,8.26,,2.97,,,,,
1599,749275,PANERA - BACON,2019-12-16,,,,,,,6.24,,,,,,,,18.0,,,,,,,,,,,,,,0.143,,,,,,,,,,,,,,13.7,6.4,11.6,0.06,,,,,0.0,0.0,,,0.0,,,,,,,,,1.21,,0.0,,,,,,,0.001,,0.003,0.0,,0.549,0.076,,12.8,,,0.265,,,0.003,0.006,0.001,43.1,,0.0,0.028,,,,6.43,,,0.021,5.47,,0.363,0.015,,0.0,,0.254,,0.051,0.042,0.0,0.129,,,0.003,,0.004,0.001,0.034,,0.028,,0.008,,,321.0,,,,606.0,,,,,,,,,0.026,0.0,0.027,,0.393,0.016,6.92,0.091,3.98,0.09,0.0,0.006,0.0,0.003,0.004,0.0,0.002,0.0,0.004,0.0,,,1730.0,,,,,,4.53,,0.0,0.002,0.045,,0.009,0.0,0.0,0.0,,,,,,,,,,,,,33.4,,,,,,,,,,,,,,,,,,15.8,,3.89,,,,,
1600,749281,PANERA - BACON,2019-12-16,,,,,,,6.21,,,,,,,,20.0,,,,,,,,,,,,,,0.145,,,,,,,,,,,,,,13.1,4.05,10.5,0.07,,,,,0.0,0.0,,,0.0,,,,,,,,,1.34,,0.0,,,,,,,0.0,,0.006,0.0,,0.8,0.087,,11.9,,,0.21,,,0.002,0.004,0.001,40.6,,0.0,0.052,,,,6.66,,,0.023,3.47,,0.168,0.009,,0.0,,0.14,,0.024,0.035,0.0,0.141,,,0.002,,0.002,0.0,0.037,,0.023,,0.006,,,295.0,,,,573.0,,,,,,,,,0.024,0.0,0.025,,0.394,0.013,6.68,0.074,3.19,0.054,0.0,0.005,0.0,0.002,0.004,0.0,0.001,0.0,0.003,0.0,,,1870.0,,,,,,5.27,,0.0,0.001,0.054,,0.011,0.0,0.0,0.0,,,,,,,,,,,,,31.1,,,,,,,,,,,,,,,,,,19.3,,4.59,,,,,
1601,749288,PANERA - BACON,2019-12-16,,,,,,,5.81,,,,,,,,31.0,,,,,,,,,,,,,,0.137,,,,,,,,,,,,,,13.0,5.95,9.94,0.04,,,,,0.0,0.0,,,0.0,,,,,,,,,1.24,,0.0,,,,,,,0.0,,0.004,0.0,,0.659,0.078,,12.0,,,0.209,,,0.002,0.004,0.001,51.4,,0.0,0.039,,,,7.53,,,0.021,5.13,,0.325,0.011,,0.0,,0.214,,0.046,0.035,0.0,0.124,,,0.005,,0.003,0.003,0.029,,0.023,,0.007,,,357.0,,,,695.0,,,,,,,,,0.024,0.0,0.02,,0.36,0.014,6.28,0.075,3.09,0.054,0.0,0.004,0.0,0.002,0.004,0.0,0.003,0.0,0.004,0.0,,,1670.0,,,,,,5.08,,0.0,0.001,0.035,,0.008,0.0,0.0,0.0,,,,,,,,,,,,,31.1,,,,,,,,,,,,,,,,,,14.1,,4.06,,,,,
1603,749300,PANERA - BACON,2019-12-16,,,,,,,7.05,,,,,,,,16.0,,,,,,,,,,,,,,0.128,,,,,,,,,,,,,,14.0,3.86,10.7,0.08,,,,,0.0,0.0,,,0.0,,,,,,,,,1.2,,0.0,,,,,,,0.0,,0.005,0.0,,0.711,0.066,,12.9,,,0.247,,,0.003,0.004,0.001,37.0,,0.0,0.039,,,,6.48,,,0.031,3.26,,0.166,0.009,,0.0,,0.154,,0.029,0.031,0.0,0.14,,,0.002,,0.002,0.0,0.039,,0.022,,0.005,,,283.0,,,,569.0,,,,,,,,,0.029,0.0,0.019,,0.358,0.011,6.65,0.061,3.5,0.056,0.0,0.005,0.0,0.002,0.004,0.0,0.001,0.0,0.004,0.0,,,2120.0,,,,,,5.15,,0.0,0.001,0.067,,0.015,0.0,0.0,0.0,,,,,,,,,,,,,36.6,,,,,,,,,,,,,,,,,,13.6,,4.16,,,,,
1604,749306,SUBWAY - BACON,2019-12-16,,,,,,,5.67,,,,,,,,11.0,,,,,,,,,,,,,,0.109,,,,,,,,,,,,,,11.2,5.56,8.86,0.07,,,,,0.0,,,,0.0,,,,,,,,,1.26,,0.0,,,,,,,0.0,,0.004,0.0,,0.541,0.046,,10.4,,,0.181,,,0.002,0.002,0.0,31.9,,0.0,0.022,,,,6.47,,,0.034,4.93,,0.126,0.013,,0.0,,0.193,,0.018,0.038,0.0,0.174,,,0.001,,0.002,0.0,0.047,,0.016,,0.005,,,321.0,,,,474.0,,,,,,,,,0.028,0.0,0.02,,0.363,0.011,5.64,0.062,2.68,0.047,0.0,0.009,0.0,0.0,0.0,0.0,0.0,0.0,0.002,0.0,,,1590.0,,,,,,3.64,,0.0,0.001,0.055,,0.012,0.0,0.0,0.0,,,,,,,,,,,,,26.3,,,,,,,,,,,,,,,,,,23.6,,3.29,,,,,
1605,749314,SUBWAY - BACON,2019-12-16,,,,,,,5.79,,,,,,,,18.0,,,,,,,,,,,,,,0.097,,,,,,,,,,,,,,14.6,4.68,11.6,0.1,,,,,0.0,,,,0.41,,,,,,,,,1.08,,0.0,,,,,,,0.001,,0.007,0.0,,0.837,0.076,,13.5,,,0.241,,,0.003,0.006,0.001,27.0,,0.0,0.017,,,,5.55,,,0.048,4.04,,0.19,0.016,,0.0,,0.157,,0.024,0.038,0.0,0.14,,,0.003,,0.002,0.0,0.044,,0.022,,0.004,,,296.0,,,,395.0,,,,,,,,,0.029,0.0,0.026,,0.429,0.015,7.43,0.078,3.5,0.065,0.0,0.015,0.0,0.002,0.0,0.0,0.0,0.0,0.004,0.0,,,1730.0,,,,,,3.68,,0.001,0.004,0.078,,0.02,0.0,0.0,0.0,,,,,,,,,,,,,32.4,,,,,,,,,,,,,,,,,,24.0,,2.9,,,,,
1606,749321,SUBWAY - BACON,2019-12-16,,,,,,,5.37,,,,,,,,10.0,,,,,,,,,,,,,,0.107,,,,,,,,,,,,,,12.2,5.76,9.48,0.08,,,,,0.0,,,,0.0,,,,,,,,,1.0,,0.0,,,,,,,0.001,,0.005,0.0,,0.634,0.072,,11.3,,,0.225,,,0.002,0.005,0.001,31.0,,0.0,0.022,,,,5.85,,,0.032,5.07,,0.162,0.012,,0.0,,0.208,,0.023,0.04,0.0,0.165,,,0.003,,0.003,0.0,0.054,,0.02,,0.003,,,339.0,,,,492.0,,,,,,,,,0.026,0.0,0.022,,0.353,0.016,6.11,0.082,2.8,0.057,0.0,0.012,0.0,0.002,0.0,0.0,0.001,0.0,0.004,0.0,,,1640.0,,,,,,3.31,,0.0,0.002,0.065,,0.016,0.0,0.0,0.0,,,,,,,,,,,,,30.7,,,,,,,,,,,,,,,,,,27.2,,3.1,,,,,
1607,749328,SUBWAY - BACON,2019-12-16,,,,,,,4.51,,,,,,,,23.0,,,,,,,,,,,,,,0.112,,,,,,,,,,,,,,12.7,4.42,10.2,0.07,,,,,0.0,,,,0.0,,,,,,,,,1.26,,0.0,,,,,,,0.001,,0.005,0.0,,0.607,0.081,,11.7,,,0.216,,,0.003,0.005,0.001,32.1,,0.0,0.046,,,,6.21,,,0.029,3.82,,0.141,0.011,,0.0,,0.161,,0.021,0.038,0.0,0.161,,,0.003,,0.003,0.0,0.043,,0.021,,0.005,,,333.0,,,,454.0,,,,,,,,,0.027,0.0,0.021,,0.375,0.013,6.24,0.08,3.33,0.072,0.0,0.014,0.0,0.001,0.0,0.0,0.001,0.0,0.003,0.0,,,1280.0,,,,,,2.06,,0.0,0.002,0.055,,0.013,0.0,0.0,0.0,,,,,,,,,,,,,30.6,,,,,,,,,,,,,,,,,,26.1,,3.57,,,,,
1608,749335,SUBWAY - BACON,2019-12-16,,,,,,,8.48,,,,,,,,13.0,,,,,,,,,,,,,,0.124,,,,,,,,,,,,,,10.3,6.46,7.84,0.13,,,,,0.0,,,,0.92,,,,,,,,,1.32,,0.0,,,,,,,0.0,,0.006,0.0,,0.48,0.058,,9.62,,,0.17,,,0.001,0.003,0.001,43.0,,0.0,0.019,,,,7.66,,,0.032,5.73,,0.178,0.012,,0.0,,0.202,,0.022,0.038,0.0,0.194,,,0.004,,0.002,0.0,0.051,,0.024,,0.004,,,501.0,,,,593.0,,,,,,,,,0.023,0.0,0.023,,0.318,0.016,5.06,0.067,2.28,0.042,0.0,0.008,0.0,0.0,0.0,0.0,0.0,0.0,0.004,0.0,,,2590.0,,,,,,3.98,,0.001,0.008,0.092,,0.028,0.0,0.0,0.0,,,,,,,,,,,,,25.8,,,,,,,,,,,,,,,,,,14.2,,3.75,,,,,
1609,749343,SUBWAY - BACON,2019-12-16,,,,,,,5.33,,,,,,,,20.0,,,,,,,,,,,,,,0.124,,,,,,,,,,,,,,13.9,4.6,10.7,0.12,,,,,0.0,,,,0.0,,,,,,,,,1.36,,0.0,,,,,,,0.0,,0.007,0.0,,0.762,0.074,,12.8,,,0.247,,,0.003,0.005,0.002,34.2,,0.0,0.022,,,,7.05,,,0.04,3.97,,0.149,0.01,,0.0,,0.166,,0.024,0.042,0.0,0.16,,,0.002,,0.003,0.0,0.043,,0.023,,0.004,,,385.0,,,,504.0,,,,,,,,,0.024,0.0,0.022,,0.41,0.015,6.84,0.07,3.26,0.054,0.0,0.012,0.0,0.0,0.0,0.0,0.0,0.0,0.003,0.0,,,1400.0,,,,,,2.91,,0.001,0.012,0.085,,0.023,0.0,0.0,0.0,,,,,,,,,,,,,30.5,,,,,,,,,,,,,,,,,,16.9,,4.03,,,,,
1610,749351,MCDONALDS - BACON,2019-12-16,,,,,,,5.76,,,,,,,,11.0,,,,,,,,,,,,,,0.139,,,,,,,,,,,,,,15.1,6.05,14.7,0.2,,,,,,,,,,,,,,,,,,1.32,,,,,,,,,0.001,,0.008,0.0,,0.677,0.089,,14.0,,,0.279,,,0.002,0.005,0.001,37.9,,,0.031,,,,6.1,,,0.051,5.24,,0.257,0.01,,0.0,,0.223,,0.037,0.041,0.0,0.156,,,0.005,,0.003,0.002,0.043,,0.027,,0.01,,,445.0,,,,432.0,,,,,,,,,0.037,0.0,0.034,,0.549,0.023,8.57,0.125,5.27,0.078,0.0,0.014,0.0,0.002,0.003,0.0,0.0,0.0,0.005,0.0,,,1740.0,,,,,,,,0.002,0.011,0.157,,0.035,0.0,0.0,0.0,,,,,,,,,,,,,39.3,,,,,,,,,,,,,,,,,,14.5,,3.35,,,,,
1611,749356,MCDONALDS - BACON,2019-12-16,,,,,,,6.37,,,,,,,,16.0,,,,,,,,,,,,,,0.149,,,,,,,,,,,,,,17.2,7.28,13.5,0.15,,,,,,,,,,,,,,,,,,1.19,,,,,,,,,0.001,,0.006,0.0,,0.823,0.065,,15.9,,,0.35,,,0.003,0.006,0.0,34.7,,,0.02,,,,6.62,,,0.036,6.31,,0.289,0.013,,0.0,,0.274,,0.04,0.053,0.0,0.193,,,0.004,,0.003,0.0,0.057,,0.034,,0.01,,,340.0,,,,504.0,,,,,,,,,0.031,0.0,0.034,,0.494,0.016,8.54,0.072,4.22,0.078,0.0,0.014,0.0,0.002,0.002,0.0,0.001,0.0,0.004,0.0,,,1930.0,,,,,,,,0.001,0.006,0.107,,0.031,0.0,0.0,0.0,,,,,,,,,,,,,38.2,,,,,,,,,,,,,,,,,,9.13,,3.94,,,,,
1612,749361,MCDONALDS - BACON,2019-12-16,,,,,,,5.24,,,,,,,,13.0,,,,,,,,,,,,,,0.137,,,,,,,,,,,,,,15.7,5.25,12.5,0.07,,,,,,,,,,,,,,,,,,1.24,,,,,,,,,0.0,,0.007,0.0,,0.743,0.092,,14.5,,,0.328,,,0.003,0.004,0.0,31.1,,,0.032,,,,5.94,,,0.023,4.39,,0.308,0.009,,0.0,,0.207,,0.046,0.037,0.0,0.161,,,0.006,,0.003,0.0,0.041,,0.036,,0.007,,,370.0,,,,407.0,,,,,,,,,0.032,0.0,0.071,,0.462,0.017,7.96,0.089,3.8,0.072,0.0,0.01,0.0,0.001,0.002,0.0,0.0,0.0,0.007,0.0,,,1340.0,,,,,,,,0.0,0.003,0.052,,0.015,0.0,0.0,0.0,,,,,,,,,,,,,36.7,,,,,,,,,,,,,,,,,,18.5,,3.67,,,,,
1613,749366,MCDONALDS - BACON,2019-12-16,,,,,,,6.91,,,,,,,,11.0,,,,,,,,,,,,,,0.113,,,,,,,,,,,,,,18.8,5.88,14.3,0.16,,,,,0.0,0.0,,,0.0,,,,,,,,,1.38,,0.0,,,,,,,0.001,,0.014,0.0,,1.28,0.102,,17.0,,,0.342,,,0.004,0.006,0.002,33.9,,0.0,0.033,,,,6.93,,,0.05,5.16,,0.193,0.011,,0.0,,0.21,,0.028,0.039,0.0,0.158,,,0.002,,0.004,0.0,0.048,,0.024,,0.006,,,413.0,,,,452.0,,,,,,,,,0.047,0.0,0.039,,0.617,0.018,9.37,0.102,3.99,0.082,0.0,0.015,0.0,0.002,0.002,0.0,0.0,0.0,0.006,0.0,,,1720.0,,,,,,4.16,,0.0,0.008,0.122,,0.028,0.0,0.0,0.0,,,,,,,,,,,,,35.1,,,,,,,,,,,,,,,,,,10.3,,3.37,,,,,
1614,749372,MCDONALDS - BACON,2019-12-16,,,,,,,6.84,,,,,,,,15.0,,,,,,,,,,,,,,0.139,,,,,,,,,,,,,,16.6,5.99,13.4,0.12,,,,,0.0,0.0,,,0.0,,,,,,,,,1.38,,0.0,,,,,,,0.001,,0.007,0.0,,0.976,0.067,,15.2,,,0.283,,,0.004,0.005,0.001,36.8,,0.0,0.019,,,,7.14,,,0.039,5.2,,0.246,0.015,,0.0,,0.204,,0.031,0.043,0.0,0.166,,,0.006,,0.003,0.001,0.044,,0.025,,0.012,,,378.0,,,,515.0,,,,,,,,,0.041,0.0,0.036,,0.488,0.014,8.58,0.064,4.07,0.063,0.0,0.01,0.0,0.001,0.002,0.0,0.002,0.0,0.005,0.0,,,1760.0,,,,,,4.29,,0.0,0.005,0.09,,0.026,0.0,0.0,0.0,,,,,,,,,,,,,36.4,,,,,,,,,,,,,,,,,,10.1,,5.25,,,,,
1615,749378,MCDONALDS - BACON,2019-12-16,,,,,,,4.77,,,,,,,,13.0,,,,,,,,,,,,,,0.12,,,,,,,,,,,,,,13.8,3.41,11.5,0.09,,,,,0.0,0.0,,,0.0,,,,,,,,,1.18,,0.0,,,,,,,0.001,,0.005,0.0,,0.657,0.086,,12.8,,,0.22,,,0.004,0.003,0.001,34.3,,0.0,0.038,,,,6.32,,,0.025,2.89,,0.125,0.009,,0.0,,0.127,,0.017,0.028,0.0,0.151,,,0.003,,0.001,0.0,0.041,,0.018,,0.006,,,388.0,,,,460.0,,,,,,,,,0.028,0.0,0.032,,0.376,0.011,6.96,0.074,3.96,0.055,0.0,0.015,0.0,0.001,0.002,0.0,0.0,0.0,0.004,0.0,,,1320.0,,,,,,2.44,,0.001,0.003,0.069,,0.012,0.0,0.0,0.0,,,,,,,,,,,,,34.1,,,,,,,,,,,,,,,,,,19.8,,3.63,,,,,
1616,749384,MCDONALDS - BACON,2019-12-16,,,,,,,5.64,,,,,,,,13.0,,,,,,,,,,,,,,0.111,,,,,,,,,,,,,,19.2,9.29,16.8,0.17,,,,,0.0,0.0,,,0.0,,,,,,,,,0.98,,0.0,,,,,,,0.001,,0.012,0.0,,0.852,0.077,,18.0,,,0.304,,,0.003,0.005,0.0,34.8,,0.0,0.0,,,,5.95,,,0.038,8.21,,0.363,0.019,,0.0,,0.314,,0.04,0.05,0.0,0.192,,,0.004,,0.005,0.001,0.059,,0.03,,0.005,,,324.0,,,,494.0,,,,,,,,,0.051,0.0,0.044,,0.614,0.021,10.3,0.096,5.51,0.095,0.0,0.013,0.0,0.001,0.007,0.0,0.003,0.0,0.008,0.0,,,1580.0,,,,,,3.7,,0.001,0.006,0.138,,0.024,0.0,0.0,0.0,,,,,,,,,,,,,47.9,,,,,,,,,,,,,,,,,,6.28,,3.11,,,,,
1617,749390,MCDONALDS - BACON,2019-12-16,,,,,,,6.73,,,,,,,,13.0,,,,,,,,,,,,,,0.149,,,,,,,,,,,,,,15.0,5.57,12.4,0.12,,,,,0.0,0.0,,,0.0,,,,,,,,,1.5,,0.0,,,,,,,0.001,,0.008,0.0,,0.882,0.099,,13.7,,,0.274,,,0.003,0.005,0.0,40.7,,0.0,0.0,,,,7.22,,,0.034,4.88,,0.157,0.012,,0.0,,0.205,,0.021,0.043,0.0,0.173,,,0.002,,0.003,0.0,0.057,,0.02,,0.004,,,488.0,,,,545.0,,,,,,,,,0.028,0.0,0.026,,0.498,0.019,8.11,0.1,3.56,0.071,0.0,0.014,0.0,0.002,0.003,0.0,0.0,0.0,0.004,0.0,,,2040.0,,,,,,4.14,,0.0,0.001,0.108,,0.012,0.0,0.0,0.0,,,,,,,,,,,,,34.9,,,,,,,,,,,,,,,,,,8.45,,4.74,,,,,
1618,749396,MCDONALDS - BACON,2019-12-16,,,,,,,6.37,,,,,,,,13.0,,,,,,,,,,,,,,0.14,,,,,,,,,,,,,,15.1,7.15,12.4,0.19,,,,,0.0,0.0,,,0.0,,,,,,,,,1.44,,0.0,,,,,,,0.0,,0.016,0.0,,0.698,0.094,,14.0,,,0.289,,,0.003,0.005,0.001,40.0,,0.0,0.0,,,,6.48,,,0.032,6.32,,0.203,0.013,,0.0,,0.285,,0.029,0.047,0.0,0.171,,,0.001,,0.004,0.0,0.055,,0.021,,0.005,,,456.0,,,,509.0,,,,,,,,,0.026,0.0,0.026,,0.499,0.028,7.83,0.119,3.79,0.073,0.0,0.012,0.0,0.002,0.002,0.0,0.002,0.0,0.008,0.0,,,1970.0,,,,,,3.67,,0.002,0.007,0.156,,0.02,0.0,0.0,0.0,,,,,,,,,,,,,41.3,,,,,,,,,,,,,,,,,,10.4,,3.24,,,,,
1619,749402,MCDONALDS - BACON,2019-12-16,,,,,,,6.35,,,,,,,,15.0,,,,,,,,,,,,,,0.123,,,,,,,,,,,,,,14.7,4.86,13.1,0.54,,,,,0.0,0.0,,,0.0,,,,,,,,,1.43,,0.0,,,,,,,0.0,,0.051,0.0,,0.751,0.115,,13.6,,,0.216,,,0.002,0.003,0.001,51.0,,0.0,0.0,,,,8.26,,,0.032,4.24,,0.142,0.012,,0.0,,0.156,,0.018,0.039,0.0,0.182,,,0.002,,0.003,0.0,0.047,,0.019,,0.004,,,523.0,,,,662.0,,,,,,,,,0.025,0.0,0.023,,0.575,0.053,7.82,0.165,4.35,0.06,0.0,0.011,0.0,0.002,0.003,0.0,0.002,0.0,0.013,0.0,,,1700.0,,,,,,3.37,,0.009,0.03,0.457,,0.042,0.0,0.0,0.0,,,,,,,,,,,,,33.9,,,,,,,,,,,,,,,,,,4.91,,3.66,,,,,
1620,749408,MCDONALDS - BACON,2019-12-16,,,,,,,7.09,,,,,,,,12.0,,,,,,,,,,,,,,0.105,,,,,,,,,,,,,,13.1,9.47,10.8,0.02,,,,,0.0,0.0,,,0.0,,,,,,,,,1.15,,0.0,,,,,,,0.0,,0.004,0.0,,0.501,0.059,,12.3,,,0.243,,,0.003,0.004,0.001,38.2,,0.0,0.0,,,,6.26,,,0.023,8.47,,0.245,0.018,,0.0,,0.363,,0.034,0.049,0.0,0.196,,,0.002,,0.005,0.0,0.053,,0.022,,0.007,,,475.0,,,,512.0,,,,,,,,,0.033,0.0,0.028,,0.415,0.015,6.86,0.07,3.32,0.062,0.0,0.008,0.0,0.002,0.0,0.0,0.0,0.0,0.003,0.0,,,2250.0,,,,,,4.44,,0.0,0.0,0.063,,0.016,0.0,0.0,0.0,,,,,,,,,,,,,37.6,,,,,,,,,,,,,,,,,,11.3,,2.33,,,,,
1621,749414,MCDONALDS - BACON,2019-12-16,,,,,,,6.75,,,,,,,,14.0,,,,,,,,,,,,,,0.121,,,,,,,,,,,,,,17.6,7.96,13.1,0.17,,,,,0.0,0.0,,,0.0,,,,,,,,,1.2,,0.0,,,,,,,0.0,,0.009,0.0,,0.929,0.073,,16.2,,,0.354,,,0.003,0.009,0.002,35.3,,0.0,0.0,,,,6.35,,,0.042,6.97,,0.302,0.018,,0.0,,0.285,,0.04,0.06,0.0,0.187,,,0.003,,0.005,0.0,0.054,,0.03,,0.009,,,361.0,,,,499.0,,,,,,,,,0.035,0.0,0.034,,0.485,0.019,8.29,0.085,4.02,0.077,0.0,0.014,0.0,0.002,0.0,0.0,0.0,0.0,0.004,0.0,,,1960.0,,,,,,4.42,,0.001,0.008,0.136,,0.025,0.0,0.0,0.0,,,,,,,,,,,,,38.3,,,,,,,,,,,,,,,,,,10.4,,3.48,,,,,
1622,789772,"BUTTER, STICK, UNSALTED",2020-04-01,,,,,,,,,,,,,,,13.0,,,,,,237.0,,,,,,,,0.0,,,,,,,,,,,,,,,,,,,,,,,,,,,,,,,,,,0.0,0.0,,,,,,,,,,,,,,,,,,,,,,,,,,1.6,,,0.0,,,,,,,,,,,,,,,,,,,,,,,,,,,,,,,,,,18.0,,,,20.0,,,,,,,,,,,,,,,,,,,,,,,,,,,,,,,6.0,,,,,,,,,,,,,,,,,,,,,,,,,,,,80.6,,,,,,,,,,,,,,,,,,17.4,,0.06,,,,,
1623,789780,"BUTTER, STICK, UNSALTED",2020-04-01,,,,,,,,,,,,,,,17.0,,,,,,235.0,,,,,,,,0.005,,,,,,,,,,,,,,,,,,,,,,,,,,,,,,,,,,0.0,0.0,,,,,,,,,,,,,,,,,,,,,,,,,,1.9,,,0.0,,,,,,,,,,,,,,,,,,,,,,,,,,,,,,,,,,22.0,,,,21.0,,,,,,,,,,,,,,,,,,,,,,,,,,,,,,,12.0,,,,,,,,,,,,,,,,,,,,,,,,,,,,80.5,,,,,,,,,,,,,,,,,,17.5,,0.08,,,,,
1624,789788,"BUTTER, STICK, UNSALTED",2020-04-01,,,,,,,,,,,,,,,13.0,,,,,,235.0,,,,,,,,0.0,,,,,,,,,,,,,,,,,,,,,,,,,,,,,,,,,,0.0,0.0,,,,,,,,,,,,,,,,,,,,,,,,,,1.4,,,0.0,,,,,,,,,,,,,,,,,,,,,,,,,,,,,,,,,,18.0,,,,19.0,,,,,,,,,,,,,,,,,,,,,,,,,,,,,,,7.0,,,,,,,,,,,,,,,,,,,,,,,,,,,,82.6,,,,,,,,,,,,,,,,,,17.5,,0.06,,,,,
1625,789795,"BUTTER, STICK, UNSALTED",2020-04-01,,,,,,,,,,,,,,,15.0,,,,,,233.0,,,,,,,,0.0,,,,,,,,,,,,,,,,,,,,,,,,,,,,,,,,,,0.0,0.06,,,,,,,,,,,,,,,,,,,,,,,,,,1.6,,,0.0,,,,,,,,,,,,,,,,,,,,,,,,,,,,,,,,,,20.0,,,,22.0,,,,,,,,,,,,,,,,,,,,,,,,,,,,,,,7.0,,,,,,,,,,,,,,,,,,,,,,,,,,,,81.2,,,,,,,,,,,,,,,,,,17.4,,0.08,,,,,
1626,789803,"BUTTER, STICK, UNSALTED",2020-04-01,,,,,,,,,,,,,,,14.0,,,,,,230.0,,,,,,,,0.0,,,,,,,,,,,,,,,,,,,,,,,,,,,,,,,,,,0.0,0.07,,,,,,,,,,,,,,,,,,,,,,,,,,1.6,,,0.0,,,,,,,,,,,,,,,,,,,,,,,,,,,,,,,,,,19.0,,,,17.0,,,,,,,,,,,,,,,,,,,,,,,,,,,,,,,11.0,,,,,,,,,,,,,,,,,,,,,,,,,,,,82.6,,,,,,,,,,,,,,,,,,17.4,,0.08,,,,,
1627,789811,"BUTTER, STICK, UNSALTED",2020-04-01,,,,,,,,,,,,,,,14.0,,,,,,230.0,,,,,,,,0.0,,,,,,,,,,,,,,,,,,,,,,,,,,,,,,,,,,0.0,0.09,,,,,,,,,,,,,,,,,,,,,,,,,,1.6,,,0.0,,,,,,,,,,,,,,,,,,,,,,,,,,,,,,,,,,19.0,,,,20.0,,,,,,,,,,,,,,,,,,,,,,,,,,,,,,,8.0,,,,,,,,,,,,,,,,,,,,,,,,,,,,81.1,,,,,,,,,,,,,,,,,,17.0,,0.08,,,,,
1628,789819,"BUTTER, STICK, UNSALTED",2020-04-01,,,,,,,,,,,,,,,11.0,,,,,,235.0,,,,,,,,0.0,,,,,,,,,,,,,,,,,,,,,,,,,,,,,,,,,,0.0,0.0,,,,,,,,,,,,,,,,,,,,,,,,,,1.2,,,0.0,,,,,,,,,,,,,,,,,,,,,,,,,,,,,,,,,,15.0,,,,15.0,,,,,,,,,,,,,,,,,,,,,,,,,,,,,,,17.0,,,,,,,,,,,,,,,,,,,,,,,,,,,,81.8,,,,,,,,,,,,,,,,,,17.9,,0.06,,,,,
1629,789829,"FLOUR, ALL PURPOSE (ENRICHED) (BLEACHED)",2020-04-01,,,,,,,0.43,,,,,,,,19.0,,,,,,,,,,,,,,0.147,,,,,,,,,,,,,,,,,,,,,129.0,,,,,,,,,,,,,,5.01,,,,,,,,,,,,,,,,,,,,,,,,,,32.9,,,0.931,,29.4,6.33,1.87,,,,,,,,,,,,,,,,,,,,,,,,,,,,,,120.0,,,,149.0,,,,,,,,0.391,,,,,,,,,,,,,,,,,,,,,20.0,,3.0,,,,,,,,,,,,,,,,0.919,,,,,,,,,,,,1.5,,,,,,0.081,,,,,,,,,,,,9.78,,0.76,,,,,
1630,789839,"FLOUR, ALL PURPOSE (ENRICHED) (BLEACHED)",2020-04-01,,,,,,,0.58,,,,,,,,23.0,,,,,,,,,,,,,,0.153,,,,,,,,,,,,,,,,,,,,,126.0,,,,,,,,,,,,,,5.52,,,,,,,,,,,,,,,,,,,,,,,,,,32.4,,,1.02,,29.2,6.03,1.89,,,,,,,,,,,,,,,,,,,,,,,,,,,,,,129.0,,,,156.0,,,,,,,,0.377,,,,,,,,,,,,,,,,,,,,,18.3,,3.0,,,,,,,,,,,,,,,,0.892,,,,,,,,,,,,1.8,,,,,,0.08,,,,,,,,,,,,9.47,,0.81,,,,,
1631,789850,"FLOUR, ALL PURPOSE (ENRICHED) (BLEACHED)",2020-04-01,,,,,,,0.37,,,,,,,,16.0,,,,,,,,,,,,,,0.182,,,,,,,,,,,,,,,,,,,,,162.0,,,,,,,,,,,,,,6.23,,,,,,,,,,,,,,,,,,,,,,,,,,26.2,,,0.666,,32.3,7.5,1.71,,,,,,,,,,,,,,,,,,,,,,,,,,,,,,108.0,,,,124.0,,,,,,,,0.51,,,,,,,,,,,,,,,,,,,,,11.8,,3.0,,,,,,,,,,,,,,,,1.08,,,,,,,,,,,,1.4,,,,,,0.06,,,,,,,,,,,,10.4,,0.81,,,,,
1632,789860,"FLOUR, ALL PURPOSE (ENRICHED) (BLEACHED)",2020-04-01,,,,,,,0.21,,,,,,,,18.0,,,,,,,,,,,,,,0.126,,,,,,,,,,,,,,,,,,,,,200.0,,,,,,,,,,,,,,5.3,,,,,,,,,,,,,,,,,,,,,,,,,,12.9,,,0.279,,77.2,5.88,1.39,,,,,,,,,,,,,,,,,,,,,,,,,,,,,,74.0,,,,119.0,,,,,,,,0.449,,,,,,,,,,,,,,,,,,,,,7.0,,3.0,,,,,,,,,,,,,,,,0.785,,,,,,,,,,,,1.2,,,,,,0.032,,,,,,,,,,,,9.51,,0.4,,,,,
1633,789870,"FLOUR, ALL PURPOSE (ENRICHED) (BLEACHED)",2020-04-01,,,,,,,0.52,,,,,,,,16.0,,,,,,,,,,,,,,0.183,,,,,,,,,,,,,,,,,,,,,222.0,,,,,,,,,,,,,,6.35,,,,,,,,,,,,,,,,,,,,,,,,,,26.6,,,0.727,,28.7,8.81,1.76,,,,,,,,,,,,,,,,,,,,,,,,,,,,,,110.0,,,,130.0,,,,,,,,0.532,,,,,,,,,,,,,,,,,,,,,14.2,,3.0,,,,,,,,,,,,,,,,1.09,,,,,,,,,,,,1.5,,,,,,0.065,,,,,,,,,,,,9.32,,0.88,,,,,
1634,789880,"FLOUR, ALL PURPOSE (ENRICHED) (BLEACHED)",2020-04-01,,,,,,,0.41,,,,,,,,23.0,,,,,,,,,,,,,,0.14,,,,,,,,,,,,,,,,,,,,,122.0,,,,,,,,,,,,,,5.3,,,,,,,,,,,,,,,,,,,,,,,,,,29.3,,,0.924,,28.9,5.9,1.86,,,,,,,,,,,,,,,,,,,,,,,,,,,,,,109.0,,,,141.0,,,,,,,,0.398,,,,,,,,,,,,,,,,,,,,,23.0,,0.0,,,,,,,,,,,,,,,,0.873,,,,,,,,,,,,1.5,,,,,,0.08,,,,,,,,,,,,10.5,,0.66,,,,,
1635,789891,"FLOUR, ALL PURPOSE (ENRICHED) (UNBLEACHED)",2020-04-01,,,,,,,0.56,,,,,,,,25.0,,,,,,,,,,,,,,0.195,,,,,,,,,,,,,,,,,,,,,297.0,,,,,,,,,,,,,,10.0,,,,,,,,,,,,,,,,,,,,,,,,,,40.9,,,0.927,,30.7,14.0,2.19,,,,,,,,,,,,,,,,,,,,,,,,,,,,,,125.0,,,,148.0,,,,,,,,0.889,,,,,,,,,,,,,,,,,,,,,3.6,,3.0,,,,,,,,,,,,,,,,1.92,,,,,,,,,,,,1.5,,,,,,0.097,,,,,,,,,,,,10.7,,1.03,,,,,
1636,789901,"FLOUR, ALL PURPOSE (ENRICHED) (UNBLEACHED)",2020-04-01,,,,,,,0.48,,,,,,,,20.0,,,,,,,,,,,,,,0.173,,,,,,,,,,,,,,,,,,,,,163.0,,,,,,,,,,,,,,3.67,,,,,,,,,,,,,,,,,,,,,,,,,,27.4,,,0.81,,24.4,5.48,2.13,,,,,,,,,,,,,,,,,,,,,,,,,,,,,,106.0,,,,134.0,,,,,,,,0.327,,,,,,,,,,,,,,,,,,,,,16.2,,3.0,,,,,,,,,,,,,,,,0.634,,,,,,,,,,,,1.3,,,,,,0.071,,,,,,,,,,,,13.0,,0.86,,,,,
1637,789911,"FLOUR, ALL PURPOSE (ENRICHED) (UNBLEACHED)",2020-04-01,,,,,,,0.5,,,,,,,,25.0,,,,,,,,,,,,,,0.184,,,,,,,,,,,,,,,,,,,,,138.0,,,,,,,,,,,,,,5.23,,,,,,,,,,,,,,,,,,,,,,,,,,33.7,,,0.889,,38.8,6.77,2.14,,,,,,,,,,,,,,,,,,,,,,,,,,,,,,109.0,,,,127.0,,,,,,,,0.496,,,,,,,,,,,,,,,,,,,,,3.5,,3.0,,,,,,,,,,,,,,,,1.35,,,,,,,,,,,,1.5,,,,,,0.078,,,,,,,,,,,,13.0,,1.04,,,,,
1638,789921,"FLOUR, ALL PURPOSE (ENRICHED) (UNBLEACHED)",2020-04-01,,,,,,,0.65,,,,,,,,21.0,,,,,,,,,,,,,,0.164,,,,,,,,,,,,,,,,,,,,,172.0,,,,,,,,,,,,,,5.45,,,,,,,,,,,,,,,,,,,,,,,,,,33.8,,,1.0,,22.2,6.78,1.98,,,,,,,,,,,,,,,,,,,,,,,,,,,,,,127.0,,,,142.0,,,,,,,,0.475,,,,,,,,,,,,,,,,,,,,,22.5,,7.0,,,,,,,,,,,,,,,,1.01,,,,,,,,,,,,1.5,,,,,,0.08,,,,,,,,,,,,10.0,,0.8,,,,,
1639,789931,"FLOUR, ALL PURPOSE (ENRICHED) (UNBLEACHED)",2020-04-01,,,,,,,0.49,,,,,,,,20.0,,,,,,,,,,,,,,0.117,,,,,,,,,,,,,,,,,,,,,80.0,,,,,,,,,,,,,,3.83,,,,,,,,,,,,,,,,,,,,,,,,,,30.7,,,1.0,,17.4,4.09,1.95,,,,,,,,,,,,,,,,,,,,,,,,,,,,,,104.0,,,,131.0,,,,,,,,0.28,,,,,,,,,,,,,,,,,,,,,16.8,,3.0,,,,,,,,,,,,,,,,0.648,,,,,,,,,,,,1.5,,,,,,0.073,,,,,,,,,,,,13.1,,0.76,,,,,
1640,789941,"FLOUR, ALL PURPOSE (ENRICHED) (UNBLEACHED)",2020-04-01,,,,,,,0.53,,,,,,,,17.0,,,,,,,,,,,,,,0.2,,,,,,,,,,,,,,,,,,,,,104.0,,,,,,,,,,,,,,4.28,,,,,,,,,,,,,,,,,,,,,,,,,,33.5,,,0.625,,32.6,5.29,2.19,,,,,,,,,,,,,,,,,,,,,,,,,,,,,,119.0,,,,126.0,,,,,,,,0.333,,,,,,,,,,,,,,,,,,,,,22.7,,3.0,,,,,,,,,,,,,,,,0.759,,,,,,,,,,,,1.6,,,,,,0.074,,,,,,,,,,,,10.3,,0.9,,,,,
1641,789952,"FLOUR, ALL PURPOSE (UNENRICHED) (UNBLEACHED) (ORGANIC)",2020-04-01,,,,,,,0.77,,,,,,,,29.0,,,,,,,,,,,,,,0.388,,,,,,,,,,,,,,,,,,,,3.4,21.0,,,,,,,,,,,,,,1.61,,,,,,,,,,,,,,,,,,,,,,,,,,32.8,,,1.38,,89.8,1.86,2.02,,,,,,,,,,,,,,,,,,,,,,,,,,,,,,172.0,,,,208.0,,,,,,,,0.0,,,,,,,,,,,,,,,,,,,,,6.7,,3.0,,,,,,,,,,,,,,,,0.424,,,,,,,,,,,,2.3,,,,,,0.092,,,,,,,,,,,,8.19,,2.22,,,,,
1642,789963,"FLOUR, ALL PURPOSE (UNENRICHED) (UNBLEACHED)",2020-04-01,,,,,,,0.43,,,,,,,,16.0,,,,,,,,,,,,,,0.145,,,,,,,,,,,,,,,,,,,,2.7,20.0,,,,,,,,,,,,,,0.92,,,,,,,,,,,,,,,,,,,,,,,,,,28.6,,,0.494,,30.9,1.44,2.16,,,,,,,,,,,,,,,,,,,,,,,,,,,,,,107.0,,,,114.0,,,,,,,,0.0,,,,,,,,,,,,,,,,,,,,,21.7,,3.0,,,,,,,,,,,,,,,,0.231,,,,,,,,,,,,1.5,,,,,,0.071,,,,,,,,,,,,10.4,,0.78,,,,,
1643,789974,"FLOUR, ALL PURPOSE (UNENRICHED) (UNBLEACHED) (ORGANIC)",2020-04-01,,,,,,,0.47,,,,,,,,21.0,,,,,,,,,,,,,,0.164,,,,,,,,,,,,,,,,,,,,3.2,18.0,,,,,,,,,,,,,,1.05,,,,,,,,,,,,,,,,,,,,,,,,,,33.6,,,0.727,,23.0,1.61,1.76,,,,,,,,,,,,,,,,,,,,,,,,,,,,,,127.0,,,,142.0,,,,,,,,0.0,,,,,,,,,,,,,,,,,,,,,8.0,,3.0,,,,,,,,,,,,,,,,0.313,,,,,,,,,,,,1.6,,,,,,0.085,,,,,,,,,,,,13.5,,0.94,,,,,
1644,789985,"FLOUR, ALL PURPOSE (UNENRICHED) (UNBLEACHED) (ORGANIC)",2020-04-01,,,,,,,0.57,,,,,,,,17.0,,,,,,,,,,,,,,0.214,,,,,,,,,,,,,,,,,,,,3.0,25.0,,,,,,,,,,,,,,1.42,,,,,,,,,,,,,,,,,,,,,,,,,,38.6,,,0.749,,57.9,1.45,1.89,,,,,,,,,,,,,,,,,,,,,,,,,,,,,,139.0,,,,137.0,,,,,,,,0.0,,,,,,,,,,,,,,,,,,,,,2.6,,0.0,,,,,,,,,,,,,,,,0.282,,,,,,,,,,,,1.5,,,,,,0.089,,,,,,,,,,,,12.9,,1.38,,,,,
1645,789996,"FLOUR, ALL PURPOSE (UNENRICHED) (UNBLEACHED) (ORGANIC)",2020-04-01,,,,,,,0.55,,,,,,,,22.0,,,,,,,,,,,,,,0.157,,,,,,,,,,,,,,,,,,,,2.9,14.0,,,,,,,,,,,,,,0.91,,,,,,,,,,,,,,,,,,,,,,,,,,34.7,,,0.619,,29.9,1.7,2.03,,,,,,,,,,,,,,,,,,,,,,,,,,,,,,120.0,,,,143.0,,,,,,,,0.0,,,,,,,,,,,,,,,,,,,,,65.3,,3.0,,,,,,,,,,,,,,,,0.243,,,,,,,,,,,,1.6,,,,,,0.077,,,,,,,,,,,,11.8,,0.78,,,,,
1646,790007,"FLOUR, ALL PURPOSE (UNENRICHED) (UNBLEACHED) (ORGANIC)",2020-04-01,,,,,,,0.59,,,,,,,,24.0,,,,,,,,,,,,,,0.202,,,,,,,,,,,,,,,,,,,,3.0,41.0,,,,,,,,,,,,,,1.16,,,,,,,,,,,,,,,,,,,,,,,,,,48.1,,,0.946,,24.2,1.47,1.68,,,,,,,,,,,,,,,,,,,,,,,,,,,,,,139.0,,,,154.0,,,,,,,,0.0,,,,,,,,,,,,,,,,,,,,,16.1,,3.0,,,,,,,,,,,,,,,,0.294,,,,,,,,,,,,1.7,,,,,,0.097,,,,,,,,,,,,9.72,,0.79,,,,,
1647,790019,"FLOUR, WHOLE WHEAT (UNENRICHED) (ORGANIC)",2020-04-01,,,,,,,1.73,,,,,,,,40.0,,,,,,,,,,,,,,0.417,,,,,,,,,,,,,,,,,,,,10.8,43.0,,,,,,,,,,,,,,2.88,,,,,,,,,,,,,,,,,,,,,,,,,,140.0,,,2.84,,71.2,4.66,2.16,,,,,,,,,,,,,,,,,,,,,,,,,,,,,,384.0,,,,413.0,,,,,,,,0.118,,,,,,,,,,,,,,,,,,,,,7.4,,4.0,,,,,,,,,,,,,,,,0.494,,,,,,,,,,,,2.5,,,,,,0.244,,,,,,,,,,,,9.5,,3.13,,,,,
1648,790030,"FLOUR, WHOLE WHEAT (UNENRICHED)",2020-04-01,,,,,,,1.37,,,,,,,,36.0,,,,,,,,,,,,,,0.436,,,,,,,,,,,,,,,,,,,,10.7,42.0,,,,,,,,,,,,,,4.5,,,,,,,,,,,,,,,,,,,,,,,,,,130.0,,,3.28,,51.4,4.91,2.67,,,,,,,,,,,,,,,,,,,,,,,,,,,,,,299.0,,,,329.0,,,,,,,,0.123,,,,,,,,,,,,,,,,,,,,,68.0,,3.0,,,,,,,,,,,,,,,,0.512,,,,,,,,,,,,2.6,,,,,,0.282,,,,,,,,,,,,9.39,,2.74,,,,,
1649,790041,"FLOUR, WHOLE WHEAT (UNENRICHED)",2020-04-01,,,,,,,1.47,,,,,,,,33.0,,,,,,,,,,,,,,0.405,,,,,,,,,,,,,,,,,,,,10.6,38.0,,,,,,,,,,,,,,3.79,,,,,,,,,,,,,,,,,,,,,,,,,,143.0,,,3.9,,43.1,6.0,2.54,,,,,,,,,,,,,,,,,,,,,,,,,,,,,,353.0,,,,346.0,,,,,,,,0.151,,,,,,,,,,,,,,,,,,,,,30.1,,3.0,,,,,,,,,,,,,,,,0.466,,,,,,,,,,,,2.6,,,,,,0.264,,,,,,,,,,,,8.87,,2.94,,,,,
1650,790052,"FLOUR, WHOLE WHEAT (UNENRICHED)",2020-04-01,,,,,,,1.48,,,,,,,,33.0,,,,,,,,,,,,,,0.433,,,,,,,,,,,,,,,,,,,,11.4,39.0,,,,,,,,,,,,,,3.97,,,,,,,,,,,,,,,,,,,,,,,,,,151.0,,,3.3,,63.9,6.47,2.54,,,,,,,,,,,,,,,,,,,,,,,,,,,,,,352.0,,,,334.0,,,,,,,,0.125,,,,,,,,,,,,,,,,,,,,,27.0,,3.0,,,,,,,,,,,,,,,,0.541,,,,,,,,,,,,2.5,,,,,,0.275,,,,,,,,,,,,10.7,,3.11,,,,,
1651,790063,"FLOUR, WHOLE WHEAT (UNENRICHED) (ORGANIC)",2020-04-01,,,,,,,2.01,,,,,,,,48.0,,,,,,,,,,,,,,0.652,,,,,,,,,,,,,,,,,,,,8.9,31.0,,,,,,,,,,,,,,4.05,,,,,,,,,,,,,,,,,,,,,,,,,,133.0,,,3.87,,111.0,6.07,2.08,,,,,,,,,,,,,,,,,,,,,,,,,,,,,,470.0,,,,528.0,,,,,,,,0.131,,,,,,,,,,,,,,,,,,,,,9.4,,3.0,,,,,,,,,,,,,,,,0.485,,,,,,,,,,,,3.7,,,,,,0.263,,,,,,,,,,,,9.63,,5.34,,,,,
1652,790074,"FLOUR, WHOLE WHEAT (UNENRICHED)",2020-04-01,,,,,,,1.27,,,,,,,,38.0,,,,,,,,,,,,,,0.368,,,,,,,,,,,,,,,,,,,,11.4,42.0,,,,,,,,,,,,,,3.99,,,,,,,,,,,,,,,,,,,,,,,,,,117.0,,,4.17,,10.2,5.21,2.48,,,,,,,,,,,,,,,,,,,,,,,,,,,,,,252.0,,,,307.0,,,,,,,,0.119,,,,,,,,,,,,,,,,,,,,,0.0,,3.0,,,,,,,,,,,,,,,,0.527,,,,,,,,,,,,2.5,,,,,,0.279,,,,,,,,,,,,8.56,,2.21,,,,,
1653,790086,"FLOUR, BREAD, WHITE (ENRICHED) (UNBLEACHED)",2020-04-01,,,,,,,0.54,,,,,,,,17.0,,,,,,,,,,,,,,0.213,,,,,,,,,,,,,,,,,,,,,121.0,,,,,,,,,,,,,,5.81,,,,,,,,,,,,,,,,,,,,,,,,,,39.9,,,0.838,,29.0,6.1,2.38,,,,,,,,,,,,,,,,,,,,,,,,,,,,,,132.0,,,,122.0,,,,,,,,0.402,,,,,,,,,,,,,,,,,,,,,40.7,,3.0,,,,,,,,,,,,,,,,0.823,,,,,,,,,,,,1.8,,,,,,0.087,,,,,,,,,,,,9.79,,1.24,,,,,
1654,790096,"FLOUR, BREAD, WHITE (ENRICHED) (UNBLEACHED)",2020-04-01,,,,,,,0.49,,,,,,,,17.0,,,,,,,,,,,,,,0.169,,,,,,,,,,,,,,,,,,,,,139.0,,,,,,,,,,,,,,5.51,,,,,,,,,,,,,,,,,,,,,,,,,,32.7,,,0.517,,43.3,6.01,2.24,,,,,,,,,,,,,,,,,,,,,,,,,,,,,,118.0,,,,127.0,,,,,,,,0.43,,,,,,,,,,,,,,,,,,,,,22.2,,3.0,,,,,,,,,,,,,,,,1.09,,,,,,,,,,,,1.6,,,,,,0.07,,,,,,,,,,,,10.8,,0.92,,,,,
1655,790106,"FLOUR, BREAD, WHITE (ENRICHED) (UNBLEACHED) (ORGANIC)",2020-04-01,,,,,,,0.51,,,,,,,,17.0,,,,,,,,,,,,,,0.162,,,,,,,,,,,,,,,,,,,,,160.0,,,,,,,,,,,,,,4.87,,,,,,,,,,,,,,,,,,,,,,,,,,31.8,,,0.677,,32.1,7.42,2.21,,,,,,,,,,,,,,,,,,,,,,,,,,,,,,115.0,,,,128.0,,,,,,,,0.517,,,,,,,,,,,,,,,,,,,,,22.5,,3.0,,,,,,,,,,,,,,,,0.95,,,,,,,,,,,,1.6,,,,,,0.073,,,,,,,,,,,,9.65,,0.84,,,,,
1656,790116,"FLOUR, BREAD, WHITE (ENRICHED) (UNBLEACHED)",2020-04-01,,,,,,,0.44,,,,,,,,15.0,,,,,,,,,,,,,,0.214,,,,,,,,,,,,,,,,,,,,,153.0,,,,,,,,,,,,,,5.7,,,,,,,,,,,,,,,,,,,,,,,,,,36.8,,,0.673,,31.4,6.65,2.43,,,,,,,,,,,,,,,,,,,,,,,,,,,,,,126.0,,,,118.0,,,,,,,,0.431,,,,,,,,,,,,,,,,,,,,,31.3,,3.0,,,,,,,,,,,,,,,,1.02,,,,,,,,,,,,1.6,,,,,,0.076,,,,,,,,,,,,9.44,,1.04,,,,,
1657,790126,"FLOUR, BREAD, WHITE (ENRICHED) (UNBLEACHED)",2020-04-01,,,,,,,0.54,,,,,,,,18.0,,,,,,,,,,,,,,0.196,,,,,,,,,,,,,,,,,,,,,158.0,,,,,,,,,,,,,,5.57,,,,,,,,,,,,,,,,,,,,,,,,,,36.3,,,0.988,,54.1,6.84,2.13,,,,,,,,,,,,,,,,,,,,,,,,,,,,,,130.0,,,,140.0,,,,,,,,0.418,,,,,,,,,,,,,,,,,,,,,80.6,,3.0,,,,,,,,,,,,,,,,0.826,,,,,,,,,,,,1.6,,,,,,0.086,,,,,,,,,,,,10.9,,1.11,,,,,
1658,790136,"FLOUR, BREAD, WHITE (ENRICHED) (UNBLEACHED)",2020-04-01,,,,,,,0.44,,,,,,,,28.0,,,,,,,,,,,,,,0.208,,,,,,,,,,,,,,,,,,,,,141.0,,,,,,,,,,,,,,5.83,,,,,,,,,,,,,,,,,,,,,,,,,,38.1,,,0.815,,29.9,6.31,2.32,,,,,,,,,,,,,,,,,,,,,,,,,,,,,,123.0,,,,126.0,,,,,,,,0.417,,,,,,,,,,,,,,,,,,,,,2.6,,0.0,,,,,,,,,,,,,,,,1.01,,,,,,,,,,,,1.7,,,,,,0.082,,,,,,,,,,,,13.4,,1.18,,,,,
1659,790147,"FLOUR, RICE, WHITE ",2020-04-01,,,,,,,0.26,,,,,,,,6.0,,,,,,,,,,,,,,0.156,,,,,,,,,,,,,,,,,,,,0.6,11.0,,,,,,,,,,,,,,0.0,,,,,,,,,,,,,,,,,,,,,,,,,,14.5,,,0.486,,27.8,0.39,1.09,,,,,,,,,,,,,,,,,,,,,,,,,,,,,,72.0,,,,31.0,,,,,,,,0.0,,,,,,,,,,,,,,,,,,,,,4.1,,12.0,,,,,,,,,,,,,,,,0.017,,,,,,,,,,,,1.4,,,,,,0.015,,,,,,,,,,,,12.4,,1.09,,,,,
1660,790158,"FLOUR, RICE, WHITE ",2020-04-01,,,,,,,0.36,,,,,,,,5.0,,,,,,,,,,,,,,0.357,,,,,,,,,,,,,,,,,,,,0.5,31.0,,,,,,,,,,,,,,0.7,,,,,,,,,,,,,,,,,,,,,,,,,,27.2,,,0.905,,44.4,1.7,1.22,,,,,,,,,,,,,,,,,,,,,,,,,,,,,,105.0,,,,92.0,,,,,,,,0.0,,,,,,,,,,,,,,,,,,,,,6.5,,3.0,,,,,,,,,,,,,,,,0.142,,,,,,,,,,,,1.2,,,,,,0.055,,,,,,,,,,,,10.0,,1.54,,,,,
1661,790169,"FLOUR, RICE, WHITE (ORGANIC) ",2020-04-01,,,,,,,0.38,,,,,,,,4.0,,,,,,,,,,,,,,0.2,,,,,,,,,,,,,,,,,,,,0.6,12.0,,,,,,,,,,,,,,0.28,,,,,,,,,,,,,,,,,,,,,,,,,,26.7,,,1.02,,43.0,1.58,1.04,,,,,,,,,,,,,,,,,,,,,,,,,,,,,,102.0,,,,93.0,,,,,,,,0.0,,,,,,,,,,,,,,,,,,,,,0.0,,3.0,,,,,,,,,,,,,,,,0.106,,,,,,,,,,,,1.2,,,,,,0.059,,,,,,,,,,,,12.5,,1.02,,,,,
1662,790181,"FLOUR, RICE, WHITE ",2020-04-01,,,,,,,0.24,,,,,,,,12.0,,,,,,,,,,,,,,0.166,,,,,,,,,,,,,,,,,,,,0.2,12.0,,,,,,,,,,,,,,0.0,,,,,,,,,,,,,,,,,,,,,,,,,,11.9,,,0.571,,44.3,0.34,1.12,,,,,,,,,,,,,,,,,,,,,,,,,,,,,,68.0,,,,29.0,,,,,,,,0.0,,,,,,,,,,,,,,,,,,,,,3.8,,11.0,,,,,,,,,,,,,,,,0.028,,,,,,,,,,,,1.4,,,,,,0.017,,,,,,,,,,,,12.4,,1.16,,,,,
1663,790192,"FLOUR, RICE, WHITE ",2020-04-01,,,,,,,0.36,,,,,,,,5.0,,,,,,,,,,,,,,0.188,,,,,,,,,,,,,,,,,,,,0.6,11.0,,,,,,,,,,,,,,0.0,,,,,,,,,,,,,,,,,,,,,,,,,,22.5,,,0.98,,39.3,1.58,1.0,,,,,,,,,,,,,,,,,,,,,,,,,,,,,,92.0,,,,103.0,,,,,,,,0.0,,,,,,,,,,,,,,,,,,,,,0.0,,0.0,,,,,,,,,,,,,,,,0.106,,,,,,,,,,,,1.1,,,,,,0.067,,,,,,,,,,,,10.7,,0.93,,,,,
1664,790203,"FLOUR, RICE, WHITE ",2020-04-01,,,,,,,0.52,,,,,,,,5.0,,,,,,,,,,,,,,0.188,,,,,,,,,,,,,,,,,,,,0.5,15.0,,,,,,,,,,,,,,0.35,,,,,,,,,,,,,,,,,,,,,,,,,,34.8,,,1.39,,74.2,1.89,1.17,,,,,,,,,,,,,,,,,,,,,,,,,,,,,,123.0,,,,100.0,,,,,,,,0.0,,,,,,,,,,,,,,,,,,,,,17.6,,0.0,,,,,,,,,,,,,,,,0.14,,,,,,,,,,,,1.5,,,,,,0.097,,,,,,,,,,,,11.8,,1.43,,,,,
1665,790215,"FLOUR, CORN, YELLOW (FINE MEAL) (ENRICHED)",2020-04-01,,,,,,,0.45,,,,,,,,0.0,,,,,,,,,,,,,,0.076,,,,,,,,,,,,,,,,,,,,,107.0,0.15,,,,0.24,,,,,,,,,4.44,,0.0,,,,,,,,,,,,,,,,,,,,,,,,31.4,,0.0,0.148,,14.8,5.07,1.06,,,,,,,,,,,,,,,,,,,,,,,,,,,,,,93.0,,,,129.0,,,,,,,,0.374,,,,,,,,,,,,,,,,,,,,,7.7,,0.0,,,,,,0.55,,,,,,,,,,0.705,,,,,,,,,,,,1.6,,,,,,0.117,,,,,,,,,,,,9.45,,0.66,,,,,
1666,790226,"FLOUR, CORN, YELLOW (FINE MEAL) (ENRICHED)",2020-04-01,,,,,,,0.69,,,,,,,,0.0,,,,,,,,,,,,,,0.129,,,,,,,,,,,,,,,,,,,,4.4,348.0,0.0,,,,0.23,,,,,,,,,7.79,,0.0,,,,,,,,,,,,,,,,,,,,,,,,51.8,,0.0,0.349,,13.1,11.8,1.07,,,,,,,,,,,,,,,,,,,,,,,,,,,,,,158.0,,,,204.0,,,,,,,,0.597,,,,,,,,,,,,,,,,,,,,,0.0,,0.0,,,,,,0.86,,,,,,,,,,1.19,,,,,,,,,,,,2.8,,,,,,0.207,,,,,,,,,,,,12.1,,0.96,,,,,
1667,790238,"FLOUR, CORN, YELLOW (FINE MEAL) (ENRICHED)",2020-04-01,,,,,,,0.23,,,,,,,,0.0,,,,,,,,,,,,,,0.04,,,,,,,,,,,,,,,,,,,,4.1,102.0,0.16,,,,0.22,,,,,,,,,3.06,,0.0,,,,,,,,,,,,,,,,,,,,,,,,12.4,,0.0,0.079,,10.6,4.23,0.91,,,,,,,,,,,,,,,,,,,,,,,,,,,,,,46.0,,,,98.0,,,,,,,,0.21,,,,,,,,,,,,,,,,,,,,,7.4,,0.0,,,,,,0.49,,,,,,,,,,0.302,,,,,,,,,,,,1.0,,,,,,0.086,,,,,,,,,,,,11.9,,0.32,,,,,
1668,790251,"FLOUR, CORN, YELLOW (FINE MEAL) (ENRICHED)",2020-04-01,,,,,,,0.54,,,,,,,,0.0,,,,,,,,,,,,,,0.082,,,,,,,,,,,,,,,,,,,,4.3,106.0,0.2,,,,0.26,,,,,,,,,2.33,,0.0,,,,,,,,,,,,,,,,,,,,,,,,35.0,,0.0,0.161,,27.1,2.75,1.06,,,,,,,,,,,,,,,,,,,,,,,,,,,,,,103.0,,,,171.0,,,,,,,,0.277,,,,,,,,,,,,,,,,,,,,,16.6,,0.0,,,,,,0.92,,,,,,,,,,0.497,,,,,,,,,,,,1.9,,,,,,0.144,,,,,,,,,,,,9.43,,0.69,,,,,
1669,790263,"FLOUR, CORN, YELLOW (FINE MEAL) (ENRICHED)",2020-04-01,,,,,,,0.37,,,,,,,,0.0,,,,,,,,,,,,,,0.085,,,,,,,,,,,,,,,,,,,,4.5,111.0,0.16,,,,0.23,,,,,,,,,4.57,,0.0,,,,,,,,,,,,,,,,,,,,,,,,19.8,,0.0,0.122,,16.5,4.88,0.87,,,,,,,,,,,,,,,,,,,,,,,,,,,,,,63.0,,,,119.0,,,,,,,,0.311,,,,,,,,,,,,,,,,,,,,,9.7,,0.0,,,,,,0.52,,,,,,,,,,0.611,,,,,,,,,,,,1.4,,,,,,0.095,,,,,,,,,,,,10.9,,0.46,,,,,
1670,790277,"BUTTER, STICK, SALTED",2020-04-01,,0.11,,,0.02,0.04,,0.05,,,,,,,24.0,,,1.0,161.0,,232.0,,,,,,,,0.007,2.0,10.0,0.0,,,,,,,,,,,16.5,2.5,45.8,,,,,,0.0,,,,0.0,0.11,,0.01,,,0.02,0.0,0.0,0.12,0.03,0.53,0.06,,14.0,,,0.08,0.044,,0.539,0.0,,1.03,0.132,,14.7,,,0.111,,,0.0,0.004,0.001,1.6,,0.0,0.0,0.02,,0.0,,,,0.29,1.89,,0.282,0.027,,0.013,,0.015,,0.003,0.084,0.0,0.104,,,0.023,,0.004,0.0,0.015,,0.037,,0.002,,0.03,24.0,,,,21.0,0.05,,,,,,667.0,,1.88,0.0,2.12,,6.85,0.75,22.0,0.429,7.47,0.098,0.02,0.035,0.0,0.014,1.98,0.0,1.39,0.0,0.813,0.0,,0.04,534.0,,,,,,0.0,,,,,,,,,,,0.03,,,,,,,,,,,82.6,0.01,0.02,0.04,,0.0,,,,,0.0,0.96,,,,,,,16.0,4.0,0.07,1.0,0.0,25.0,0.0,136.0
1671,790294,"BUTTER, STICK, SALTED",2020-04-01,,0.16,,,,,,,,,,,0.0,,22.0,,,2.0,94.0,,236.0,,,,,,,,0.0,3.0,14.0,,,,,,,,,,,,16.6,3.0,44.5,,,,,,0.0,,,,0.0,,,,,,,,0.0,0.06,,0.75,,,10.0,,,,0.045,,0.458,0.0,,0.726,0.104,,15.1,,,0.112,,,0.0,0.003,0.001,1.8,,0.0,0.004,,,0.0,,,,0.347,2.42,,0.232,0.026,,0.009,,0.015,,0.003,0.094,0.0,0.12,,,0.017,,0.003,0.0,0.023,,0.034,,0.003,,,25.0,,,,29.0,,,,,,,509.0,,2.0,0.0,2.22,,6.81,0.673,19.2,0.395,8.61,0.107,0.013,0.037,0.0,0.014,2.06,0.0,1.47,0.0,0.861,0.0,0.0,,555.0,,,,,,0.0,,,,,,,,,,,,,,,,,,,,,,81.6,,,,,0.0,,,,,0.0,0.37,,,,,,,16.1,3.0,0.08,1.0,0.0,15.0,0.0,78.0
1672,790312,"BUTTER, STICK, SALTED",2020-04-01,,0.0,,,,,,,,,,,,,23.0,,,2.0,141.0,,238.0,,,,,,,,0.006,1.0,7.0,,,,,,,,,,,,16.6,2.19,45.4,,,,,6.0,,,,,,,,,,,,,0.0,0.0,,,,,8.0,,,,0.054,,0.654,0.0,,1.14,0.151,,14.5,,,0.108,,,0.0,0.003,0.001,1.8,,,0.0,,,,,,,0.307,1.64,,0.249,0.023,,0.014,,0.015,,0.004,0.075,0.0,0.102,,,0.021,,0.003,0.0,0.015,,0.035,,0.002,,,25.0,,,,26.0,,,,,,,849.0,0.0,1.87,0.0,2.17,,7.16,0.793,22.2,0.432,6.53,0.084,0.019,0.036,0.0,0.014,1.93,0.0,1.4,0.0,0.815,0.0,,,513.0,,,,,,,,,,,,,,,,,,,,,,,,,,,,82.2,,,,,,,,,,0.0,0.34,,,,,,,16.2,3.0,0.07,0.0,0.0,24.0,0.0,117.0
1673,790327,"BUTTER, STICK, SALTED",2020-04-01,,0.13,,,,,,,,,,,0.0,,21.0,,,1.0,155.0,,237.0,,,,,,,,0.008,2.0,7.0,,,,,,,,,,,,17.0,2.16,46.2,,,,,,,,,,,,,,,,,,0.0,0.09,,,,,8.0,,,,0.056,,0.679,0.0,,1.17,0.144,,14.8,,,0.11,,,0.0,0.003,0.0,1.6,,,0.003,,,,,,,0.33,1.62,,0.25,0.021,,0.012,,0.011,,0.002,0.073,0.0,0.1,,,0.02,,0.005,0.0,0.013,,0.034,,0.001,,,22.0,,,,22.0,,,,,,,784.0,,1.87,0.0,2.18,,7.25,0.782,22.8,0.419,6.57,0.085,0.005,0.031,0.0,0.012,2.02,0.0,1.41,0.0,0.817,0.0,0.0,,437.0,,,,,,,,,,,,,,,,,,0.0,0.0,0.0,0.0,0.0,0.0,0.0,,,,83.6,,,,,,0.0,,,,0.0,0.35,,,0.0,,,,15.9,3.0,0.07,0.0,0.0,25.0,0.0,130.0
1674,790344,"BUTTER, STICK, SALTED",2020-04-01,,0.14,,,,,,,,,,,,,11.0,,,1.0,142.0,,247.0,,,,,,,,0.008,1.0,7.0,,,,,,,,,,,,17.7,2.37,48.4,,,,,4.0,0.0,,,,0.0,,,,,,,,0.0,0.06,,0.47,,,8.0,,,,0.063,,0.712,0.0,,1.1,0.149,,15.6,,,0.131,,,0.0,0.004,0.002,1.3,,0.0,0.004,,,0.0,,,,0.397,1.74,,0.302,0.023,,0.016,,0.02,,0.003,0.07,0.0,0.105,,,0.022,,0.006,0.0,0.017,,0.039,,0.002,,,16.0,,,,18.0,,,,,,,886.0,0.0,2.03,0.0,2.37,,7.78,0.806,22.6,0.469,7.46,0.104,0.008,0.049,0.0,0.017,2.18,0.0,1.54,0.0,0.895,0.0,,,643.0,,,,,,0.0,,,,,,,,,,,,,,,,,,,,,,88.1,,,,,0.0,,,,,0.0,0.41,,,,,,,11.0,3.0,0.07,0.0,0.0,22.0,0.0,120.0
1675,790364,"BUTTER, STICK, SALTED",2020-04-01,,0.14,,,0.02,0.04,,0.05,,,,,,,24.0,,,1.0,127.0,,232.0,,,,,,,,0.024,2.0,7.0,0.0,,,,,,,,,,,16.2,2.3,45.4,,,,,,0.0,,,,0.0,0.08,,0.01,,,0.01,0.0,0.0,0.08,0.02,0.65,0.05,,7.0,,,0.08,0.054,,0.632,0.0,,1.08,0.141,,14.2,,,0.108,,,0.0,0.002,0.002,1.8,,0.0,0.003,0.02,,0.0,,,,0.3,1.72,,0.269,0.023,,0.013,,0.016,,0.004,0.076,0.0,0.101,,,0.021,,0.004,0.0,0.015,,0.039,,0.002,,0.03,24.0,,,,24.0,0.07,,,,,,772.0,,1.97,0.0,2.28,,7.36,0.789,21.5,0.439,6.69,0.091,0.013,0.035,0.0,0.013,1.96,0.0,1.4,0.0,0.821,0.0,,0.04,520.0,,,,,,0.0,,,,,,,,,,,0.03,0.0,0.0,0.0,0.0,0.0,0.0,0.0,,,,81.3,0.01,0.02,0.03,,0.0,,,,,0.0,0.37,,,0.0,,,,16.7,2.0,0.08,0.0,0.0,21.0,0.0,106.0
1676,790382,"BUTTER, STICK, SALTED",2020-04-01,,0.12,,,0.01,0.03,,0.04,,,,,0.0,,19.0,,,1.0,218.0,,236.0,,,,,,,,0.0,1.0,9.0,0.0,,,,,,,,,,,16.2,2.62,46.2,,,,,,0.0,,,,0.0,0.06,,0.0,,,0.01,0.0,0.0,0.07,0.02,0.45,0.04,,16.0,,,0.06,0.058,,0.63,0.0,,0.934,0.148,,14.3,,,0.123,,,0.0,0.006,0.002,1.2,,0.0,0.003,0.01,,0.0,,,,0.418,1.78,,0.5,0.02,,0.022,,0.019,,0.007,0.064,0.0,0.092,,,0.038,,0.008,0.0,0.012,,0.056,,0.004,,0.02,18.0,,,,16.0,0.05,,,,,,734.0,0.0,2.06,0.0,2.38,,7.74,0.85,20.6,0.485,7.38,0.116,0.012,0.062,0.0,0.022,2.04,0.0,1.5,0.0,0.888,0.0,0.0,0.03,412.0,,,,,,0.0,,,,,,,,,,,0.02,0.0,0.0,0.0,0.0,0.0,0.0,0.0,,,,81.7,0.01,0.01,0.02,,0.0,0.0,,,,0.0,0.0,,,0.0,,,,15.9,5.0,0.05,1.0,0.0,37.0,0.0,182.0
1677,790404,"BUTTER, STICK, SALTED",2020-04-01,,0.1,,,0.02,0.03,,0.05,,,,,,,26.0,,,1.0,138.0,,237.0,,,,,,,,0.0,2.0,7.0,0.0,,,,,,,,,,,15.9,2.28,45.8,,,,,,,,,,,0.09,,0.01,,,0.02,0.0,0.0,0.06,0.03,,0.06,,8.0,,,0.08,0.06,,0.687,0.0,,1.18,0.138,,13.8,,,0.104,,,0.0,0.002,0.001,1.9,,,0.0,0.01,,,,,,0.314,1.7,,0.267,0.024,,0.014,,0.012,,0.003,0.072,0.0,0.102,,,0.021,,0.004,0.0,0.014,,0.033,,0.002,,0.03,26.0,,,,28.0,0.07,,,,,,815.0,0.0,1.99,0.0,2.31,,7.38,0.782,22.2,0.433,6.33,0.082,0.005,0.036,0.0,0.011,1.98,0.0,1.44,0.0,0.866,0.0,,0.04,582.0,,,,,,,,,,,,,,,,,0.03,,,,,,,,,,,81.3,0.01,0.02,0.04,,,,,,,0.0,0.0,,,,,,,16.3,3.0,0.07,0.0,0.0,20.0,0.0,118.0
1678,790419,"BUTTER, STICK, SALTED",2020-04-01,,0.0,,,0.01,0.03,,0.03,,,,,0.0,,19.0,,,3.0,204.0,,226.0,,,,,,,,0.0,1.0,7.0,0.0,,,,,,,,,,,18.6,3.17,43.3,,,,,5.0,,,,,,0.06,,0.0,,,0.0,0.0,0.0,0.06,0.01,,0.04,,13.0,,,0.05,0.04,,0.503,0.0,,0.838,0.129,,17.0,,,0.142,,,0.0,0.01,0.003,1.4,,,0.0,0.01,,,,,,0.43,2.44,,0.402,0.027,,0.018,,0.02,,0.005,0.085,0.0,0.114,,,0.025,,0.008,0.0,0.018,,0.046,,0.003,,0.02,20.0,,,,17.0,0.06,,,,,,903.0,0.0,1.63,0.0,1.84,,6.51,0.668,19.9,0.411,8.04,0.122,0.012,0.056,0.0,0.022,2.17,0.0,1.4,0.0,0.773,0.0,0.0,0.03,422.0,,,,,,,,,,,,,,,,,0.02,,,,,,,,,,,80.3,0.01,0.01,0.02,,,0.0,,,,0.0,0.6,,,,,,,16.8,3.0,0.04,1.0,0.0,29.0,0.0,175.0
1679,790438,"BUTTER, STICK, SALTED",2020-04-01,,0.16,,,0.02,0.04,,0.04,,,,,0.0,,14.0,,,2.0,422.0,,231.0,,,,,,,,0.0,1.0,12.0,0.0,,,,,,,,,,,16.2,2.19,45.8,,,,,5.0,0.0,,,,0.0,0.08,,0.01,,,0.01,0.0,0.0,0.06,0.02,0.63,0.05,,27.0,,,0.07,0.058,,0.624,0.0,,0.88,0.143,,14.4,,,0.13,,,0.0,0.011,0.003,1.5,,0.0,0.0,0.01,,0.0,,,,0.515,1.36,,0.494,0.018,,0.029,,0.015,,0.008,0.055,0.0,0.075,,,0.043,,0.022,0.0,0.008,,0.057,,0.003,,0.02,19.0,,,,22.0,0.06,,,,,,912.0,,2.04,0.0,2.36,,7.7,0.791,19.9,0.474,7.75,0.136,0.014,0.072,0.0,0.025,2.11,0.0,1.52,0.0,0.886,0.0,0.0,0.04,461.0,,,,,,0.0,,,,,,,,,,,0.02,,,,,,,,,,,81.2,0.01,0.02,0.03,,0.0,0.0,,,,0.0,0.64,,,,,,,16.1,9.0,0.06,1.0,0.0,73.0,0.0,346.0
1680,790459,"BUTTER, STICK, SALTED",2020-04-01,,0.14,,,,,,,,,,,,,22.0,,,3.0,114.0,,234.0,,,,,,,,0.008,2.0,8.0,,,,,,,,,,,,16.6,2.78,45.3,,,,,6.0,,,,,,,,,,,,,0.0,0.0,,,,,13.0,,,,0.046,,0.482,0.0,,0.812,0.112,,15.1,,,0.112,,,0.0,0.002,0.0,1.7,,,0.047,,,,,,,0.296,2.21,,0.238,0.024,,0.01,,0.014,,0.002,0.09,0.0,0.113,,,0.017,,0.003,0.0,0.019,,0.03,,0.002,,,23.0,,,,29.0,,,,,,,492.0,,1.96,0.0,2.21,,6.79,0.691,20.2,0.402,8.51,0.103,0.006,0.035,0.0,0.012,2.05,0.0,1.46,0.0,0.858,0.0,,,598.0,,,,,,,,,,,,,,,,,,0.0,0.0,0.0,0.0,0.0,0.0,0.0,,,,82.0,,,,,,0.0,,,,0.0,0.4,,,0.0,,,,15.8,4.0,0.07,1.0,0.0,18.0,0.0,90.0
1681,790475,"BUTTER, STICK, SALTED",2020-04-01,,,,,,,,,,,,,,,24.0,,,1.0,186.0,,228.0,,,,,,,,0.0,1.0,7.0,,,,,,,,,,,,17.0,2.31,46.2,,,,,5.0,,,,,,,,,,,,,0.0,0.06,,,,,10.0,,,,0.054,,0.643,0.0,,1.15,0.149,,14.8,,,0.116,,,0.0,0.003,0.002,1.6,,,0.003,,,,,,,0.365,1.7,,0.293,0.023,,0.015,,0.016,,0.003,0.077,0.0,0.097,,,0.024,,0.005,0.0,0.013,,0.039,,0.001,,,23.0,,,,22.0,,,,,,,807.0,0.0,1.86,0.0,2.14,,7.1,0.765,22.6,0.435,6.86,0.1,0.007,0.039,0.0,0.014,2.03,0.0,1.42,0.0,0.822,0.0,,,612.0,,,,,,,,,,,,,,,,,,0.0,0.0,0.0,0.0,0.0,0.0,0.0,,,,82.4,,,,,,,,,,0.0,0.41,,,0.0,,,,15.6,3.0,0.08,0.0,0.0,31.0,0.0,154.0
1682,790491,"BUTTER, STICK, SALTED",2020-04-01,,0.1,,,,,,,,,,,0.0,,21.0,,,10.0,85.0,,236.0,,,,,,,,0.015,2.0,5.0,,,,,,,,,,,,18.2,2.9,43.9,,,,,,,,,,,,,,,,,,0.0,0.07,,,,,7.0,,,,0.045,,0.519,0.0,,0.941,0.12,,16.4,,,0.117,,,0.0,0.002,0.0,1.7,,,0.005,,,,,,,0.342,2.34,,0.22,0.025,,0.01,,0.021,,0.002,0.091,0.0,0.126,,,0.014,,0.003,0.0,0.023,,0.027,,0.001,,,25.0,,,,26.0,,,,,,,538.0,,1.8,0.0,2.02,,6.52,0.651,19.9,0.394,8.2,0.094,0.004,0.036,0.0,0.012,2.04,0.0,1.39,0.0,0.804,0.0,0.0,,521.0,,,,,,,,,,,,,,,,,,0.0,0.0,0.0,0.0,0.0,0.0,0.0,,,,80.3,,,,,,0.0,,,,0.0,0.35,,,0.0,,,,16.4,2.0,0.07,0.0,0.0,14.0,0.0,68.0
1683,790509,"ONIONS, RED",2020-04-01,,,,,,,0.46,,,,,,0.0,,20.0,,,,,,,,,,,,,,0.081,,,,,,,,,,,,,,,,,,,,2.3,,1.31,,,,2.26,,,,,,,,0.0,0.22,,0.0,,,,,,,,,,,,,,,,,,,,,,,,12.1,,0.0,0.138,,,,,,,,,,,,,,,,,,,,,,,,,,,,,,,,,,46.0,,,,195.0,,1.12,,,,,,,,,,,,,,,,,,,,,,,,,,,2.7,,2.0,,,,,,1.83,,,,,,,,,,,,,,,,,,,,4.86,,0.1,,,,,,,7.8,,,,,,,,,,,88.2,,0.18,,,,,
1684,790520,"ONIONS, RED",2020-04-01,,,,,,,0.46,,,,,,0.0,,19.0,,,,,,,,,,,,,,0.068,,,,,,,,,,,,,,,,,,,,2.4,,1.57,,,,2.66,,,,,,,,0.0,0.17,,0.0,,,,,,,,,,,,,,,,,,,,,,,,11.1,,0.0,0.104,,,,,,,,,,,,,,,,,,,,,,,,,,,,,,,,,,38.0,,,,209.0,,1.15,,,,,,,,,,,,,,,,,,,,,,,,,,,0.0,,2.0,,,,,,1.72,,,,,,,,,,,,,,,,,,,,4.93,,0.2,,,,,,,7.7,,,,,,,,,,,87.3,,0.18,,,,,
1685,790531,"ONIONS, RED",2020-04-01,,,,,,,0.49,,,,,,0.0,,18.0,,,,,,,,,,,,,,0.048,,,,,,,,,,,,,,,,,,,,2.4,,2.07,,,,2.49,,,,,,,,0.0,0.26,,0.0,,,,,,,,,,,,,,,,,,,,,,,,11.6,,0.0,0.128,,,,,,,,,,,,,,,,,,,,,,,,,,,,,,,,,,48.0,,,,234.0,,0.96,,,,,,,,,,,,,,,,,,,,,,,,,,,0.0,,0.0,,,,,,1.6,,,,,,,,,,,,,,,,,,,,3.89,,0.0,,,,,,,8.2,,,,,,,,,,,88.0,,0.16,,,,,
1686,790543,"ONIONS, RED",2020-04-01,,,,,,,0.37,,,,,,0.0,,12.0,,,,,,,,,,,,,,0.056,,,,,,,,,,,,,,,,,,,,2.2,,1.87,,,,1.91,,,,,,,,0.0,0.28,,0.0,,,,,,,,,,,,,,,,,,,,,,,,14.6,,0.0,0.095,,,,,,,,,,,,,,,,,,,,,,,,,,,,,,,,,,36.0,,,,177.0,,0.81,,,,,,,,,,,,,,,,,,,,,,,,,,,0.0,,4.0,,,,,,1.85,,,,,,,,,,,,,,,,,,,,4.53,,0.1,,,,,,,8.0,,,,,,,,,,,87.8,,0.13,,,,,
1687,790555,"ONIONS, RED",2020-04-01,,,,,,,0.39,,,,,,0.0,,14.0,,,,,,,,,,,,,,0.039,,,,,,,,,,,,,,,,,,,,2.1,,1.79,,,,2.12,,,,,,,,0.0,0.2,,0.0,,,,,,,,,,,,,,,,,,,,,,,,8.1,,0.0,0.099,,,,,,,,,,,,,,,,,,,,,,,,,,,,,,,,,,36.0,,,,178.0,,0.72,,,,,,,,,,,,,,,,,,,,,,,,,,,0.0,,0.0,,,,,,1.01,,,,,,,,,,,,,,,,,,,,2.35,,0.0,,,,,,,6.1,,,,,,,,,,,91.3,,0.14,,,,,
1688,790566,"ONIONS, RED",2020-04-01,,,,,,,0.41,,,,,,0.0,,17.0,,,,,,,,,,,,,,0.054,,,,,,,,,,,,,,,,,,,,2.1,,2.11,,,,2.31,,,,,,,,0.0,0.29,,0.0,,,,,,,,,,,,,,,,,,,,,,,,10.9,,0.0,0.148,,,,,,,,,,,,,,,,,,,,,,,,,,,,,,,,,,41.0,,,,188.0,,0.89,,,,,,,,,,,,,,,,,,,,,,,,,,,0.0,,0.0,,,,,,2.04,,,,,,,,,,,,,,,,,,,,3.28,,0.2,,,,,,,10.5,,,,,,,,,,,88.8,,0.21,,,,,
1689,790578,"ONIONS, YELLOW",2020-04-01,,,,,,,0.39,,,,,,0.0,,14.0,,,,,,,,,,,,,,0.064,,,,,,,,,,,,,,,,,,,,1.8,,1.72,,,,2.19,,,,,,,,0.0,0.18,,0.0,,,,,,,,,,,,,,,,,,,,,,,,8.4,,0.0,0.125,,,,,,,,,,,,,,,,,,,,,,,,,,,,,,,,,,29.0,,,,160.0,,0.88,,,,,,,,,,,,,,,,,,,,,,,,,,,0.0,,0.0,,,,,,1.35,,,,,,,,,,,,,,,,,,,,2.24,,0.0,,,,,,,6.1,,,,,,,,,,,91.0,,0.18,,,,,
1690,790589,"ONIONS, YELLOW",2020-04-01,,,,,,,0.47,,,,,,0.0,,16.0,,,,,,,,,,,,,,0.015,,,,,,,,,,,,,,,,,,,,2.0,,1.73,,,,2.27,,,,,,,,0.0,0.16,,0.0,,,,,,,,,,,,,,,,,,,,,,,,9.7,,0.0,0.139,,,,,,,,,,,,,,,,,,,,,,,,,,,,,,,,,,41.0,,,,219.0,,0.93,,,,,,,,,,,,,,,,,,,,,,,,,,,0.0,,0.0,,,,,,1.76,,,,,,,,,,,,,,,,,,,,3.85,,0.1,,,,,,,8.3,,,,,,,,,,,88.5,,0.33,,,,,
1691,790600,"ONIONS, YELLOW",2020-04-01,,,,,,,0.34,,,,,,0.0,,19.0,,,,,,,,,,,,,,0.045,,,,,,,,,,,,,,,,,,,,2.0,,2.44,,,,2.37,,,,,,,,0.0,0.7,,0.0,,,,,,,,,,,,,,,,,,,,,,,,9.1,,0.0,0.096,,,,,,,,,,,,,,,,,,,,,,,,,,,,,,,,,,25.0,,,,140.0,,0.7,,,,,,,,,,,,,,,,,,,,,,,,,,,0.0,,4.0,,,,,,,,,,,,,,,,,,,,,,,,,,1.54,,0.0,,,,,,,9.8,,,,,,,,,,,91.1,,0.1,,,,,
1692,790612,"ONIONS, YELLOW",2020-04-01,,,,,,,0.48,,,,,,0.0,,14.0,,,,,,,,,,,,,,0.022,,,,,,,,,,,,,,,,,,,,2.1,,1.79,,,,2.29,,,,,,,,0.0,0.18,,0.0,,,,,,,,,,,,,,,,,,,,,,,,9.6,,0.0,0.27,,,,,,,,,,,,,,,,,,,,,,,,,,,,,,,,,,40.0,,,,218.0,,0.83,,,,,,,,,,,,,,,,,,,,,,,,,,,0.0,,0.0,,,,,,1.82,,,,,,,,,,,,,,,,,,,,3.78,,0.2,,,,,,,8.8,,,,,,,,,,,88.9,,0.26,,,,,
1693,790623,"ONIONS, YELLOW",2020-04-01,,,,,,,0.44,,,,,,0.0,,12.0,,,,,,,,,,,,,,0.029,,,,,,,,,,,,,,,,,,,,1.9,,1.69,,,,2.48,,,,,,,,0.0,0.31,,0.0,,,,,,,,,,,,,,,,,,,,,,,,9.3,,0.0,0.127,,,,,,,,,,,,,,,,,,,,,,,,,,,,,,,,,,41.0,,,,201.0,,0.93,,,,,,,,,,,,,,,,,,,,,,,,,,,0.0,,0.0,,,,,,1.49,,,,,,,,,,,,,,,,,,,,3.21,,0.0,,,,,,,7.4,,,,,,,,,,,89.6,,0.21,,,,,
1694,790634,"ONIONS, YELLOW",2020-04-01,,,,,,,0.35,,,,,,0.0,,15.0,,,,,,,,,,,,,,0.037,,,,,,,,,,,,,,,,,,,,1.8,,2.09,,,,2.25,,,,,,,,0.0,0.17,,0.0,,,,,,,,,,,,,,,,,,,,,,,,8.2,,0.0,0.105,,,,,,,,,,,,,,,,,,,,,,,,,,,,,,,,,,32.0,,,,153.0,,0.72,,,,,,,,,,,,,,,,,,,,,,,,,,,0.0,,3.0,,,,,,,,,,,,,,,,,,,,,,,,,,1.66,,0.0,,,,,,,8.6,,,,,,,,,,,91.6,,0.12,,,,,
1695,790647,"BANANAS, OVERRIPE",2020-04-01,,,,,,,0.62,,,,,,0.0,,,,,1.0,2.0,,,,,,,,,,,0.0,0.0,,,,,,,,,,,,,,,,,,,21.0,,,,,,,,,,,,,,,,,,,,,,,,,,,,,,,,,,,,,,,,,,,,,,0.62,0.11,,,,,,,,,,,,,,,,,,,,,,,,,,,,,,,,,,,,,,,,,,0.0,,,,,,,,,,,,,,,,,,,,,,,,,,,,,,,,,,,,,,,0.035,,,,,,,,,,,,0.3,,,,,,0.22,9.6,,,,,,,,0.0,0.0,0.1,77.0,,,0.0,0.0,0.0,0.0,2.0
1696,790662,"BANANAS, OVERRIPE",2020-04-01,,,,,,,0.62,,,,,,0.0,,,,,10.0,8.0,,,,,,,,,252.0,,0.0,0.0,,,,,,,,,,,,,,,,,,1.8,25.0,,,,,,,,,,,,,,,,,,,,,,,,,,,,,,,,,,,,,,,,,258.0,,,,,0.49,0.12,,,,,,,,,,,,,,,,,,,,,,,,,,,,,,,,,,,,,,,,,,0.0,,,,,,,,,,,,,,,,,,,,,,,,,,,,,,,,,,,,,,,0.037,,,,,,,,,,1.88,,0.38,,,,,,0.249,8.3,,,,,,,,0.0,0.0,0.1,80.6,,,0.0,0.0,1.0,0.0,7.0
1697,790680,"BANANAS, OVERRIPE",2020-04-01,,,,,,,0.78,,,,,,0.0,,,,,7.0,7.0,,,,,,,,,,,0.0,0.0,,,,,,,,,,,,,,,,,,,28.0,,,,,,,,,,,,,,,,,,,,,,,,,,,,,,,,,,,,,,,,,,,,,,0.53,0.1,,,,,,,,,,,,,,,,,,,,,,,,,,,,,,,,,,,,,,,,,,0.0,,,,,,,,,,,,,,,,,,,,,,,,,,,,,,,,,,,,,,,0.039,,,,,,,,,,,,0.1,,,,,,0.232,9.1,,,,,,,,0.0,0.0,0.1,79.1,,,0.0,0.0,1.0,0.0,6.0
1698,790695,"BANANAS, OVERRIPE",2020-04-01,,,,,,,0.63,,,,,,0.0,,,,,11.0,13.0,,,,,,,,,250.0,,0.0,0.0,,,,,,,,,,,,,,,,,,1.8,,,,,,,,,,,,,,,,,,,,,,,,,,,,,,,,,,,,,,,,,,286.0,,,,,0.6,0.11,,,,,,,,,,,,,,,,,,,,,,,,,,,,,,,,,,,,,,,,,,0.0,,,,,,,,,,,,,,,,,,,,,,,,,,,,,,,,,,,,,,,0.038,,,,,,,,,,1.8,,0.11,,,,,,0.235,,,,,,,,,0.0,0.0,0.1,78.9,,,0.0,0.0,2.0,0.0,11.0
1699,790711,"BANANAS, OVERRIPE",2020-04-01,,,,,,,0.74,,,,,,0.0,,,,,8.0,9.0,,,,,,,,,333.0,,0.0,0.0,,,,,,,,,,,,,,,,,,1.6,,,,,,,,,,,,,,,,,,,,,,,,,,,,,,,,,,,,,,,,,,312.0,,,,,0.65,0.15,,,,,,,,,,,,,,,,,,,,,,,,,,,,,,,,,,,,,,,,,,0.0,,,,,,,,,,,,,,,,,,,,,,,,,,,,,,,,,,,,,,,0.056,,,,,,,,,,1.96,,0.11,,,,,,0.244,10.9,,,,,,,,0.0,0.0,0.1,78.2,,,0.0,0.0,1.0,0.0,8.0
1700,790728,"BANANAS, OVERRIPE",2020-04-01,,,,,,,0.64,,,,,,0.0,,,,,13.0,20.0,,,,,,,,,280.0,,0.0,0.0,,,,,,,,,,,,,,,,,,2.3,,,,,,,,,,,,,,,,,,,,,,,,,,,,,,,,,,,,,,,,,,305.0,,,,,0.53,0.11,,,,,,,,,,,,,,,,,,,,,,,,,,,,,,,,,,,,,,,,,,0.0,,,,,,,,,,,,,,,,,,,,,,,,,,,,,,,,,,,,,,,0.036,,,,,,,,,,2.44,,0.34,,,,,,0.221,12.0,,,,,,,,0.0,0.0,0.4,75.9,,,0.0,0.0,3.0,0.0,17.0
1701,790745,"BANANAS, OVERRIPE, MEDIUM SIZE",2020-04-01,,,,,,,,,,,,,,,,,,,,,,,,,,,,,,,,,,,,,,,,,,,,,,,,,1.1,,,,,,,,,,,,,,,,,,,,,,,,,,,,,,,,,,,,,,,,,,,,,,,,,,,,,,,,,,,,,,,,,,,,,,,,,,,,,,,,,,,,,,,,,,,,,,,,,,,,,,,,,,,,,,,,,,,,,,,,,,,,,,,,,,,,,,,,,,,,,,,,,,,,8.3,,,,,,,,,,,,,,,,,,
1708,790755,"BANANAS, SLIGHTLY RIPE, MEDIUM SIZE ",2020-04-01,,,,,,,,,,,,,,,,,,,,,,,,,,,,,,,,,,,,,,,,,,,,,,,,,1.2,,,,,,,,,,,,,,,,,,,,,,,,,,,,,,,,,,,,,,,,,,,,,,,,,,,,,,,,,,,,,,,,,,,,,,,,,,,,,,,,,,,,,,,,,,,,,,,,,,,,,,,,,,,,,,,,,,,,,,,,,,,,,,,,,,,,,,,,,,,,,,,,,,,,10.3,,,,,,,,,,,,,,,,,,
1710,790760,"BANANAS, RIPE, MEDIUM SIZE ",2020-04-01,,,,,,,,,,,,,,,,,,,,,,,,,,,,,,,,,,,,,,,,,,,,,,,,,1.1,,,,,,,,,,,,,,,,,,,,,,,,,,,,,,,,,,,,,,,,,,,,,,,,,,,,,,,,,,,,,,,,,,,,,,,,,,,,,,,,,,,,,,,,,,,,,,,,,,,,,,,,,,,,,,,,,,,,,,,,,,,,,,,,,,,,,,,,,,,,,,,,,,,,,,,,,,,,,,,,,,,,,,
1712,790763,"BANANAS, RIPE, MEDIUM SIZE ",2020-04-01,,,,,,,,,,,,,,,,,,,,,,,,,,,,,,,,,,,,,,,,,,,,,,,,,,,,,,,,,,,,,,,,,,,,,,,,,,,,,,,,,,,,,,,,,,,,,,,,,,,,,,,,,,,,,,,,,,,,,,,,,,,,,,,,,,,,,,,,,,,,,,,,,,,,,,,,,,,,,,,,,,,,,,,,,,,,,,,,,,,,,,,,,,,,,,,,,,,,,9.2,,,,,,,,,,,,,,,,,,
1720,790775,"BANANAS, RIPE",2020-04-01,,,,,,,0.65,,,,,,0.0,,6.0,,,9.0,12.0,,,,,,,,,302.0,0.086,0.0,0.0,,,,,,,,,,,,,,,,,,2.2,16.0,,,,,,,,,,,,,0.0,0.0,,,,,,,,,,,,,,,,,,,,,,,,,,27.5,317.0,,0.333,,,0.68,0.12,,,,,,,,,,,,,,,,,,,,,,,,,,,,,,23.0,,,,307.0,,,,,,,,0.0,,,,,,,,,,,,,,,,,,,,,0.0,,0.0,,,,,,,,,,,,,,,,0.05,,,,,,,,,,3.62,,0.62,,,,,,0.215,,,,,,,,,0.0,0.0,0.1,74.8,,0.16,0.0,0.0,2.0,0.0,10.0
1721,790795,"BANANAS, RIPE",2020-04-01,,,,,,,0.7,,,,,,0.0,,4.0,,,17.0,31.0,,,,,,,,,366.0,0.099,0.0,0.0,,,,,,,,,,,,,,,,,,1.8,16.0,,,,,,,,,,,,,0.0,0.0,,,,,,,,,,,,,,,,,,,,,,,,,,31.9,331.0,,0.47,,,0.78,0.11,,,,,,,,,,,,,,,,,,,,,,,,,,,,,,24.0,,,,355.0,,,,,,,,0.0,,,,,,,,,,,,,,,,,,,,,0.0,,0.0,,,,,,,,,,,,,,,,0.044,,,,,,,,,,5.12,,0.44,,,,,,0.206,15.1,,,,,,,,0.0,0.0,0.3,72.2,,0.17,0.0,0.0,4.0,0.0,27.0
1722,790816,"BANANAS, RIPE",2020-04-01,,,,,,,0.65,,,,,,0.0,,4.0,,,5.0,7.0,,,,,,,,,,0.096,0.0,0.0,,,,,,,,,,,,,,,,,,1.8,14.0,,,,,,,,,,,,,0.0,0.0,,,,,,,,,,,,,,,,,,,,,,,,,,27.2,,,0.093,,,0.64,0.13,,,,,,,,,,,,,,,,,,,,,,,,,,,,,,21.0,,,,326.0,,,,,,,,0.0,,,,,,,,,,,,,,,,,,,,,0.0,,0.0,,,,,,,,,,,,,,,,0.052,,,,,,,,,,4.02,,0.1,,,,,,0.192,13.4,,,,,,,,0.0,0.0,0.2,76.0,,0.15,0.0,0.0,1.0,0.0,6.0
1723,790836,"BANANAS, SLIGHTLY RIPE",2020-04-01,,,,,,,0.69,,,,,,0.0,,,,,4.0,4.0,,,,,,,,,320.0,,0.0,0.0,,,,,,,,,,,,,,,,,,1.7,12.0,,,,,,,,,,,,,,,,,,,,,,,,,,,,,,,,,,,,,,,,,352.0,,,,,0.66,0.11,,,,,,,,,,,,,,,,,,,,,,,,,,,,,,,,,,,,,,,,,,0.0,,,,,,,,,,,,,,,,,,,,,,,,,,,,,,,,,,,,,,,0.068,,,,,,,,,,4.31,,0.14,,,,,,0.194,,,,,,,,,0.0,0.0,0.1,75.2,,,0.0,0.0,0.0,0.0,4.0
1724,790853,"BANANAS, SLIGHTLY RIPE",2020-04-01,,,,,,,0.71,,,,,,0.0,,,,,5.0,5.0,,,,,,,,,,,0.0,0.0,,,,,,,,,,,,,,,,,,,,,,,,,,,,,,,,,,,,,,,,,,,,,,,,,,,,,,,,,,,,,,,,,0.59,0.12,,,,,,,,,,,,,,,,,,,,,,,,,,,,,,,,,,,,,,,,,,0.0,,,,,,,,,,,,,,,,,,,,,,,,,,,,,,,,,,,,,,,0.055,,,,,,,,,,,,0.71,,,,,,0.229,13.1,,,,,,,,0.0,0.0,0.1,75.6,,,0.0,0.0,1.0,0.0,4.0
1725,790867,"BANANAS, RIPE",2020-04-01,,,,,,,0.67,,,,,,0.0,,4.0,,,4.0,4.0,,,,,,,,,,0.128,0.0,0.0,,,,,,,,,,,,,,,,,,2.1,,,,,,,,,,,,,,0.0,0.0,,,,,,,,,,,,,,,,,,,,,,,,,,26.9,,,0.345,,,0.66,0.12,,,,,,,,,,,,,,,,,,,,,,,,,,,,,,20.0,,,,340.0,,,,,,,,0.0,,,,,,,,,,,,,,,,,,,,,0.0,,0.0,,,,,,,,,,,,,,,,0.059,,,,,,,,,,3.03,,0.15,,,,,,0.208,9.5,,,,,,,,0.0,0.0,0.1,76.4,,0.19,0.0,0.0,1.0,0.0,3.0
1726,790887,"BANANAS, SLIGHTLY RIPE",2020-04-01,,,,,,,0.76,,,,,,0.0,,,,,4.0,5.0,,,,,,,,,,,0.0,0.0,,,,,,,,,,,,,,,,,,,,,,,,,,,,,,,,,,,,,,,,,,,,,,,,,,,,,,,,,,,,,,,,,0.67,0.12,,,,,,,,,,,,,,,,,,,,,,,,,,,,,,,,,,,,,,,,,,0.0,,,,,,,,,,,,,,,,,,,,,,,,,,,,,,,,,,,,,,,0.057,,,,,,,,,,,,0.11,,,,,,0.201,12.6,,,,,,,,0.0,0.0,0.1,75.0,,,0.0,0.0,1.0,0.0,4.0
1727,790901,"BANANAS, SLIGHTLY RIPE",2020-04-01,,,,,,,0.75,,,,,,0.0,,,,,4.0,5.0,,,,,,,,,372.0,,0.0,0.0,,,,,,,,,,,,,,,,,,1.9,13.0,,,,,,,,,,,,,,,,,,,,,,,,,,,,,,,,,,,,,,,,,397.0,,,,,0.67,0.11,,,,,,,,,,,,,,,,,,,,,,,,,,,,,,,,,,,,,,,,,,0.0,,,,,,,,,,,,,,,,,,,,,,,,,,,,,,,,,,,,,,,0.06,,,,,,,,,,6.32,,0.1,,,,,,0.199,14.1,,,,,,,,0.0,0.0,0.1,75.0,,,0.0,0.0,0.0,0.0,4.0
1728,790919,"BANANAS, SLIGHTLY RIPE",2020-04-01,,,,,,,0.81,,,,,,0.0,,,,,17.0,13.0,,,,,,,,,377.0,,0.0,0.0,,,,,,,,,,,,,,,,,,1.7,12.0,,,,,,,,,,,,,,,,,,,,,,,,,,,,,,,,,,,,,,,,,429.0,,,,,0.63,0.13,,,,,,,,,,,,,,,,,,,,,,,,,,,,,,,,,,,,,,,,,,0.0,,,,,,,,,,,,,,,,,,,,,,,,,,,,,,,,,,,,,,,0.061,,,,,,,,,,4.94,,0.43,,,,,,0.214,12.2,,,,,,,,0.0,0.0,0.0,75.3,,,0.0,0.0,1.0,0.0,12.0
1729,790937,"BANANAS, RIPE",2020-04-01,,,,,,,0.65,,,,,,0.0,,5.0,,,5.0,5.0,,,,,,,,,314.0,0.083,0.0,0.0,,,,,,,,,,,,,,,,,,,,,,,,,,,,,,,,0.0,0.0,,,,,,,,,,,,,,,,,,,,,,,,,,27.5,327.0,,0.114,,,0.65,0.11,,,,,,,,,,,,,,,,,,,,,,,,,,,,,,21.0,,,,325.0,,,,,,,,0.0,,,,,,,,,,,,,,,,,,,,,0.0,,0.0,,,,,,,,,,,,,,,,0.046,,,,,,,,,,,,0.0,,,,,,0.22,11.5,,,,,,,,0.0,0.0,0.1,76.3,,0.15,0.0,0.0,1.0,0.0,4.0
1730,790955,"BANANAS, SLIGHTLY RIPE",2020-04-01,,,,,,,0.73,,,,,,0.0,,,,,6.0,6.0,,,,,,,,,366.0,,0.0,0.0,,,,,,,,,,,,,,,,,,1.7,,,,,,,,,,,,,,,,,,,,,,,,,,,,,,,,,,,,,,,,,,404.0,,,,,0.64,0.12,,,,,,,,,,,,,,,,,,,,,,,,,,,,,,,,,,,,,,,,,,0.0,,,,,,,,,,,,,,,,,,,,,,,,,,,,,,,,,,,,,,,0.057,,,,,,,,,,5.56,,0.72,,,,,,0.226,12.6,,,,,,,,0.0,0.0,0.1,77.0,,,0.0,0.0,1.0,0.0,4.0
1731,790973,"BANANAS, RIPE",2020-04-01,,,,,,,0.65,,,,,,0.0,,5.0,,,3.0,5.0,,,,,,,,,311.0,0.115,0.0,0.0,,,,,,,,,,,,,,,,,,,,,,,,,,,,,,,,0.0,0.0,,,,,,,,,,,,,,,,,,,,,,,,,,27.2,397.0,,0.19,,,0.67,0.13,,,,,,,,,,,,,,,,,,,,,,,,,,,,,,23.0,,,,300.0,,,,,,,,0.0,,,,,,,,,,,,,,,,,,,,,0.0,,0.0,,,,,,,,,,,,,,,,0.064,,,,,,,,,,,,0.0,,,,,,0.203,14.6,,,,,,,,0.0,0.0,0.1,74.4,,0.16,0.0,0.0,1.0,0.0,4.0
1732,1104593,GARLIC,2020-10-30,,,,,,,1.7,,,,,,,,,,,,,,,,,,,,,,,,,,,,,,,,,,,,,,,,,,3.4,,,,,,,,,,,,,,,,,,,,,,,,,,,,,,,,,,,,,,,,,,,,,,,,1.07,,,,,,,,,,,,,,,,,,,,,,,,,,,,,,,,,,,,,,,,,,,,,,,,,,,,,,,,,,,,,,,13.6,,,,,,,,,,,,,,,,,,,,,,,,,,,,,,0.3,,,,,,,9.4,,,,,,,,,,,59.1,,,,,,,
1733,1104602,GARLIC,2020-10-30,,,,,,,1.9,,,,,,,,,,,,,,,,,,,,,,,,,,,,,,,,,,,,,,,,,,3.0,,,,,,,,,,,,,,,,,,,,,,,,,,,,,,,,,,,,,,,,,,,,,,,,1.17,,,,,,,,,,,,,,,,,,,,,,,,,,,,,,,,,,,,,,,,,,,,,,,,,,,,,,,,,,,,,,,24.3,,,,,,,,,,,,,,,,,,,,,,,,,,,,,,0.5,,,,,,,8.3,,,,,,,,,,,59.4,,,,,,,
1734,1104611,GARLIC,2020-10-30,,,,,,,1.59,,,,,,,,,,,,,,,,,,,,,,,,,,,,,,,,,,,,,,,,,,2.4,,,,,,,,,,,,,,,,,,,,,,,,,,,,,,,,,,,,,,,,,,,,,,,,0.94,,,,,,,,,,,,,,,,,,,,,,,,,,,,,,,,,,,,,,,,,,,,,,,,,,,,,,,,,,,,,,,0.0,,,,,,,,,,,,,,,,,,,,,,,,,,,,,,0.4,,,,,,,9.4,,,,,,,,,,,64.9,,,,,,,
1735,1104620,GARLIC,2020-10-30,,,,,,,1.7,,,,,,,,,,,,,,,,,,,,,,,,,,,,,,,,,,,,,,,,,,2.3,,,,,,,,,,,,,,,,,,,,,,,,,,,,,,,,,,,,,,,,,,,,,,,,1.06,,,,,,,,,,,,,,,,,,,,,,,,,,,,,,,,,,,,,,,,,,,,,,,,,,,,,,,,,,,,,,,14.3,,,,,,,,,,,,,,,,,,,,,,,,,,,,,,0.3,,,,,,,9.9,,,,,,,,,,,69.0,,,,,,,
1736,1104629,GARLIC,2020-10-30,,,,,,,1.68,,,,,,,,,,,,,,,,,,,,,,,,,,,,,,,,,,,,,,,,,,2.7,,,,,,,,,,,,,,,,,,,,,,,,,,,,,,,,,,,,,,,,,,,,,,,,1.27,,,,,,,,,,,,,,,,,,,,,,,,,,,,,,,,,,,,,,,,,,,,,,,,,,,,,,,,,,,,,,,0.0,,,,,,,,,,,,,,,,,,,,,,,,,,,,,,0.4,,,,,,,10.4,,,,,,,,,,,61.3,,,,,,,
1737,1104638,GARLIC,2020-10-30,,,,,,,1.67,,,,,,,,,,,,,,,,,,,,,,,,,,,,,,,,,,,,,,,,,,2.6,,,,,,,,,,,,,,,,,,,,,,,,,,,,,,,,,,,,,,,,,,,,,,,,0.85,,,,,,,,,,,,,,,,,,,,,,,,,,,,,,,,,,,,,,,,,,,,,,,,,,,,,,,,,,,,,,,6.3,,,,,,,,,,,,,,,,,,,,,,,,,,,,,,0.4,,,,,,,12.6,,,,,,,,,,,64.8,,,,,,,
1739,1104650,"FLOUR, SOY (DEFATTED)",2020-10-30,,,,,3.02,4.16,6.33,5.32,,,,,,,357.0,,,,,,,,,,,,,,1.49,,,1.03,,,,,,,,,,,,,,,,,,,,,,,,9.7,,1.89,,,1.34,0.19,,6.97,2.47,,4.36,,,,,3.08,,,,,,,,,,,,,,,,,,298.0,,,3.94,0.66,188.0,3.14,8.29,,,,,,,,,,,,,,,,,,,,,,,,,,,,,3.04,710.0,,,,2420.0,2.98,,,,,,,0.313,,,,,,,,,,,,,,,,,,,,,37.5,2.85,4.0,,,,,,,,,,,,,,,,0.58,2.1,,,,,,,,,24.3,,3.44,0.62,1.89,2.46,,,0.64,,,,,,,,,,,,5.96,,4.29,,,,,
1740,1104661,"FLOUR, SOY (DEFATTED)",2020-10-30,,,,,2.8,3.82,6.62,4.87,,,,,,,358.0,,,,,,,,,,,,,,1.56,,,1.05,,,,,,,,,,,,,,,,,,,,,,,,8.87,,1.75,,,1.24,0.15,,7.18,2.27,,4.03,,,,,3.01,,,,,,,,,,,,,,,,,,312.0,,,4.11,0.6,191.0,3.24,8.23,,,,,,,,,,,,,,,,,,,,,,,,,,,,,2.82,707.0,,,,2510.0,2.85,,,,,,,0.316,,,,,,,,,,,,,,,,,,,,,36.5,2.64,6.0,,,,,,,,,,,,,,,,0.51,1.92,,,,,,,,,23.8,,3.2,0.62,1.7,2.26,,,0.637,,,,,,,,,,,,6.13,,4.46,,,,,
1741,1104672,"FLOUR, SOY (DEFATTED)",2020-10-30,,,,,2.9,3.98,6.56,5.02,,,,,,,307.0,,,,,,,,,,,,,,1.49,,,1.0,,,,,,,,,,,,,,,,,,,,,,,,9.22,,1.81,,,1.29,0.18,,7.66,2.33,,4.14,,,,,3.12,,,,,,,,,,,,,,,,,,321.0,,,3.44,0.63,228.0,3.65,8.16,,,,,,,,,,,,,,,,,,,,,,,,,,,,,2.88,759.0,,,,2460.0,2.86,,,,,,,0.303,,,,,,,,,,,,,,,,,,,,,63.0,2.74,0.0,,,,,,,,,,,,,,,,0.58,2.0,,,,,,,,,24.3,,3.32,0.63,1.73,2.34,,,0.601,,,,,,,,,,,,5.53,,4.52,,,,,
1742,1104683,"FLOUR, SOY (DEFATTED)",2020-10-30,,,,,2.85,3.93,6.34,4.93,,,,,,,357.0,,,,,,,,,,,,,,1.51,,,0.98,,,,,,,,,,,,,,,,,,,,,,,,8.9,,1.77,,,1.27,0.17,,6.89,2.31,,4.1,,,,,3.07,,,,,,,,,,,,,,,,,,307.0,,,4.01,0.62,193.0,3.6,8.24,,,,,,,,,,,,,,,,,,,,,,,,,,,,,2.87,718.0,,,,2520.0,2.8,,,,,,,0.293,,,,,,,,,,,,,,,,,,,,,29.9,2.67,0.0,,,,,,,,,,,,,,,,0.55,1.95,,,,,,,,,24.2,,3.57,0.61,1.79,2.3,,,0.62,,,,,,,,,,,,6.03,,4.29,,,,,
1743,1104694,"FLOUR, SOY (DEFATTED)",2020-10-30,,,,,2.73,3.78,6.42,4.75,,,,,,,309.0,,,,,,,,,,,,,,1.52,,,0.99,,,,,,,,,,,,,,,,,,,,,,,,8.69,,1.71,,,1.22,0.19,,7.98,2.19,,3.9,,,,,3.03,,,,,,,,,,,,,,,,,,327.0,,,3.56,0.6,254.0,3.52,7.96,,,,,,,,,,,,,,,,,,,,,,,,,,,,,2.69,736.0,,,,2510.0,2.69,,,,,,,0.266,,,,,,,,,,,,,,,,,,,,,62.2,2.59,0.0,,,,,,,,,,,,,,,,0.49,1.89,,,,,,,,,24.8,,3.1,0.6,1.61,2.21,,,0.592,,,,,,,,,,,,7.57,,4.62,,,,,
1744,1104706,"FLOUR, SOY, FULL FAT (ORGANIC)",2020-10-30,,,,,2.16,3.13,5.31,3.87,,,,,,,276.0,,,,,,,,,,,,,,1.21,,,0.8,,,,,,,,,,,,,,,,,,,,,,,,6.95,,1.35,,,0.97,0.15,,4.82,1.74,,3.12,,,,,2.26,,,,,,,,,,,,,,,,,,270.0,,,3.4,0.51,1180.0,2.57,6.47,,,,,,,,,,,,,,,,,,,,,,,,,,,,,2.18,665.0,,,,1920.0,2.28,,,,,,,0.286,,,,,,,,,,,,,,,,,,,,,29.3,2.13,0.0,,,,,,,,,,,,,,,,0.46,1.52,,,,,,,,,,,23.3,0.48,1.42,1.74,,,0.46,,,,,,,,,,,,7.71,,3.95,,,,,
1745,1104716,"FLOUR, SOY, FULL FAT",2020-10-30,,,,,2.26,3.08,4.9,3.95,,,,,,,307.0,,,,,,,,,,,,,,1.18,,,0.69,,,,,,,,,,,,,,,,,,,,,,,,7.2,,1.41,,,0.98,0.23,,9.13,1.85,,3.27,,,,,2.19,,,,,,,,,,,,,,,,,,254.0,,,2.97,0.5,116.0,2.04,6.46,,,,,,,,,,,,,,,,,,,,,,,,,,,,,2.29,583.0,,,,1820.0,2.26,,,,,,,0.265,,,,,,,,,,,,,,,,,,,,,14.6,2.19,0.0,,,,,,,,,,,,,,,,0.12,1.54,,,,,,,,,,,20.9,0.46,1.48,1.84,,,0.298,,,,,,,,,,,,6.58,,3.68,,,,,
1746,1104726,"FLOUR, SOY, FULL FAT",2020-10-30,,,,,2.22,3.1,4.94,4.0,,,,,,,289.0,,,,,,,,,,,,,,1.2,,,0.8,,,,,,,,,,,,,,,,,,,,,,,,7.24,,1.41,,,1.0,0.21,,10.8,1.84,,3.24,,,,,2.41,,,,,,,,,,,,,,,,,,262.0,,,3.18,0.5,68.6,2.54,6.48,,,,,,,,,,,,,,,,,,,,,,,,,,,,,2.29,526.0,,,,1840.0,2.21,,,,,,,0.268,,,,,,,,,,,,,,,,,,,,,15.0,2.2,3.0,,,,,,,,,,,,,,,,0.41,1.56,,,,,,,,,,,21.4,0.47,1.52,1.8,,,0.309,,,,,,,,,,,,7.63,,3.82,,,,,
1747,1104736,"FLOUR, SOY, FULL FAT",2020-10-30,,,,,1.96,2.87,4.72,3.63,,,,,,,128.0,,,,,,,,,,,,,,0.904,,,0.82,,,,,,,,,,,,,,,,,,,,,,,,6.6,,1.28,,,0.91,0.18,,7.34,1.64,,2.88,,,,,2.07,,,,,,,,,,,,,,,,,,222.0,,,2.8,0.47,58.2,2.67,5.84,,,,,,,,,,,,,,,,,,,,,,,,,,,,,2.02,665.0,,,,1920.0,1.96,,,,,,,0.267,,,,,,,,,,,,,,,,,,,,,0.0,1.97,0.0,,,,,,,,,,,,,,,,0.47,1.42,,,,,,,,,,,21.2,0.44,1.3,1.66,,,0.406,,,,,,,,,,,,8.52,,3.49,,,,,
1748,1104746,"FLOUR, SOY, FULL FAT",2020-10-30,,,,,2.05,2.31,4.93,3.18,,,,,,,209.0,,,,,,,,,,,,,,0.981,,,0.73,,,,,,,,,,,,,,,,,,,,,,,,5.53,,1.23,,,0.81,0.27,,12.7,1.53,,2.66,,,,,1.68,,,,,,,,,,,,,,,,,,237.0,,,3.09,0.44,301.0,4.43,5.44,,,,,,,,,,,,,,,,,,,,,,,,,,,,,1.82,639.0,,,,2030.0,1.82,,,,,,,0.821,,,,,,,,,,,,,,,,,,,,,4.2,1.81,10.0,,,,,,,,,,,,,,,,0.16,1.34,,,,,,,,,,,18.9,0.41,1.19,1.58,,,0.255,,,,,,,,,,,,8.19,,3.72,,,,,
1749,1104756,"FLOUR, SOY, FULL FAT (ORGANIC)",2020-10-30,,,,,2.21,3.18,4.75,3.96,,,,,,,336.0,,,,,,,,,,,,,,1.07,,,0.75,,,,,,,,,,,,,,,,,,,,,,,,7.25,,1.4,,,1.03,0.2,,12.3,1.81,,3.21,,,,,2.2,,,,,,,,,,,,,,,,,,279.0,,,3.5,0.49,161.0,2.17,6.42,,,,,,,,,,,,,,,,,,,,,,,,,,,,,2.28,562.0,,,,1660.0,2.23,,,,,,,0.269,,,,,,,,,,,,,,,,,,,,,22.7,2.14,0.0,,,,,,,,,,,,,,,,0.55,1.53,,,,,,,,,,,18.5,0.44,1.48,1.81,,,0.315,,,,,,,,,,,,8.46,,3.86,,,,,
1750,1104767,"FLOUR, RICE, BROWN (ORGANIC)",2020-10-30,,,,,,,1.23,,,,,,,,8.0,,,,,,,,,,,,,,0.281,,,,,,,,,,,,,,,,,,,,,,,,,,,,,,,,,,,1.1,,,,,,,,,,,,,,,,,,,,,,,,,,102.0,,,2.74,,44.1,5.71,1.07,,,,,,,,,,,,,,,,,,,,,,,,,,,,,,273.0,,,,253.0,,,,,,,,0.0,,,,,,,,,,,,,,,,,,,,,3.7,,0.0,,,,,,,,,,,,,,,,0.32,,,,,,,,,,,,3.37,,,,,,0.11,,,,,,,,,,,,12.7,,1.36,,,,,
1751,1104776,"FLOUR, RICE, BROWN",2020-10-30,,,,,,,1.43,,,,,,,,14.0,,,,,,,,,,,,,,0.336,,,,,,,,,,,,,,,,,,,,,,,,,,,,,,,,,,,2.25,,,,,,,,,,,,,,,,,,,,,,,,,,141.0,,,3.31,,41.9,5.48,1.13,,,,,,,,,,,,,,,,,,,,,,,,,,,,,,320.0,,,,256.0,,,,,,,,0.0,,,,,,,,,,,,,,,,,,,,,19.1,,0.0,,,,,,,,,,,,,,,,0.3,,,,,,,,,,,,4.68,,,,,,0.104,,,,,,,,,,,,12.9,,1.93,,,,,
1752,1104785,"FLOUR, RICE, BROWN (ORGANIC)",2020-10-30,,,,,,,1.47,,,,,,,,9.0,,,,,,,,,,,,,,0.253,,,,,,,,,,,,,,,,,,,,,,,,,,,,,,,,,,,1.26,,,,,,,,,,,,,,,,,,,,,,,,,,118.0,,,2.44,,86.3,5.87,1.19,,,,,,,,,,,,,,,,,,,,,,,,,,,,,,343.0,,,,266.0,,,,,,,,0.03,,,,,,,,,,,,,,,,,,,,,11.8,,3.0,,,,,,,,,,,,,,,,0.34,,,,,,,,,,,,3.7,,,,,,0.174,,,,,,,,,,,,12.2,,2.69,,,,,
1753,1104794,"FLOUR, RICE, BROWN",2020-10-30,,,,,,,1.49,,,,,,,,10.0,,,,,,,,,,,,,,0.272,,,,,,,,,,,,,,,,,,,,,,,,,,,,,,,,,,,1.39,,,,,,,,,,,,,,,,,,,,,,,,,,134.0,,,2.85,,52.4,6.89,1.2,,,,,,,,,,,,,,,,,,,,,,,,,,,,,,340.0,,,,286.0,,,,,,,,0.0,,,,,,,,,,,,,,,,,,,,,2.05,,3.0,,,,,,,,,,,,,,,,0.185,,,,,,,,,,,,3.65,,,,,,0.138,,,,,,,,,,,,10.8,,1.66,,,,,
1754,1104813,"FLOUR, RICE, GLUTENOUS",2020-10-30,,,,,,,0.42,,,,,,,,6.0,,,,,,,,,,,,,,0.191,,,,,,,,,,,,,,,,,,,,,,,,,,,,,,,,,,,0.79,,,,,,,,,,,,,,,,,,,,,,,,,,30.8,,,1.2,,37.9,1.95,1.09,,,,,,,,,,,,,,,,,,,,,,,,,,,,,,87.0,,,,135.0,,,,,,,,0.0,,,,,,,,,,,,,,,,,,,,,0.0,,6.0,,,,,,,,,,,,,,,,0.1,,,,,,,,,,,,1.35,,,,,,0.086,,,,,,,,,,,,11.5,,1.15,,,,,
1755,1104822,"FLOUR, RICE, GLUTENOUS",2020-10-30,,,,,,,0.46,,,,,,,,6.0,,,,,,,,,,,,,,0.196,,,,,,,,,,,,,,,,,,,,,,,,,,,,,,,,,,,0.34,,,,,,,,,,,,,,,,,,,,,,,,,,26.6,,,1.17,,43.6,2.02,1.04,,,,,,,,,,,,,,,,,,,,,,,,,,,,,,78.0,,,,130.0,,,,,,,,0.0,,,,,,,,,,,,,,,,,,,,,0.0,,0.0,,,,,,,,,,,,,,,,0.08,,,,,,,,,,,,1.14,,,,,,0.069,,,,,,,,,,,,11.8,,1.25,,,,,
1756,1104831,"FLOUR, RICE, GLUTENOUS",2020-10-30,,,,,,,0.0,,,,,,,,14.0,,,,,,,,,,,,,,0.148,,,,,,,,,,,,,,,,,,,,,,,,,,,,,,,,,,,0.26,,,,,,,,,,,,,,,,,,,,,,,,,,14.4,,,0.749,,39.6,0.37,1.09,,,,,,,,,,,,,,,,,,,,,,,,,,,,,,46.0,,,,28.0,,,,,,,,0.0,,,,,,,,,,,,,,,,,,,,,4.2,,6.0,,,,,,,,,,,,,,,,0.03,,,,,,,,,,,,0.88,,,,,,0.012,,,,,,,,,,,,12.1,,1.4,,,,,
1757,1104840,"FLOUR, RICE, GLUTENOUS",2020-10-30,,,,,,,0.0,,,,,,,,13.0,,,,,,,,,,,,,,0.157,,,,,,,,,,,,,,,,,,,,,,,,,,,,,,,,,,,0.0,,,,,,,,,,,,,,,,,,,,,,,,,,14.5,,,0.82,,44.1,0.38,1.05,,,,,,,,,,,,,,,,,,,,,,,,,,,,,,48.0,,,,30.0,,,,,,,,0.0,,,,,,,,,,,,,,,,,,,,,3.3,,8.0,,,,,,,,,,,,,,,,0.03,,,,,,,,,,,,0.99,,,,,,0.016,,,,,,,,,,,,12.0,,1.38,,,,,
1758,1104849,"FLOUR, RICE, GLUTENOUS",2020-10-30,,,,,,,0.0,,,,,,,,14.0,,,,,,,,,,,,,,0.133,,,,,,,,,,,,,,,,,,,,,,,,,,,,,,,,,,,0.26,,,,,,,,,,,,,,,,,,,,,,,,,,17.4,,,1.04,,43.9,0.58,1.08,,,,,,,,,,,,,,,,,,,,,,,,,,,,,,55.0,,,,39.0,,,,,,,,0.0,,,,,,,,,,,,,,,,,,,,,4.8,,14.0,,,,,,,,,,,,,,,,0.01,,,,,,,,,,,,1.34,,,,,,0.016,,,,,,,,,,,,12.3,,1.63,,,,,
1759,1104858,"FLOUR, RICE, GLUTENOUS",2020-10-30,,,,,,,0.43,,,,,,,,5.0,,,,,,,,,,,,,,0.193,,,,,,,,,,,,,,,,,,,,,,,,,,,,,,,,,,,0.37,,,,,,,,,,,,,,,,,,,,,,,,,,23.2,,,0.991,,35.3,1.42,1.05,,,,,,,,,,,,,,,,,,,,,,,,,,,,,,67.0,,,,120.0,,,,,,,,0.0,,,,,,,,,,,,,,,,,,,,,0.0,,4.0,,,,,,,,,,,,,,,,0.07,,,,,,,,,,,,1.29,,,,,,0.062,,,,,,,,,,,,10.8,,1.22,,,,,
1760,1104868,"FLOUR, PASTRY, WHITE (UNENRICHED) (UNBLEACHED)",2020-10-30,,,,,,,0.55,,,,,,,,16.0,,,,,,,,,,,,,,0.16,,,,,,,,,,,,,,,,,,,,,,,,,,,,,,,,,,,0.91,,,,,,,,,,,,,,,,,,,,,,,,,,25.2,,,0.943,,27.5,0.8,1.42,,,,,,,,,,,,,,,,,,,,,,,,,,,,,,114.0,,,,148.0,,,,,,,,0.0,,,,,,,,,,,,,,,,,,,,,3.3,,0.0,,,,,,,,,,,,,,,,0.19,,,,,,,,,,,,1.7,,,,,,0.074,,,,,,,,,,,,10.9,,0.89,,,,,
1761,1104877,"FLOUR, PASTRY, WHITE (UNENRICHED) (UNBLEACHED)",2020-10-30,,,,,,,0.5,,,,,,,,17.0,,,,,,,,,,,,,,0.132,,,,,,,,,,,,,,,,,,,,,,,,,,,,,,,,,,,0.7,,,,,,,,,,,,,,,,,,,,,,,,,,18.6,,,0.516,,43.9,0.72,1.29,,,,,,,,,,,,,,,,,,,,,,,,,,,,,,93.0,,,,134.0,,,,,,,,0.0,,,,,,,,,,,,,,,,,,,,,4.6,,0.0,,,,,,,,,,,,,,,,0.1,,,,,,,,,,,,1.62,,,,,,0.043,,,,,,,,,,,,13.1,,0.64,,,,,
1762,1104886,"FLOUR, PASTRY, WHITE (UNENRICHED) (UNBLEACHED)",2020-10-30,,,,,,,0.51,,,,,,,,16.0,,,,,,,,,,,,,,0.157,,,,,,,,,,,,,,,,,,,,,,,,,,,,,,,,,,,1.07,,,,,,,,,,,,,,,,,,,,,,,,,,22.5,,,0.565,,36.2,1.17,1.42,,,,,,,,,,,,,,,,,,,,,,,,,,,,,,100.0,,,,130.0,,,,,,,,0.0,,,,,,,,,,,,,,,,,,,,,3.2,,0.0,,,,,,,,,,,,,,,,0.17,,,,,,,,,,,,1.65,,,,,,0.084,,,,,,,,,,,,11.9,,0.69,,,,,
1763,1104895,"FLOUR, PASTRY, WHITE (UNENRICHED) (UNBLEACHED)",2020-10-30,,,,,,,0.57,,,,,,,,17.0,,,,,,,,,,,,,,0.176,,,,,,,,,,,,,,,,,,,,,,,,,,,,,,,,,,,0.91,,,,,,,,,,,,,,,,,,,,,,,,,,24.7,,,0.674,,104.0,1.25,1.42,,,,,,,,,,,,,,,,,,,,,,,,,,,,,,108.0,,,,157.0,,,,,,,,0.0,,,,,,,,,,,,,,,,,,,,,7.0,,2.0,,,,,,,,,,,,,,,,0.15,,,,,,,,,,,,1.7,,,,,,0.068,,,,,,,,,,,,11.8,,0.82,,,,,
1764,1104904,"FLOUR, PASTRY, WHITE (UNENRICHED) (UNBLEACHED)",2020-10-30,,,,,,,0.52,,,,,,,,17.0,,,,,,,,,,,,,,0.17,,,,,,,,,,,,,,,,,,,,,,,,,,,,,,,,,,,0.75,,,,,,,,,,,,,,,,,,,,,,,,,,21.0,,,0.478,,83.9,1.0,1.47,,,,,,,,,,,,,,,,,,,,,,,,,,,,,,96.0,,,,140.0,,,,,,,,0.0,,,,,,,,,,,,,,,,,,,,,6.6,,3.0,,,,,,,,,,,,,,,,0.12,,,,,,,,,,,,1.55,,,,,,0.056,,,,,,,,,,,,11.9,,0.66,,,,,
1765,1104914,"ONIONS, WHITE",2020-10-30,,,,,,,0.0,,,,,,,,20.0,,,,,,,,,,,,,,0.035,,,,,,,,,,,,,,,,,,,,1.3,,2.86,0.0,,,2.98,,,,,,,,,0.14,,0.0,,,,,,,,,,,,,,,,,,,,,,,,8.9,,0.0,0.077,,,,0.09,,,,,,,,,,,,,,,,,,,,,,,,,,,,,,33.0,,,,139.0,,,,,,,,,,,,,,,,,,,,,,,,,,,,,0.0,,0.0,,,,,,0.72,,,,,,,,,,,,,,,,,,,,,,0.0,,,,,,,,,,,,,,,,,,91.1,,0.12,,,,,
1766,1104922,"ONIONS, WHITE",2020-10-30,,,,,,,0.0,,,,,,,,18.0,,,,,,,,,,,,,,0.037,,,,,,,,,,,,,,,,,,,,1.2,,2.16,0.0,,,2.35,,,,,,,,,0.14,,0.0,,,,,,,,,,,,,,,,,,,,,,,,9.2,,0.0,0.105,,,,0.14,,,,,,,,,,,,,,,,,,,,,,,,,,,,,,33.0,,,,144.0,,,,,,,,,,,,,,,,,,,,,,,,,,,,,0.0,,0.0,,,,,,0.26,,,,,,,,,,,,,,,,,,,,,,0.12,,,,,,,,,,,,,,,,,,92.0,,0.12,,,,,
1767,1104930,"ONIONS, WHITE",2020-10-30,,,,,,,0.0,,,,,,,,19.0,,,,,,,,,,,,,,0.063,,,,,,,,,,,,,,,,,,,,1.3,,2.44,0.0,,,2.54,,,,,,,,,0.17,,0.0,,,,,,,,,,,,,,,,,,,,,,,,9.2,,0.0,0.104,,,,0.14,,,,,,,,,,,,,,,,,,,,,,,,,,,,,,30.0,,,,152.0,,,,,,,,,,,,,,,,,,,,,,,,,,,,,0.0,,2.0,,,,,,0.48,,,,,,,,,,,,,,,,,,,,,,0.16,,,,,,,,,,,,,,,,,,91.6,,0.17,,,,,
1768,1104938,"ONIONS, WHITE",2020-10-30,,,,,,,0.0,,,,,,,,24.0,,,,,,,,,,,,,,0.056,,,,,,,,,,,,,,,,,,,,1.1,,2.73,0.0,,,2.68,,,,,,,,,0.14,,0.0,,,,,,,,,,,,,,,,,,,,,,,,9.9,,0.0,0.094,,,,0.14,,,,,,,,,,,,,,,,,,,,,,,,,,,,,,25.0,,,,139.0,,,,,,,,,,,,,,,,,,,,,,,,,,,,,0.0,,5.0,,,,,,0.88,,,,,,,,,,,,,,,,,,,,,,0.12,,,,,,,,,,,,,,,,,,91.1,,0.12,,,,,
1769,1104946,"ONIONS, WHITE",2020-10-30,,,,,,,0.0,,,,,,,,19.0,,,,,,,,,,,,,,0.045,,,,,,,,,,,,,,,,,,,,1.2,,2.85,0.16,,,2.89,,,,,,,,,0.16,,0.0,,,,,,,,,,,,,,,,,,,,,,,,10.4,,0.0,0.141,,,,0.19,,,,,,,,,,,,,,,,,,,,,,,,,,,,,,28.0,,,,148.0,,,,,,,,,,,,,,,,,,,,,,,,,,,,,0.0,,1.0,,,,,,0.73,,,,,,,,,,,,,,,,,,,,,,0.25,,,,,,,,,,,,,,,,,,90.2,,0.1,,,,,
1770,1104954,"ONIONS, WHITE",2020-10-30,,,,,,,0.0,,,,,,,,24.0,,,,,,,,,,,,,,0.043,,,,,,,,,,,,,,,,,,,,1.0,,2.11,0.0,,,2.36,,,,,,,,,0.16,,0.0,,,,,,,,,,,,,,,,,,,,,,,,8.4,,0.0,0.075,,,,0.15,,,,,,,,,,,,,,,,,,,,,,,,,,,,,,23.0,,,,125.0,,,,,,,,,,,,,,,,,,,,,,,,,,,,,0.0,,2.0,,,,,,0.46,,,,,,,,,,,,,,,,,,,,,,0.13,,,,,,,,,,,,,,,,,,91.8,,0.11,,,,,
1771,1104963,"BANANAS, OVERRIPE",2020-10-30,,,,,,,0.63,,,,,,0.0,,,,,11.0,13.0,,,,,,,,,250.0,,0.0,0.0,,,,,,,,,,,,,,,,,,1.8,,7.1,0.0,,,7.34,,,,,,,,,,,0.0,,,,,,,,,,,,,,,,,,,,,,,,,286.0,0.0,,,,0.6,0.11,,,,,,,,,,,,,,,,,,,,,,,,,,,,,,,,,,,,,,,,,,0.0,,,,,,,,,,,,,,,,,,,,,,,,,,0.32,,,1.9,,,,,,,,,,0.038,,,,,,,,,,1.8,,0.11,,,,,,0.235,,,,,,,,,0.0,0.0,0.1,78.9,,,0.0,0.0,2.0,0.0,11.0
1772,1104981,"BANANAS, OVERRIPE",2020-10-30,,,,,,,0.78,,,,,,0.0,,,,,7.0,7.0,,,,,,,,,,,0.0,0.0,,,,,,,,,,,,,,,,,,,28.0,7.15,0.0,,,7.31,,,,,,,,,,,0.0,,,,,,,,,,,,,,,,,,,,,,,,,,0.0,,,,0.53,0.1,,,,,,,,,,,,,,,,,,,,,,,,,,,,,,,,,,,,,,,,,,0.0,,,,,,,,,,,,,,,,,,,,,,,,,,0.3,,,0.94,,,,,,,,,,0.039,,,,,,,,,,,,0.1,,,,,,0.232,9.1,,,,,,,,0.0,0.0,0.1,79.1,,,0.0,0.0,1.0,0.0,6.0
1773,1104998,"BANANAS, OVERRIPE",2020-10-30,,,,,,,0.62,,,,,,0.0,,,,,1.0,2.0,,,,,,,,,,,0.0,0.0,,,,,,,,,,,,,,,,,,,21.0,5.87,0.0,,,6.26,,,,,,,,,,,0.0,,,,,,,,,,,,,,,,,,,,,,,,,,0.0,,,,0.62,0.11,,,,,,,,,,,,,,,,,,,,,,,,,,,,,,,,,,,,,,,,,,0.0,,,,,,,,,,,,,,,,,,,,,,,,,,0.86,,,4.31,,,,,,,,,,0.035,,,,,,,,,,,,0.3,,,,,,0.22,9.6,,,,,,,,0.0,0.0,0.1,77.0,,,0.0,0.0,0.0,0.0,2.0
1774,1105015,"BANANAS, OVERRIPE",2020-10-30,,,,,,,0.64,,,,,,0.0,,,,,13.0,20.0,,,,,,,,,280.0,,0.0,0.0,,,,,,,,,,,,,,,,,,2.3,,7.38,0.0,,,7.84,,,,,,,,,,,0.0,,,,,,,,,,,,,,,,,,,,,,,,,305.0,0.0,,,,0.53,0.11,,,,,,,,,,,,,,,,,,,,,,,,,,,,,,,,,,,,,,,,,,0.0,,,,,,,,,,,,,,,,,,,,,,,,,,0.46,,,1.81,,,,,,,,,,0.036,,,,,,,,,,2.44,,0.34,,,,,,0.221,12.0,,,,,,,,0.0,0.0,0.4,75.9,,,0.0,0.0,3.0,0.0,17.0
1775,1105034,"BANANAS, OVERRIPE",2020-10-30,,,,,,,0.74,,,,,,0.0,,,,,8.0,9.0,,,,,,,,,333.0,,0.0,0.0,,,,,,,,,,,,,,,,,,1.6,,6.94,0.0,,,7.12,,,,,,,,,,,0.0,,,,,,,,,,,,,,,,,,,,,,,,,312.0,0.0,,,,0.65,0.15,,,,,,,,,,,,,,,,,,,,,,,,,,,,,,,,,,,,,,,,,,0.0,,,,,,,,,,,,,,,,,,,,,,,,,,0.52,,,2.13,,,,,,,,,,0.056,,,,,,,,,,1.96,,0.11,,,,,,0.244,10.9,,,,,,,,0.0,0.0,0.1,78.2,,,0.0,0.0,1.0,0.0,8.0
1776,1105053,"BANANAS, OVERRIPE",2020-10-30,,,,,,,0.62,,,,,,0.0,,,,,10.0,8.0,,,,,,,,,252.0,,0.0,0.0,,,,,,,,,,,,,,,,,,1.8,25.0,5.73,0.0,,,6.12,,,,,,,,,,,0.0,,,,,,,,,,,,,,,,,,,,,,,,,258.0,0.0,,,,0.49,0.12,,,,,,,,,,,,,,,,,,,,,,,,,,,,,,,,,,,,,,,,,,0.0,,,,,,,,,,,,,,,,,,,,,,,,,,0.0,,,1.54,,,,,,,,,,0.037,,,,,,,,,,1.88,,0.38,,,,,,0.249,8.3,,,,,,,,0.0,0.0,0.1,80.6,,,0.0,0.0,1.0,0.0,7.0
1777,1105074,"BANANAS, RIPE",2020-10-30,,,,,,,0.65,,,,,,0.0,,6.0,,,9.0,12.0,,,,,,,,,302.0,0.086,0.0,0.0,,,,,,,,,,,,,,,,,,2.2,16.0,6.22,0.0,,,6.22,,,,,,,,0.0,0.0,,0.0,,,,,,,,,,,,,,,,,,,,,,,,27.5,317.0,0.0,0.333,,,0.68,0.12,,,,,,,,,,,,,,,,,,,,,,,,,,,,,,23.0,,,,307.0,,,,,,,,0.0,,,,,,,,,,,,,,,,,,,,,0.0,,0.0,,,2.03,,,5.67,,,,,,,,,,0.05,,,,,,,,,,3.62,,0.62,,,,,,0.215,,,,,,,,,0.0,0.0,0.1,74.8,,0.16,0.0,0.0,2.0,0.0,10.0
1778,1105096,"BANANAS, SLIGHTLY RIPE",2020-10-30,,,,,,,0.75,,,,,,0.0,,,,,4.0,5.0,,,,,,,,,372.0,,0.0,0.0,,,,,,,,,,,,,,,,,,1.9,13.0,6.15,0.0,,,6.12,,,,,,,,,,,0.0,,,,,,,,,,,,,,,,,,,,,,,,,397.0,0.0,,,,0.67,0.11,,,,,,,,,,,,,,,,,,,,,,,,,,,,,,,,,,,,,,,,,,0.0,,,,,,,,,,,,,,,,,,,,,,,,,,5.18,,,2.51,,,,,,,,,,0.06,,,,,,,,,,6.32,,0.1,,,,,,0.199,14.1,,,,,,,,0.0,0.0,0.1,75.0,,,0.0,0.0,0.0,0.0,4.0
1779,1105116,"BANANAS, SLIGHTLY RIPE",2020-10-30,,,,,,,0.69,,,,,,0.0,,,,,4.0,4.0,,,,,,,,,320.0,,0.0,0.0,,,,,,,,,,,,,,,,,,1.7,12.0,6.72,0.0,,,6.78,,,,,,,,,,,0.0,,,,,,,,,,,,,,,,,,,,,,,,,352.0,0.0,,,,0.66,0.11,,,,,,,,,,,,,,,,,,,,,,,,,,,,,,,,,,,,,,,,,,0.0,,,,,,,,,,,,,,,,,,,,,,,,,,4.2,,,2.84,,,,,,,,,,0.068,,,,,,,,,,4.31,,0.14,,,,,,0.194,,,,,,,,,0.0,0.0,0.1,75.2,,,0.0,0.0,0.0,0.0,4.0
1780,1105135,"BANANAS, RIPE",2020-10-30,,,,,,,0.7,,,,,,0.0,,4.0,,,17.0,31.0,,,,,,,,,366.0,0.099,0.0,0.0,,,,,,,,,,,,,,,,,,1.8,16.0,9.43,0.0,,,9.49,,,,,,,,0.0,0.0,,0.0,,,,,,,,,,,,,,,,,,,,,,,,31.9,331.0,0.0,0.47,,,0.78,0.11,,,,,,,,,,,,,,,,,,,,,,,,,,,,,,24.0,,,,355.0,,,,,,,,0.0,,,,,,,,,,,,,,,,,,,,,0.0,,0.0,,,2.38,,,1.15,,,,,,,,,,0.044,,,,,,,,,,5.12,,0.44,,,,,,0.206,15.1,,,,,,,,0.0,0.0,0.3,72.2,,0.17,0.0,0.0,4.0,0.0,27.0
1781,1105158,"BANANAS, RIPE",2020-10-30,,,,,,,0.67,,,,,,0.0,,4.0,,,4.0,4.0,,,,,,,,,,0.128,0.0,0.0,,,,,,,,,,,,,,,,,,2.1,,6.35,0.0,,,3.38,,,,,,,,0.0,0.0,,0.0,,,,,,,,,,,,,,,,,,,,,,,,26.9,,0.0,0.345,,,0.66,0.12,,,,,,,,,,,,,,,,,,,,,,,,,,,,,,20.0,,,,340.0,,,,,,,,0.0,,,,,,,,,,,,,,,,,,,,,0.0,,0.0,,,1.62,,,4.12,,,,,,,,,,0.059,,,,,,,,,,3.03,,0.15,,,,,,0.208,9.5,,,,,,,,0.0,0.0,0.1,76.4,,0.19,0.0,0.0,1.0,0.0,3.0
1782,1105180,"BANANAS, RIPE",2020-10-30,,,,,,,0.65,,,,,,0.0,,4.0,,,5.0,7.0,,,,,,,,,,0.096,0.0,0.0,,,,,,,,,,,,,,,,,,1.8,14.0,5.85,0.0,,,5.86,,,,,,,,0.0,0.0,,0.0,,,,,,,,,,,,,,,,,,,,,,,,27.2,,0.0,0.093,,,0.64,0.13,,,,,,,,,,,,,,,,,,,,,,,,,,,,,,21.0,,,,326.0,,,,,,,,0.0,,,,,,,,,,,,,,,,,,,,,0.0,,0.0,,,2.91,,,5.28,,,,,,,,,,0.052,,,,,,,,,,4.02,,0.1,,,,,,0.192,13.4,,,,,,,,0.0,0.0,0.2,76.0,,0.15,0.0,0.0,1.0,0.0,6.0
1783,1105202,"BANANAS, RIPE",2020-10-30,,,,,,,0.65,,,,,,0.0,,5.0,,,5.0,5.0,,,,,,,,,314.0,0.083,0.0,0.0,,,,,,,,,,,,,,,,,,,,3.33,0.0,,,0.0,,,,,,,,0.0,0.0,,0.0,,,,,,,,,,,,,,,,,,,,,,,,27.5,327.0,0.0,0.114,,,0.65,0.11,,,,,,,,,,,,,,,,,,,,,,,,,,,,,,21.0,,,,325.0,,,,,,,,0.0,,,,,,,,,,,,,,,,,,,,,0.0,,0.0,,,1.55,,,9.4,,,,,,,,,,0.046,,,,,,,,,,,,0.0,,,,,,0.22,11.5,,,,,,,,0.0,0.0,0.1,76.3,,0.15,0.0,0.0,1.0,0.0,4.0
1784,1105222,"BANANAS, SLIGHTLY RIPE",2020-10-30,,,,,,,0.81,,,,,,0.0,,,,,17.0,13.0,,,,,,,,,377.0,,0.0,0.0,,,,,,,,,,,,,,,,,,1.7,12.0,5.77,0.0,,,5.72,,,,,,,,,,,0.0,,,,,,,,,,,,,,,,,,,,,,,,,429.0,0.0,,,,0.63,0.13,,,,,,,,,,,,,,,,,,,,,,,,,,,,,,,,,,,,,,,,,,0.0,,,,,,,,,,,,,,,,,,,,,,,,,,3.89,,,4.45,,,,,,,,,,0.061,,,,,,,,,,4.94,,0.43,,,,,,0.214,12.2,,,,,,,,0.0,0.0,0.0,75.3,,,0.0,0.0,1.0,0.0,12.0
1785,1105242,"BANANAS, SLIGHTLY RIPE",2020-10-30,,,,,,,0.76,,,,,,0.0,,,,,4.0,5.0,,,,,,,,,,,0.0,0.0,,,,,,,,,,,,,,,,,,,,5.26,0.0,,,5.18,,,,,,,,,,,0.0,,,,,,,,,,,,,,,,,,,,,,,,,,0.0,,,,0.67,0.12,,,,,,,,,,,,,,,,,,,,,,,,,,,,,,,,,,,,,,,,,,0.0,,,,,,,,,,,,,,,,,,,,,,,,,,5.03,,,5.25,,,,,,,,,,0.057,,,,,,,,,,,,0.11,,,,,,0.201,12.6,,,,,,,,0.0,0.0,0.1,75.0,,,0.0,0.0,1.0,0.0,4.0
1786,1105258,"BANANAS, SLIGHTLY RIPE",2020-10-30,,,,,,,0.71,,,,,,0.0,,,,,5.0,5.0,,,,,,,,,,,0.0,0.0,,,,,,,,,,,,,,,,,,,,5.79,0.0,,,5.77,,,,,,,,,,,0.0,,,,,,,,,,,,,,,,,,,,,,,,,,0.0,,,,0.59,0.12,,,,,,,,,,,,,,,,,,,,,,,,,,,,,,,,,,,,,,,,,,0.0,,,,,,,,,,,,,,,,,,,,,,,,,,4.76,,,4.22,,,,,,,,,,0.055,,,,,,,,,,,,0.71,,,,,,0.229,13.1,,,,,,,,0.0,0.0,0.1,75.6,,,0.0,0.0,1.0,0.0,4.0
1787,1105274,"BANANAS, RIPE",2020-10-30,,,,,,,0.65,,,,,,0.0,,5.0,,,3.0,5.0,,,,,,,,,311.0,0.115,0.0,0.0,,,,,,,,,,,,,,,,,,,,5.88,0.0,,,5.87,,,,,,,,0.0,0.0,,0.0,,,,,,,,,,,,,,,,,,,,,,,,27.2,397.0,0.0,0.19,,,0.67,0.13,,,,,,,,,,,,,,,,,,,,,,,,,,,,,,23.0,,,,300.0,,,,,,,,0.0,,,,,,,,,,,,,,,,,,,,,0.0,,0.0,,,5.4,,,3.55,,,,,,,,,,0.064,,,,,,,,,,,,0.0,,,,,,0.203,14.6,,,,,,,,0.0,0.0,0.1,74.4,,0.16,0.0,0.0,1.0,0.0,4.0
1788,1105294,"BANANAS, SLIGHTLY RIPE",2020-10-30,,,,,,,0.73,,,,,,0.0,,,,,6.0,6.0,,,,,,,,,366.0,,0.0,0.0,,,,,,,,,,,,,,,,,,1.7,,6.35,0.0,,,6.25,,,,,,,,,,,0.0,,,,,,,,,,,,,,,,,,,,,,,,,404.0,0.0,,,,0.64,0.12,,,,,,,,,,,,,,,,,,,,,,,,,,,,,,,,,,,,,,,,,,0.0,,,,,,,,,,,,,,,,,,,,,,,,,,5.03,,,1.69,,,,,,,,,,0.057,,,,,,,,,,5.56,,0.72,,,,,,0.226,12.6,,,,,,,,0.0,0.0,0.1,77.0,,,0.0,0.0,1.0,0.0,4.0
1789,1105315,"APPLES, RED DELICIOUS",2020-10-30,,,,,,,0.0,,,,,,,,5.0,,,,,,,,,,,,,,0.023,,,,,,,,,,,,,,,,,,,,1.4,0.0,,,,,,,,,,,,,,0.0,,,,,,,,,,,,,,,,,,,,,,,,,,4.3,,,0.039,,,0.08,0.03,,,,,,,,,,,,,,,,,,,,,,,,,,,,,,6.0,,,,75.0,,,,,,,,0.07,,,,,,,,,,,,,,,,,,,,,,,0.0,,,,,,,,,,,,,,,,0.01,,,,,,,,,,,,0.1,,,,,,0.021,,,,,,,,,,,,85.2,,0.0,,,,,
1790,1105329,"APPLES, RED DELICIOUS",2020-10-30,,,,,,,0.17,,,,,,,,5.0,,,,,,,,,,,,,,0.024,,,,,,,,,,,,,,,,,,,,2.0,0.0,,,,,,,,,,,,,,0.0,,,,,,,,,,,,,,,,,,,,,,,,,,4.9,,,0.036,,,0.08,0.03,,,,,,,,,,,,,,,,,,,,,,,,,,,,,,9.0,,,,94.0,,,,,,,,0.05,,,,,,,,,,,,,,,,,,,,,,,0.0,,,,,,,,,,,,,,,,0.01,,,,,,,,,,,,0.2,,,,,,0.023,,,,,,,,,,,,85.9,,0.03,,,,,
1791,1105343,"APPLES, RED DELICIOUS",2020-10-30,,,,,,,0.0,,,,,,,,3.0,,,,,,,,,,,,,,0.018,,,,,,,,,,,,,,,,,,,,2.1,0.0,,,,,,,,,,,,,,0.0,,,,,,,,,,,,,,,,,,,,,,,,,,5.0,,,0.027,,,0.1,0.04,,,,,,,,,,,,,,,,,,,,,,,,,,,,,,9.0,,,,89.0,,,,,,,,0.07,,,,,,,,,,,,,,,,,,,,,,,0.0,,,,,,,,,,,,,,,,0.01,,,,,,,,,,,,0.2,,,,,,0.023,,,,,,,,,,,,83.5,,0.02,,,,,
1792,1105358,"APPLES, RED DELICIOUS",2020-10-30,,,,,,,0.14,,,,,,,,6.0,,,,,,,,,,,,,,0.026,,,,,,,,,,,,,,,,,,,,2.2,0.0,6.32,,,,2.52,,,,,,,,,0.0,,0.0,,,,,,,,,,,,,,,,,,,,,,,,4.7,,0.0,0.035,,,0.08,0.03,,,,,,,,,,,,,,,,,,,,,,,,,,,,,,7.0,,,,86.0,,,,,,,,0.06,,,,,,,,,,,,,,,,,,,,,,,0.0,,,,,,0.42,,,,,,,,,,0.01,,,,,,,,,,,,0.1,,,,,,0.022,,,,,,,,,,,,86.9,,0.0,,,,,
1793,1105373,"APPLES, RED DELICIOUS",2020-10-30,,,,,,,0.22,,,,,,,,4.0,,,,,,,,,,,,,,0.029,,,,,,,,,,,,,,,,,,,,1.9,0.0,,,,,,,,,,,,,,0.0,,,,,,,,,,,,,,,,,,,,,,,,,,4.6,,,0.022,,,0.1,0.03,,,,,,,,,,,,,,,,,,,,,,,,,,,,,,12.0,,,,105.0,,,,,,,,0.06,,,,,,,,,,,,,,,,,,,,,,,0.0,,,,,,,,,,,,,,,,0.01,,,,,,,,,,,,0.3,,,,,,0.023,,,,,,,,,,,,83.9,,0.03,,,,,
1794,1105387,"APPLES, RED DELICIOUS",2020-10-30,,,,,,,0.14,,,,,,,,4.0,,,,,,,,,,,,,,0.022,,,,,,,,,,,,,,,,,,,,2.3,0.0,,,,,,,,,,,,,,0.0,,,,,,,,,,,,,,,,,,,,,,,,,,4.9,,,0.038,,,0.09,0.03,,,,,,,,,,,,,,,,,,,,,,,,,,,,,,9.0,,,,100.0,,,,,,,,0.07,,,,,,,,,,,,,,,,,,,,,,,0.0,,,,,,,,,,,,,,,,0.01,,,,,,,,,,,,0.2,,,,,,0.022,,,,,,,,,,,,84.0,,0.02,,,,,
1795,1105401,"APPLES, RED DELICIOUS",2020-10-30,,,,,,,0.38,,,,,,,,5.0,,,,,,,,,,,,,,0.019,,,,,,,,,,,,,,,,,,,,2.2,0.0,,,,,,,,,,,,,,0.0,,,,,,,,,,,,,,,,,,,,,,,,,,4.7,,,0.019,,,0.09,0.03,,,,,,,,,,,,,,,,,,,,,,,,,,,,,,11.0,,,,114.0,,,,,,,,0.07,,,,,,,,,,,,,,,,,,,,,,,0.0,,,,,,,,,,,,,,,,0.0,,,,,,,,,,,,0.3,,,,,,0.018,,,,,,,,,,,,85.0,,0.02,,,,,
1796,1105415,"APPLES, RED DELICIOUS",2020-10-30,,,,,,,0.14,,,,,,,,6.0,,,,,,,,,,,,,,0.033,,,,,,,,,,,,,,,,,,,,2.2,0.0,8.8,,,,2.7,,,,,,,,,0.0,,0.0,,,,,,,,,,,,,,,,,,,,,,,,4.6,,0.0,0.02,,,0.1,0.02,,,,,,,,,,,,,,,,,,,,,,,,,,,,,,11.0,,,,99.0,,,,,,,,0.08,,,,,,,,,,,,,,,,,,,,,,,0.0,,,,,,1.43,,,,,,,,,,0.01,,,,,,,,,,,,0.3,,,,,,0.019,,,,,,,,,,,,82.9,,0.03,,,,,
1797,1105431,"APPLES, HONEYCRISP",2020-10-30,,,,,,,0.12,,,,,,,,4.0,,,,,,,,,,,,,,0.024,,,,,,,,,,,,,,,,,,,,1.7,0.0,,,,,,,,,,,,,,0.0,,,,,,,,,,,,,,,,,,,,,,,,,,4.4,,,0.035,,,0.07,0.0,,,,,,,,,,,,,,,,,,,,,,,,,,,,,,8.0,,,,99.0,,,,,,,,0.08,,,,,,,,,,,,,,,,,,,,,,,0.0,,,,,,,,,,,,,,,,0.01,,,,,,,,,,,,0.0,,,,,,0.037,,,,,,,,,,,,85.5,,0.0,,,,,
1798,1105445,"APPLES, HONEYCRISP",2020-10-30,,,,,,,0.0,,,,,,,,3.0,,,,,,,,,,,,,,0.015,,,,,,,,,,,,,,,,,,,,1.5,0.0,,,,,,,,,,,,,,0.0,,,,,,,,,,,,,,,,,,,,,,,,,,3.5,,,0.036,,,0.07,0.02,,,,,,,,,,,,,,,,,,,,,,,,,,,,,,6.0,,,,79.0,,,,,,,,0.07,,,,,,,,,,,,,,,,,,,,,,,0.0,,,,,,,,,,,,,,,,0.01,,,,,,,,,,,,0.0,,,,,,0.03,,,,,,,,,,,,86.6,,0.02,,,,,
1799,1105459,"APPLES, HONEYCRISP",2020-10-30,,,,,,,0.0,,,,,,,,4.0,,,,,,,,,,,,,,0.016,,,,,,,,,,,,,,,,,,,,1.6,0.0,,,,,,,,,,,,,,0.0,,,,,,,,,,,,,,,,,,,,,,,,,,4.0,,,0.043,,,0.08,0.02,,,,,,,,,,,,,,,,,,,,,,,,,,,,,,7.0,,,,92.0,,,,,,,,0.07,,,,,,,,,,,,,,,,,,,,,,,0.0,,,,,,,,,,,,,,,,0.01,,,,,,,,,,,,0.2,,,,,,0.036,,,,,,,,,,,,84.9,,0.02,,,,,
1800,1105473,"APPLES, HONEYCRISP",2020-10-30,,,,,,,0.17,,,,,,,,6.0,,,,,,,,,,,,,,0.02,,,,,,,,,,,,,,,,,,,,1.9,0.0,,,,,,,,,,,,,,0.0,,,,,,,,,,,,,,,,,,,,,,,,,,4.8,,,0.06,,,0.09,0.02,,,,,,,,,,,,,,,,,,,,,,,,,,,,,,9.0,,,,126.0,,,,,,,,0.06,,,,,,,,,,,,,,,,,,,,,,,0.0,,,,,,,,,,,,,,,,0.01,,,,,,,,,,,,0.0,,,,,,0.034,,,,,,,,,,,,84.1,,0.03,,,,,
1801,1105488,"APPLES, HONEYCRISP",2020-10-30,,,,,,,0.0,,,,,,,,3.0,,,,,,,,,,,,,,0.031,,,,,,,,,,,,,,,,,,,,1.8,0.0,,,,,,,,,,,,,,0.0,,,,,,,,,,,,,,,,,,,,,,,,,,4.0,,,0.033,,,0.07,0.02,,,,,,,,,,,,,,,,,,,,,,,,,,,,,,7.0,,,,87.0,,,,,,,,0.09,,,,,,,,,,,,,,,,,,,,,,,0.0,,,,,,,,,,,,,,,,0.0,,,,,,,,,,,,0.2,,,,,,0.026,,,,,,,,,,,,85.4,,0.02,,,,,
1802,1105502,"APPLES, HONEYCRISP",2020-10-30,,,,,,,0.0,,,,,,,,3.0,,,,,,,,,,,,,,0.03,,,,,,,,,,,,,,,,,,,,1.5,0.0,,,,,,,,,,,,,,0.0,,,,,,,,,,,,,,,,,,,,,,,,,,3.5,,,0.032,,,0.07,0.02,,,,,,,,,,,,,,,,,,,,,,,,,,,,,,6.0,,,,77.0,,,,,,,,0.07,,,,,,,,,,,,,,,,,,,,,,,0.0,,,,,,,,,,,,,,,,0.01,,,,,,,,,,,,0.2,,,,,,0.031,,,,,,,,,,,,84.8,,0.02,,,,,
1803,1105516,"APPLES, HONEYCRISP",2020-10-30,,,,,,,0.29,,,,,,,,4.0,,,,,,,,,,,,,,0.03,,,,,,,,,,,,,,,,,,,,1.7,0.0,9.4,,,,2.46,,,,,,,,,0.0,,0.0,,,,,,,,,,,,,,,,,,,,,,,,4.8,,0.0,0.047,,,0.08,0.03,,,,,,,,,,,,,,,,,,,,,,,,,,,,,,9.0,,,,123.0,,,,,,,,0.08,,,,,,,,,,,,,,,,,,,,,,,1.0,,,,,,1.13,,,,,,,,,,0.01,,,,,,,,,,,,0.0,,,,,,0.039,,,,,,,,,,,,82.9,,0.0,,,,,
1804,1105532,"APPLES, HONEYCRISP",2020-10-30,,,,,,,0.11,,,,,,,,4.0,,,,,,,,,,,,,,0.022,,,,,,,,,,,,,,,,,,,,2.0,0.0,7.72,,,,1.68,,,,,,,,,0.0,,0.0,,,,,,,,,,,,,,,,,,,,,,,,4.2,,0.0,0.033,,,0.06,0.0,,,,,,,,,,,,,,,,,,,,,,,,,,,,,,9.0,,,,102.0,,,,,,,,0.07,,,,,,,,,,,,,,,,,,,,,,,0.0,,,,,,0.99,,,,,,,,,,0.01,,,,,,,,,,,,0.2,,,,,,0.029,,,,,,,,,,,,86.0,,0.02,,,,,
1805,1105548,"APPLES, GRANNY SMITH",2020-10-30,,,,,,,0.12,,,,,,,,8.0,,,,,,,,,,,,,,0.035,,,,,,,,,,,,,,,,,,,,2.4,0.0,,,,,,,,,,,,,,0.11,,,,,,,,,,,,,,,,,,,,,,,,,,4.8,,,0.034,,,0.12,0.04,,,,,,,,,,,,,,,,,,,,,,,,,,,,,,7.0,,,,111.0,,,,,,,,0.08,,,,,,,,,,,,,,,,,,,,,,,0.0,,,,,,,,,,,,,,,,0.01,,,,,,,,,,,,0.2,,,,,,0.028,,,,,,,,,,,,85.0,,0.02,,,,,
1806,1105563,"APPLES, GRANNY SMITH",2020-10-30,,,,,,,0.24,,,,,,,,6.0,,,,,,,,,,,,,,0.044,,,,,,,,,,,,,,,,,,,,2.4,0.0,,,,,,,,,,,,,,0.12,,,,,,,,,,,,,,,,,,,,,,,,,,5.1,,,0.041,,,0.11,0.05,,,,,,,,,,,,,,,,,,,,,,,,,,,,,,10.0,,,,114.0,,,,,,,,0.08,,,,,,,,,,,,,,,,,,,,,,,0.0,,,,,,,,,,,,,,,,0.02,,,,,,,,,,,,0.2,,,,,,0.029,,,,,,,,,,,,85.1,,0.03,,,,,
1807,1105578,"APPLES, GRANNY SMITH",2020-10-30,,,,,,,0.0,,,,,,,,6.0,,,,,,,,,,,,,,0.023,,,,,,,,,,,,,,,,,,,,3.1,0.0,7.91,,,,2.48,,,,,,,,,0.11,,0.0,,,,,,,,,,,,,,,,,,,,,,,,4.5,,0.0,0.053,,,0.09,0.03,,,,,,,,,,,,,,,,,,,,,,,,,,,,,,8.0,,,,85.0,,,,,,,,0.08,,,,,,,,,,,,,,,,,,,,,,,0.0,,,,,,1.41,,,,,,,,,,0.02,,,,,,,,,,,,0.0,,,,,,0.033,,,,,,,,,,,,83.1,,0.03,,,,,
1808,1105593,"APPLES, GRANNY SMITH",2020-10-30,,,,,,,0.22,,,,,,,,5.0,,,,,,,,,,,,,,0.029,,,,,,,,,,,,,,,,,,,,2.2,0.0,,,,,,,,,,,,,,0.0,,,,,,,,,,,,,,,,,,,,,,,,,,4.9,,,0.035,,,0.11,0.04,,,,,,,,,,,,,,,,,,,,,,,,,,,,,,9.0,,,,106.0,,,,,,,,0.07,,,,,,,,,,,,,,,,,,,,,,,0.0,,,,,,,,,,,,,,,,0.02,,,,,,,,,,,,0.3,,,,,,0.024,,,,,,,,,,,,86.2,,0.0,,,,,
1809,1105607,"APPLES, GRANNY SMITH",2020-10-30,,,,,,,0.95,,,,,,,,6.0,,,,,,,,,,,,,,0.034,,,,,,,,,,,,,,,,,,,,2.3,0.0,,,,,,,,,,,,,,0.0,,,,,,,,,,,,,,,,,,,,,,,,,,4.5,,,0.035,,,0.09,0.03,,,,,,,,,,,,,,,,,,,,,,,,,,,,,,11.0,,,,103.0,,,,,,,,0.07,,,,,,,,,,,,,,,,,,,,,,,0.0,,,,,,,,,,,,,,,,0.01,,,,,,,,,,,,0.1,,,,,,0.023,,,,,,,,,,,,86.4,,0.0,,,,,
1810,1105621,"APPLES, GRANNY SMITH",2020-10-30,,,,,,,0.49,,,,,,,,5.0,,,,,,,,,,,,,,0.045,,,,,,,,,,,,,,,,,,,,2.3,0.0,,,,,,,,,,,,,,0.0,,,,,,,,,,,,,,,,,,,,,,,,,,5.7,,,0.036,,,0.12,0.05,,,,,,,,,,,,,,,,,,,,,,,,,,,,,,11.0,,,,136.0,,,,,,,,0.07,,,,,,,,,,,,,,,,,,,,,,,0.0,,,,,,,,,,,,,,,,0.02,,,,,,,,,,,,0.2,,,,,,0.029,,,,,,,,,,,,86.0,,0.03,,,,,
1811,1105635,"APPLES, GRANNY SMITH",2020-10-30,,,,,,,0.33,,,,,,,,4.0,,,,,,,,,,,,,,0.045,,,,,,,,,,,,,,,,,,,,2.5,0.0,5.6,,,,2.12,,,,,,,,,0.11,,0.0,,,,,,,,,,,,,,,,,,,,,,,,5.8,,0.0,0.043,,,0.12,0.05,,,,,,,,,,,,,,,,,,,,,,,,,,,,,,14.0,,,,146.0,,,,,,,,0.07,,,,,,,,,,,,,,,,,,,,,,,0.0,,,,,,1.49,,,,,,,,,,0.02,,,,,,,,,,,,0.0,,,,,,0.029,,,,,,,,,,,,85.7,,0.04,,,,,
1812,1105650,"APPLES, GRANNY SMITH",2020-10-30,,,,,,,0.16,,,,,,,,5.0,,,,,,,,,,,,,,0.029,,,,,,,,,,,,,,,,,,,,2.9,0.0,,,,,,,,,,,,,,0.1,,,,,,,,,,,,,,,,,,,,,,,,,,5.2,,,0.038,,,0.12,0.05,,,,,,,,,,,,,,,,,,,,,,,,,,,,,,10.0,,,,126.0,,,,,,,,0.08,,,,,,,,,,,,,,,,,,,,,,,0.0,,,,,,,,,,,,,,,,0.02,,,,,,,,,,,,0.1,,,,,,0.028,,,,,,,,,,,,83.6,,0.03,,,,,
1813,1105665,"APPLES, GALA",2020-10-30,,,,,,,1.26,,,,,,,,6.0,,,,,,,,,,,,,,0.03,,,,,,,,,,,,,,,,,,,,2.7,0.0,,,,,,,,,,,,,,0.1,,,,,,,,,,,,,,,,,,,,,,,,,,4.5,,,0.023,,,0.09,0.0,,,,,,,,,,,,,,,,,,,,,,,,,,,,,,11.0,,,,126.0,,,,,,,,0.07,,,,,,,,,,,,,,,,,,,,,,,0.0,,,,,,,,,,,,,,,,0.01,,,,,,,,,,,,0.2,,,,,,0.026,,,,,,,,,,,,83.9,,0.02,,,,,
1814,1105679,"APPLES, GALA",2020-10-30,,,,,,,0.18,,,,,,,,7.0,,,,,,,,,,,,,,0.028,,,,,,,,,,,,,,,,,,,,2.0,0.0,8.11,,,,1.8,,,,,,,,,0.0,,0.0,,,,,,,,,,,,,,,,,,,,,,,,5.0,,0.0,0.051,,,0.1,0.03,,,,,,,,,,,,,,,,,,,,,,,,,,,,,,8.0,,,,101.0,,,,,,,,0.07,,,,,,,,,,,,,,,,,,,,,,,0.0,,,,,,1.72,,,,,,,,,,0.01,,,,,,,,,,,,0.0,,,,,,0.036,,,,,,,,,,,,84.6,,0.03,,,,,
1815,1105694,"APPLES, GALA",2020-10-30,,,,,,,0.18,,,,,,,,6.0,,,,,,,,,,,,,,0.038,,,,,,,,,,,,,,,,,,,,2.1,0.0,,,,,,,,,,,,,,0.0,,,,,,,,,,,,,,,,,,,,,,,,,,5.7,,,0.028,,,0.1,0.03,,,,,,,,,,,,,,,,,,,,,,,,,,,,,,9.0,,,,124.0,,,,,,,,0.07,,,,,,,,,,,,,,,,,,,,,,,0.0,,,,,,,,,,,,,,,,0.01,,,,,,,,,,,,0.1,,,,,,0.033,,,,,,,,,,,,84.1,,0.0,,,,,
1816,1105708,"APPLES, GALA",2020-10-30,,,,,,,0.25,,,,,,,,5.0,,,,,,,,,,,,,,0.039,,,,,,,,,,,,,,,,,,,,1.8,0.0,,,,,,,,,,,,,,0.12,,,,,,,,,,,,,,,,,,,,,,,,,,5.6,,,0.039,,,0.1,0.03,,,,,,,,,,,,,,,,,,,,,,,,,,,,,,8.0,,,,107.0,,,,,,,,0.08,,,,,,,,,,,,,,,,,,,,,,,2.0,,,,,,,,,,,,,,,,0.01,,,,,,,,,,,,0.2,,,,,,0.038,,,,,,,,,,,,85.0,,0.0,,,,,
1817,1105722,"APPLES, GALA",2020-10-30,,,,,,,0.41,,,,,,,,7.0,,,,,,,,,,,,,,0.029,,,,,,,,,,,,,,,,,,,,2.4,0.0,,,,,,,,,,,,,,0.0,,,,,,,,,,,,,,,,,,,,,,,,,,4.5,,,0.022,,,0.08,0.0,,,,,,,,,,,,,,,,,,,,,,,,,,,,,,10.0,,,,111.0,,,,,,,,0.07,,,,,,,,,,,,,,,,,,,,,,,0.0,,,,,,,,,,,,,,,,0.01,,,,,,,,,,,,0.2,,,,,,0.019,,,,,,,,,,,,85.0,,0.03,,,,,
1818,1105737,"APPLES, GALA",2020-10-30,,,,,,,0.0,,,,,,,,9.0,,,,,,,,,,,,,,0.031,,,,,,,,,,,,,,,,,,,,1.9,0.0,7.42,,,,1.79,,,,,,,,,0.0,,0.0,,,,,,,,,,,,,,,,,,,,,,,,4.2,,0.0,0.058,,,0.07,0.02,,,,,,,,,,,,,,,,,,,,,,,,,,,,,,8.0,,,,85.0,,,,,,,,0.06,,,,,,,,,,,,,,,,,,,,,,,0.0,,,,,,1.71,,,,,,,,,,0.01,,,,,,,,,,,,0.2,,,,,,0.029,,,,,,,,,,,,85.6,,0.04,,,,,
1819,1105753,"APPLES, GALA",2020-10-30,,,,,,,0.11,,,,,,,,5.0,,,,,,,,,,,,,,0.046,,,,,,,,,,,,,,,,,,,,1.8,0.0,,,,,,,,,,,,,,0.15,,,,,,,,,,,,,,,,,,,,,,,,,,5.2,,,0.044,,,0.08,0.03,,,,,,,,,,,,,,,,,,,,,,,,,,,,,,7.0,,,,98.0,,,,,,,,0.07,,,,,,,,,,,,,,,,,,,,,,,0.0,,,,,,,,,,,,,,,,0.02,,,,,,,,,,,,0.1,,,,,,0.035,,,,,,,,,,,,84.3,,0.03,,,,,
1820,1105767,"APPLES, GALA",2020-10-30,,,,,,,0.0,,,,,,,,8.0,,,,,,,,,,,,,,0.032,,,,,,,,,,,,,,,,,,,,2.1,0.0,,,,,,,,,,,,,,0.1,,,,,,,,,,,,,,,,,,,,,,,,,,4.8,,,0.056,,,0.1,0.03,,,,,,,,,,,,,,,,,,,,,,,,,,,,,,8.0,,,,95.0,,,,,,,,0.06,,,,,,,,,,,,,,,,,,,,,,,0.0,,,,,,,,,,,,,,,,0.01,,,,,,,,,,,,0.2,,,,,,0.038,,,,,,,,,,,,84.6,,0.04,,,,,
1821,1105782,"APPLES, FUJI",2020-10-30,,,,,,,0.18,,,,,,,,7.0,,,,,,,,,,,,,,0.052,,,,,,,,,,,,,,,,,,,,2.1,0.0,8.93,,,,2.87,,,,,,,,,0.0,,0.0,,,,,,,,,,,,,,,,,,,,,,,,5.2,,0.0,0.034,,,0.12,0.04,,,,,,,,,,,,,,,,,,,,,,,,,,,,,,10.0,,,,101.0,,,,,,,,0.06,,,,,,,,,,,,,,,,,,,,,,,0.0,,,,,,1.84,,,,,,,,,,0.01,,,,,,,,,,,,0.1,,,,,,0.045,,,,,,,,,,,,82.0,,0.02,,,,,
1822,1105797,"APPLES, FUJI",2020-10-30,,,,,,,0.16,,,,,,,,6.0,,,,,,,,,,,,,,0.024,,,,,,,,,,,,,,,,,,,,2.1,0.0,,,,,,,,,,,,,,0.0,,,,,,,,,,,,,,,,,,,,,,,,,,4.1,,,0.038,,,0.08,0.02,,,,,,,,,,,,,,,,,,,,,,,,,,,,,,9.0,,,,101.0,,,,,,,,0.07,,,,,,,,,,,,,,,,,,,,,,,0.0,,,,,,,,,,,,,,,,0.0,,,,,,,,,,,,0.2,,,,,,0.034,,,,,,,,,,,,83.8,,0.03,,,,,
1823,1105811,"APPLES, FUJI",2020-10-30,,,,,,,0.75,,,,,,,,6.0,,,,,,,,,,,,,,0.046,,,,,,,,,,,,,,,,,,,,1.9,0.0,,,,,,,,,,,,,,0.0,,,,,,,,,,,,,,,,,,,,,,,,,,4.6,,,0.036,,,0.08,0.03,,,,,,,,,,,,,,,,,,,,,,,,,,,,,,10.0,,,,96.0,,,,,,,,0.07,,,,,,,,,,,,,,,,,,,,,,,0.0,,,,,,,,,,,,,,,,0.01,,,,,,,,,,,,0.1,,,,,,0.036,,,,,,,,,,,,84.0,,0.02,,,,,
1824,1105825,"APPLES, FUJI",2020-10-30,,,,,,,0.33,,,,,,,,5.0,,,,,,,,,,,,,,0.025,,,,,,,,,,,,,,,,,,,,2.3,0.0,,,,,,,,,,,,,,0.0,,,,,,,,,,,,,,,,,,,,,,,,,,3.9,,,0.021,,,0.08,0.0,,,,,,,,,,,,,,,,,,,,,,,,,,,,,,12.0,,,,119.0,,,,,,,,0.06,,,,,,,,,,,,,,,,,,,,,,,0.0,,,,,,,,,,,,,,,,0.0,,,,,,,,,,,,0.0,,,,,,0.026,,,,,,,,,,,,83.2,,0.0,,,,,
1825,1105839,"APPLES, FUJI",2020-10-30,,,,,,,1.49,,,,,,,,7.0,,,,,,,,,,,,,,0.033,,,,,,,,,,,,,,,,,,,,2.0,0.0,,,,,,,,,,,,,,0.0,,,,,,,,,,,,,,,,,,,,,,,,,,5.3,,,0.042,,,0.11,0.04,,,,,,,,,,,,,,,,,,,,,,,,,,,,,,8.0,,,,107.0,,,,,,,,0.07,,,,,,,,,,,,,,,,,,,,,,,0.0,,,,,,,,,,,,,,,,0.01,,,,,,,,,,,,0.2,,,,,,0.044,,,,,,,,,,,,83.8,,0.0,,,,,
1826,1105853,"APPLES, FUJI",2020-10-30,,,,,,,0.0,,,,,,,,6.0,,,,,,,,,,,,,,0.022,,,,,,,,,,,,,,,,,,,,2.0,0.0,7.87,,,,2.35,,,,,,,,,0.0,,0.0,,,,,,,,,,,,,,,,,,,,,,,,4.3,,0.0,0.032,,,0.08,0.02,,,,,,,,,,,,,,,,,,,,,,,,,,,,,,6.0,,,,79.0,,,,,,,,0.07,,,,,,,,,,,,,,,,,,,,,,,0.0,,,,,,1.34,,,,,,,,,,0.01,,,,,,,,,,,,0.3,,,,,,0.027,,,,,,,,,,,,84.7,,0.03,,,,,
1827,1105868,"APPLES, FUJI",2020-10-30,,,,,,,0.22,,,,,,,,6.0,,,,,,,,,,,,,,0.031,,,,,,,,,,,,,,,,,,,,2.2,0.0,,,,,,,,,,,,,,0.12,,,,,,,,,,,,,,,,,,,,,,,,,,5.6,,,0.032,,,0.09,0.02,,,,,,,,,,,,,,,,,,,,,,,,,,,,,,13.0,,,,116.0,,,,,,,,0.08,,,,,,,,,,,,,,,,,,,,,,,8.0,,,,,,,,,,,,,,,,0.01,,,,,,,,,,,,0.2,,,,,,0.03,,,,,,,,,,,,83.7,,0.0,,,,,
1828,1105882,"APPLES, FUJI",2020-10-30,,,,,,,0.3,,,,,,,,6.0,,,,,,,,,,,,,,0.03,,,,,,,,,,,,,,,,,,,,2.0,0.0,,,,,,,,,,,,,,0.0,,,,,,,,,,,,,,,,,,,,,,,,,,4.4,,,0.026,,,0.09,0.02,,,,,,,,,,,,,,,,,,,,,,,,,,,,,,9.0,,,,111.0,,,,,,,,0.06,,,,,,,,,,,,,,,,,,,,,,,0.0,,,,,,,,,,,,,,,,0.0,,,,,,,,,,,,0.2,,,,,,0.042,,,,,,,,,,,,83.8,,0.02,,,,,
1982,1750662,"TOMATOES, ROMA",2021-04-23,,,,,0.139375,0.26875,0.6377972972972973,0.39625,,5.5025,150.790625,,7.149574468085106,0.0,42.50964214876033,0.319140625,26.91390625,0.21875,2447.2291666666665,0.53125,,,,,,,,,0.078000826446281,2.40625,7.265625,0.0575,,0.45687500000000003,12.905,13.4621875,35.135,,,,,,43.31968749999999,11.034791666666665,8.180104166666666,0.08895833333333335,,,1.45775,29.913181818181815,5.610803571428571,0.0,0.380125,18.81,1.8752678571428572,0.619375,,0.14125,1.365,,0.0975,0.0,0.0,0.3736181818181818,0.14500000000000002,0.0,0.24937499999999999,,4445.333333333333,,954.1875,0.220625,0.0,,0.0,0.0,,0.24496458333333335,0.04401666666666667,,42.588285416666665,,,0.38323541666666666,,,0.0004854166666666667,0.025920833333333334,0.03310833333333333,20.60214876033058,,0.0,0.1373305785123967,0.04625,29.1875,1.1191363636363636,0.2486818181818182,,,0.016789583333333333,10.780754166666666,,0.2339416666666667,3.125e-05,,2.0833333333333333e-05,,0.0047666666666666664,,0.00031666666666666665,0.0,0.0,0.008160416666666667,,,0.0008125,,0.00150625,0.00440625,0.0002645833333333333,,0.0,,0.0,,0.175,41.8772173553719,,,,218.96377355371902,13.69375,,,,,,49.8245076923077,0.08475301204819277,0.0031770833333333334,0.0,0.004302083333333334,,0.030483333333333335,0.009104166666666667,5.020629166666667,0.03351666666666667,1.7148166666666667,0.37013541666666666,0.0104625,0.6384854166666666,0.0,0.34010416666666665,0.003447916666666667,0.0,6.875e-05,0.0,0.0018020833333333335,0.0,2.44281,0.1675,25.567561983471077,,,,0.0,16.340375,1.2226785714285715,,2.0833333333333333e-05,2.0833333333333333e-05,0.029775,,0.060437500000000005,0.0,0.0,0.0,0.042940909090909085,0.128125,0.6259685185185185,0.29858888888888885,3.119803703703704,0.0,0.0,0.0,0.0,12.080875,,,0.4853636363636364,0.04625,0.12375,0.141875,,0.36524999999999996,0.07806363636363636,24.845970833333336,,,0.8085111111111111,0.0,,,23.185729629629627,0.0,0.0,,89.24877706422019,166.252371875,0.2933611570247934,0.2413625,0.0,0.0,0.0,0.0
2064,1999798,"TOMATOES, ROMA",2021-10-15,,,,,0.139375,0.26875,0.8533802816901409,0.39625,,0.0,0.0,,5.434357142857142,,60.87224320987655,,0.0,0.21875,2447.2291666666665,0.53125,,,,,,,,,0.10171975308641976,2.40625,7.265625,0.0575,,0.45687500000000003,12.905,0.0,0.0,5.553666666666667,1.1635833333333332,3.0550833333333336,61.18333333333333,12.116666666666667,0.5725,0.715,0.20875,0.0,,,0.82325,46.91357142857142,0.0,0.0,0.380125,18.81,0.0,0.619375,,0.14125,1.365,,0.0975,0.0,1.521875,0.5438246913580247,0.14500000000000002,0.0,0.24937499999999999,,4445.333333333333,,954.1875,0.220625,0.0,,0.0,0.0,,0.003875,0.0011250000000000001,,0.5649375,,,0.00284375,,,0.0,0.0,0.0,28.453271604938273,,0.0,0.18725432098765432,0.04625,29.1875,1.7067857142857141,0.3755,,,0.0,0.6316875,,0.0835,0.0,,0.0,,0.00028125000000000003,,0.0,0.0,0.0,0.0,,,0.0,,0.0,0.0,0.0,,0.0,,0.0,,0.175,58.10213950617284,,,,275.84464938271606,0.13675,,,,0.0372017416875,,49.8245076923077,0.18458219178082194,0.0,0.0,0.0,,0.00309375,0.00146875,0.148,0.0014375,0.046156249999999996,0.0028125,0.0,0.003375,0.0,0.00115625,0.0018437500000000001,0.0,0.0,0.0,0.0,0.0,2.44281,0.1675,38.05240740740741,,0.2209375,,,0.0,0.2784375,,0.0,0.0,0.00040625000000000004,,0.000625,0.0,0.0,0.0,0.061549999999999994,0.128125,0.0,0.3179,0.5337590909090909,0.0,0.0,0.0,0.0,,,,0.6755714285714286,0.04625,0.12375,0.141875,0.013125,0.36524999999999996,0.10562857142857143,24.845970833333336,,,0.4018385964912281,0.0,0.0,,2.171031818181818,,,,91.93285072463767,166.252371875,0.428262962962963,0.2413625,0.0,0.0,0.0,0.0
2208,2003892,"Flour, Semolina, Coarse",2021-10-15,,,,,,,0.5758333333333333,,,,,,15.0255,,8.882083333333334,,,,,,,,,,,,,503.4734375,0.13723788194444445,,,,,,,,,,,,,12.23,,,,,,,4.824,38.51021276595745,3.60953125,0.0,,,3.28109375,,,,,,,,,0.6770652777777778,,0.0,,,,,,,,,,,,,,,,,,,,,,,,19.880277777777778,225.3234375,0.0,0.3317517361111111,,54.10333333333333,2.916517361111111,0.6035069444444444,0.0,,,,,,,,,,,,,,,,,,,,,,,,,,,,,78.06392361111111,,,,219.35763888888889,,,,128.5890625,,,,0.28225,,,,,,,,,,,,,,,,,,,,,11.76375,,15.248746527777778,,,,,,1.637421875,,,,,,,,,,0.0964861111111111,,,,,,,,,,,,0.6380851063829787,,,,,,0.07570138888888889,35.4234375,,,0.3258,,0.0483,,,,,,72.9857013888889,,0.5792048611111111,,,,,
2252,2257134,"oat milk, refrigerated, unsweetened",2022-04-28,,,,,0.05347826086956522,0.12173913043478261,0.711304347826087,0.15565217391304348,,,,,1.641304347826087,,153.37863636363636,,,,,,,,,,,,,,0.04883295454545455,,,0.02391304347826087,,0.1392857142857143,7.961428571428571,,,,,,,,,,,,,,0.0,4.8130434782608695,0.0,0.0,0.23642857142857143,14.707142857142857,0.2802272727272727,0.24782608695652175,,0.06565217391304348,0.36428571428571427,,0.04130434782608696,0.0,,0.25129545454545454,0.0482608695652174,0.0,0.10521739130434782,,,,,0.09304347826086957,,,,,,,,,,,,,,,,,,10.328863636363637,,0.5640909090909091,0.11461897727272728,0.01391304347826087,10.089375,0.10478260869565217,0.21608695652173912,,,,,,,,,,,,,,,,,,,,,,,,,,,,,0.08782608695652173,53.126590909090915,,,,107.15227272727272,0.07086956521739131,,,,,,78.92857142857143,0.25162162162162166,,,,,,,,,,,,,,,,,,,,,0.0,0.07869565217391304,46.65977272727273,,,,,,0.8322727272727272,,,,,,,,,,0.02891304347826087,0.04173913043478261,,,,,,,,,,,2.0934782608695652,0.01391304347826087,0.05130434782608696,0.0482608695652174,,0.7935131578947369,0.013347826086956522,,,,2.677025,0.01285,,,,,,,92.92695652173914,,0.14120227272727273,,,,,
2303,2258693,"peppers, bell, yellow, raw, mini ",2022-04-28,,,,,,,0.4669607843137255,,,,,,0.9828431372549019,,15.748627450980392,,,,,,,,,,,,,,0.04629117647058824,,,,,,,,,,,,,,,,,,,,1.6198627450980392,38.666666666666664,,,,,,,,,,,,,,0.2568333333333333,,,,,,,,,,,,,,,,,,,,,,,,,,10.703235294117647,,,0.12539803921568626,,,0.9682352941176471,0.13509803921568628,,,,,,,,,,,,,,,,,,,,,,,,,,,,,,27.268627450980393,,,,214.45098039215685,,,,,,,,0.10725490196078431,,,,,,,,,,,,,,,,,,,,,0.05294117647058824,,23.42156862745098,,,,,,,,,,,,,,,,0.0511078431372549,,,,,,,,,,,,0.1642156862745098,,,,,,0.24310784313725492,135.58885714285714,,,,,,,,,,,91.21803921568628,,0.19431176470588235,,,,,
2343,2259876,"Cheese, feta, whole milk, crumbled",2022-04-28,,,,,,,2.278,,,,,,0.09275,,335.85749999999996,,,,,,35.87,,,,,,,,0.0175845,,,,,,,,,,,,,,2.446,,6.71875,,,,,,0.0,0.36912500000000004,,,0.238625,,,,,,,,48.019999999999996,0.04425,,2.044625,,,,,,,,,,,,0.3581875,,,2.63734375,,,,,,,,,17.248375000000003,,0.0,0.012887875000000002,,,0.178875,2.06625,,,,0.261725,,,,,,,,,,,,,,,,,,,,,,,,,,254.44375,,,,129.65,,,,,,,96.97692307692307,0.3075,0.6195625,,0.338075,,1.0919750000000001,,3.177275,,1.027625,,,,,,0.5078125,,0.422375,,0.31575,,,,449.48125,,,,,,0.0,,,,,,,,,,0.05042307692307692,,,,,,,,,,,,11.706624999999999,,,,,,0.0379125,,,,0.0,0.2643375,,,,,,,67.81825,,1.6607625,,,,,
2367,2261470,"Flour, potato",2022-04-28,,,,,,,2.473125,,4.203749999999999,,,,30.0725,,106.39375,,,,,,,,,,,,,,0.5498958333333334,,,,,,,,,,,,,,,,,,,,8.388958333333333,37.887499999999996,,,,,,,,,,13.1934375,,,,6.397083333333334,,,,1.51725,,,,,,,,,,,,,,,,,,,,,,149.995625,,,1.9152562499999999,,60.12083333333334,3.856875,2.5343750000000003,,,,,,,,,,,,,,,,,,,,,,,,,,,,,,360.38124999999997,,,,769.6750000000001,,,,,,,,0.34125,,,,,,,,,,,,,,,,,,,,,13.456458333333336,,17.389791666666667,,,58.029375,,,,,,,,,,,,,0.23354166666666668,,,,,,,,,,14.7128125,,19.16208333333333,,,,,,0.27647916666666666,,,,,,,,,,,,7.152083333333334,,2.149645833333333,,,,,
2399,2262139,ground flaxseed meal,2022-04-28,,,,,1.15,2.86125,3.1478125,2.696875,,,,,48.055,,164.828125,,,,,,,,,,,,,,1.1264375,,,0.5665625,,8.2853125,7.8145,,,,,,,,23.4796875,18.3725,6.22875,,,,11.88609375,72.396875,,,0.023015625,0.969625,,5.7825,,1.486875,8.07703125,,0.6115625,0.108125,,4.68515625,0.9115625,,1.665625,,,,,0.800625,,,,,,0.24712499999999998,,,23.0560625,,,0.36904347826086953,,,,0.132,,297.296875,,,1.9574687499999999,0.405,,7.669375,3.8815625,,,,13.42090625,,9.8334375,,,,,,,,,,,,,,,,,,,,,,,1.279375,543.921875,,,,650.125,1.041875,,,,,,,,,,,,,,3.6584375,,1.60028125,0.521875,,1.42375,,0.82425,,,,,,,50.84375,1.1934375,80.5115625,,,,,,,,,,,,,,,,0.43615624999999997,0.858125,,,,,,,,,,,50.53875,0.25875,0.808125,1.111875,,,0.36303125,,,,,,,,5.519375,,,,2.56625,,4.2540625,,,,,
2447,2263988,"applesauce, unsweetened, with vit C added",2022-04-28,,,,,,,0.3410416666666667,,,,,,0.5019791666666666,,11.480625000000002,,,,,,,,,,,,,813.25,0.05240416666666667,,,,,,,,,,,,,,,,,,,,,,5.4846875,0.0,,,4.2941666666666665,,,,,,,,,0.24170833333333333,,0.0,,,,,,,,,,,,,,,,,,,,,,,,9.575833333333334,226.025,0.0,0.25029583333333333,,,,0.11833333333333333,0.0,,,,,,,,,,,,,,,,,,,,,,,,,,,,,19.893854166666667,,,,159.54166666666666,,,0.0,1.8041666666666665,,,,,,,,,,,,,,,,,,,,,,,,,,,1.7790625,,,,,,0.22614583333333335,,,,,,,,,,,,,,,,,,,,,,0.21208333333333332,,,,,,,23.455520833333335,,,,,,,,,,,84.2909375,,0.08100729166666666,,,,,
2697,2346914,"applesauce, unsweetened, with vit C added",2022-10-28,,,,,0.7106666666666667,2.1213333333333333,0.92436,1.568,2.6266666666666665,0.0,0.0,,9.242161290322581,,42.0064,,0.0,,,,65.69117647058823,,,,,,,625.025,0.2010804,,,0.41733333333333333,,,,0.0,0.0,7.9472000000000005,1.0034,1.886,55.576,,4.520588235294118,,12.737941176470587,,,,3.704703125,31.00625,3.467135922330097,0.0,,,3.138252427184466,3.3673333333333333,,0.8933333333333333,,10.858333333333334,0.3953333333333333,0.0,33.92058823529412,0.855756,0.5726666666666667,0.0,1.0933333333333335,0.687625,,,,0.48466666666666663,,,,,,,,,,,,,,,,,,41.39356,340.99,0.08533980582524273,0.9391487999999999,0.2,28.90804195804196,0.9874999999999999,0.76152,0.0,,,0.46202941176470586,,,,,,,,,,,,,,,,,,,,,,,,,0.7626666666666666,112.61506,,,,281.76640000000003,0.966,,0.0,1.0825,,,187.73529411764707,,,,0.6638529411764706,,2.097382352941177,,5.914441176470588,,1.95,,,,,,,,,,,,7.769642857142857,0.8266666666666667,35.807088353413654,,,54.351875,,0.0,0.6196116504854369,,,,,,,,,,0.15328395061728395,0.4653333333333333,,,,,,,,,11.557708333333332,,12.082619047619048,0.15466666666666665,0.4966666666666667,0.6880000000000001,,0.2091470588235294,0.12680927835051545,24.9226953125,,,,,,,,,,5.99453125,68.81797999999999,,0.8609494,,,,,
2785,2512557,cassava flour,2023-04-20,,,,,,,1.4092045454545454,,0.7,,,,13.099772727272727,,35.66897727272727,,,,,,,,,,,,,,0.3653863636363637,,,,,,,,,,,,,,,,,,,,6.4556818181818185,,,,,,,,,,,7.0530681818181815,,,,3.257625,,,,0.9665909090909092,,,,,,,,,,,,,,,,,,,,,,122.48022727272728,,,1.4980215909090908,,44.87443181818182,3.216818181818182,1.486931818181818,,,,,,,,,,,,,,,,,,,,,,,,,,,,,,266.77886363636367,,,,329.0,,,,,,,,0.15284090909090908,,,,,,,,,,,,,,,,,,,,,,,3.6540909090909093,,,64.03318181818182,,,,,,,,,,,,,0.24988636363636366,,,,,,,,,,8.402954545454547,,3.2118749999999996,,,,,,0.18601136363636364,,,,,,,,,,,,10.754204545454545,,1.9790113636363635,,,,,
2824,2514825,"Turkey, ground, 93% lean, 7% fat, raw",2023-04-20,,,,,,,0.9017948717948718,,,,,,,,9.967692307692309,,,,,,73.81538461538462,,,,,,,,0.05783846153846154,,,,,,,,,,,,,,,,,,,,,,,,,,,,,,,,,,,1.3252820512820513,,,,,,,,,,,,,,,,,,,,,,,,,,17.92051282051282,,,0.004274358974358974,,,,2.83974358974359,,,,,,,,,,,,,,,,,,,,,,,,,,,,,,158.25641025641025,,,,283.2307692307692,,,,,,,,,,,,,,,,,,,,,,,,,,,,,,,62.8974358974359,,,,,,,,,,,,,,,,,,,,,,,,,,,,13.197435897435899,,,,,,,,,,,,,,,,,,68.78384615384616,,2.8954615384615385,,,,,
2904,2515542,chestnut flour,2023-04-20,,,,,,,3.019125,,,,,,,,80.838125,,,,,,,,,,,,,,1.308975,,,,,,,,,,,,,,10.89342105263158,9.678421052631577,5.248947368421053,0.24638888888888888,,,9.628499999999999,,,,,,,,15.2125,,,,,,,4.118875,,,,,,,,,,,,,,,,,,,,,,,,,,227.19,,,3.8241750000000003,,,,3.1425,,,,,,,,,,,,,,,,,,,,,,,,,,,,,,517.1875,,,,828.95,,,,,,,,,,,,,,,,,,,,,,,,,,,,,27.64446428571429,,5.318875,,,,,,,,,,,,,,,,,,,,,,,,,,,,41.1395,,,,,,,4.05,,,,,,,,0.0,0.0,25.099333333333334,4.549,,3.403875,,,,,
3016,2644518,"beans, great northern, canned, sodium added",2023-10-26,,,,,,,1.7503125,,,,,,,,64.26607142857144,,,,,,,,,,,,,,0.4210419642857143,,,,,,,,,,,,,,,,,,,,,,,,,,,,,,,,,,,2.729901785714286,,,,,,,,,,,,,,,,,,,,,,,,,,61.401785714285715,,,0.8574732142857143,,,,1.7832142857142856,,,,,,,,,,,,,,,,,,,,,,,,,,,,,,175.39374999999998,,,,469.4544642857143,,,,,,,,,,,,,,,,,,,,,,,,,,,,,,,141.11508928571428,,,18.084642857142857,,,,,,,,,,,,,,,,,,,,,,,6.4925,,1.949107142857143,,,,,,,,,,,,,,,,,,53.98464285714285,,1.4059642857142856,,,,,
3080,2646303,"beef, flank steak",2023-10-26,,,,,,,1.02671875,,,,,,,,4.3603125,,,,,,65.78390625,,,,,,,,0.0447453125,,,,,,,,,,,,,,3.354576271186441,0.6783050847457628,3.126101694915254,0.2738983050847458,,,,,,,,,,,,,,,,,,1.221515625,,,,,,,,,,,,,,,,,,,,,,,,,,21.153125,,,0.00089375,,,,3.2515625,,,,,,,,,,,,,,,,,,,,,,,,,,,,,,183.4453125,,,,326.609375,,,,,,,,,,,,,,,,,,,,,,,,,,,,,,,49.684375,,,,,,,,,,,,,,,,,,,,,,,,,,,,9.5190625,,,,,,,,,,,,,,,,,,69.3953125,,3.01665625,,,,,
3135,2647553,cotija (solid),2023-10-26,,,,,,,4.1214545454545455,,,,,,,,709.0545454545454,,,,,,70.03818181818181,,,,,,,,0.0,,,,,,,,,,,,,,5.479574468085107,,15.260851063829787,,,,,,,,,,,,,,,,,,57.26345454545454,0.18945454545454546,,,,,,,,,,,,,,,,,,,,,,,,,,26.805454545454545,,,0.020623636363636365,,,,2.9125454545454543,,0.6261914893617021,,,,,,,,,,,,,,,,,,,,,,,,,,,,460.6381818181818,,,,132.26545454545456,,,,,,,142.6,,,,0.7998085106382979,,2.44031914893617,,7.35136170212766,,2.3262553191489364,,,,,,,,,,,,,,802.4872727272727,,,,,,,,,,,,,,,,,,,,,,,,,,,,22.399272727272727,,,,,,,,,,0.0,0.6746181818181818,,,,0.0,4.268918918918919,1.0135135135135136,50.77109090909091,,2.9402000000000004,,,,,
3191,2684558,"crab, blue swimming, lump, pasteurized, refrigerated",2024-04-18,,,,,,,1.3902678571428573,,,,,,,,31.826607142857142,,,,,,75.98214285714286,,,,,,,,0.1980357142857143,,,,,,,,,,,,,,,,,,,,,,,,,,,,,,,,,,28.5075244375,0.2686071428571429,,,,,,,,,,,,,,,,,,,,,,,,,,25.71607142857143,,,0.026198214285714286,,,,2.934285714285714,,,,,,,,,,,,,,,,,,,,,,,,,,,,,,210.77321428571426,,,,281.19464285714287,,,,,,,6.684443732142857,,,,,,,,,,,,,,,,,,,,,,24.40625,,194.5767857142857,,,,,,,,,,,,,,,,,,,,,,,,,,,,4.301071428571428,,,,,2.748839285714286,,,,,,,,,,,,,76.50571428571428,,0.8939642857142857,,,,,
3311,2685822,"tomato, puree, canned, no salt added",2024-04-18,,,,,,,1.0751666666666668,,,,,,,,41.52466666666667,,,,,,,,,,,,,,0.0918825,,,,,,,,,,,,,,,,,,,,2.32025,,2.1523636363636363,,,,2.008363636363636,,,,,,,,,0.8172416666666666,,0.0,,,,,,,,,,,,,,,,,,,,,,,,21.65175,,0.0,0.2196091666666667,,,,0.27625,,,,,,,,,,,,,,,,,,,,,,,,,,,,,,39.138333333333335,,,,356.7875,,,,,,,,,,,,,,,,,,,,,,,,,,,,,,,63.27916666666667,,,,,,0.6238181818181818,,,,,,,,,,,,,,,,,,,,,,0.3268333333333333,,,,,,,,,,,,,,,,,,88.48596153846152,,0.26245583333333333,,,,,
3534,2711289,"Arugula, baby, raw",2024-10-31,,,,44.8125,,,1.267882882882883,,,,,,10.732317073170732,,47.001345291479815,,,,,,,,,,,,,,0.28168834080717486,,,,,,,,,,,,,,2.1055641025641028,1.310871794871795,1.0845128205128205,,,,5.312613065326634,88.96133928571429,3.7739560439560442,,,,2.799444444444444,,,,,,0.568,,,1.9015022421524665,0.9727499999999999,0.0,1.5857875,,,,,1.4316,,,,,,,,,1.6810512820512822,,,,,,,,,78.11784753363229,,0.006666666666666668,1.3800780269058297,0.307375,,6.0608,1.0067117117117117,,,,0.689025641025641,,0.13097435897435897,,,,,,,,,,,,,0.11515384615384615,,,,,,0.052820512820512824,,0.21151282051282053,,0.9801249999999999,184.76538116591928,,,,325.4529147982063,,,,,,7.1692307692307695,,0.11000000000000001,7.692307692307693e-05,,0.0023076923076923075,,0.09838461538461539,,0.7275641025641025,,0.21102564102564103,,,,,,0.0,,0.0,,0.0,,,,4.646278026905829,,,50.16407407407407,,,2.6052808988764045,,,,,,,,,,0.33792,1.168475,,,,,,,,,,,3.7905855855855854,0.370975,,1.8727875,,,0.19171257485029938,31.494778761061944,,,,,,,,,,,46.287937219730935,,1.6664708520179372,,,,,
3717,2727955,"pawpaw, peeled, seeded, raw",2025-04-24,,,,,,,0.7372790055248618,,,,,,2.0125,,16.808032786885246,,,,,,73.95125,,,,,,,,0.051210928961748635,,,,,,,,,,,,,,,,,,,,,25.81109090909091,2.40626213592233,,,,3.162135922330097,,,,,,,,,0.6896939890710383,,0.03407766990291262,,,,,,,,,,,,,,,,,,,,,,,,16.4296174863388,,0.03466019417475728,0.10070491803278687,,,,1.4324652284946238,,,,,,,,,,,,,,,,,,,,,,,,,,,,,,87.99535519125683,,,,266.5027322404372,,,,,,,,,,,,,,,,,,,,,,,,,,,,,,,27.580382513661203,,,1.56,,,1.178155339805825,,,,,,,,,,,,,,,,,,,,,,11.019499999999999,,,,,,0.14239583333333333,7.283492063492064,,,,,,,,,,,80.43743718592964,,1.0489120218579235,,,,,
3890,2748022,"Watermelon, seedless, rind only, raw",2025-12-18,,,,,,,1.5501046511627907,,,,,,1.7177215189873416,,31.404244186046512,,,,,,,,,,,,,,0.07376889534883721,,,,,,,,,,,,,,,,,,,,2.4101204819277107,55.86931578947368,1.3224736842105265,,,,1.3034736842105263,,,,,,,,,0.3623546511627907,,0.0,,,,,,,,,,,,,,,,,,,,,,,,29.982296511627908,,0.0,0.11104418604651162,,,0.406875,1.3390697674418603,,,,,,,,,,,,,,,,,,,,,,,,,,,,,,105.99011627906977,,,,272.8720930232558,,,,,,,,0.106934375,,,,,,,,,,,,,,,,,,,,,49.61571428571428,,307.95127906976745,,,,,,1.103421052631579,3.729368421052632,,,,,,,,,0.0325,,,,,,,,,,,,1.5082743902439024,,,,,2.0132236842105264,0.21527272727272728,42.9808947368421,,,,,,,,,,,84.60002906976744,,0.5228383720930233,,,,,
4071,2759368,"Pepperoni, beef and pork, sliced",2026-04-30,,,,,,,2.3093922651933703,,,,,,3.5642857142857145,,82.3815238095238,,,,,,,,,,,,46.846835443037975,,0.20811357142857143,,,,,,,,,,,,,,7.825260869565217,7.513260869565217,5.295434782608696,0.18,,,3.947416666666667,99.4103076923077,4.154391304347826,,,,4.5343478260869565,,,,,,,,,2.2429928571428572,,0.5619565217391305,,,,,,,0.0004173913043478261,0.023108695652173914,,0.0,0.23011304347826086,,0.038413043478260876,7.3559217391304355,,,0.16575652173913044,,,,0.0005521739130434783,0.00978695652173913,0.0013521739130434782,43.21957142857143,,0.051782608695652176,0.7663164285714286,,,3.9250935714285715,,,6.636617391304348,0.022304347826086954,,0.7778130434782609,,0.0033043478260869567,,6.16704347826087e-05,0.029439130434782607,,,0.003760869565217391,0.009078260869565218,6.0869565217391306e-05,0.033473913043478264,,,,0.0007130434782608696,0.00046521739130434784,0.0023608695652173914,0.008465217391304349,0.00508695652173913,,0.002265217391304348,,,,141.54119047619048,,,,327.1671428571429,,,,,,,34.46395833333333,0.19644106813996315,0.018430434782608696,0.0,0.021491304347826087,,0.18631739130434782,0.021056521739130436,3.148821739130435,0.0545,1.5031347826086956,0.0959,0.005608695652173913,0.15223478260869566,0.0,0.05832173913043478,0.013883025217391305,0.0,0.009417391304347825,0.0,0.006469565217391305,0.0,,,192.1007857142857,,,,,,4.72,,0.0033043478260869567,0.008239130434782608,0.12411304347826087,0.04388260869565217,,7.82608695652174e-05,0.00020434782608695653,0.0,0.2738521428571429,,,,,,,,,,,,,,,,,0.5491666666666667,0.11952877697841727,8.414255952380953,,,,,,,,,,,46.36303867403314,,0.8961895238095238,,,,,
4079,2768204,"Alaska Pollock, raw",2026-04-30,,,,,0.82583625,0.80417125,1.22125,1.47066,,,,,,,40.3643518125,,,,0.0,,59.9525,,,,,,,,0.09743996875000001,,,,0.1561675,,,,,,,,,,0.147715875,0.45770725,0.23738575,0.008173,,,0.0,9.5725,0.0,,,,0.0,2.096875,,0.70465,,,0.245711375,,185.531,0.240166175,0.5639912499999999,0.0,1.0444900000000001,,,,,1.27033,,0.00017625,,0.0,0.0318325,,0.0,0.07473525,,0.06,0.019186625,,0.0027125,,,,0.002587625,22.816168575,,0.0,0.003125,0.42059375,,1.48,,,0.005874625,,,0.0043625,,0.0,,0.011801375,0.002684125,,,0.000370125,0.0,,,0.0033000000000000004,0.0065855,0.167795,,0.0,,,,0.010794,,0.23735462499999999,0.25,0.49613625,223.21869115,,,,352.9981272875,0.45565875,17.325,,,,,2.6125,0.10351250000000001,0.0,0.0,0.0,0.0,0.025048749999999998,0.0014195,0.17054125,0.000605625,0.03822425,0.0,,0.0,,0.0,,,,,0.0,,26.99571875,0.5724575000000001,114.776149,,,0.0,,,0.0,,,,,,,,,,0.0862625,0.51312625,,,,,,,,,,,0.9924999999999999,0.1382925,0.46111125,0.60571125,,1.75875,0.12125000000000001,,0.0,,0.0,0.0,,0.2332015,,,,,80.39875,,0.4313066625,,,,,
