commodity,sample_group,sample_fdc_id,sample_description,publication_date,10-Formyl folic acid (10HCOFA),25-hydroxycholecalciferol,5-Formyltetrahydrofolic acid (5-HCOH4,5-methyl tetrahydrofolate (5-MTHF),Alanine,Arginine,Ash,Aspartic acid,Beta-glucan,Beta-sitostanol,Beta-sitosterol,Betaine,Biotin,Brassicasterol,"Calcium, Ca",Campestanol,Campesterol,"Carotene, alpha","Carotene, beta","Carotene, gamma",Cholesterol,"Choline, free","Choline, from glycerophosphocholine","Choline, from phosphocholine","Choline, from phosphotidyl choline","Choline, from sphingomyelin","Choline, total",Citric acid,"Copper, Cu","Cryptoxanthin, alpha","Cryptoxanthin, beta",Cysteine,Cystine,Daidzein,Daidzin,Delta-5-avenasterol,Delta-7-Stigmastenol,"Ergosta-5,7-dienol","Ergosta-7,22-dienol",Ergosta-7-enol,Ergosterol,Ergothioneine,"Fatty acids, total monounsaturated","Fatty acids, total polyunsaturated","Fatty acids, total saturated","Fatty acids, total trans","Fiber, insoluble","Fiber, soluble","Fiber, total dietary","Folate, total",Fructose,Galactose,Genistein,Genistin,Glucose,Glutamic acid,Glutathione,Glycine,Glycitin,High Molecular Weight Dietary Fiber (HMWDF),Histidine,Hydroxyproline,"Iodine, I","Iron, Fe",Isoleucine,Lactose,Leucine,Low Molecular Weight Dietary Fiber (LMWDF),Lutein,Lutein + zeaxanthin,Lycopene,Lysine,MUFA 12:1,MUFA 14:1,MUFA 14:1 c,MUFA 15:1,MUFA 16:1,MUFA 16:1 c,MUFA 17:1,MUFA 18:1,MUFA 18:1 c,MUFA 18:1-11 c (18:1c n-7),MUFA 20:1,MUFA 20:1 c,MUFA 22:1,MUFA 22:1 c,MUFA 22:1 n-11,MUFA 22:1 n-9,MUFA 24:1 c,"Magnesium, Mg",Malic acid,Maltose,"Manganese, Mn",Methionine,"Molybdenum, Mo",Niacin,Nitrogen,Oxalic acid,PUFA 18:2,PUFA 18:2 CLAs,"PUFA 18:2 n-6 c,c",PUFA 18:3,"PUFA 18:3 n-3 c,c,c (ALA)","PUFA 18:3 n-6 c,c,c",PUFA 18:3i,PUFA 18:4,PUFA 20:2 c,"PUFA 20:2 n-6 c,c",PUFA 20:3,PUFA 20:3 n-3,PUFA 20:3 n-6,PUFA 20:3 n-9,PUFA 20:4,PUFA 20:4 n-3,PUFA 20:4 n-6,PUFA 20:5 n-3 (EPA),PUFA 20:5c,PUFA 22:2,PUFA 22:3,PUFA 22:4,PUFA 22:5 c,PUFA 22:5 n-3 (DPA),PUFA 22:6 c,PUFA 22:6 n-3 (DHA),Pantothenic acid,Phenylalanine,"Phosphorus, P",Phytoene,Phytofluene,"Phytosterols, other","Potassium, K",Proline,Protein,Pyruvic acid,Quinic acid,Raffinose,Resistant starch,Retinol,Riboflavin,SFA 10:0,SFA 11:0,SFA 12:0,SFA 13:0,SFA 14:0,SFA 15:0,SFA 16:0,SFA 17:0,SFA 18:0,SFA 20:0,SFA 21:0,SFA 22:0,SFA 23:0,SFA 24:0,SFA 4:0,SFA 5:0,SFA 6:0,SFA 7:0,SFA 8:0,SFA 9:0,"Selenium, Se",Serine,"Sodium, Na",Specific Gravity,Stachyose,Starch,Stigmastadiene,Stigmasterol,Sucrose,"Sugars, Total",TFA 14:1 t,TFA 16:1 t,TFA 18:1 t,TFA 18:2 t,TFA 18:2 t not further defined,TFA 18:3 t,TFA 20:1 t,TFA 22:1 t,Thiamin,Threonine,"Tocopherol, beta","Tocopherol, delta","Tocopherol, gamma","Tocotrienol, alpha","Tocotrienol, beta","Tocotrienol, delta","Tocotrienol, gamma",Total Sugars,Total dietary fiber (AOAC 2011.25),Total fat (NLEA),Total lipid (fat),Tryptophan,Tyrosine,Valine,Verbascose,Vitamin B-12,Vitamin B-6,"Vitamin C, total ascorbic acid",Vitamin D (D2 + D3),"Vitamin D (D2 + D3), International Units",Vitamin D2 (ergocalciferol),Vitamin D3 (cholecalciferol),Vitamin D4,Vitamin E,Vitamin E (alpha-tocopherol),Vitamin K (Dihydrophylloquinone),Vitamin K (Menaquinone-4),Vitamin K (phylloquinone),Water,Zeaxanthin,"Zinc, Zn",cis-Lutein/Zeaxanthin,cis-Lycopene,cis-beta-Carotene,trans-Lycopene,trans-beta-Carotene
apple,1789,1105315,"APPLES, RED DELICIOUS",2020-10-30,,,,,,,0.0,,,,,,,,5.0,,,,,,,,,,,,,,0.023,,,,,,,,,,,,,,,,,,,,1.4,0.0,,,,,,,,,,,,,,0.0,,,,,,,,,,,,,,,,,,,,,,,,,,4.3,,,0.039,,,0.08,0.03,,,,,,,,,,,,,,,,,,,,,,,,,,,,,,6.0,,,,75.0,,,,,,,,0.07,,,,,,,,,,,,,,,,,,,,,,,0.0,,,,,,,,,,,,,,,,0.01,,,,,,,,,,,,0.1,,,,,,0.021,,,,,,,,,,,,85.2,,0.0,,,,,
apple,1790,1105329,"APPLES, RED DELICIOUS",2020-10-30,,,,,,,0.17,,,,,,,,5.0,,,,,,,,,,,,,,0.024,,,,,,,,,,,,,,,,,,,,2.0,0.0,,,,,,,,,,,,,,0.0,,,,,,,,,,,,,,,,,,,,,,,,,,4.9,,,0.036,,,0.08,0.03,,,,,,,,,,,,,,,,,,,,,,,,,,,,,,9.0,,,,94.0,,,,,,,,0.05,,,,,,,,,,,,,,,,,,,,,,,0.0,,,,,,,,,,,,,,,,0.01,,,,,,,,,,,,0.2,,,,,,0.023,,,,,,,,,,,,85.9,,0.03,,,,,
apple,1791,1105343,"APPLES, RED DELICIOUS",2020-10-30,,,,,,,0.0,,,,,,,,3.0,,,,,,,,,,,,,,0.018,,,,,,,,,,,,,,,,,,,,2.1,0.0,,,,,,,,,,,,,,0.0,,,,,,,,,,,,,,,,,,,,,,,,,,5.0,,,0.027,,,0.1,0.04,,,,,,,,,,,,,,,,,,,,,,,,,,,,,,9.0,,,,89.0,,,,,,,,0.07,,,,,,,,,,,,,,,,,,,,,,,0.0,,,,,,,,,,,,,,,,0.01,,,,,,,,,,,,0.2,,,,,,0.023,,,,,,,,,,,,83.5,,0.02,,,,,
apple,1792,1105358,"APPLES, RED DELICIOUS",2020-10-30,,,,,,,0.14,,,,,,,,6.0,,,,,,,,,,,,,,0.026,,,,,,,,,,,,,,,,,,,,2.2,0.0,6.32,,,,2.52,,,,,,,,,0.0,,0.0,,,,,,,,,,,,,,,,,,,,,,,,4.7,,0.0,0.035,,,0.08,0.03,,,,,,,,,,,,,,,,,,,,,,,,,,,,,,7.0,,,,86.0,,,,,,,,0.06,,,,,,,,,,,,,,,,,,,,,,,0.0,,,,,,0.42,,,,,,,,,,0.01,,,,,,,,,,,,0.1,,,,,,0.022,,,,,,,,,,,,86.9,,0.0,,,,,
apple,1793,1105373,"APPLES, RED DELICIOUS",2020-10-30,,,,,,,0.22,,,,,,,,4.0,,,,,,,,,,,,,,0.029,,,,,,,,,,,,,,,,,,,,1.9,0.0,,,,,,,,,,,,,,0.0,,,,,,,,,,,,,,,,,,,,,,,,,,4.6,,,0.022,,,0.1,0.03,,,,,,,,,,,,,,,,,,,,,,,,,,,,,,12.0,,,,105.0,,,,,,,,0.06,,,,,,,,,,,,,,,,,,,,,,,0.0,,,,,,,,,,,,,,,,0.01,,,,,,,,,,,,0.3,,,,,,0.023,,,,,,,,,,,,83.9,,0.03,,,,,
apple,1794,1105387,"APPLES, RED DELICIOUS",2020-10-30,,,,,,,0.14,,,,,,,,4.0,,,,,,,,,,,,,,0.022,,,,,,,,,,,,,,,,,,,,2.3,0.0,,,,,,,,,,,,,,0.0,,,,,,,,,,,,,,,,,,,,,,,,,,4.9,,,0.038,,,0.09,0.03,,,,,,,,,,,,,,,,,,,,,,,,,,,,,,9.0,,,,100.0,,,,,,,,0.07,,,,,,,,,,,,,,,,,,,,,,,0.0,,,,,,,,,,,,,,,,0.01,,,,,,,,,,,,0.2,,,,,,0.022,,,,,,,,,,,,84.0,,0.02,,,,,
apple,1795,1105401,"APPLES, RED DELICIOUS",2020-10-30,,,,,,,0.38,,,,,,,,5.0,,,,,,,,,,,,,,0.019,,,,,,,,,,,,,,,,,,,,2.2,0.0,,,,,,,,,,,,,,0.0,,,,,,,,,,,,,,,,,,,,,,,,,,4.7,,,0.019,,,0.09,0.03,,,,,,,,,,,,,,,,,,,,,,,,,,,,,,11.0,,,,114.0,,,,,,,,0.07,,,,,,,,,,,,,,,,,,,,,,,0.0,,,,,,,,,,,,,,,,0.0,,,,,,,,,,,,0.3,,,,,,0.018,,,,,,,,,,,,85.0,,0.02,,,,,
apple,1796,1105415,"APPLES, RED DELICIOUS",2020-10-30,,,,,,,0.14,,,,,,,,6.0,,,,,,,,,,,,,,0.033,,,,,,,,,,,,,,,,,,,,2.2,0.0,8.8,,,,2.7,,,,,,,,,0.0,,0.0,,,,,,,,,,,,,,,,,,,,,,,,4.6,,0.0,0.02,,,0.1,0.02,,,,,,,,,,,,,,,,,,,,,,,,,,,,,,11.0,,,,99.0,,,,,,,,0.08,,,,,,,,,,,,,,,,,,,,,,,0.0,,,,,,1.43,,,,,,,,,,0.01,,,,,,,,,,,,0.3,,,,,,0.019,,,,,,,,,,,,82.9,,0.03,,,,,
apple,1797,1105431,"APPLES, HONEYCRISP",2020-10-30,,,,,,,0.12,,,,,,,,4.0,,,,,,,,,,,,,,0.024,,,,,,,,,,,,,,,,,,,,1.7,0.0,,,,,,,,,,,,,,0.0,,,,,,,,,,,,,,,,,,,,,,,,,,4.4,,,0.035,,,0.07,0.0,,,,,,,,,,,,,,,,,,,,,,,,,,,,,,8.0,,,,99.0,,,,,,,,0.08,,,,,,,,,,,,,,,,,,,,,,,0.0,,,,,,,,,,,,,,,,0.01,,,,,,,,,,,,0.0,,,,,,0.037,,,,,,,,,,,,85.5,,0.0,,,,,
apple,1798,1105445,"APPLES, HONEYCRISP",2020-10-30,,,,,,,0.0,,,,,,,,3.0,,,,,,,,,,,,,,0.015,,,,,,,,,,,,,,,,,,,,1.5,0.0,,,,,,,,,,,,,,0.0,,,,,,,,,,,,,,,,,,,,,,,,,,3.5,,,0.036,,,0.07,0.02,,,,,,,,,,,,,,,,,,,,,,,,,,,,,,6.0,,,,79.0,,,,,,,,0.07,,,,,,,,,,,,,,,,,,,,,,,0.0,,,,,,,,,,,,,,,,0.01,,,,,,,,,,,,0.0,,,,,,0.03,,,,,,,,,,,,86.6,,0.02,,,,,
apple,1799,1105459,"APPLES, HONEYCRISP",2020-10-30,,,,,,,0.0,,,,,,,,4.0,,,,,,,,,,,,,,0.016,,,,,,,,,,,,,,,,,,,,1.6,0.0,,,,,,,,,,,,,,0.0,,,,,,,,,,,,,,,,,,,,,,,,,,4.0,,,0.043,,,0.08,0.02,,,,,,,,,,,,,,,,,,,,,,,,,,,,,,7.0,,,,92.0,,,,,,,,0.07,,,,,,,,,,,,,,,,,,,,,,,0.0,,,,,,,,,,,,,,,,0.01,,,,,,,,,,,,0.2,,,,,,0.036,,,,,,,,,,,,84.9,,0.02,,,,,
apple,1800,1105473,"APPLES, HONEYCRISP",2020-10-30,,,,,,,0.17,,,,,,,,6.0,,,,,,,,,,,,,,0.02,,,,,,,,,,,,,,,,,,,,1.9,0.0,,,,,,,,,,,,,,0.0,,,,,,,,,,,,,,,,,,,,,,,,,,4.8,,,0.06,,,0.09,0.02,,,,,,,,,,,,,,,,,,,,,,,,,,,,,,9.0,,,,126.0,,,,,,,,0.06,,,,,,,,,,,,,,,,,,,,,,,0.0,,,,,,,,,,,,,,,,0.01,,,,,,,,,,,,0.0,,,,,,0.034,,,,,,,,,,,,84.1,,0.03,,,,,
apple,1801,1105488,"APPLES, HONEYCRISP",2020-10-30,,,,,,,0.0,,,,,,,,3.0,,,,,,,,,,,,,,0.031,,,,,,,,,,,,,,,,,,,,1.8,0.0,,,,,,,,,,,,,,0.0,,,,,,,,,,,,,,,,,,,,,,,,,,4.0,,,0.033,,,0.07,0.02,,,,,,,,,,,,,,,,,,,,,,,,,,,,,,7.0,,,,87.0,,,,,,,,0.09,,,,,,,,,,,,,,,,,,,,,,,0.0,,,,,,,,,,,,,,,,0.0,,,,,,,,,,,,0.2,,,,,,0.026,,,,,,,,,,,,85.4,,0.02,,,,,
apple,1802,1105502,"APPLES, HONEYCRISP",2020-10-30,,,,,,,0.0,,,,,,,,3.0,,,,,,,,,,,,,,0.03,,,,,,,,,,,,,,,,,,,,1.5,0.0,,,,,,,,,,,,,,0.0,,,,,,,,,,,,,,,,,,,,,,,,,,3.5,,,0.032,,,0.07,0.02,,,,,,,,,,,,,,,,,,,,,,,,,,,,,,6.0,,,,77.0,,,,,,,,0.07,,,,,,,,,,,,,,,,,,,,,,,0.0,,,,,,,,,,,,,,,,0.01,,,,,,,,,,,,0.2,,,,,,0.031,,,,,,,,,,,,84.8,,0.02,,,,,
apple,1803,1105516,"APPLES, HONEYCRISP",2020-10-30,,,,,,,0.29,,,,,,,,4.0,,,,,,,,,,,,,,0.03,,,,,,,,,,,,,,,,,,,,1.7,0.0,9.4,,,,2.46,,,,,,,,,0.0,,0.0,,,,,,,,,,,,,,,,,,,,,,,,4.8,,0.0,0.047,,,0.08,0.03,,,,,,,,,,,,,,,,,,,,,,,,,,,,,,9.0,,,,123.0,,,,,,,,0.08,,,,,,,,,,,,,,,,,,,,,,,1.0,,,,,,1.13,,,,,,,,,,0.01,,,,,,,,,,,,0.0,,,,,,0.039,,,,,,,,,,,,82.9,,0.0,,,,,
apple,1804,1105532,"APPLES, HONEYCRISP",2020-10-30,,,,,,,0.11,,,,,,,,4.0,,,,,,,,,,,,,,0.022,,,,,,,,,,,,,,,,,,,,2.0,0.0,7.72,,,,1.68,,,,,,,,,0.0,,0.0,,,,,,,,,,,,,,,,,,,,,,,,4.2,,0.0,0.033,,,0.06,0.0,,,,,,,,,,,,,,,,,,,,,,,,,,,,,,9.0,,,,102.0,,,,,,,,0.07,,,,,,,,,,,,,,,,,,,,,,,0.0,,,,,,0.99,,,,,,,,,,0.01,,,,,,,,,,,,0.2,,,,,,0.029,,,,,,,,,,,,86.0,,0.02,,,,,
apple,1805,1105548,"APPLES, GRANNY SMITH",2020-10-30,,,,,,,0.12,,,,,,,,8.0,,,,,,,,,,,,,,0.035,,,,,,,,,,,,,,,,,,,,2.4,0.0,,,,,,,,,,,,,,0.11,,,,,,,,,,,,,,,,,,,,,,,,,,4.8,,,0.034,,,0.12,0.04,,,,,,,,,,,,,,,,,,,,,,,,,,,,,,7.0,,,,111.0,,,,,,,,0.08,,,,,,,,,,,,,,,,,,,,,,,0.0,,,,,,,,,,,,,,,,0.01,,,,,,,,,,,,0.2,,,,,,0.028,,,,,,,,,,,,85.0,,0.02,,,,,
apple,1806,1105563,"APPLES, GRANNY SMITH",2020-10-30,,,,,,,0.24,,,,,,,,6.0,,,,,,,,,,,,,,0.044,,,,,,,,,,,,,,,,,,,,2.4,0.0,,,,,,,,,,,,,,0.12,,,,,,,,,,,,,,,,,,,,,,,,,,5.1,,,0.041,,,0.11,0.05,,,,,,,,,,,,,,,,,,,,,,,,,,,,,,10.0,,,,114.0,,,,,,,,0.08,,,,,,,,,,,,,,,,,,,,,,,0.0,,,,,,,,,,,,,,,,0.02,,,,,,,,,,,,0.2,,,,,,0.029,,,,,,,,,,,,85.1,,0.03,,,,,
apple,1807,1105578,"APPLES, GRANNY SMITH",2020-10-30,,,,,,,0.0,,,,,,,,6.0,,,,,,,,,,,,,,0.023,,,,,,,,,,,,,,,,,,,,3.1,0.0,7.91,,,,2.48,,,,,,,,,0.11,,0.0,,,,,,,,,,,,,,,,,,,,,,,,4.5,,0.0,0.053,,,0.09,0.03,,,,,,,,,,,,,,,,,,,,,,,,,,,,,,8.0,,,,85.0,,,,,,,,0.08,,,,,,,,,,,,,,,,,,,,,,,0.0,,,,,,1.41,,,,,,,,,,0.02,,,,,,,,,,,,0.0,,,,,,0.033,,,,,,,,,,,,83.1,,0.03,,,,,
apple,1808,1105593,"APPLES, GRANNY SMITH",2020-10-30,,,,,,,0.22,,,,,,,,5.0,,,,,,,,,,,,,,0.029,,,,,,,,,,,,,,,,,,,,2.2,0.0,,,,,,,,,,,,,,0.0,,,,,,,,,,,,,,,,,,,,,,,,,,4.9,,,0.035,,,0.11,0.04,,,,,,,,,,,,,,,,,,,,,,,,,,,,,,9.0,,,,106.0,,,,,,,,0.07,,,,,,,,,,,,,,,,,,,,,,,0.0,,,,,,,,,,,,,,,,0.02,,,,,,,,,,,,0.3,,,,,,0.024,,,,,,,,,,,,86.2,,0.0,,,,,
apple,1809,1105607,"APPLES, GRANNY SMITH",2020-10-30,,,,,,,0.95,,,,,,,,6.0,,,,,,,,,,,,,,0.034,,,,,,,,,,,,,,,,,,,,2.3,0.0,,,,,,,,,,,,,,0.0,,,,,,,,,,,,,,,,,,,,,,,,,,4.5,,,0.035,,,0.09,0.03,,,,,,,,,,,,,,,,,,,,,,,,,,,,,,11.0,,,,103.0,,,,,,,,0.07,,,,,,,,,,,,,,,,,,,,,,,0.0,,,,,,,,,,,,,,,,0.01,,,,,,,,,,,,0.1,,,,,,0.023,,,,,,,,,,,,86.4,,0.0,,,,,
apple,1810,1105621,"APPLES, GRANNY SMITH",2020-10-30,,,,,,,0.49,,,,,,,,5.0,,,,,,,,,,,,,,0.045,,,,,,,,,,,,,,,,,,,,2.3,0.0,,,,,,,,,,,,,,0.0,,,,,,,,,,,,,,,,,,,,,,,,,,5.7,,,0.036,,,0.12,0.05,,,,,,,,,,,,,,,,,,,,,,,,,,,,,,11.0,,,,136.0,,,,,,,,0.07,,,,,,,,,,,,,,,,,,,,,,,0.0,,,,,,,,,,,,,,,,0.02,,,,,,,,,,,,0.2,,,,,,0.029,,,,,,,,,,,,86.0,,0.03,,,,,
apple,1811,1105635,"APPLES, GRANNY SMITH",2020-10-30,,,,,,,0.33,,,,,,,,4.0,,,,,,,,,,,,,,0.045,,,,,,,,,,,,,,,,,,,,2.5,0.0,5.6,,,,2.12,,,,,,,,,0.11,,0.0,,,,,,,,,,,,,,,,,,,,,,,,5.8,,0.0,0.043,,,0.12,0.05,,,,,,,,,,,,,,,,,,,,,,,,,,,,,,14.0,,,,146.0,,,,,,,,0.07,,,,,,,,,,,,,,,,,,,,,,,0.0,,,,,,1.49,,,,,,,,,,0.02,,,,,,,,,,,,0.0,,,,,,0.029,,,,,,,,,,,,85.7,,0.04,,,,,
apple,1812,1105650,"APPLES, GRANNY SMITH",2020-10-30,,,,,,,0.16,,,,,,,,5.0,,,,,,,,,,,,,,0.029,,,,,,,,,,,,,,,,,,,,2.9,0.0,,,,,,,,,,,,,,0.1,,,,,,,,,,,,,,,,,,,,,,,,,,5.2,,,0.038,,,0.12,0.05,,,,,,,,,,,,,,,,,,,,,,,,,,,,,,10.0,,,,126.0,,,,,,,,0.08,,,,,,,,,,,,,,,,,,,,,,,0.0,,,,,,,,,,,,,,,,0.02,,,,,,,,,,,,0.1,,,,,,0.028,,,,,,,,,,,,83.6,,0.03,,,,,
apple,1813,1105665,"APPLES, GALA",2020-10-30,,,,,,,1.26,,,,,,,,6.0,,,,,,,,,,,,,,0.03,,,,,,,,,,,,,,,,,,,,2.7,0.0,,,,,,,,,,,,,,0.1,,,,,,,,,,,,,,,,,,,,,,,,,,4.5,,,0.023,,,0.09,0.0,,,,,,,,,,,,,,,,,,,,,,,,,,,,,,11.0,,,,126.0,,,,,,,,0.07,,,,,,,,,,,,,,,,,,,,,,,0.0,,,,,,,,,,,,,,,,0.01,,,,,,,,,,,,0.2,,,,,,0.026,,,,,,,,,,,,83.9,,0.02,,,,,
apple,1814,1105679,"APPLES, GALA",2020-10-30,,,,,,,0.18,,,,,,,,7.0,,,,,,,,,,,,,,0.028,,,,,,,,,,,,,,,,,,,,2.0,0.0,8.11,,,,1.8,,,,,,,,,0.0,,0.0,,,,,,,,,,,,,,,,,,,,,,,,5.0,,0.0,0.051,,,0.1,0.03,,,,,,,,,,,,,,,,,,,,,,,,,,,,,,8.0,,,,101.0,,,,,,,,0.07,,,,,,,,,,,,,,,,,,,,,,,0.0,,,,,,1.72,,,,,,,,,,0.01,,,,,,,,,,,,0.0,,,,,,0.036,,,,,,,,,,,,84.6,,0.03,,,,,
apple,1815,1105694,"APPLES, GALA",2020-10-30,,,,,,,0.18,,,,,,,,6.0,,,,,,,,,,,,,,0.038,,,,,,,,,,,,,,,,,,,,2.1,0.0,,,,,,,,,,,,,,0.0,,,,,,,,,,,,,,,,,,,,,,,,,,5.7,,,0.028,,,0.1,0.03,,,,,,,,,,,,,,,,,,,,,,,,,,,,,,9.0,,,,124.0,,,,,,,,0.07,,,,,,,,,,,,,,,,,,,,,,,0.0,,,,,,,,,,,,,,,,0.01,,,,,,,,,,,,0.1,,,,,,0.033,,,,,,,,,,,,84.1,,0.0,,,,,
apple,1816,1105708,"APPLES, GALA",2020-10-30,,,,,,,0.25,,,,,,,,5.0,,,,,,,,,,,,,,0.039,,,,,,,,,,,,,,,,,,,,1.8,0.0,,,,,,,,,,,,,,0.12,,,,,,,,,,,,,,,,,,,,,,,,,,5.6,,,0.039,,,0.1,0.03,,,,,,,,,,,,,,,,,,,,,,,,,,,,,,8.0,,,,107.0,,,,,,,,0.08,,,,,,,,,,,,,,,,,,,,,,,2.0,,,,,,,,,,,,,,,,0.01,,,,,,,,,,,,0.2,,,,,,0.038,,,,,,,,,,,,85.0,,0.0,,,,,
apple,1817,1105722,"APPLES, GALA",2020-10-30,,,,,,,0.41,,,,,,,,7.0,,,,,,,,,,,,,,0.029,,,,,,,,,,,,,,,,,,,,2.4,0.0,,,,,,,,,,,,,,0.0,,,,,,,,,,,,,,,,,,,,,,,,,,4.5,,,0.022,,,0.08,0.0,,,,,,,,,,,,,,,,,,,,,,,,,,,,,,10.0,,,,111.0,,,,,,,,0.07,,,,,,,,,,,,,,,,,,,,,,,0.0,,,,,,,,,,,,,,,,0.01,,,,,,,,,,,,0.2,,,,,,0.019,,,,,,,,,,,,85.0,,0.03,,,,,
apple,1818,1105737,"APPLES, GALA",2020-10-30,,,,,,,0.0,,,,,,,,9.0,,,,,,,,,,,,,,0.031,,,,,,,,,,,,,,,,,,,,1.9,0.0,7.42,,,,1.79,,,,,,,,,0.0,,0.0,,,,,,,,,,,,,,,,,,,,,,,,4.2,,0.0,0.058,,,0.07,0.02,,,,,,,,,,,,,,,,,,,,,,,,,,,,,,8.0,,,,85.0,,,,,,,,0.06,,,,,,,,,,,,,,,,,,,,,,,0.0,,,,,,1.71,,,,,,,,,,0.01,,,,,,,,,,,,0.2,,,,,,0.029,,,,,,,,,,,,85.6,,0.04,,,,,
apple,1819,1105753,"APPLES, GALA",2020-10-30,,,,,,,0.11,,,,,,,,5.0,,,,,,,,,,,,,,0.046,,,,,,,,,,,,,,,,,,,,1.8,0.0,,,,,,,,,,,,,,0.15,,,,,,,,,,,,,,,,,,,,,,,,,,5.2,,,0.044,,,0.08,0.03,,,,,,,,,,,,,,,,,,,,,,,,,,,,,,7.0,,,,98.0,,,,,,,,0.07,,,,,,,,,,,,,,,,,,,,,,,0.0,,,,,,,,,,,,,,,,0.02,,,,,,,,,,,,0.1,,,,,,0.035,,,,,,,,,,,,84.3,,0.03,,,,,
apple,1820,1105767,"APPLES, GALA",2020-10-30,,,,,,,0.0,,,,,,,,8.0,,,,,,,,,,,,,,0.032,,,,,,,,,,,,,,,,,,,,2.1,0.0,,,,,,,,,,,,,,0.1,,,,,,,,,,,,,,,,,,,,,,,,,,4.8,,,0.056,,,0.1,0.03,,,,,,,,,,,,,,,,,,,,,,,,,,,,,,8.0,,,,95.0,,,,,,,,0.06,,,,,,,,,,,,,,,,,,,,,,,0.0,,,,,,,,,,,,,,,,0.01,,,,,,,,,,,,0.2,,,,,,0.038,,,,,,,,,,,,84.6,,0.04,,,,,
apple,1821,1105782,"APPLES, FUJI",2020-10-30,,,,,,,0.18,,,,,,,,7.0,,,,,,,,,,,,,,0.052,,,,,,,,,,,,,,,,,,,,2.1,0.0,8.93,,,,2.87,,,,,,,,,0.0,,0.0,,,,,,,,,,,,,,,,,,,,,,,,5.2,,0.0,0.034,,,0.12,0.04,,,,,,,,,,,,,,,,,,,,,,,,,,,,,,10.0,,,,101.0,,,,,,,,0.06,,,,,,,,,,,,,,,,,,,,,,,0.0,,,,,,1.84,,,,,,,,,,0.01,,,,,,,,,,,,0.1,,,,,,0.045,,,,,,,,,,,,82.0,,0.02,,,,,
apple,1822,1105797,"APPLES, FUJI",2020-10-30,,,,,,,0.16,,,,,,,,6.0,,,,,,,,,,,,,,0.024,,,,,,,,,,,,,,,,,,,,2.1,0.0,,,,,,,,,,,,,,0.0,,,,,,,,,,,,,,,,,,,,,,,,,,4.1,,,0.038,,,0.08,0.02,,,,,,,,,,,,,,,,,,,,,,,,,,,,,,9.0,,,,101.0,,,,,,,,0.07,,,,,,,,,,,,,,,,,,,,,,,0.0,,,,,,,,,,,,,,,,0.0,,,,,,,,,,,,0.2,,,,,,0.034,,,,,,,,,,,,83.8,,0.03,,,,,
apple,1823,1105811,"APPLES, FUJI",2020-10-30,,,,,,,0.75,,,,,,,,6.0,,,,,,,,,,,,,,0.046,,,,,,,,,,,,,,,,,,,,1.9,0.0,,,,,,,,,,,,,,0.0,,,,,,,,,,,,,,,,,,,,,,,,,,4.6,,,0.036,,,0.08,0.03,,,,,,,,,,,,,,,,,,,,,,,,,,,,,,10.0,,,,96.0,,,,,,,,0.07,,,,,,,,,,,,,,,,,,,,,,,0.0,,,,,,,,,,,,,,,,0.01,,,,,,,,,,,,0.1,,,,,,0.036,,,,,,,,,,,,84.0,,0.02,,,,,
apple,1824,1105825,"APPLES, FUJI",2020-10-30,,,,,,,0.33,,,,,,,,5.0,,,,,,,,,,,,,,0.025,,,,,,,,,,,,,,,,,,,,2.3,0.0,,,,,,,,,,,,,,0.0,,,,,,,,,,,,,,,,,,,,,,,,,,3.9,,,0.021,,,0.08,0.0,,,,,,,,,,,,,,,,,,,,,,,,,,,,,,12.0,,,,119.0,,,,,,,,0.06,,,,,,,,,,,,,,,,,,,,,,,0.0,,,,,,,,,,,,,,,,0.0,,,,,,,,,,,,0.0,,,,,,0.026,,,,,,,,,,,,83.2,,0.0,,,,,
apple,1825,1105839,"APPLES, FUJI",2020-10-30,,,,,,,1.49,,,,,,,,7.0,,,,,,,,,,,,,,0.033,,,,,,,,,,,,,,,,,,,,2.0,0.0,,,,,,,,,,,,,,0.0,,,,,,,,,,,,,,,,,,,,,,,,,,5.3,,,0.042,,,0.11,0.04,,,,,,,,,,,,,,,,,,,,,,,,,,,,,,8.0,,,,107.0,,,,,,,,0.07,,,,,,,,,,,,,,,,,,,,,,,0.0,,,,,,,,,,,,,,,,0.01,,,,,,,,,,,,0.2,,,,,,0.044,,,,,,,,,,,,83.8,,0.0,,,,,
apple,1826,1105853,"APPLES, FUJI",2020-10-30,,,,,,,0.0,,,,,,,,6.0,,,,,,,,,,,,,,0.022,,,,,,,,,,,,,,,,,,,,2.0,0.0,7.87,,,,2.35,,,,,,,,,0.0,,0.0,,,,,,,,,,,,,,,,,,,,,,,,4.3,,0.0,0.032,,,0.08,0.02,,,,,,,,,,,,,,,,,,,,,,,,,,,,,,6.0,,,,79.0,,,,,,,,0.07,,,,,,,,,,,,,,,,,,,,,,,0.0,,,,,,1.34,,,,,,,,,,0.01,,,,,,,,,,,,0.3,,,,,,0.027,,,,,,,,,,,,84.7,,0.03,,,,,
apple,1827,1105868,"APPLES, FUJI",2020-10-30,,,,,,,0.22,,,,,,,,6.0,,,,,,,,,,,,,,0.031,,,,,,,,,,,,,,,,,,,,2.2,0.0,,,,,,,,,,,,,,0.12,,,,,,,,,,,,,,,,,,,,,,,,,,5.6,,,0.032,,,0.09,0.02,,,,,,,,,,,,,,,,,,,,,,,,,,,,,,13.0,,,,116.0,,,,,,,,0.08,,,,,,,,,,,,,,,,,,,,,,,8.0,,,,,,,,,,,,,,,,0.01,,,,,,,,,,,,0.2,,,,,,0.03,,,,,,,,,,,,83.7,,0.0,,,,,
apple,1828,1105882,"APPLES, FUJI",2020-10-30,,,,,,,0.3,,,,,,,,6.0,,,,,,,,,,,,,,0.03,,,,,,,,,,,,,,,,,,,,2.0,0.0,,,,,,,,,,,,,,0.0,,,,,,,,,,,,,,,,,,,,,,,,,,4.4,,,0.026,,,0.09,0.02,,,,,,,,,,,,,,,,,,,,,,,,,,,,,,9.0,,,,111.0,,,,,,,,0.06,,,,,,,,,,,,,,,,,,,,,,,0.0,,,,,,,,,,,,,,,,0.0,,,,,,,,,,,,0.2,,,,,,0.042,,,,,,,,,,,,83.8,,0.02,,,,,
banana,1695,790647,"BANANAS, OVERRIPE",2020-04-01,,,,,,,0.62,,,,,,0.0,,,,,1.0,2.0,,,,,,,,,,,0.0,0.0,,,,,,,,,,,,,,,,,,,21.0,,,,,,,,,,,,,,,,,,,,,,,,,,,,,,,,,,,,,,,,,,,,,,0.62,0.11,,,,,,,,,,,,,,,,,,,,,,,,,,,,,,,,,,,,,,,,,,0.0,,,,,,,,,,,,,,,,,,,,,,,,,,,,,,,,,,,,,,,0.035,,,,,,,,,,,,0.3,,,,,,0.22,9.6,,,,,,,,0.0,0.0,0.1,77.0,,,0.0,0.0,0.0,0.0,2.0
banana,1696,790662,"BANANAS, OVERRIPE",2020-04-01,,,,,,,0.62,,,,,,0.0,,,,,10.0,8.0,,,,,,,,,252.0,,0.0,0.0,,,,,,,,,,,,,,,,,,1.8,25.0,,,,,,,,,,,,,,,,,,,,,,,,,,,,,,,,,,,,,,,,,258.0,,,,,0.49,0.12,,,,,,,,,,,,,,,,,,,,,,,,,,,,,,,,,,,,,,,,,,0.0,,,,,,,,,,,,,,,,,,,,,,,,,,,,,,,,,,,,,,,0.037,,,,,,,,,,1.88,,0.38,,,,,,0.249,8.3,,,,,,,,0.0,0.0,0.1,80.6,,,0.0,0.0,1.0,0.0,7.0
banana,1697,790680,"BANANAS, OVERRIPE",2020-04-01,,,,,,,0.78,,,,,,0.0,,,,,7.0,7.0,,,,,,,,,,,0.0,0.0,,,,,,,,,,,,,,,,,,,28.0,,,,,,,,,,,,,,,,,,,,,,,,,,,,,,,,,,,,,,,,,,,,,,0.53,0.1,,,,,,,,,,,,,,,,,,,,,,,,,,,,,,,,,,,,,,,,,,0.0,,,,,,,,,,,,,,,,,,,,,,,,,,,,,,,,,,,,,,,0.039,,,,,,,,,,,,0.1,,,,,,0.232,9.1,,,,,,,,0.0,0.0,0.1,79.1,,,0.0,0.0,1.0,0.0,6.0
banana,1698,790695,"BANANAS, OVERRIPE",2020-04-01,,,,,,,0.63,,,,,,0.0,,,,,11.0,13.0,,,,,,,,,250.0,,0.0,0.0,,,,,,,,,,,,,,,,,,1.8,,,,,,,,,,,,,,,,,,,,,,,,,,,,,,,,,,,,,,,,,,286.0,,,,,0.6,0.11,,,,,,,,,,,,,,,,,,,,,,,,,,,,,,,,,,,,,,,,,,0.0,,,,,,,,,,,,,,,,,,,,,,,,,,,,,,,,,,,,,,,0.038,,,,,,,,,,1.8,,0.11,,,,,,0.235,,,,,,,,,0.0,0.0,0.1,78.9,,,0.0,0.0,2.0,0.0,11.0
banana,1699,790711,"BANANAS, OVERRIPE",2020-04-01,,,,,,,0.74,,,,,,0.0,,,,,8.0,9.0,,,,,,,,,333.0,,0.0,0.0,,,,,,,,,,,,,,,,,,1.6,,,,,,,,,,,,,,,,,,,,,,,,,,,,,,,,,,,,,,,,,,312.0,,,,,0.65,0.15,,,,,,,,,,,,,,,,,,,,,,,,,,,,,,,,,,,,,,,,,,0.0,,,,,,,,,,,,,,,,,,,,,,,,,,,,,,,,,,,,,,,0.056,,,,,,,,,,1.96,,0.11,,,,,,0.244,10.9,,,,,,,,0.0,0.0,0.1,78.2,,,0.0,0.0,1.0,0.0,8.0
banana,1700,790728,"BANANAS, OVERRIPE",2020-04-01,,,,,,,0.64,,,,,,0.0,,,,,13.0,20.0,,,,,,,,,280.0,,0.0,0.0,,,,,,,,,,,,,,,,,,2.3,,,,,,,,,,,,,,,,,,,,,,,,,,,,,,,,,,,,,,,,,,305.0,,,,,0.53,0.11,,,,,,,,,,,,,,,,,,,,,,,,,,,,,,,,,,,,,,,,,,0.0,,,,,,,,,,,,,,,,,,,,,,,,,,,,,,,,,,,,,,,0.036,,,,,,,,,,2.44,,0.34,,,,,,0.221,12.0,,,,,,,,0.0,0.0,0.4,75.9,,,0.0,0.0,3.0,0.0,17.0
banana,1701,790745,"BANANAS, OVERRIPE, MEDIUM SIZE",2020-04-01,,,,,,,,,,,,,,,,,,,,,,,,,,,,,,,,,,,,,,,,,,,,,,,,,1.1,,,,,,,,,,,,,,,,,,,,,,,,,,,,,,,,,,,,,,,,,,,,,,,,,,,,,,,,,,,,,,,,,,,,,,,,,,,,,,,,,,,,,,,,,,,,,,,,,,,,,,,,,,,,,,,,,,,,,,,,,,,,,,,,,,,,,,,,,,,,,,,,,,,,8.3,,,,,,,,,,,,,,,,,,
banana,1708,790755,"BANANAS, SLIGHTLY RIPE, MEDIUM SIZE",2020-04-01,,,,,,,,,,,,,,,,,,,,,,,,,,,,,,,,,,,,,,,,,,,,,,,,,1.2,,,,,,,,,,,,,,,,,,,,,,,,,,,,,,,,,,,,,,,,,,,,,,,,,,,,,,,,,,,,,,,,,,,,,,,,,,,,,,,,,,,,,,,,,,,,,,,,,,,,,,,,,,,,,,,,,,,,,,,,,,,,,,,,,,,,,,,,,,,,,,,,,,,,10.3,,,,,,,,,,,,,,,,,,
banana,1710,790760,"BANANAS, RIPE, MEDIUM SIZE",2020-04-01,,,,,,,,,,,,,,,,,,,,,,,,,,,,,,,,,,,,,,,,,,,,,,,,,1.1,,,,,,,,,,,,,,,,,,,,,,,,,,,,,,,,,,,,,,,,,,,,,,,,,,,,,,,,,,,,,,,,,,,,,,,,,,,,,,,,,,,,,,,,,,,,,,,,,,,,,,,,,,,,,,,,,,,,,,,,,,,,,,,,,,,,,,,,,,,,,,,,,,,,,,,,,,,,,,,,,,,,,,
banana,1712,790763,"BANANAS, RIPE, MEDIUM SIZE",2020-04-01,,,,,,,,,,,,,,,,,,,,,,,,,,,,,,,,,,,,,,,,,,,,,,,,,,,,,,,,,,,,,,,,,,,,,,,,,,,,,,,,,,,,,,,,,,,,,,,,,,,,,,,,,,,,,,,,,,,,,,,,,,,,,,,,,,,,,,,,,,,,,,,,,,,,,,,,,,,,,,,,,,,,,,,,,,,,,,,,,,,,,,,,,,,,,,,,,,,,,9.2,,,,,,,,,,,,,,,,,,
banana,1720,790775,"BANANAS, RIPE",2020-04-01,,,,,,,0.65,,,,,,0.0,,6.0,,,9.0,12.0,,,,,,,,,302.0,0.086,0.0,0.0,,,,,,,,,,,,,,,,,,2.2,16.0,,,,,,,,,,,,,0.0,0.0,,,,,,,,,,,,,,,,,,,,,,,,,,27.5,317.0,,0.333,,,0.68,0.12,,,,,,,,,,,,,,,,,,,,,,,,,,,,,,23.0,,,,307.0,,,,,,,,0.0,,,,,,,,,,,,,,,,,,,,,0.0,,0.0,,,,,,,,,,,,,,,,0.05,,,,,,,,,,3.62,,0.62,,,,,,0.215,,,,,,,,,0.0,0.0,0.1,74.8,,0.16,0.0,0.0,2.0,0.0,10.0
banana,1721,790795,"BANANAS, RIPE",2020-04-01,,,,,,,0.7,,,,,,0.0,,4.0,,,17.0,31.0,,,,,,,,,366.0,0.099,0.0,0.0,,,,,,,,,,,,,,,,,,1.8,16.0,,,,,,,,,,,,,0.0,0.0,,,,,,,,,,,,,,,,,,,,,,,,,,31.9,331.0,,0.47,,,0.78,0.11,,,,,,,,,,,,,,,,,,,,,,,,,,,,,,24.0,,,,355.0,,,,,,,,0.0,,,,,,,,,,,,,,,,,,,,,0.0,,0.0,,,,,,,,,,,,,,,,0.044,,,,,,,,,,5.12,,0.44,,,,,,0.206,15.1,,,,,,,,0.0,0.0,0.3,72.2,,0.17,0.0,0.0,4.0,0.0,27.0
banana,1722,790816,"BANANAS, RIPE",2020-04-01,,,,,,,0.65,,,,,,0.0,,4.0,,,5.0,7.0,,,,,,,,,,0.096,0.0,0.0,,,,,,,,,,,,,,,,,,1.8,14.0,,,,,,,,,,,,,0.0,0.0,,,,,,,,,,,,,,,,,,,,,,,,,,27.2,,,0.093,,,0.64,0.13,,,,,,,,,,,,,,,,,,,,,,,,,,,,,,21.0,,,,326.0,,,,,,,,0.0,,,,,,,,,,,,,,,,,,,,,0.0,,0.0,,,,,,,,,,,,,,,,0.052,,,,,,,,,,4.02,,0.1,,,,,,0.192,13.4,,,,,,,,0.0,0.0,0.2,76.0,,0.15,0.0,0.0,1.0,0.0,6.0
banana,1723,790836,"BANANAS, SLIGHTLY RIPE",2020-04-01,,,,,,,0.69,,,,,,0.0,,,,,4.0,4.0,,,,,,,,,320.0,,0.0,0.0,,,,,,,,,,,,,,,,,,1.7,12.0,,,,,,,,,,,,,,,,,,,,,,,,,,,,,,,,,,,,,,,,,352.0,,,,,0.66,0.11,,,,,,,,,,,,,,,,,,,,,,,,,,,,,,,,,,,,,,,,,,0.0,,,,,,,,,,,,,,,,,,,,,,,,,,,,,,,,,,,,,,,0.068,,,,,,,,,,4.31,,0.14,,,,,,0.194,,,,,,,,,0.0,0.0,0.1,75.2,,,0.0,0.0,0.0,0.0,4.0
banana,1724,790853,"BANANAS, SLIGHTLY RIPE",2020-04-01,,,,,,,0.71,,,,,,0.0,,,,,5.0,5.0,,,,,,,,,,,0.0,0.0,,,,,,,,,,,,,,,,,,,,,,,,,,,,,,,,,,,,,,,,,,,,,,,,,,,,,,,,,,,,,,,,,0.59,0.12,,,,,,,,,,,,,,,,,,,,,,,,,,,,,,,,,,,,,,,,,,0.0,,,,,,,,,,,,,,,,,,,,,,,,,,,,,,,,,,,,,,,0.055,,,,,,,,,,,,0.71,,,,,,0.229,13.1,,,,,,,,0.0,0.0,0.1,75.6,,,0.0,0.0,1.0,0.0,4.0
banana,1725,790867,"BANANAS, RIPE",2020-04-01,,,,,,,0.67,,,,,,0.0,,4.0,,,4.0,4.0,,,,,,,,,,0.128,0.0,0.0,,,,,,,,,,,,,,,,,,2.1,,,,,,,,,,,,,,0.0,0.0,,,,,,,,,,,,,,,,,,,,,,,,,,26.9,,,0.345,,,0.66,0.12,,,,,,,,,,,,,,,,,,,,,,,,,,,,,,20.0,,,,340.0,,,,,,,,0.0,,,,,,,,,,,,,,,,,,,,,0.0,,0.0,,,,,,,,,,,,,,,,0.059,,,,,,,,,,3.03,,0.15,,,,,,0.208,9.5,,,,,,,,0.0,0.0,0.1,76.4,,0.19,0.0,0.0,1.0,0.0,3.0
banana,1726,790887,"BANANAS, SLIGHTLY RIPE",2020-04-01,,,,,,,0.76,,,,,,0.0,,,,,4.0,5.0,,,,,,,,,,,0.0,0.0,,,,,,,,,,,,,,,,,,,,,,,,,,,,,,,,,,,,,,,,,,,,,,,,,,,,,,,,,,,,,,,,,0.67,0.12,,,,,,,,,,,,,,,,,,,,,,,,,,,,,,,,,,,,,,,,,,0.0,,,,,,,,,,,,,,,,,,,,,,,,,,,,,,,,,,,,,,,0.057,,,,,,,,,,,,0.11,,,,,,0.201,12.6,,,,,,,,0.0,0.0,0.1,75.0,,,0.0,0.0,1.0,0.0,4.0
banana,1727,790901,"BANANAS, SLIGHTLY RIPE",2020-04-01,,,,,,,0.75,,,,,,0.0,,,,,4.0,5.0,,,,,,,,,372.0,,0.0,0.0,,,,,,,,,,,,,,,,,,1.9,13.0,,,,,,,,,,,,,,,,,,,,,,,,,,,,,,,,,,,,,,,,,397.0,,,,,0.67,0.11,,,,,,,,,,,,,,,,,,,,,,,,,,,,,,,,,,,,,,,,,,0.0,,,,,,,,,,,,,,,,,,,,,,,,,,,,,,,,,,,,,,,0.06,,,,,,,,,,6.32,,0.1,,,,,,0.199,14.1,,,,,,,,0.0,0.0,0.1,75.0,,,0.0,0.0,0.0,0.0,4.0
banana,1728,790919,"BANANAS, SLIGHTLY RIPE",2020-04-01,,,,,,,0.81,,,,,,0.0,,,,,17.0,13.0,,,,,,,,,377.0,,0.0,0.0,,,,,,,,,,,,,,,,,,1.7,12.0,,,,,,,,,,,,,,,,,,,,,,,,,,,,,,,,,,,,,,,,,429.0,,,,,0.63,0.13,,,,,,,,,,,,,,,,,,,,,,,,,,,,,,,,,,,,,,,,,,0.0,,,,,,,,,,,,,,,,,,,,,,,,,,,,,,,,,,,,,,,0.061,,,,,,,,,,4.94,,0.43,,,,,,0.214,12.2,,,,,,,,0.0,0.0,0.0,75.3,,,0.0,0.0,1.0,0.0,12.0
banana,1729,790937,"BANANAS, RIPE",2020-04-01,,,,,,,0.65,,,,,,0.0,,5.0,,,5.0,5.0,,,,,,,,,314.0,0.083,0.0,0.0,,,,,,,,,,,,,,,,,,,,,,,,,,,,,,,,0.0,0.0,,,,,,,,,,,,,,,,,,,,,,,,,,27.5,327.0,,0.114,,,0.65,0.11,,,,,,,,,,,,,,,,,,,,,,,,,,,,,,21.0,,,,325.0,,,,,,,,0.0,,,,,,,,,,,,,,,,,,,,,0.0,,0.0,,,,,,,,,,,,,,,,0.046,,,,,,,,,,,,0.0,,,,,,0.22,11.5,,,,,,,,0.0,0.0,0.1,76.3,,0.15,0.0,0.0,1.0,0.0,4.0
banana,1730,790955,"BANANAS, SLIGHTLY RIPE",2020-04-01,,,,,,,0.73,,,,,,0.0,,,,,6.0,6.0,,,,,,,,,366.0,,0.0,0.0,,,,,,,,,,,,,,,,,,1.7,,,,,,,,,,,,,,,,,,,,,,,,,,,,,,,,,,,,,,,,,,404.0,,,,,0.64,0.12,,,,,,,,,,,,,,,,,,,,,,,,,,,,,,,,,,,,,,,,,,0.0,,,,,,,,,,,,,,,,,,,,,,,,,,,,,,,,,,,,,,,0.057,,,,,,,,,,5.56,,0.72,,,,,,0.226,12.6,,,,,,,,0.0,0.0,0.1,77.0,,,0.0,0.0,1.0,0.0,4.0
banana,1731,790973,"BANANAS, RIPE",2020-04-01,,,,,,,0.65,,,,,,0.0,,5.0,,,3.0,5.0,,,,,,,,,311.0,0.115,0.0,0.0,,,,,,,,,,,,,,,,,,,,,,,,,,,,,,,,0.0,0.0,,,,,,,,,,,,,,,,,,,,,,,,,,27.2,397.0,,0.19,,,0.67,0.13,,,,,,,,,,,,,,,,,,,,,,,,,,,,,,23.0,,,,300.0,,,,,,,,0.0,,,,,,,,,,,,,,,,,,,,,0.0,,0.0,,,,,,,,,,,,,,,,0.064,,,,,,,,,,,,0.0,,,,,,0.203,14.6,,,,,,,,0.0,0.0,0.1,74.4,,0.16,0.0,0.0,1.0,0.0,4.0
banana,1771,1104963,"BANANAS, OVERRIPE",2020-10-30,,,,,,,0.63,,,,,,0.0,,,,,11.0,13.0,,,,,,,,,250.0,,0.0,0.0,,,,,,,,,,,,,,,,,,1.8,,7.1,0.0,,,7.34,,,,,,,,,,,0.0,,,,,,,,,,,,,,,,,,,,,,,,,286.0,0.0,,,,0.6,0.11,,,,,,,,,,,,,,,,,,,,,,,,,,,,,,,,,,,,,,,,,,0.0,,,,,,,,,,,,,,,,,,,,,,,,,,0.32,,,1.9,,,,,,,,,,0.038,,,,,,,,,,1.8,,0.11,,,,,,0.235,,,,,,,,,0.0,0.0,0.1,78.9,,,0.0,0.0,2.0,0.0,11.0
banana,1772,1104981,"BANANAS, OVERRIPE",2020-10-30,,,,,,,0.78,,,,,,0.0,,,,,7.0,7.0,,,,,,,,,,,0.0,0.0,,,,,,,,,,,,,,,,,,,28.0,7.15,0.0,,,7.31,,,,,,,,,,,0.0,,,,,,,,,,,,,,,,,,,,,,,,,,0.0,,,,0.53,0.1,,,,,,,,,,,,,,,,,,,,,,,,,,,,,,,,,,,,,,,,,,0.0,,,,,,,,,,,,,,,,,,,,,,,,,,0.3,,,0.94,,,,,,,,,,0.039,,,,,,,,,,,,0.1,,,,,,0.232,9.1,,,,,,,,0.0,0.0,0.1,79.1,,,0.0,0.0,1.0,0.0,6.0
banana,1773,1104998,"BANANAS, OVERRIPE",2020-10-30,,,,,,,0.62,,,,,,0.0,,,,,1.0,2.0,,,,,,,,,,,0.0,0.0,,,,,,,,,,,,,,,,,,,21.0,5.87,0.0,,,6.26,,,,,,,,,,,0.0,,,,,,,,,,,,,,,,,,,,,,,,,,0.0,,,,0.62,0.11,,,,,,,,,,,,,,,,,,,,,,,,,,,,,,,,,,,,,,,,,,0.0,,,,,,,,,,,,,,,,,,,,,,,,,,0.86,,,4.31,,,,,,,,,,0.035,,,,,,,,,,,,0.3,,,,,,0.22,9.6,,,,,,,,0.0,0.0,0.1,77.0,,,0.0,0.0,0.0,0.0,2.0
banana,1774,1105015,"BANANAS, OVERRIPE",2020-10-30,,,,,,,0.64,,,,,,0.0,,,,,13.0,20.0,,,,,,,,,280.0,,0.0,0.0,,,,,,,,,,,,,,,,,,2.3,,7.38,0.0,,,7.84,,,,,,,,,,,0.0,,,,,,,,,,,,,,,,,,,,,,,,,305.0,0.0,,,,0.53,0.11,,,,,,,,,,,,,,,,,,,,,,,,,,,,,,,,,,,,,,,,,,0.0,,,,,,,,,,,,,,,,,,,,,,,,,,0.46,,,1.81,,,,,,,,,,0.036,,,,,,,,,,2.44,,0.34,,,,,,0.221,12.0,,,,,,,,0.0,0.0,0.4,75.9,,,0.0,0.0,3.0,0.0,17.0
banana,1775,1105034,"BANANAS, OVERRIPE",2020-10-30,,,,,,,0.74,,,,,,0.0,,,,,8.0,9.0,,,,,,,,,333.0,,0.0,0.0,,,,,,,,,,,,,,,,,,1.6,,6.94,0.0,,,7.12,,,,,,,,,,,0.0,,,,,,,,,,,,,,,,,,,,,,,,,312.0,0.0,,,,0.65,0.15,,,,,,,,,,,,,,,,,,,,,,,,,,,,,,,,,,,,,,,,,,0.0,,,,,,,,,,,,,,,,,,,,,,,,,,0.52,,,2.13,,,,,,,,,,0.056,,,,,,,,,,1.96,,0.11,,,,,,0.244,10.9,,,,,,,,0.0,0.0,0.1,78.2,,,0.0,0.0,1.0,0.0,8.0
banana,1776,1105053,"BANANAS, OVERRIPE",2020-10-30,,,,,,,0.62,,,,,,0.0,,,,,10.0,8.0,,,,,,,,,252.0,,0.0,0.0,,,,,,,,,,,,,,,,,,1.8,25.0,5.73,0.0,,,6.12,,,,,,,,,,,0.0,,,,,,,,,,,,,,,,,,,,,,,,,258.0,0.0,,,,0.49,0.12,,,,,,,,,,,,,,,,,,,,,,,,,,,,,,,,,,,,,,,,,,0.0,,,,,,,,,,,,,,,,,,,,,,,,,,0.0,,,1.54,,,,,,,,,,0.037,,,,,,,,,,1.88,,0.38,,,,,,0.249,8.3,,,,,,,,0.0,0.0,0.1,80.6,,,0.0,0.0,1.0,0.0,7.0
banana,1777,1105074,"BANANAS, RIPE",2020-10-30,,,,,,,0.65,,,,,,0.0,,6.0,,,9.0,12.0,,,,,,,,,302.0,0.086,0.0,0.0,,,,,,,,,,,,,,,,,,2.2,16.0,6.22,0.0,,,6.22,,,,,,,,0.0,0.0,,0.0,,,,,,,,,,,,,,,,,,,,,,,,27.5,317.0,0.0,0.333,,,0.68,0.12,,,,,,,,,,,,,,,,,,,,,,,,,,,,,,23.0,,,,307.0,,,,,,,,0.0,,,,,,,,,,,,,,,,,,,,,0.0,,0.0,,,2.03,,,5.67,,,,,,,,,,0.05,,,,,,,,,,3.62,,0.62,,,,,,0.215,,,,,,,,,0.0,0.0,0.1,74.8,,0.16,0.0,0.0,2.0,0.0,10.0
banana,1778,1105096,"BANANAS, SLIGHTLY RIPE",2020-10-30,,,,,,,0.75,,,,,,0.0,,,,,4.0,5.0,,,,,,,,,372.0,,0.0,0.0,,,,,,,,,,,,,,,,,,1.9,13.0,6.15,0.0,,,6.12,,,,,,,,,,,0.0,,,,,,,,,,,,,,,,,,,,,,,,,397.0,0.0,,,,0.67,0.11,,,,,,,,,,,,,,,,,,,,,,,,,,,,,,,,,,,,,,,,,,0.0,,,,,,,,,,,,,,,,,,,,,,,,,,5.18,,,2.51,,,,,,,,,,0.06,,,,,,,,,,6.32,,0.1,,,,,,0.199,14.1,,,,,,,,0.0,0.0,0.1,75.0,,,0.0,0.0,0.0,0.0,4.0
banana,1779,1105116,"BANANAS, SLIGHTLY RIPE",2020-10-30,,,,,,,0.69,,,,,,0.0,,,,,4.0,4.0,,,,,,,,,320.0,,0.0,0.0,,,,,,,,,,,,,,,,,,1.7,12.0,6.72,0.0,,,6.78,,,,,,,,,,,0.0,,,,,,,,,,,,,,,,,,,,,,,,,352.0,0.0,,,,0.66,0.11,,,,,,,,,,,,,,,,,,,,,,,,,,,,,,,,,,,,,,,,,,0.0,,,,,,,,,,,,,,,,,,,,,,,,,,4.2,,,2.84,,,,,,,,,,0.068,,,,,,,,,,4.31,,0.14,,,,,,0.194,,,,,,,,,0.0,0.0,0.1,75.2,,,0.0,0.0,0.0,0.0,4.0
banana,1780,1105135,"BANANAS, RIPE",2020-10-30,,,,,,,0.7,,,,,,0.0,,4.0,,,17.0,31.0,,,,,,,,,366.0,0.099,0.0,0.0,,,,,,,,,,,,,,,,,,1.8,16.0,9.43,0.0,,,9.49,,,,,,,,0.0,0.0,,0.0,,,,,,,,,,,,,,,,,,,,,,,,31.9,331.0,0.0,0.47,,,0.78,0.11,,,,,,,,,,,,,,,,,,,,,,,,,,,,,,24.0,,,,355.0,,,,,,,,0.0,,,,,,,,,,,,,,,,,,,,,0.0,,0.0,,,2.38,,,1.15,,,,,,,,,,0.044,,,,,,,,,,5.12,,0.44,,,,,,0.206,15.1,,,,,,,,0.0,0.0,0.3,72.2,,0.17,0.0,0.0,4.0,0.0,27.0
banana,1781,1105158,"BANANAS, RIPE",2020-10-30,,,,,,,0.67,,,,,,0.0,,4.0,,,4.0,4.0,,,,,,,,,,0.128,0.0,0.0,,,,,,,,,,,,,,,,,,2.1,,6.35,0.0,,,3.38,,,,,,,,0.0,0.0,,0.0,,,,,,,,,,,,,,,,,,,,,,,,26.9,,0.0,0.345,,,0.66,0.12,,,,,,,,,,,,,,,,,,,,,,,,,,,,,,20.0,,,,340.0,,,,,,,,0.0,,,,,,,,,,,,,,,,,,,,,0.0,,0.0,,,1.62,,,4.12,,,,,,,,,,0.059,,,,,,,,,,3.03,,0.15,,,,,,0.208,9.5,,,,,,,,0.0,0.0,0.1,76.4,,0.19,0.0,0.0,1.0,0.0,3.0
banana,1782,1105180,"BANANAS, RIPE",2020-10-30,,,,,,,0.65,,,,,,0.0,,4.0,,,5.0,7.0,,,,,,,,,,0.096,0.0,0.0,,,,,,,,,,,,,,,,,,1.8,14.0,5.85,0.0,,,5.86,,,,,,,,0.0,0.0,,0.0,,,,,,,,,,,,,,,,,,,,,,,,27.2,,0.0,0.093,,,0.64,0.13,,,,,,,,,,,,,,,,,,,,,,,,,,,,,,21.0,,,,326.0,,,,,,,,0.0,,,,,,,,,,,,,,,,,,,,,0.0,,0.0,,,2.91,,,5.28,,,,,,,,,,0.052,,,,,,,,,,4.02,,0.1,,,,,,0.192,13.4,,,,,,,,0.0,0.0,0.2,76.0,,0.15,0.0,0.0,1.0,0.0,6.0
banana,1783,1105202,"BANANAS, RIPE",2020-10-30,,,,,,,0.65,,,,,,0.0,,5.0,,,5.0,5.0,,,,,,,,,314.0,0.083,0.0,0.0,,,,,,,,,,,,,,,,,,,,3.33,0.0,,,0.0,,,,,,,,0.0,0.0,,0.0,,,,,,,,,,,,,,,,,,,,,,,,27.5,327.0,0.0,0.114,,,0.65,0.11,,,,,,,,,,,,,,,,,,,,,,,,,,,,,,21.0,,,,325.0,,,,,,,,0.0,,,,,,,,,,,,,,,,,,,,,0.0,,0.0,,,1.55,,,9.4,,,,,,,,,,0.046,,,,,,,,,,,,0.0,,,,,,0.22,11.5,,,,,,,,0.0,0.0,0.1,76.3,,0.15,0.0,0.0,1.0,0.0,4.0
banana,1784,1105222,"BANANAS, SLIGHTLY RIPE",2020-10-30,,,,,,,0.81,,,,,,0.0,,,,,17.0,13.0,,,,,,,,,377.0,,0.0,0.0,,,,,,,,,,,,,,,,,,1.7,12.0,5.77,0.0,,,5.72,,,,,,,,,,,0.0,,,,,,,,,,,,,,,,,,,,,,,,,429.0,0.0,,,,0.63,0.13,,,,,,,,,,,,,,,,,,,,,,,,,,,,,,,,,,,,,,,,,,0.0,,,,,,,,,,,,,,,,,,,,,,,,,,3.89,,,4.45,,,,,,,,,,0.061,,,,,,,,,,4.94,,0.43,,,,,,0.214,12.2,,,,,,,,0.0,0.0,0.0,75.3,,,0.0,0.0,1.0,0.0,12.0
banana,1785,1105242,"BANANAS, SLIGHTLY RIPE",2020-10-30,,,,,,,0.76,,,,,,0.0,,,,,4.0,5.0,,,,,,,,,,,0.0,0.0,,,,,,,,,,,,,,,,,,,,5.26,0.0,,,5.18,,,,,,,,,,,0.0,,,,,,,,,,,,,,,,,,,,,,,,,,0.0,,,,0.67,0.12,,,,,,,,,,,,,,,,,,,,,,,,,,,,,,,,,,,,,,,,,,0.0,,,,,,,,,,,,,,,,,,,,,,,,,,5.03,,,5.25,,,,,,,,,,0.057,,,,,,,,,,,,0.11,,,,,,0.201,12.6,,,,,,,,0.0,0.0,0.1,75.0,,,0.0,0.0,1.0,0.0,4.0
banana,1786,1105258,"BANANAS, SLIGHTLY RIPE",2020-10-30,,,,,,,0.71,,,,,,0.0,,,,,5.0,5.0,,,,,,,,,,,0.0,0.0,,,,,,,,,,,,,,,,,,,,5.79,0.0,,,5.77,,,,,,,,,,,0.0,,,,,,,,,,,,,,,,,,,,,,,,,,0.0,,,,0.59,0.12,,,,,,,,,,,,,,,,,,,,,,,,,,,,,,,,,,,,,,,,,,0.0,,,,,,,,,,,,,,,,,,,,,,,,,,4.76,,,4.22,,,,,,,,,,0.055,,,,,,,,,,,,0.71,,,,,,0.229,13.1,,,,,,,,0.0,0.0,0.1,75.6,,,0.0,0.0,1.0,0.0,4.0
banana,1787,1105274,"BANANAS, RIPE",2020-10-30,,,,,,,0.65,,,,,,0.0,,5.0,,,3.0,5.0,,,,,,,,,311.0,0.115,0.0,0.0,,,,,,,,,,,,,,,,,,,,5.88,0.0,,,5.87,,,,,,,,0.0,0.0,,0.0,,,,,,,,,,,,,,,,,,,,,,,,27.2,397.0,0.0,0.19,,,0.67,0.13,,,,,,,,,,,,,,,,,,,,,,,,,,,,,,23.0,,,,300.0,,,,,,,,0.0,,,,,,,,,,,,,,,,,,,,,0.0,,0.0,,,5.4,,,3.55,,,,,,,,,,0.064,,,,,,,,,,,,0.0,,,,,,0.203,14.6,,,,,,,,0.0,0.0,0.1,74.4,,0.16,0.0,0.0,1.0,0.0,4.0
banana,1788,1105294,"BANANAS, SLIGHTLY RIPE",2020-10-30,,,,,,,0.73,,,,,,0.0,,,,,6.0,6.0,,,,,,,,,366.0,,0.0,0.0,,,,,,,,,,,,,,,,,,1.7,,6.35,0.0,,,6.25,,,,,,,,,,,0.0,,,,,,,,,,,,,,,,,,,,,,,,,404.0,0.0,,,,0.64,0.12,,,,,,,,,,,,,,,,,,,,,,,,,,,,,,,,,,,,,,,,,,0.0,,,,,,,,,,,,,,,,,,,,,,,,,,5.03,,,1.69,,,,,,,,,,0.057,,,,,,,,,,5.56,,0.72,,,,,,0.226,12.6,,,,,,,,0.0,0.0,0.1,77.0,,,0.0,0.0,1.0,0.0,4.0
tomato,51,320413,"TOMATOES, GRAPE",2019-04-01,,,,,,,,,,,,,,,,,,,,,,,,,,,,,,,,,,,,,,,,,,,,,,,,,,,,,,,,,,,,,,,,,,,,,,,,,,,,,,,,,,,,,,,,,,,,,,,,,,,,,,,,,,,,,,,,,,,,,,,,,,,,,,,,,,,,,,,,,,,,,,,,,,,,,,,,,,,,,,,,,,,,,,,,,,,,,,,,,,,,,,,,,,,,,,,,,,,,,26.0,,,,,,,,,,,92.8,,,,,,,
tomato,52,320418,"TOMATOES, GRAPE",2019-04-01,,,,,,,,,,,,,,,,,,,,,,,,,,,,,,,,,,,,,,,,,,,,,,,,,,,,,,,,,,,,,,,,,,,,,,,,,,,,,,,,,,,,,,,,,,,,,,,,,,,,,,,,,,,,,,,,,,,,,,,,,,,,,,,,,,,,,,,,,,,,,,,,,,,,,,,,,,,,,,,,,,,,,,,,,,,,,,,,,,,,,,,,,,,,,,,,,,,,,29.6,,,,,,,,,,,90.9,,,,,,,
tomato,53,320423,"TOMATOES, GRAPE",2019-04-01,,,,,,,,,,,,,,,,,,,,,,,,,,,,,,,,,,,,,,,,,,,,,,,,,,,,,,,,,,,,,,,,,,,,,,,,,,,,,,,,,,,,,,,,,,,,,,,,,,,,,,,,,,,,,,,,,,,,,,,,,,,,,,,,,,,,,,,,,,,,,,,,,,,,,,,,,,,,,,,,,,,,,,,,,,,,,,,,,,,,,,,,,,,,,,,,,,,,,26.6,,,,,,,,,,,92.4,,,,,,,
tomato,54,320428,"TOMATOES, GRAPE",2019-04-01,,,,,,,,,,,,,,,,,,,,,,,,,,,,,,,,,,,,,,,,,,,,,,,,,,,,,,,,,,,,,,,,,,,,,,,,,,,,,,,,,,,,,,,,,,,,,,,,,,,,,,,,,,,,,,,,,,,,,,,,,,,,,,,,,,,,,,,,,,,,,,,,,,,,,,,,,,,,,,,,,,,,,,,,,,,,,,,,,,,,,,,,,,,,,,,,,,,,,25.6,,,,,,,,,,,92.9,,,,,,,
tomato,55,320433,"TOMATOES, GRAPE",2019-04-01,,,,,,,,,,,,,,,,,,,,,,,,,,,,,,,,,,,,,,,,,,,,,,,,,,,,,,,,,,,,,,,,,,,,,,,,,,,,,,,,,,,,,,,,,,,,,,,,,,,,,,,,,,,,,,,,,,,,,,,,,,,,,,,,,,,,,,,,,,,,,,,,,,,,,,,,,,,,,,,,,,,,,,,,,,,,,,,,,,,,,,,,,,,,,,,,,,,,,29.2,,,,,,,,,,,93.0,,,,,,,
tomato,56,320438,"TOMATOES, GRAPE",2019-04-01,,,,,,,,,,,,,,,,,,,,,,,,,,,,,,,,,,,,,,,,,,,,,,,,,,,,,,,,,,,,,,,,,,,,,,,,,,,,,,,,,,,,,,,,,,,,,,,,,,,,,,,,,,,,,,,,,,,,,,,,,,,,,,,,,,,,,,,,,,,,,,,,,,,,,,,,,,,,,,,,,,,,,,,,,,,,,,,,,,,,,,,,,,,,,,,,,,,,,29.2,,,,,,,,,,,91.6,,,,,,,
tomato,57,320443,"TOMATOES, GRAPE",2019-04-01,,,,,,,0.54,,,,,0.0,,,12.0,,,,,,,8.0,0.0,0.6,1.2,0.0,9.8,,0.085,,,,,,,,,,,,,,,,,,,,,,,,,,,,,,,,,,,0.31,,,,,,,,,,,,,,,,,,,,,,,,,,11.9,,,0.108,,,,0.15,,,,,,,,,,,,,,,,,,,,,,,,,,,,,,26.0,,,,285.0,,,,,,,,,,,,,,,,,,,,,,,,,,,,,,,6.0,,,,,,,,,,,,,,,,,,,,,,,,,,,,0.7,,,,,,,,,,,,,,,,,,93.0,,0.2,,,,,
tomato,58,320451,"TOMATOES, GRAPE",2019-04-01,,,,,,,0.64,,,,,,,,15.0,,,0.0,,,,,,,,,,,0.057,0.0,0.0,,,,,,,,,,,,,,,,,,2.2,,,,,,,,,,,,,,,0.31,,,,,131.0,,4210.0,,,,,,,,,,,,,,,,,,,13.1,,,0.079,,,,0.13,,,,,,,,,,,,,,,,,,,,,,,,,,,,,,33.0,,,,278.0,,,,,,,,,,,,,,,,,,,,,,,,,,,,,,,4.0,,,,,,,,,,,,,,,,,,,,,,,,,,,,0.6,,,,,,,,,,,,,,,,,,92.7,9.0,0.19,14.0,594.0,67.0,,493.0
tomato,59,320460,"TOMATOES, GRAPE",2019-04-01,,,,,,,0.56,,,,,,,,9.0,,,0.0,,,,,,,,,,,0.042,0.0,0.0,,,,,,,,,,,,,,,,,,1.9,9.0,,,,,,,,,,,,,,0.3,,,,,68.0,,3860.0,,,,,,,,,,,,,,,,,,,13.0,,,0.089,,,0.81,0.12,,,,,,,,,,,,,,,,,,,,,,,,,,,,,,27.0,,,,239.0,,,,,,,,0.07,,,,,,,,,,,,,,,,,,,,,,,5.0,,,,,,,,,,,,,,,,0.07,,0.0,0.15,0.61,0.0,0.0,0.0,0.0,,,,0.5,,,,,,0.05,,,,,,,,1.12,0.0,0.0,3.3,93.6,8.0,0.25,9.0,524.0,36.0,,286.0
tomato,60,320476,"TOMATOES, GRAPE",2019-04-01,,,,,,,,,,,,,,,,,,,,,,,,,,,,,,,,,,,,,,,,,,,,,,,,,,,,,,,,,,,,,,,,,,,,,,,,,,,,,,,,,,,,,,,,,,,,,,,,,,,,,,,,,,,,,,,,,,,,,,,,,,,,,,,,,,,,,,,,,,,,,,,,,,,,,,,,,,,,,,,,,,,,,,,,,,,,,,,,,,,,,,,,,,,,,,,,,,,,,32.4,,,,,,,,,,,92.0,,,,,,,
tomato,61,320480,"TOMATOES, GRAPE",2019-04-01,,,,,,,0.58,,,,,,,,10.0,,,,,,,,,,,,,,0.058,,,,,,,,,,,,,,,,,,,,,,,,,,,,,,,,,,,0.34,,,,,,,,,,,,,,,,,,,,,,,,,,10.8,,,0.153,,,,0.15,,,,,,,,,,,,,,,,,,,,,,,,,,,,,,33.0,,,,267.0,,,,,,,,,,,,,,,,,,,,,,,,,,,,,,,7.0,,,,,,,,,,,,,,,,,,,,,,,,,,,,0.46,,,,,,,,,,,,,,,,,,93.4,,0.2,,,,,
tomato,62,320485,"TOMATOES, GRAPE",2019-04-01,,,,,,,,,,,,,,,,,,,,,,,,,,,,,,,,,,,,,,,,,,,,,,,,,,,,,,,,,,,,,,,,,,,,,,,,,,,,,,,,,,,,,,,,,,,,,,,,,,,,,,,,,,,,,,,,,,,,,,,,,,,,,,,,,,,,,,,,,,,,,,,,,,,,,,,,,,,,,,,,,,,,,,,,,,,,,,,,,,,,,,,,,,,,,,,,,,,,,25.4,,,,,,,,,,,92.5,,,,,,,
tomato,63,320489,"TOMATOES, GRAPE",2019-04-01,,,,,,,,,,,,,,,,,,,,,,,,,,,,,,,,,,,,,,,,,,,,,,,,,,,,,,,,,,,,,,,,,,,,,,,,,,,,,,,,,,,,,,,,,,,,,,,,,,,,,,,,,,,,,,,,,,,,,,,,,,,,,,,,,,,,,,,,,,,,,,,,,,,,,,,,,,,,,,,,,,,,,,,,,,,,,,,,,,,,,,,,,,,,,,,,,,,,,23.0,,,,,,,,,,,93.3,,,,,,,
tomato,64,320494,"TOMATOES, GRAPE",2019-04-01,,,,,,,,,,,,,,,,,,,,,,,,,,,,,,,,,,,,,,,,,,,,,,,,,,,,,,,,,,,,,,,,,,,,,,,,,,,,,,,,,,,,,,,,,,,,,,,,,,,,,,,,,,,,,,,,,,,,,,,,,,,,,,,,,,,,,,,,,,,,,,,,,,,,,,,,,,,,,,,,,,,,,,,,,,,,,,,,,,,,,,,,,,,,,,,,,,,,,24.8,,,,,,,,,,,92.6,,,,,,,
tomato,65,320499,"TOMATOES, GRAPE",2019-04-01,,,,,,,0.51,,,,,,,,10.0,,,,,,,,,,,,,,0.056,,,,,,,,,,,,,,,,,,,,,,,,,,,,,,,,,,,0.44,,,,,,,,,,,,,,,,,,,,,,,,,,10.7,,,0.219,,,,0.13,,,,,,,,,,,,,,,,,,,,,,,,,,,,,,24.0,,,,243.0,,,,,,,,,,,,,,,,,,,,,,,,,,,,,,,3.0,,,,,,,,,,,,,,,,,,,,,,,,,,,,0.82,,,,,,,,,,,,,,,,,,92.7,,0.18,,,,,
tomato,66,320504,"TOMATOES, GRAPE",2019-04-01,,,,,,,,,,,,,,,,,,,,,,,,,,,,,,,,,,,,,,,,,,,,,,,,,,,,,,,,,,,,,,,,,,,,,,,,,,,,,,,,,,,,,,,,,,,,,,,,,,,,,,,,,,,,,,,,,,,,,,,,,,,,,,,,,,,,,,,,,,,,,,,,,,,,,,,,,,,,,,,,,,,,,,,,,,,,,,,,,,,,,,,,,,,,,,,,,,,,,32.1,,,,,,,,,,,91.0,,,,,,,
tomato,67,320507,"TOMATOES, GRAPE",2019-04-01,,,,,,,,,,,,,,,,,,,,,,,,,,,,,,,,,,,,,,,,,,,,,,,,,,,,,,,,,,,,,,,,,,,,,,,,,,,,,,,,,,,,,,,,,,,,,,,,,,,,,,,,,,,,,,,,,,,,,,,,,,,,,,,,,,,,,,,,,,,,,,,,,,,,,,,,,,,,,,,,,,,,,,,,,,,,,,,,,,,,,,,,,,,,,,,,,,,,,22.4,,,,,,,,,,,91.5,,,,,,,
tomato,68,320512,"TOMATOES, GRAPE",2019-04-01,,,,,,,0.54,,,,,,,,10.0,,,0.0,,,,,,,,,,,0.048,0.0,0.0,,,,,,,,,,,,,,,,,,2.2,10.0,,,,,,,,,,,,,,0.28,,,,,84.0,,4240.0,,,,,,,,,,,,,,,,,,,11.8,,,0.076,,,0.8,0.12,,,,,,,,,,,,,,,,,,,,,,,,,,,,,,23.0,,,,247.0,,,,,,,,0.06,,,,,,,,,,,,,,,,,,,,,,,10.0,,,,,,,,,,,,,,,,0.08,,0.04,0.08,0.8,0.0,0.0,0.0,0.0,,,,0.69,,,,,,0.07,,,,,,,,0.85,0.0,0.0,5.2,92.6,11.0,0.19,12.0,542.0,46.0,,399.0
tomato,1982,1750662,"TOMATOES, ROMA",2021-04-23,,,,,0.139375,0.26875,0.6377972972972973,0.39625,,5.5025,150.790625,,7.149574468085106,0.0,42.50964214876033,0.319140625,26.91390625,0.21875,2447.2291666666665,0.53125,,,,,,,,,0.078000826446281,2.40625,7.265625,0.0575,,0.456875,12.905,13.4621875,35.135,,,,,,43.31968749999999,11.034791666666663,8.180104166666666,0.0889583333333333,,,1.45775,29.913181818181812,5.610803571428571,0.0,0.380125,18.81,1.8752678571428567,0.619375,,0.14125,1.365,,0.0975,0.0,0.0,0.3736181818181818,0.145,0.0,0.2493749999999999,,4445.333333333333,,954.1875,0.220625,0.0,,0.0,0.0,,0.2449645833333333,0.0440166666666666,,42.588285416666665,,,0.3832354166666666,,,0.0004854166666666,0.0259208333333333,0.0331083333333333,20.60214876033058,,0.0,0.1373305785123967,0.04625,29.1875,1.1191363636363636,0.2486818181818182,,,0.0167895833333333,10.780754166666666,,0.2339416666666667,3.125e-05,,2.0833333333333333e-05,,0.0047666666666666,,0.0003166666666666,0.0,0.0,0.0081604166666666,,,0.0008125,,0.00150625,0.00440625,0.0002645833333333,,0.0,,0.0,,0.175,41.8772173553719,,,,218.96377355371905,13.69375,,,,,,49.8245076923077,0.0847530120481927,0.0031770833333333,0.0,0.0043020833333333,,0.0304833333333333,0.0091041666666666,5.020629166666667,0.0335166666666666,1.7148166666666669,0.3701354166666666,0.0104625,0.6384854166666666,0.0,0.3401041666666666,0.0034479166666666,0.0,6.875e-05,0.0,0.0018020833333333,0.0,2.44281,0.1675,25.56756198347108,,,,0.0,16.340375,1.2226785714285715,,2.0833333333333333e-05,2.0833333333333333e-05,0.029775,,0.0604375,0.0,0.0,0.0,0.042940909090909,0.128125,0.6259685185185185,0.2985888888888888,3.119803703703704,0.0,0.0,0.0,0.0,12.080875,,,0.4853636363636364,0.04625,0.12375,0.141875,,0.3652499999999999,0.0780636363636363,24.845970833333336,,,0.8085111111111111,0.0,,,23.185729629629627,0.0,0.0,,89.24877706422019,166.252371875,0.2933611570247934,0.2413625,0.0,0.0,0.0,0.0
tomato,2064,1999798,"TOMATOES, ROMA",2021-10-15,,,,,0.139375,0.26875,0.8533802816901409,0.39625,,0.0,0.0,,5.434357142857142,,60.87224320987655,,0.0,0.21875,2447.2291666666665,0.53125,,,,,,,,,0.1017197530864197,2.40625,7.265625,0.0575,,0.456875,12.905,0.0,0.0,5.553666666666667,1.1635833333333332,3.0550833333333336,61.18333333333333,12.116666666666667,0.5725,0.715,0.20875,0.0,,,0.82325,46.91357142857142,0.0,0.0,0.380125,18.81,0.0,0.619375,,0.14125,1.365,,0.0975,0.0,1.521875,0.5438246913580247,0.145,0.0,0.2493749999999999,,4445.333333333333,,954.1875,0.220625,0.0,,0.0,0.0,,0.003875,0.001125,,0.5649375,,,0.00284375,,,0.0,0.0,0.0,28.453271604938276,,0.0,0.1872543209876543,0.04625,29.1875,1.706785714285714,0.3755,,,0.0,0.6316875,,0.0835,0.0,,0.0,,0.00028125,,0.0,0.0,0.0,0.0,,,0.0,,0.0,0.0,0.0,,0.0,,0.0,,0.175,58.10213950617284,,,,275.84464938271606,0.13675,,,,0.0372017416875,,49.8245076923077,0.1845821917808219,0.0,0.0,0.0,,0.00309375,0.00146875,0.148,0.0014375,0.0461562499999999,0.0028125,0.0,0.003375,0.0,0.00115625,0.00184375,0.0,0.0,0.0,0.0,0.0,2.44281,0.1675,38.05240740740741,,0.2209375,,,0.0,0.2784375,,0.0,0.0,0.00040625,,0.000625,0.0,0.0,0.0,0.0615499999999999,0.128125,0.0,0.3179,0.5337590909090909,0.0,0.0,0.0,0.0,,,,0.6755714285714286,0.04625,0.12375,0.141875,0.013125,0.3652499999999999,0.1056285714285714,24.845970833333336,,,0.4018385964912281,0.0,0.0,,2.171031818181818,,,,91.93285072463767,166.252371875,0.428262962962963,0.2413625,0.0,0.0,0.0,0.0
bread,454,325659,"White bread, store brand, mixed composite (IN1,NY1) - CY090EH",2019-04-01,,,,,,,,,,,,,,,,,,,,,,,,,,,,,,,,,,,,,,,,,,,,,,,,,1.7,,1.7,0.0,,,0.9,,,,,,,,,,,0.0,,,,,,,,,,0.0,,0.017,0.0,,0.378,,0.007,,,0.0,,,0.0,,,1.8,,,,,,,,0.0,1.04,,0.113,0.0,,0.0,,0.001,,0.0,0.0,,0.002,,,0.002,,0.0,,0.004,,0.0,,0.0,0.53,,,,,,,,,,,,,,,0.005,0.0,0.008,,0.005,0.003,0.332,0.003,0.186,0.005,,0.005,,0.003,0.003,,0.0,,0.004,,21.1,,,,,40.1,,,0.0,,,0.0,0.006,,0.003,,,0.0,,,,,,,,,,,,,,,,,,,0.082,,,,,,,,,,,,,,,,,,,
bread,455,325669,"White bread, store brand, mixed composite (MI1,OK1) - CY090EM",2019-04-01,,,,,,,,,,,,,,,,,,,,,,,,,,,,,,,,,,,,,,,,,,,,,,,,,1.8,,2.4,0.0,,,1.5,,,,,,,,,,,0.0,,,,,,,,,,0.0,,0.02,0.003,,0.518,,0.008,,,0.0,,,0.0,,,1.0,,,,,,,,0.002,1.34,,0.154,0.0,,0.0,,0.002,,0.0,0.0,,0.003,,,0.002,,0.0,,0.009,,0.0,,0.0,0.51,,,,,,,,,,,,,,,0.005,0.0,0.036,,0.017,0.003,0.394,0.004,0.195,0.008,,0.008,,0.003,0.002,,0.0,,0.009,,25.7,,,,,40.9,,,0.0,,,0.0,0.022,,0.007,,,0.0,,,,,,,,,,,,,,,,,,,0.086,,,,,,,,,,,,,,,,,,,
bread,456,325679,"White bread, store brand, mixed composite (CA2,NC) - CY090EJ",2019-04-01,,,,,,,,,,,,,,,,,,,,,,,,,,,,,,,,,,,,,,,,,,,,,,,,,2.4,,2.2,0.0,,,1.4,,,,,,,,,,,0.0,,,,,,,,,,0.0,,0.019,0.003,,0.673,,0.014,,,0.0,,,0.0,,,1.2,,,,,,,,0.002,1.69,,0.196,0.0,,0.0,,0.002,,0.0,0.0,,0.003,,,0.002,,0.0,,0.004,,0.0,,0.0,0.57,,,,,,,,,,,,,,,0.005,0.0,0.031,,0.016,0.003,0.5,0.005,0.252,0.01,,0.01,,0.005,0.003,,0.0,,0.009,,20.3,,,,,36.1,,,0.0,,,0.0,0.039,,0.009,,,0.0,,,,,,,,,,,,,,,,,,,0.116,,,,,,,,,,,,,,,,,,,
bread,457,325689,"White bread, store brand, PUBLIX BREAD (FL1) - CY090EL",2019-04-01,,,,,,,,,,,,,,,,,,,,,,,,,,,,,,,,,,,,,,,,,,,,,,,,,2.1,,2.9,0.0,,,1.8,,,,,,,,,,,0.0,,,,,,,,,,0.0,,0.022,0.002,,0.569,,0.01,,,0.0,,,0.0,,,0.6,,,,,,,,0.002,1.54,,0.192,0.0,,0.0,,0.002,,0.0,0.0,,0.003,,,0.0,,0.0,,0.006,,0.0,,0.0,0.65,,,,,,,,,,,,,,,0.006,0.0,0.0,,0.003,0.004,0.433,0.004,0.23,0.008,,0.008,,0.004,0.004,,0.0,,0.003,,20.4,,,,,36.8,,,0.0,,,0.0,0.014,,0.002,,,0.0,,,,,,,,,,,,,,,,,,,0.113,,,,,,,,,,,,,,,,,,,
bread,458,325698,"White bread, store brand, mixed composite (AL1,CA1) - CY090EI",2019-04-01,,,,,,,,,,,,,,,,,,,,,,,,,,,,,,,,,,,,,,,,,,,,,,,,,1.8,,1.7,0.0,,,1.1,,,,,,,,,,,0.0,,,,,,,,,,0.0,,0.014,0.002,,0.534,,0.011,,,0.001,,,0.001,,,1.6,,,,,,,,0.002,1.43,,0.173,0.0,,0.0,,0.001,,0.0,0.0,,0.002,,,0.001,,0.0,,0.004,,0.0,,0.0,0.52,,,,,,,,,,,,,,,0.005,0.0,0.007,,0.007,0.003,0.433,0.004,0.197,0.007,,0.007,,0.003,0.004,,0.0,,0.004,,14.0,,,,,37.5,,,0.0,,,0.0,0.014,,0.004,,,0.0,,,,,,,,,,,,,,,,,,,0.092,,,,,,,,,,,,,,,,,,,
bread,459,325708,"White bread, store brand, mixed composite (CO2,CT1) - CY090EK",2019-04-01,,,,,,,,,,,,,,,,,,,,,,,,,,,,,,,,,,,,,,,,,,,,,,,,,1.8,,2.4,0.0,,,1.7,,,,,,,,,,,0.0,,,,,,,,,,0.0,,0.016,0.002,,0.485,,0.01,,,0.0,,,0.0,,,1.7,,,,,,,,0.001,1.29,,0.148,0.0,,0.0,,0.002,,0.0,0.0,,0.002,,,0.002,,0.0,,0.005,,0.0,,0.0,0.59,,,,,,,,,,,,,,,0.005,0.0,0.007,,0.005,0.003,0.375,0.003,0.183,0.007,,0.007,,0.003,0.002,,0.0,,0.004,,33.8,,,,,38.4,,,0.0,,,0.0,0.03,,0.006,,,0.0,,,,,,,,,,,,,,,,,,,0.073,,,,,,,,,,,,,,,,,,,
bread,460,325718,"White bread, store brand, FOOD WORLD SANDWICH BREAD (AL1) - CY090EP",2019-04-01,,,,,,,1.93,,,,,,,,135.0,,,,,,,,,,,,,,0.099,,,,,,,,,,,,,,,,,,,,,,,,,,,,,,,,,,,3.14,,,,,,,,,,,,,,,,,,,,,,,,,,22.4,,,0.676,,,4.31,1.17,,,,,,,,,,,,,,,,,,,,,,,,,,,,,,92.0,,,,120.0,,,,,,,,0.21,,,,,,,,,,,,,,,,,,,,,,,555.0,,,,,,,,,,,,,,,,0.81,,,,,,,,,,,,2.9,,,,,,,,,,,,,,,,,,41.1,,0.68,,,,,
bread,461,325725,"White bread, store brand, AMERICAS CHOICE LARGE WHITE (NY1) - CY090EO",2019-04-01,,,,,,,1.59,,,,,,,,105.0,,,,,,,,,,,,,,0.118,,,,,,,,,,,,,,,,,,,,,,,,,,,,,,,,,,,3.17,,,,,,,,,,,,,,,,,,,,,,,,,,27.4,,,0.445,,,4.9,1.44,,,,,,,,,,,,,,,,,,,,,,,,,,,,,,105.0,,,,116.0,,,,,,,,0.22,,,,,,,,,,,,,,,,,,,,,,,431.0,,,,,,,,,,,,,,,,0.59,,,,,,,,,,,,2.4,,,,,,,,,,,,,,,,,,38.8,,0.88,,,,,
bread,462,325732,"White bread, store brand, SUNNYSIDE FARMS BREAD (CA2) - CY090ER",2019-04-01,,,,,,,1.91,,,,,,,,87.0,,,,,,,,,,,,,,0.176,,,,,,,,,,,,,,,,,,,,,,,,,,,,,,,,,,,3.09,,,,,,,,,,,,,,,,,,,,,,,,,,44.3,,,1.2,,,4.63,1.79,,,,,,,,,,,,,,,,,,,,,,,,,,,,,,161.0,,,,156.0,,,,,,,,0.18,,,,,,,,,,,,,,,,,,,,,,,499.0,,,,,,,,,,,,,,,,0.38,,,,,,,,,,,,4.3,,,,,,,,,,,,,,,,,,36.4,,1.22,,,,,
bread,463,325739,"White bread, store brand, SAFEWAY PREMIUM WHITE (CA1) - CY090EQ",2019-04-01,,,,,,,2.19,,,,,,,,172.0,,,,,,,,,,,,,,0.12,,,,,,,,,,,,,,,,,,,,,,,,,,,,,,,,,,,2.86,,,,,,,,,,,,,,,,,,,,,,,,,,22.1,,,0.516,,,4.06,1.43,,,,,,,,,,,,,,,,,,,,,,,,,,,,,,87.0,,,,108.0,,,,,,,,0.21,,,,,,,,,,,,,,,,,,,,,,,552.0,,,,,,,,,,,,,,,,0.42,,,,,,,,,,,,3.3,,,,,,,,,,,,,,,,,,36.8,,0.81,,,,,
bread,464,325746,"White bread, store brand, KROGER BREAD (IN1) - CY090EN",2019-04-01,,,,,,,1.74,,,,,,,,115.0,,,,,,,,,,,,,,0.097,,,,,,,,,,,,,,,,,,,,,,,,,,,,,,,,,,,2.11,,,,,,,,,,,,,,,,,,,,,,,,,,22.2,,,0.501,,,4.0,1.32,,,,,,,,,,,,,,,,,,,,,,,,,,,,,,92.0,,,,114.0,,,,,,,,0.18,,,,,,,,,,,,,,,,,,,,,,,471.0,,,,,,,,,,,,,,,,0.46,,,,,,,,,,,,2.3,,,,,,,,,,,,,,,,,,37.7,,0.75,,,,,
bread,465,325753,"White bread, store brand, LOWES FOOD STORE (NC1) - CY090ES",2019-04-01,,,,,,,1.87,,,,,,,,146.0,,,,,,,,,,,,,,0.128,,,,,,,,,,,,,,,,,,,,,,,,,,,,,,,,,,,3.59,,,,,,,,,,,,,,,,,,,,,,,,,,24.8,,,0.622,,,4.75,1.61,,,,,,,,,,,,,,,,,,,,,,,,,,,,,,109.0,,,,127.0,,,,,,,,0.23,,,,,,,,,,,,,,,,,,,,,,,474.0,,,,,,,,,,,,,,,,0.45,,,,,,,,,,,,3.2,,,,,,,,,,,,,,,,,,34.6,,0.83,,,,,
bread,466,325760,"White bread, store brand, SHOP RITE ROUND TOP WHITE (CT1) - CY090EU",2019-04-01,,,,,,,1.96,,,,,,,,167.0,,,,,,,,,,,,,,0.102,,,,,,,,,,,,,,,,,,,,,,,,,,,,,,,,,,,3.7,,,,,,,,,,,,,,,,,,,,,,,,,,22.6,,,0.514,,,5.44,1.29,,,,,,,,,,,,,,,,,,,,,,,,,,,,,,94.0,,,,111.0,,,,,,,,0.36,,,,,,,,,,,,,,,,,,,,,,,477.0,,,,,,,,,,,,,,,,0.65,,,,,,,,,,,,2.6,,,,,,,,,,,,,,,,,,36.2,,0.75,,,,,
bread,467,325767,"White bread, store brand, KROGER BREAD (MI1) - CY090EX",2019-04-01,,,,,,,1.96,,,,,,,,99.0,,,,,,,,,,,,,,0.127,,,,,,,,,,,,,,,,,,,,,,,,,,,,,,,,,,,4.03,,,,,,,,,,,,,,,,,,,,,,,,,,24.6,,,0.612,,,4.86,1.37,,,,,,,,,,,,,,,,,,,,,,,,,,,,,,102.0,,,,117.0,,,,,,,,0.22,,,,,,,,,,,,,,,,,,,,,,,528.0,,,,,,,,,,,,,,,,0.52,,,,,,,,,,,,3.2,,,,,,,,,,,,,,,,,,34.0,,0.86,,,,,
bread,468,325774,"White bread, store brand, PUBLIX BREAD (FL1) - CY090EV",2019-04-01,,,,,,,1.72,,,,,,,,110.0,,,,,,,,,,,,,,0.129,,,,,,,,,,,,,,,,,,,,,,,,,,,,,,,,,,,3.9,,,,,,,,,,,,,,,,,,,,,,,,,,29.5,,,0.636,,,4.9,1.56,,,,,,,,,,,,,,,,,,,,,,,,,,,,,,115.0,,,,129.0,,,,,,,,0.27,,,,,,,,,,,,,,,,,,,,,,,410.0,,,,,,,,,,,,,,,,0.5,,,,,,,,,,,,3.3,,,,,,,,,,,,,,,,,,34.5,,1.07,,,,,
bread,469,325781,"White bread, store brand, GREAT VALUE WHITE (OK1) - CY090EY",2019-04-01,,,,,,,2.2,,,,,,,,198.0,,,,,,,,,,,,,,0.097,,,,,,,,,,,,,,,,,,,,,,,,,,,,,,,,,,,3.57,,,,,,,,,,,,,,,,,,,,,,,,,,19.1,,,0.53,,,5.6,1.45,,,,,,,,,,,,,,,,,,,,,,,,,,,,,,109.0,,,,115.0,,,,,,,,0.28,,,,,,,,,,,,,,,,,,,,,,,500.0,,,,,,,,,,,,,,,,0.73,,,,,,,,,,,,3.4,,,,,,,,,,,,,,,,,,34.9,,0.76,,,,,
bread,470,325788,"White bread, store brand, SAFEWAY PREMIUM WHITE (CO1) - CY090ET",2019-04-01,,,,,,,1.68,,,,,,,,123.0,,,,,,,,,,,,,,0.123,,,,,,,,,,,,,,,,,,,,,,,,,,,,,,,,,,,4.36,,,,,,,,,,,,,,,,,,,,,,,,,,22.1,,,0.495,,,5.28,1.55,,,,,,,,,,,,,,,,,,,,,,,,,,,,,,100.0,,,,88.0,,,,,,,,0.3,,,,,,,,,,,,,,,,,,,,,,,465.0,,,,,,,,,,,,,,,,0.46,,,,,,,,,,,,3.1,,,,,,,,,,,,,,,,,,35.3,,0.8,,,,,
bread,471,325795,"White bread, PEPPERIDGE FARMS (FL1,MO1) - CY090F2",2019-04-01,,,,,,,2.39,,,,,,,,342.0,,,,,,,,,,,,,,0.115,,,,,,,,,,,,,,,,,,,,2.3,,2.0,0.0,,,1.3,,,,,,,,,3.65,,0.1,,,,,,,,,,0.0,,0.018,0.003,,0.997,,0.013,,,0.0,,,0.001,23.7,,2.5,0.408,,,4.59,1.44,,,0.002,2.4,,0.309,0.0,,0.0,,0.002,,0.0,0.0,,0.002,,,0.002,,0.0,,0.0,,0.0,,0.0,0.47,,89.0,,,,91.0,,,,,,,,0.23,0.003,0.0,0.005,,0.015,0.004,0.634,0.006,0.28,0.014,,0.014,,0.005,0.002,,0.002,,0.005,,23.0,,482.0,,,36.3,,,0.0,,,0.001,0.031,,0.01,,,0.0,0.44,,,,,,,,,,,,5.2,,,,,,0.056,,,,,,,,,,,,34.4,,0.75,,,,,
bread,472,325810,"White bread, PEPPERIDGE FARMS (CO1,CT1) - CY090F1",2019-04-01,,,,,,,2.52,,,,,,,,330.0,,,,,,,,,,,,,,0.125,,,,,,,,,,,,,,,,,,,,2.1,,2.2,0.0,,,1.4,,,,,,,,,3.34,,0.07,,,,,,,,,,0.0,,0.02,0.003,,1.0,,0.015,,,0.0,,,0.0,23.6,,2.3,0.433,,,4.4,1.5,,,0.002,2.39,,0.306,0.0,,0.0,,0.002,,0.0,0.0,,0.002,,,0.001,,0.0,,0.0,,0.0,,0.0,0.48,,99.0,,,,90.0,,,,,,,,0.26,0.003,0.0,0.006,,0.016,0.005,0.633,0.007,0.298,0.015,,0.016,,0.005,0.004,,0.002,,0.005,,29.3,,530.0,,,37.0,,,0.0,,,0.0,0.03,,0.01,,,0.0,0.39,,,,,,,,,,,,5.4,,,,,,0.059,,,,,,,,,,,,33.0,,0.76,,,,,
bread,473,325825,"White bread, PEPPERIDGE FARMS (NC1,NY1,MI1) - CY090F4",2019-04-01,,,,,,,2.48,,,,,,,,343.0,,,,,,,,,,,,,,0.128,,,,,,,,,,,,,,,,,,,,2.2,,2.0,0.0,,,1.2,,,,,,,,,3.86,,0.07,,,,,,,,,,0.0,,0.02,0.003,,1.01,,0.014,,,0.0,,,0.0,24.8,,2.4,0.453,,,4.97,1.52,,,0.003,2.38,,0.295,0.0,,0.0,,0.002,,0.0,0.0,,0.002,,,0.002,,0.0,,0.0,,0.0,,0.0,0.48,,101.0,,,,97.0,,,,,,,,0.27,0.004,0.0,0.006,,0.019,0.004,0.644,0.005,0.288,0.014,,0.015,,0.005,0.005,,0.003,,0.004,,29.0,,525.0,,,37.0,,,0.0,,,0.001,0.029,,0.011,,,0.001,0.44,,,,,,,,,,,,5.3,,,,,,0.061,,,,,,,,,,,,33.0,,0.8,,,,,
bread,474,325841,"White bread, SARA LEE SOFT AND SMOOTH CLASSIC WHOLE (IN1,MO1) - CY090F5",2019-04-01,,,,,,,2.88,,,,,,,,452.0,,,,,,,,,,,,,,0.151,,,,,,,,,,,,,,,,,,,,2.9,,2.8,0.0,,,1.8,,,,,,,,,2.76,,0.3,,,,,,,,,,0.0,,0.034,0.002,,0.692,,0.012,,,0.0,,,0.001,37.9,,1.1,0.998,,,4.9,1.74,,,0.001,1.48,,0.165,0.0,,0.0,,0.002,,0.0,0.0,,0.004,,,0.003,,0.0,,0.007,,0.0,,0.0,0.62,,179.0,,,,155.0,,,,,,,,0.24,0.006,0.0,0.013,,0.025,0.006,0.524,0.005,0.338,0.011,,0.009,,0.005,0.005,,0.003,,0.007,,22.3,,405.0,,,35.5,,,0.0,,,0.002,0.038,,0.007,,,0.0,0.47,,,,,,,,,,,,4.0,,,,,,0.147,,,,,,,,,,,,34.9,,1.17,,,,,
bread,475,325856,"White bread, SARA LEE SOFT AND SMOOTH CLASSIC WHOLE (AL1,CA1) - CY090F6",2019-04-01,,,,,,,2.61,,,,,,,,450.0,,,,,,,,,,,,,,0.15,,,,,,,,,,,,,,,,,,,,4.0,,2.8,0.0,,,1.7,,,,,,,,,2.57,,0.1,,,,,,,,,,0.0,,0.029,0.002,,0.644,,0.011,,,0.0,,,0.0,38.9,,1.0,1.07,,,4.56,1.97,,,0.003,1.34,,0.146,0.0,,0.0,,0.002,,0.0,0.0,,0.0,,,0.001,,0.0,,0.009,,0.0,,0.0,0.61,,168.0,,,,143.0,,,,,,,,0.18,0.007,0.0,0.023,,0.031,0.006,0.516,0.005,0.33,0.01,,0.008,,0.005,0.01,,0.003,,0.009,,16.2,,333.0,,,33.3,,,0.0,,,0.002,0.044,,0.011,,,0.0,0.41,,,,,,,,,,,,3.6,,,,,,0.132,,,,,,,,,,,,35.9,,1.21,,,,,
bread,1273,335110,"Whole wheat bread, Store brand/other, KROGER & AMERICAS CHOICE (IN,NY) - CY1202Q",2019-04-01,,,,,,,2.48,,,,,,,,120.0,,,,,,,,,,,,,,0.231,,,,,,,,,,,,,,,,,,,,,,,,,,,,,,,,,,,4.61,,,,,,,,,,,,,,,,,,,,,,,,,,76.5,,,2.23,,,,1.91,,,,,,,,,,,,,,,,,,,,,,,,,,,,,,216.0,,,,248.0,,,,,,,,,,,,,,,,,,,,,,,,,,,,,,,536.0,,,,,,,,,,,,,,,,,,,,,,,,,,,,3.4,,,,,,,,,,,,,,,,,,37.7,,1.81,,,,,
bread,1274,335117,"Whole wheat bread, Store brand/other, HEALTHY IDEAS (CA2,CT) - CY1202S",2019-04-01,,,,,,,2.27,,,,,,,,118.0,,,,,,,,,,,,,,0.261,,,,,,,,,,,,,,,,,,,,,,,,,,,,,,,,,,,2.78,,,,,,,,,,,,,,,,,,,,,,,,,,85.5,,,2.45,,,,1.93,,,,,,,,,,,,,,,,,,,,,,,,,,,,,,248.0,,,,252.0,,,,,,,,,,,,,,,,,,,,,,,,,,,,,,,436.0,,,,,,,,,,,,,,,,,,,,,,,,,,,,4.0,,,,,,,,,,,,,,,,,,38.4,,2.08,,,,,
bread,1275,335122,"Whole wheat bread, NATURES OWN (FL,NC) - CY1202P",2019-04-01,,,,,,,2.34,,,,,,,,166.0,,,,,,,,,,,,,,0.236,,,,,,,,,,,,,,,,,,,,5.9,53.0,1.7,0.0,,,0.6,,,,,,,,,2.19,,0.0,,,,,,,,,,,,,,,,,,,,,,,,66.2,,0.9,2.11,,,4.43,2.17,,,,,,,,,,,,,,,,,,,,,,,,,,,,,,201.0,,,,247.0,,,,,,,,0.17,,,,,,,,,,,,,,,,,,,,,29.2,,428.0,,,25.7,,,0.0,,,,,,,,,,0.44,,0.26,0.23,0.69,0.07,1.44,0.0,0.0,,,,3.52,,,,,,0.18,,,,,,,,0.57,,,,40.3,,1.74,,,,,
bread,1276,335137,"Whole wheat bread, STROEHMANN DUTCH COUNTY (NY) - CY1202F",2019-04-01,,,,,,,2.49,,,,,,,,244.0,,,,,,,,,,,,,,0.227,,,,,,,,,,,,,,,,,,,,5.2,27.0,2.5,0.0,,,1.7,,,,,,,,,2.41,,0.0,,,,,,,,,,0.0,,0.009,0.0,,0.542,,0.011,,,0.001,,,0.0,80.9,,1.2,2.18,,,4.31,1.81,,,0.0,1.3,,0.118,0.003,0.0,0.0,,0.002,,0.0,0.0,0.0,0.001,,,0.0,,0.0,,0.0,,0.0,,0.0,,,212.0,,,,207.0,,,,,,,,0.16,0.009,0.0,0.009,,0.007,0.003,0.44,0.004,0.293,0.008,,0.007,,0.004,0.0,,0.0,,0.002,,20.3,,417.0,,,24.8,,,0.2,,,0.0,0.053,,0.004,,,0.0,0.32,,0.1,0.25,0.43,0.09,0.68,0.0,0.0,,,,3.15,,,,,,0.27,,,,,,,,10.7,,,,39.7,,1.78,,,,,
bread,1277,335153,"Whole wheat bread, NATURES OWN (IN,CT) - CY1202N",2019-04-01,,,,,,,2.29,,,,,,,,109.0,,,,,,,,,,,,,,0.234,,,,,,,,,,,,,,,,,,,,5.8,43.0,1.6,0.0,,,0.5,,,,,,,,,2.29,,0.0,,,,,,,,,,0.0,,0.016,0.002,,0.482,,0.015,,,0.0,,,0.0,75.5,,0.9,2.11,,,4.51,2.14,,,0.0,1.29,,0.122,0.0,0.0,0.0,,0.002,,0.001,0.0,0.0,0.007,,,0.0,,0.0,,0.0,,0.0,,0.0,0.63,,206.0,,,,252.0,,,,,,,,0.2,0.007,0.0,0.008,,0.006,0.003,0.393,0.003,0.202,0.006,,0.006,,0.003,0.0,,0.0,,0.002,,27.3,,442.0,,,31.1,,,0.0,,,0.0,0.005,,0.003,,,0.0,0.39,,,,,,,,,,,,3.34,,,,,,0.22,,,,,,,,,,,,40.0,,1.8,,,,,
bread,1278,335169,"Whole wheat bread, Store brand/other, GREAT VALUE (AL,OK) - CY1202R",2019-04-01,,,,,,,2.68,,,,,,,,183.0,,,,,,,,,,,,,,0.18,,,,,,,,,,,,,,,,,,,,5.3,60.0,2.4,0.0,,,1.0,,,,,,,,,1.83,,0.0,,,,,,,,,,0.0,,0.024,0.002,,0.651,,0.022,,,0.0,,,0.0,68.4,,0.7,2.16,,,4.82,1.97,,,0.001,1.6,,0.154,0.0,0.0,0.0,,0.002,,0.001,0.0,0.0,0.003,,,0.0,,0.0,,0.0,,0.0,,0.0,,,205.0,,,,254.0,,,,,,,,0.18,0.012,0.0,0.036,,0.017,0.003,0.482,0.004,0.284,0.009,,0.009,,0.005,0.0,,0.0,,0.006,,29.9,,516.0,,,31.5,,,0.0,,,0.0,0.024,,0.007,,,0.0,0.49,,0.27,0.33,1.19,0.1,1.34,0.0,0.0,,,,3.62,,,,,,0.21,,,,,,,,0.54,,,,38.8,,1.59,,,,,
bread,1279,335185,"Whole wheat bread, NATURES OWN (AL,OK) - CY1202L",2019-04-01,,,,,,,1.95,,,,,126.0,,,183.0,,,,,,,16.3,7.6,0.4,2.9,0.0,27.2,,0.217,,,,,,,,,,,,,,,,,,,,5.7,55.0,1.7,0.0,,,0.5,,,,,,,,,2.09,,0.0,,,,,,,,,,0.0,,0.026,0.002,,0.55,,0.018,,,0.001,,,0.0,71.7,,0.9,2.28,,,5.01,1.93,,,0.001,1.44,,0.133,0.005,0.0,0.0,,0.002,,0.001,0.0,0.0,0.003,,,0.0,,0.0,,0.0,,0.0,,0.0,,,229.0,,,,308.0,,,,,,,,0.18,0.01,0.0,0.014,,0.008,0.004,0.44,0.003,0.224,0.007,,0.007,,0.004,0.0,,0.0,,0.003,,13.8,,545.0,,,31.0,,,0.0,,,0.0,0.009,,0.005,,,0.0,0.49,,0.36,0.27,0.92,1.67,1.74,0.9,1.83,,,,3.22,,,,,,0.2,,,,,,,,1.97,,,,40.2,,1.87,,,,,
bread,1280,335202,"Whole wheat bread, Store brand/other, HY VEE & PUBLIX (FL,MO) - CY1202U",2019-04-01,,,,,,,2.48,,,,,,,,148.0,,,,,,,,,,,,,,0.188,,,,,,,,,,,,,,,,,,,,,,,,,,,,,,,,,,,2.25,,,,,,,,,,,,,,,,,,,,,,,,,,78.6,,,2.12,,,,2.06,,,,,,,,,,,,,,,,,,,,,,,,,,,,0.68,,218.0,,,,244.0,,,,,,,,,,,,,,,,,,,,,,,,,,,,,,,464.0,,,,,,,,,,,,,,,,,,,,,,,,,,,,3.89,,,,,,,,,,,,,,,,,,37.7,,1.57,,,,,
bread,1281,335208,"Whole wheat bread, Store brand/other, SAFEWAY (CA1,CO) - CY1202T",2019-04-01,,,,,,,2.67,,,,,,,,249.0,,,,,,,,,,,,,,0.254,,,,,,,,,,,,,,,,,,,,6.1,24.0,2.1,0.0,,,1.2,,,,,,,,,2.36,,0.0,,,,,,,,,,0.0,,0.008,0.002,,0.64,,0.014,,,0.0,,,0.0,75.6,,1.1,2.14,,,3.9,1.88,,,0.001,1.52,,0.148,0.004,0.0,0.0,,0.002,,0.0,0.0,0.0,0.007,,,0.0,,0.0,,0.0,,0.0,,0.0,0.64,,190.0,,,,215.0,,,,,,,,0.14,0.006,0.0,0.007,,0.006,0.002,0.44,0.003,0.159,0.007,,0.007,,0.004,0.0,,0.0,,0.0,,41.1,,457.0,,,32.8,,,0.0,,,0.0,0.004,,0.004,,,0.0,0.33,,,,,,,,,,,,3.78,,,,,,0.2,,,,,,,,,,,,37.4,,1.73,,,,,
bread,1282,335224,"Whole wheat bread, Store brand/other, PEPPERIDGE FARM (MI,NC) - CY1202V",2019-04-01,,,,,,,1.95,,,,,,,,113.0,,,,,,,,,,,,,,0.235,,,,,,,,,,,,,,,,,,,,8.3,28.0,3.7,0.0,,,2.2,,,,,,,,,2.77,,0.1,,,,,,,,,,0.0,,0.007,0.002,,0.626,,0.023,,,0.0,,,0.0,87.1,,1.5,1.98,,,4.0,1.86,,,0.0,1.61,,0.159,0.0,0.0,0.0,,0.002,,0.0,0.0,0.0,0.003,,,0.0,,0.0,,0.0,,0.0,,0.0,,,196.0,,,,273.0,,,,,,,,0.13,0.006,0.0,0.002,,0.003,0.003,0.443,0.004,0.25,0.009,,0.009,,0.005,0.0,,0.0,,0.0,,18.9,,255.0,,,24.0,,,0.0,,,0.0,0.008,,0.005,,,0.0,0.28,,0.2,0.36,1.25,0.1,1.15,0.0,0.0,,,,3.56,,,,,,0.23,,,,,,,,0.33,,,,36.5,,1.67,,,,,
cheese,227,323295,"CHEESE, RICOTTA, WHOLE MILK, GALBANI",2019-04-01,,,,,,,1.4,,,,,,,,238.0,,,,,,,,,,,,,,0.0,,,,,,,,,,,,,,,,,,,,,,,,,,,,,,,,,,,0.12,,,,,,,,,,,0.114,0.0,,0.181,0.021,,2.19,,,0.02,,,,0.004,0.0,21.9,,,0.0,,,,1.09,,,0.05,0.252,,0.041,0.0,,0.0,,0.0,,0.0,0.012,0.0,0.015,,,0.004,,0.0,,0.003,,0.006,,0.0,0.75,,167.0,,,,268.0,,,,,,,,,0.299,0.0,0.35,,1.13,0.114,3.36,0.067,1.02,0.014,,0.006,,0.003,0.252,,0.197,,0.123,,,,84.0,,,,,,,,,0.029,0.236,,0.064,0.0,,0.0,,,,,,,,,,,,,11.2,,,,,,,,,,,,,,,,,,72.3,,0.36,,,,,
cheese,228,323304,"CHEESE, RICOTTA, WHOLE MILK, SORRENTO",2019-04-01,,,,,,,1.25,,,,,,,,148.0,,,,,,,,,,,,,,0.0,,,,,,,,,,,,,,,,,,,,,,,,,,,,,,,,,,,0.15,,,,,,,,,,,0.085,0.0,,0.125,0.014,,1.7,,,0.016,,,,0.004,0.0,22.2,,,0.0,,,,0.82,,,0.042,0.201,,0.03,0.0,,0.0,,0.0,,0.0,0.01,0.0,0.012,,,0.003,,0.0,,0.0,,0.004,,0.0,,,125.0,,,,264.0,,,,,,,,,0.216,0.0,0.264,,0.854,0.087,2.35,0.053,0.78,0.008,,0.005,,0.003,0.185,,0.142,,0.09,,,,98.0,,,,,,,,,0.023,0.196,,0.052,0.003,,0.0,,,,,,,,,,,,,8.2,,,,,,,,,,,,,,,,,,75.1,,0.12,,,,,
cheese,229,323311,"CHEESE, RICOTTA, WHOLE MILK, GALBANI",2019-04-01,,,,,,,1.38,,,,,,,,215.0,,,,,,47.0,,,,,,,,0.0,,,,,,,,,,,,,,,,,,,,,,,,,,,,,,,,,,,0.11,,,,,,,,,,,0.114,0.0,,0.177,0.021,,2.2,,,0.019,,,,0.003,0.0,21.8,,,0.0,,,0.21,1.03,,,0.049,0.248,,0.038,0.0,,0.003,,0.003,,0.0,0.012,0.0,0.015,,,0.004,,0.0,,0.003,,0.007,,0.0,,,156.0,,,,291.0,,,,,,,,0.32,0.296,0.0,0.348,,1.12,0.115,3.4,0.067,1.03,0.014,,0.006,,0.003,0.253,,0.196,,0.122,,6.0,,94.0,,,,,,,,,0.031,0.249,,0.07,0.0,,0.0,0.05,,,,,,,,,,,,11.2,,,,,0.66,0.104,,,,,,,,,,,,72.4,,0.32,,,,,
cheese,230,323326,"CHEESE, RICOTTA, WHOLE MILK, GALBANI",2019-04-01,,,,,,,1.35,,,,,,,,193.0,,,,,,46.0,,,,,,,,0.0,,,,,,,,,,,,,,,,,,,,,9.0,,,,,,,,,,,,,,0.12,,,,,,,,,,,0.11,0.0,,0.179,0.021,,2.11,,,0.019,,,,0.003,0.0,20.5,,,0.0,,,,1.01,,,0.049,0.239,,0.039,0.0,,0.0,,0.0,,0.0,0.012,0.0,0.014,,,0.005,,0.0,,0.003,,0.007,,0.0,0.81,,142.0,,,,281.0,,,,,,,,0.36,0.286,0.0,0.336,,1.08,0.115,3.25,0.064,0.96,0.014,,0.006,,0.003,0.243,,0.189,,0.119,,5.6,,91.0,,,,,,,,,0.033,0.239,,0.068,0.0,,0.0,0.05,,,,,,,,,,,,11.3,,,,,0.73,0.1,,,,,,,,,,,,72.6,,0.29,,,,,
cheese,231,323342,"CHEESE, RICOTTA, WHOLE MILK, POLLY-O",2019-04-01,,,,,,,1.51,,,,,,,,311.0,,,,,,42.0,,,,,,,,0.0,,,,,,,,,,,,,,,,,,,,,0.0,,,,,,,,,,,,,,0.0,,,,,,,,,,,0.124,0.0,,0.197,0.022,,2.36,,,0.022,,,,0.004,0.0,18.3,,,0.0,,,0.13,1.58,,,0.053,0.269,,0.045,0.0,,0.0,,0.0,,0.0,0.013,0.0,0.015,,,0.004,,0.0,,0.003,,0.007,,0.0,0.46,,213.0,,,,152.0,,,,,,,,0.27,0.331,0.0,0.387,,1.23,0.125,3.65,0.07,1.09,0.016,,0.006,,0.004,0.275,,0.217,,0.137,,7.9,,161.0,,,,,,,,,0.037,0.272,,0.073,0.0,,0.0,0.03,,0.0,0.0,0.0,0.0,0.0,0.0,0.0,,,,11.5,,,,,0.66,0.109,,,,,,,,0.28,0.0,3.2,0.6,72.7,,1.16,,,,,
cheese,232,323361,"CHEESE, RICOTTA, WHOLE MILK, STORE/OTHER",2019-04-01,,,,,,,1.77,,,,,,,,375.0,,,,,,,,,,,,,,0.0,,,,,,,,,,,,,,,,,,,,,,,,,,,,,,,,,,,0.11,,,,,,,,,,,0.131,0.0,,0.211,0.023,,2.44,,,0.022,,,,0.003,0.0,21.8,,,0.0,,,,1.33,,,0.056,0.278,,0.048,0.0,,0.0,,0.0,,0.0,0.013,0.0,0.015,,,0.005,,0.0,,0.003,,0.007,,0.0,,,251.0,,,,165.0,,,,,,,,,0.325,0.0,0.383,,1.26,0.129,3.81,0.072,1.1,0.016,,0.007,,0.004,0.254,,0.205,,0.13,,,,121.0,,,,,,,,,0.034,0.268,,0.072,0.0,,0.0,,,,,,,,,,,,,11.5,,,,,,,,,,,,,,,,,,72.4,,1.19,,,,,
cheese,233,323370,"CHEESE, RICOTTA, WHOLE MILK, STORE/OTHER",2019-04-01,,,,,,,1.29,,,,,,,,275.0,,,,,,,,,,,,,,0.0,,,,,,,,,,,,,,,,,,,,,,,,,,,,,,,,,,,0.0,,,,,,,,,,,0.136,0.0,,0.201,0.022,,2.49,,,0.024,,,,0.0,0.0,14.6,,,0.0,,,,1.7,,,0.059,0.32,,0.049,0.0,,0.0,,0.003,,0.0,0.013,0.0,0.017,,,0.005,,0.0,,0.003,,0.007,,0.0,,,198.0,,,,117.0,,,,,,,,,0.369,0.0,0.43,,1.34,0.127,3.63,0.072,1.17,0.016,,0.007,,0.004,0.3,,0.242,,0.152,,,,113.0,,,,,,,,,0.04,0.28,,0.076,0.003,,0.0,,,,,,,,,,,,,12.6,,,,,,,,,,,,,,,,,,72.1,,1.44,,,,,
cheese,234,323378,"CHEESE, RICOTTA, WHOLE MILK, LUCERNE",2019-04-01,,,,,,,1.2,,,,,,,,162.0,,,,,,57.0,,,,,,,,0.0,,,,,,,,,,,,,,,,,,,,,,,,,,,,,,,,,,,0.13,,,,,,,,,,,0.125,0.0,,0.2,0.022,,2.32,,,0.021,,,,0.003,0.0,16.7,,,0.0,,,,1.57,,,0.046,0.267,,0.043,0.0,,0.0,,0.003,,0.0,0.013,0.0,0.017,,,0.005,,0.0,,0.003,,0.007,,0.0,,,121.0,,,,232.0,,,,,,,,0.29,0.329,0.0,0.386,,1.2,0.122,3.55,0.07,1.06,0.014,,0.007,,0.004,0.263,,0.21,,0.131,,7.0,,109.0,,,,,,,,,0.03,0.267,,0.069,0.0,,0.0,0.04,,,,,,,,,,,,11.9,,,,,0.97,0.089,,,,,,,,,,,,72.6,,0.33,,,,,
cheese,235,323393,"CHEESE, RICOTTA, WHOLE MILK, STORE/OTHER",2019-04-01,,,,,,,1.16,,,,,,,,148.0,,,,,,46.0,,,,,,,,0.0,,,,,,,,,,,,,,,,,,,,,,,,,,,,,,,,,,,0.14,,,,,,,,,,,0.104,0.0,,0.159,0.019,,2.06,,,0.018,,,,0.0,0.0,18.6,,,0.0,,,0.13,1.07,,,0.044,0.25,,0.037,0.0,,0.0,,0.0,,0.0,0.012,0.0,0.015,,,0.004,,0.0,,0.003,,0.006,,0.0,,,120.0,,,,241.0,,,,,,,,0.33,0.281,0.0,0.332,,1.04,0.104,2.94,0.062,0.961,0.013,,0.006,,0.003,0.232,,0.183,,0.114,,6.4,,101.0,,,,,,,,,0.029,0.239,,0.068,0.0,,0.0,0.04,,,,,,,,,,,,10.1,,,,,0.92,,,,,,,,,,,,,74.2,,0.25,,,,,
cheese,236,323408,"CHEESE, RICOTTA, WHOLE MILK, STORE/OTHER",2019-04-01,,,,,0.36,0.23,1.23,0.81,,,,,,,189.0,,,,,,52.0,,,,,,,,0.0,,,0.2,,,,,,,,,,,,,,,,,,,,,,,,1.45,,0.15,,,0.19,0.0,,0.13,0.4,,0.87,,,,,0.73,,,0.122,0.0,,0.189,0.02,,2.28,,,0.02,,,,0.0,0.0,18.3,,,0.0,0.19,,0.15,1.27,,,0.045,0.265,,0.047,0.0,,0.0,,0.0,,0.0,0.013,0.0,0.015,,,0.006,,0.0,,0.003,,0.008,,0.0,,0.3,137.0,,,,229.0,0.64,,,,,,,0.3,0.319,0.0,0.375,,1.17,0.118,3.51,0.067,1.05,0.015,,0.006,,0.004,0.251,,0.204,,0.13,,0.0,0.41,98.0,,,,,,,,,0.033,0.263,,0.071,0.0,,0.0,0.04,0.44,,,,,,,,,,,11.2,0.13,0.28,0.36,,0.85,0.094,,,,,,,,,,,,72.8,,0.39,,,,,
cheese,237,323425,"CHEESE, RICOTTA, WHOLE MILK, GALBANI",2019-04-01,,,,,0.29,0.19,1.39,0.66,,,,,,,208.0,,,,,,46.0,,,,,,,,0.0,,,0.16,,,,,,,,,,,,,,,,,,,,,,,,1.15,,0.12,,,0.16,0.0,,0.12,0.33,,0.7,,,,,0.58,,,0.121,0.0,,0.201,0.021,,2.24,,,0.022,,,,0.003,0.0,21.5,,,0.0,0.15,,0.22,1.0,,,0.047,0.255,,0.044,0.0,,0.003,,0.0,,0.0,0.011,0.0,0.014,,,0.005,,0.0,,0.003,,0.007,,0.0,,0.24,152.0,,,,288.0,0.49,,,,,,127.0,0.42,0.31,0.0,0.366,,1.18,0.122,3.47,0.07,1.04,0.016,,0.007,,0.004,0.258,,0.204,,0.128,,5.4,0.32,90.0,,,,,,,,,0.03,0.251,,0.068,0.0,,0.0,0.05,0.35,0.0,0.0,0.0,0.0,0.0,0.0,0.0,,,,10.85,0.1,0.22,0.29,,0.65,,,,,,,,,0.27,0.0,3.0,0.6,72.9,,0.32,,,,,
cheese,383,324861,"Parmesan cheese, grated, KRAFT 100% (FL,MO) - CY120JF",2019-04-01,,,,,,,6.86,,,,,,,,1060.0,,,,,,,,,,,,,,0.038,,,,,,,,,,,,,,,,,,,,,,,,,,,,,,,,,,,0.28,,,,,,,,,,,,0.0,,0.285,0.046,,5.55,,0.048,,,0.0,,,0.0,36.7,,,0.043,,,,5.43,,,0.148,0.838,,0.103,0.0,0.003,0.0,,0.008,,0.0,0.035,0.0,0.054,,,0.008,,0.0,,0.012,,0.016,,0.0,,,690.0,,,,186.0,,,,,,,,,0.777,0.0,0.868,,2.69,0.273,7.07,0.168,3.14,0.045,,0.012,,0.011,0.582,,0.503,,0.321,,,,1440.0,,,,,,,,,0.085,0.729,,0.181,,,0.0,,,,,,,,,,,,,28.7,,,,,,,,,,,,,,,,,,23.9,,4.83,,,,,
cheese,384,324871,"Parmesan cheese, grated, KRAFT 100% (IN,NY) - CY120JB",2019-04-01,,,,,,,7.09,,,,,,,,1070.0,,,,,,,,,,,,,,0.045,,,,,,,,,,,,,,,,,,,,,,,,,,,,,,,,,,,0.26,,,,,,,,,,,,0.0,,0.281,0.046,,5.62,,0.054,,,0.001,,,0.0,37.7,,,0.042,,,,5.49,,,0.155,0.854,,0.098,0.0,0.003,0.0,,0.007,,0.001,0.037,0.0,0.053,,,0.006,,0.0,,0.011,,0.016,,0.0,,,657.0,,,,252.0,,,,,,,,,0.775,0.0,0.869,,2.67,0.27,6.94,0.166,3.12,0.045,,0.013,,0.009,0.589,,0.514,,0.327,,,,1540.0,,,,,,,,,0.084,0.766,,0.185,,,0.0,,,,,,,,,,,,,28.7,,,,,,,,,,,,,,,,,,23.4,,5.12,,,,,
cheese,385,324881,"Parmesan cheese, grated, KRAFT 100% (CA2,NC) - CY120JD",2019-04-01,,,,,,,7.09,,,,,,,,1040.0,,,,,,,,,,,,,,0.039,,,,,,,,,,,,,,,,,,,,,,,,,,,,,,,,,,,0.22,,,,,,,,,,,,0.0,,0.287,0.049,,5.78,,0.06,,,0.002,,,0.0,37.1,,,0.037,,,,5.55,,,0.156,0.846,,0.105,0.001,0.003,0.0,,0.008,,0.004,0.035,0.0,0.054,,,0.007,,0.002,,0.011,,0.015,,0.002,,,662.0,,,,189.0,,,,,,,,,0.736,0.0,0.826,,2.64,0.264,7.09,0.164,3.18,0.045,,0.013,,0.009,0.586,,0.503,,0.313,,,,1610.0,,,,,,,,,0.083,0.759,,0.189,,,0.0,,,,,,,,,,,,,30.4,,,,,,,,,,,,,,,,,,23.7,,5.07,,,,,
cheese,386,324891,"Parmesan cheese, grated, KRAFT 100% (AL,CA1) - CY120JC",2019-04-01,,,,,,,7.02,,,,,,,,1000.0,,,,,,89.0,,,,,,,,0.033,,,,,,,,,,,,,,,,,,,,,6.0,0.0,0.07,,,0.0,,,,,,,,,0.26,,0.0,,,,,,,,,,0.0,,0.278,0.046,,5.76,,0.055,,,0.0,,,0.0,36.3,,0.0,0.039,,,0.07,5.48,,,0.148,0.828,,0.1,0.0,0.002,0.0,,0.008,,0.0,0.035,0.0,0.056,,,0.007,,0.0,,0.012,,0.015,,0.0,0.48,,665.0,,,,187.0,,,,,,,201.0,0.28,0.757,0.0,0.837,,2.64,0.266,7.0,0.165,3.28,0.047,,0.013,,0.008,0.577,,0.501,,0.316,,37.7,,1460.0,,,,,,0.0,,,0.085,0.737,,0.184,,,0.0,0.03,,0.0,0.0,0.0,0.0,0.0,0.0,0.0,,,,28.8,,,,,1.1,0.08,,,,,,,,0.44,,,,23.8,,4.79,,,,,
cheese,387,324913,"Parmesan cheese, grated, store brand/other brand, PRICE CHOPPER (CT) - CY120JH",2019-04-01,,,,,,,6.63,,,,,,,,348.0,,,,,,,,,,,,,,0.029,,,,,,,,,,,,,,,,,,,,,,,,,,,,,,,,,,,1.1,,,,,,,,,,,,0.0,,0.133,0.021,,7.25,,0.031,,,0.0,,,0.0,25.0,,,0.16,,,,1.73,,,0.061,1.56,,0.07,0.005,0.0,0.0,,0.0,,0.0,0.007,0.0,0.012,,,0.004,,0.0,,0.002,,0.006,,0.0,,,411.0,,,,183.0,,,,,,,,,0.225,0.0,0.273,,0.972,0.096,8.51,0.065,1.48,0.067,,0.014,,0.015,0.186,,0.153,,0.097,,,,2350.0,,,,,,,,,0.028,0.313,,0.076,,,0.0,,,,,,,,,,,,,23.8,,,,,,,,,,,,,,,,,,21.5,,1.62,,,,,
cheese,388,324921,"Parmesan cheese, grated, KRAFT 100% (CO,CT) - CY120JE",2019-04-01,,,,,,,6.97,,,,,,,,1070.0,,,,,,88.0,,,,,,,,0.04,,,,,,,,,,,,,,,,,,,,,,,,,,,,,,,,,,,0.26,,,,,,,,,,,,0.0,,0.277,0.045,,5.41,,0.047,,,0.0,,,0.0,38.4,,,0.04,,,0.03,5.5,,,0.143,0.79,,0.097,0.0,0.003,0.0,,0.007,,0.0,0.033,0.0,0.051,,,0.006,,0.0,,0.011,,0.015,,0.0,,,644.0,,,,203.0,,,,,,,,0.39,0.736,0.0,0.818,,2.58,0.26,6.79,0.16,3.01,0.042,,0.012,,0.007,0.585,,0.499,,0.312,,40.7,,1680.0,,,,,,,,,0.087,0.715,,0.178,,,0.0,0.03,,0.0,0.0,0.05,0.0,0.0,0.0,0.0,,,,29.6,,,,,1.7,0.083,,,,,,,,0.35,0.0,6.8,1.5,23.6,,4.88,,,,,
cheese,389,324940,"Parmesan cheese, grated, KRAFT 100% (MI,OK) - CY120JG",2019-04-01,,,,,,,6.85,,,,,0.2,,,1070.0,,,,,,88.0,1.7,3.1,0.0,4.9,4.4,14.1,,0.044,,,,,,,,,,,,,,,,,,,,,6.0,,,,,,,,,,,,,,0.26,,,,,,,,,,,,0.0,,0.304,0.049,,5.39,,0.052,,,0.002,,,0.0,37.9,,,0.044,,,0.07,5.54,,,0.141,0.725,,0.1,0.0,0.003,0.0,,0.007,,0.004,0.031,0.0,0.049,,,0.008,,0.002,,0.009,,0.015,,0.001,0.45,,671.0,,,,223.0,,,,,,,,0.34,0.714,0.0,0.812,,2.58,0.264,7.02,0.164,2.85,0.04,,0.011,,0.008,0.562,,0.48,,0.3,,38.6,,1480.0,,,,,,,,,0.081,0.687,,0.19,,,0.0,0.03,,0.0,0.0,0.0,0.0,0.0,0.0,0.0,,,,27.9,,,,,1.3,0.081,,,,,,,,0.47,0.0,7.4,1.9,23.4,,5.39,,,,,
cheese,390,324960,"Parmesan cheese, grated, store brand/other brand, MY ESSENTIALS & SUNNYSIDE FARMS (CA2,NC) - CY120JJ",2019-04-01,,,,,,,6.85,,,,,,,,699.0,,,,,,,,,,,,,,0.05,,,,,,,,,,,,,,,,,,,,,,,,,,,,,,,,,,,0.46,,,,,,,,,,,,0.0,,0.263,0.04,,6.51,,0.048,,,0.001,,,0.0,34.1,,,0.092,,,,3.51,,,0.117,1.12,,0.096,0.004,0.002,0.0,,0.004,,0.003,0.017,0.0,0.029,,,0.007,,0.002,,0.004,,0.013,,0.0,,,552.0,,,,212.0,,,,,,,,,0.468,0.0,0.557,,1.86,0.191,8.13,0.124,2.1,0.053,,0.011,,0.011,0.364,,0.311,,0.196,,,,1800.0,,,,,,,,,0.065,0.504,,0.147,,,0.0,,,,,,,,,,,,,26.6,,,,,,,,,,,,,,,,,,20.3,,3.45,,,,,
cheese,391,324970,"Parmesan cheese, grated, store brand/other brand, GREAT VALUE (AL,OK) - CY120JI",2019-04-01,,,,,,,8.91,,,,,,,,864.0,,,,,,81.0,,,,,,,,0.038,,,,,,,,,,,,,,,,,,,,,,0.0,0.07,,,0.0,,,,,,,,,0.74,,0.0,,,,,,,,,,0.0,,0.342,0.052,,4.93,,0.047,,,0.0,,,0.0,35.6,,0.0,0.052,,,0.1,4.79,,,0.141,0.531,,0.101,0.0,0.003,0.0,,0.006,,0.0,0.025,0.0,0.039,,,0.009,,0.003,,0.007,,0.017,,0.0,0.42,,760.0,,,,151.0,,,,,,,255.0,0.38,0.687,0.0,0.799,,2.55,0.267,7.09,0.16,2.42,0.036,,0.01,,0.007,0.521,,0.446,,0.282,,32.4,,2270.0,,,,,,0.0,,,0.089,0.61,,0.169,,,0.0,0.03,,0.0,0.0,0.0,0.0,0.0,0.0,0.0,,,,26.0,,,,,1.1,0.082,,,,,,,,0.68,,,,23.1,,4.52,,,,,
cheese,392,324989,"Parmesan cheese, grated, store brand/other brand, SAFEWAY KITCHENS (CO,CA1) - CY120JK",2019-04-01,,,,,,,7.74,,,,,,,,722.0,,,,,,73.0,,,,,,,,0.044,,,,,,,,,,,,,,,,,,,,,,,,,,,,,,,,,,,0.82,,,,,,,,,,,,0.0,,0.298,0.044,,4.16,,0.039,,,0.001,,,0.0,34.6,,,0.122,,,0.06,3.87,,,0.167,0.412,,0.103,0.0,0.003,0.002,,0.003,,0.001,0.018,0.0,0.029,,,0.01,,0.004,,0.004,,0.016,,0.001,,,703.0,,,,153.0,,,,,,,,0.27,0.583,0.0,0.689,,2.22,0.233,5.99,0.14,2.1,0.031,,0.01,,0.007,0.467,,0.398,,0.248,,19.2,,2080.0,,,,,,,,,0.091,0.598,,0.178,,,0.0,0.01,,0.0,0.0,0.0,0.0,0.0,0.0,0.0,,,,22.3,,,,,1.1,0.065,,,,,,,,0.59,,,,25.1,,3.7,,,,,
cheese,393,325007,"Parmesan cheese, grated, store brand/other brand, FLORA & HYVEE (FL,MO) - CY120JL",2019-04-01,,,,,,,6.83,,,,,,,,639.0,,,,,,,,,,,,,,0.032,,,,,,,,,,,,,,,,,,,,,,,,,,,,,,,,,,,0.5,,,,,,,,,,,,0.0,,0.289,0.044,,6.79,,0.056,,,0.001,,,0.0,26.6,,,0.078,,,,3.48,,,0.111,1.13,,0.104,0.005,0.003,0.0,,0.005,,0.002,0.021,0.0,0.031,,,0.007,,0.0,,0.006,,0.013,,0.0,,,510.0,,,,121.0,,,,,,,,,0.555,0.0,0.651,,2.12,0.221,8.57,0.137,2.29,0.055,,0.012,,0.011,0.417,,0.357,,0.228,,,,1840.0,,,,,,,,,0.068,0.516,,0.148,,,0.0,,,,,,,,,,,,,28.4,,,,,,,,,,,,,,,,,,22.0,,3.32,,,,,
cheese,394,325017,"Parmesan cheese, grated, store brand/other brand, KROGER (MI,IN) - CY120JM",2019-04-01,,,,,,,6.93,,,,,,,,1030.0,,,,,,102.0,,,,,,,,0.046,,,,,,,,,,,,,,,,,,,,,,,,,,,,,,,,,,,0.27,,,,,,,,,,,,0.0,,0.403,0.063,,6.27,,0.059,,,0.002,,,0.0,38.5,,,0.041,,,0.14,5.25,,,0.172,0.697,,0.143,0.001,0.004,0.001,,0.008,,0.004,0.033,0.0,0.049,,,0.012,,0.001,,0.007,,0.021,,0.001,0.48,,678.0,,,,144.0,,,,,,,,0.41,0.824,0.0,0.947,,3.09,0.327,8.54,0.197,3.06,0.045,,0.01,,0.007,0.661,,0.561,,0.347,,41.3,,1480.0,,,,,,,,,0.103,0.808,,0.237,,,0.0,0.03,,0.0,0.0,0.0,0.0,0.0,0.0,0.0,,,,35.2,,,,,1.8,0.095,,,,,,,,0.57,,,,20.2,,5.27,,,,,
cheese,395,325037,"American cheese, pasteurized process, mixed store brand (AL,OK) - CY090XU - other",2019-04-01,,,,,,,5.92,,,,,,,,,,,0.0,0.0,,,,,,,,,,,,0.0,,,,,,,,,,,,,,,,,,,,0.0,0.16,,,0.0,,,,,,,,,,,4.67,,,,9.0,0.0,,,,,,,,,,,,,,,,,,,,,0.0,,,,,2.57,,,,,,,,,,,,,,,,,,,,,,,,,,,,,,,,,,,,,,,,,282.0,,,,,,,,,,,,,,,,,,,,,,16.7,,,,,,,,0.0,,,,,,,,,,,,,,,,,,,,,,30.2,,,,,,,,,,,,,,,,,,39.5,,,,,,,
cheese,396,325046,"American cheese, pasteurized process, KRAFT (IN,NY) - CY090XB",2019-04-01,,,,,,,7.3,,,,,2.7,,,1210.0,,,,,,103.0,2.6,4.5,0.7,5.9,5.6,19.2,,0.049,,,,,,,,,,,,,,,,,,,,,,,,,,,,,,,,,,,0.81,,,,,,,,,,,,,,,,,,,,,,,,,,26.4,,,0.045,,,0.07,2.87,,,,,,,,,,,,,,,,,,,,,,,,,,,,0.4,,688.0,,,,119.0,,,,,,,,0.22,,,,,,,,,,,,,,,,,,,,,,,1700.0,,,,,,,,,,,,,,,,0.015,,,,,,,,,,,,31.0,,,,,1.6,0.053,,,,,,,,,,,,39.4,,2.4,,,,,
cheese,397,325061,"American cheese, pasteurized process, KRAFT (CA2,NC) - CY090XD",2019-04-01,,,,,,,7.13,,,,,,,,1240.0,,,0.0,78.0,,,,,,,,,,0.043,,11.0,,,,,,,,,,,,,,,,,,,,,,,,,,,,,,,,,0.75,,,,,,28.0,0.0,,,,,0.0,,0.37,0.06,,6.33,,0.22,,,0.003,,,0.002,26.5,,,0.046,,,,2.87,,,0.019,0.779,,0.133,0.0,,0.007,,0.008,,0.0,0.033,,0.047,,,0.012,,0.006,,0.008,,0.021,,0.003,,,672.0,,,,125.0,,,,,,,331.0,0.23,0.799,0.019,0.882,,2.92,0.308,8.04,0.189,3.23,0.046,,0.021,,0.009,0.601,,0.504,,0.325,,,,1750.0,,,,,,,,,0.108,0.865,,0.186,,,0.0,,,0.0,0.04,0.13,0.02,0.02,0.09,0.02,,,,31.2,,,,,1.5,,,,,,,,,0.8,,15.2,3.9,39.6,,2.55,,,,,
cheese,398,325075,"American cheese, pasteurized process, LAND-O-LAKES (FL) - CY090XL",2019-04-01,,,,,,,5.68,,,,,,,,605.0,,,0.0,0.0,,99.0,,,,,,,,0.029,,0.0,,,,,,,,,,,,,,,,,,,,0.0,0.2,,,0.0,,,,,,,,,0.18,,1.21,,,,10.0,0.0,,,,,0.0,,0.383,0.06,,6.51,,0.223,,,0.0,,,0.0,23.1,,0.0,0.018,,,0.12,3.37,,,0.023,0.879,,0.137,0.0,,0.007,,0.009,,0.003,0.037,,0.047,,,0.012,,0.003,,0.01,,0.021,,0.005,0.43,,767.0,,,,99.0,,,,,,,278.0,0.32,0.815,0.019,0.89,,2.94,0.311,8.1,0.19,3.42,0.027,,0.021,,0.01,0.628,,0.516,,0.328,,23.1,,1620.0,,,,,,0.0,,,0.101,0.887,,0.201,,,0.002,0.015,,0.0,0.04,0.14,0.02,0.01,0.0,0.11,,,,31.0,,,,,1.2,0.059,,,,,,,,0.78,,5.4,2.5,38.4,,3.14,,,,,
cheese,399,325096,"American cheese, pasteurized process, mixed store brand (IN,CT) - CY090XT - other",2019-04-01,,,,,,,6.12,,,,,,,,,,,,,,92.0,,,,,,,,,,,,,,,,,,,,,,,,,,,,,,,,,,,,,,,,,,,,,,,,,,,,,,,,,,,,,,,,,,,,,,,,,,,,2.77,,,,,,,,,,,,,,,,,,,,,,,,,,,,,,,,,,,,,,,,,,,,,,,,,,,,,,,,,,,,,,,,,,,,,,,,,,,,,,,,,,,,,,,,,,,,,30.0,,,,,,,,,,,,,,,,,,40.8,,,,,,,
cheese,400,325101,"American cheese, pasteurized process, KRAFT DELI DELUXE (CO) - CY090XE",2019-04-01,,,,,,,7.25,,,,,,,,1330.0,,,,,,,,,,,,,,0.046,,,,,,,,,,,,,,,,,,,,,,0.0,0.07,,,0.0,,,,,,,,,0.8,,1.15,,,,,,,,,,,,,,,,,,,,,,,,25.5,,0.0,0.052,,,,2.88,,,,,,,,,,,,,,,,,,,,,,,,,,,,,,731.0,,,,123.0,,,,,,,,,,,,,,,,,,,,,,,,,,,,,,,1720.0,,,,,,0.0,,,,,,,,,,,,,,,,,,,,,,30.8,,,,,,,,,,,,,,,,,,40.1,,2.37,,,,,
cheese,401,325107,"American cheese, pasteurized process, KRAFT (MI,OK) - CY090XG",2019-04-01,,,,,,,6.81,,,,,,,,1380.0,,,,,,,,,,,,,,0.078,,,,,,,,,,,,,,,,,,,,,,,,,,,,,,,,,,,0.85,,,,,,,,,,,,,,,,,,,,,,,,,,27.1,,,0.046,,,,2.81,,,,,,,,,,,,,,,,,,,,,,,,,,,,,,744.0,,,,131.0,,,,,,,,,,,,,,,,,,,,,,,,,,,,,,,1690.0,,,,,,,,,,,,,,,,,,,,,,,,,,,,31.0,,,,,,,,,,,,,,,,,,39.8,,2.6,,,,,
cheese,402,325114,"American cheese, pasteurized process, mixed store brand (CA2,MO) - CY090XV - other",2019-04-01,,,,,,,5.93,,,,,,,,,,,,,,,,,,,,,,,,,,,,,,,,,,,,,,,,,,,,,,,,,,,,,,,,,,,,,,,,,,,,,0.0,,0.389,0.06,,6.53,,0.205,,,0.0,,,0.0,,,,,,,,2.55,,,0.014,0.862,,0.133,0.003,,0.007,,0.009,,0.001,0.039,,0.046,,,0.011,,0.0,,0.009,,0.02,,0.007,,,,,,,,,,,,,,,,0.776,0.017,0.829,,2.84,0.31,8.17,0.191,3.38,0.047,,0.019,,0.01,0.631,,0.502,,0.352,,,,,,,,,,,,,0.103,0.803,,0.238,,,0.002,,,,,,,,,,,,,30.6,,,,,,,,,,,,,,,,,,40.4,,,,,,,
cheese,403,325119,"American cheese, pasteurized process, KRAFT (AL,CA1) - CY090XC",2019-04-01,,,,,,,7.39,,,,,,,,1150.0,,,,,,,,,,,,,,0.036,,,,,,,,,,,,,,,,,,,,,,0.0,0.07,,,0.0,,,,,,,,,0.86,,1.32,,,,,,,,,,,,,,,,,,,,,,,,26.7,,0.0,0.047,,,,2.85,,,,,,,,,,,,,,,,,,,,,,,,,,,,,,736.0,,,,109.0,,,,,,,,,,,,,,,,,,,,,,,,,,,,,21.5,,1590.0,,,,,,0.0,,,,,,,,,,,,,,,,,,,,,,30.9,,,,,,,,,301.0,0.0,7.5,,,,,,,39.7,,2.48,,,,,
cheese,404,325129,"American cheese, pasteurized process, KROGER DELUXE (IN) - CY090XZ - other",2019-04-01,,,,,,,,,,,,,,,625.0,,,,,,,,,,,,,,0.035,,,,,,,,,,,,,,,,,,,,,,,,,,,,,,,,,,,0.23,,,,,,,,,,,,,,,,,,,,,,,,,,26.2,,,0.019,,,,,,,,,,,,,,,,,,,,,,,,,,,,,,,,,,429.0,,,,155.0,,,,,,,,,,,,,,,,,,,,,,,,,,,,,,,1420.0,,,,,,,,,,,,,,,,,,,,,,,,,,,,,,,,,,,,,,,,,,,,,,,,2.71,,,,,
cheese,405,325133,"American cheese, pasteurized process, LUCERNE  (CO,CA1) - CY090XW - other",2019-04-01,,,,,,,7.08,,,,,,,,,,,,,,,,,,,,,,,,,,,,,,,,,,,,,,,,,,,,0.0,0.16,,,0.0,,,,,,,,,,,4.15,,,,,,,,,,,,,,,,,,,,,,,,,,0.0,,,,,2.65,,,,,,,,,,,,,,,,,,,,,,,,,,,,,,,,,,,,,,,,,,,,,,,,,,,,,,,,,,,,,,,,,,,,,,,0.0,,,,,,,,,,,,,,,,,,,,,,30.1,,,,,,,,,,,,,,,,,,39.0,,,,,,,
cheese,406,325138,"American cheese, pasteurized process, KRAFT DELI DELUXE (FL,MO) - CY090XF",2019-04-01,,,,,,,7.46,,,,,,,,1280.0,,,,,,,,,,,,,,0.04,,,,,,,,,,,,,,,,,,,,,,,,,,,,,,,,,,,0.85,,,,,,,,,,,,0.0,,0.413,0.061,,6.35,,0.236,,,0.0,,,0.0,26.8,,,0.049,,,,2.77,,,0.018,0.761,,0.133,0.0,,0.008,,0.009,,0.0,0.032,,0.044,,,0.011,,0.003,,0.008,,0.02,,0.007,,,762.0,,,,110.0,,,,,,,,0.22,0.812,0.019,0.896,,2.98,0.313,8.3,0.189,3.19,0.045,,0.02,,0.009,0.632,,0.518,,0.331,,,,1670.0,,,,,,,,,0.107,0.848,,0.179,,,0.0,,,,,,,,,,,,,30.7,,,,,1.5,,,,,,,,,,,,,39.7,,2.49,,,,,
cheese,407,325148,"American cheese, pasteurized process, KROGER DELUXE (MI) - CY090XY - other",2019-04-01,,,,,,,4.59,,,,,,,,540.0,,,,,,,,,,,,,,0.13,,,,,,,,,,,,,,,,,,,,,,,,,,,,,,,,,,,0.2,,,,,,,,,,,,,,,,,,,,,,,,,,23.1,,,0.044,,,,2.93,,,,,,,,,,,,,,,,,,,,,,,,,,,,,,376.0,,,,140.0,,,,,,,,,,,,,,,,,,,,,,,,,,,,,,,1270.0,,,,,,,,,,,,,,,,,,,,,,,,,,,,29.8,,,,,,,,,,,,,,,,,,39.3,,2.57,,,,,
cheese,408,325153,"American cheese, pasteurized process, GREAT VALUE DELUXE  (AL) - CY090Y1 - other",2019-04-01,,,,,,,,,,,,,,,497.0,,,,,,,,,,,,,,0.055,,,,,,,,,,,,,,,,,,,,,,,,,,,,,,,,,,,0.15,,,,,,,,,,,,,,,,,,,,,,,,,,24.6,,,0.037,,,,,,,,,,,,,,,,,,,,,,,,,,,,,,,,,,343.0,,,,204.0,,,,,,,,,,,,,,,,,,,,,,,,,,,,,,,1760.0,,,,,,,,,,,,,,,,,,,,,,,,,,,,,,,,,,,,,,,,,,,,,,,,2.22,,,,,
cheese,409,325157,"American cheese, pasteurized process, LUCERNE DELUXE SLICES (CA1) - CY090Y2 - other",2019-04-01,,,,,,,,,,,,,,,1390.0,,,,,,,,,,,,,,0.06,,,,,,,,,,,,,,,,,,,,,,,,,,,,,,,,,,,1.03,,,,,,,,,,,,,,,,,,,,,,,,,,27.9,,,0.066,,,,,,,,,,,,,,,,,,,,,,,,,,,,,,,,,,729.0,,,,148.0,,,,,,,,,,,,,,,,,,,,,,,,,,,,,,,1520.0,,,,,,,,,,,,,,,,,,,,,,,,,,,,,,,,,,,,,,,,,,,,,,,,2.5,,,,,
cheese,410,325161,"American cheese, pasteurized process,, HAVILY CHEESE COMPANY (MO) - CY090Y4 - other",2019-04-01,,,,,,,,,,,,,,,494.0,,,,,,,,,,,,,,0.03,,,,,,,,,,,,,,,,,,,,,,,,,,,,,,,,,,,0.23,,,,,,,,,,,,,,,,,,,,,,,,,,23.9,,,0.026,,,,,,,,,,,,,,,,,,,,,,,,,,,,,,,,,,338.0,,,,201.0,,,,,,,,,,,,,,,,,,,,,,,,,,,,,,,1800.0,,,,,,,,,,,,,,,,,,,,,,,,,,,,,,,,,,,,,,,,,,,,,,,,2.21,,,,,
cheese,411,325164,"American cheese, pasteurized process, mixed store brand (FL,NY) - CY090XX - other",2019-04-01,,,,,,,7.04,,,,,,,,,,,,,,,,,,,,,,,,,,,,,,,,,,,,,,,,,,,,,,,,,,,,,,,,,,,,,,,,,,,,,0.0,,0.419,0.064,,6.21,,0.229,,,0.0,,,0.003,,,,,,,,2.7,,,0.019,0.759,,0.156,0.003,,0.008,,0.008,,0.002,0.03,,0.041,,,0.014,,0.006,,0.007,,0.023,,0.009,,,,,,,,,,,,,,,,0.805,0.018,0.912,,2.98,0.313,8.14,0.191,3.0,0.063,,0.022,,0.009,0.586,,0.504,,0.331,,,,,,,,,,,,,0.103,0.807,,0.198,,,0.0,,,,,,,,,,,,,30.1,,,,,,,,,,,,,,,,,,39.2,,,,,,,
cheese,412,325169,"American cheese, pasteurized process, SUNNYSIDE FARMS (CA2) - CY090Y3 - other",2019-04-01,,,,,,,,,,,,,,,492.0,,,,,,,,,,,,,,0.025,,,,,,,,,,,,,,,,,,,,,,,,,,,,,,,,,,,0.13,,,,,,,,,,,,,,,,,,,,,,,,,,24.3,,,0.026,,,,,,,,,,,,,,,,,,,,,,,,,,,,,,,,,,339.0,,,,197.0,,,,,,,,,,,,,,,,,,,,,,,,,,,,,,,1860.0,,,,,,,,,,,,,,,,,,,,,,,,,,,,,,,,,,,,,,,,,,,,,,,,2.21,,,,,
cheese,413,325173,"American cheese, pasteurized process, LUCERNE DELUXE SLICES (CO) - CY090Y5 - other",2019-04-01,,,,,,,,,,,,,,,1260.0,,,,,,,,,,,,,,0.025,,,,,,,,,,,,,,,,,,,,,,,,,,,,,,,,,,,0.83,,,,,,,,,,,,,,,,,,,,,,,,,,25.5,,,0.046,,,,,,,,,,,,,,,,,,,,,,,,,,,,,,,,,,661.0,,,,110.0,,,,,,,,,,,,,,,,,,,,,,,,,,,,,,,1530.0,,,,,,,,,,,,,,,,,,,,,,,,,,,,,,,,,,,,,,,,,,,,,,,,2.25,,,,,
cheese,414,325177,"American cheese, pasteurized process, SHOP RITE SINGLES (CT) - CY090Y6 - other",2019-04-01,,,,,,,,,,,,,,,545.0,,,,,,,,,,,,,,0.037,,,,,,,,,,,,,,,,,,,,,,,,,,,,,,,,,,,0.16,,,,,,,,,,,,,,,,,,,,,,,,,,22.9,,,0.019,,,,,,,,,,,,,,,,,,,,,,,,,,,,,,,,,,360.0,,,,138.0,,,,,,,,,,,,,,,,,,,,,,,,,,,,,,,1700.0,,,,,,,,,,,,,,,,,,,,,,,,,,,,,,,,,,,,,,,,,,,,,,,,2.45,,,,,
cheese,415,325181,"American cheese, pasteurized process, BEST CHOICE DELUXE (OK) - CY090YA - other",2019-04-01,,,,,,,,,,,,,,,489.0,,,,,,,,,,,,,,0.036,,,,,,,,,,,,,,,,,,,,,,,,,,,,,,,,,,,0.21,,,,,,,,,,,,,,,,,,,,,,,,,,24.5,,,0.028,,,,,,,,,,,,,,,,,,,,,,,,,,,,,,,,,,338.0,,,,212.0,,,,,,,,,,,,,,,,,,,,,,,,,,,,,,,1770.0,,,,,,,,,,,,,,,,,,,,,,,,,,,,,,,,,,,,,,,,,,,,,,,,2.16,,,,,
cheese,416,325186,"American cheese, pasteurized process, HYVEE DELUXE SLICED (MO) - CY090Y8 - other",2019-04-01,,,,,,,,,,,,,,,508.0,,,,,,,,,,,,,,0.063,,,,,,,,,,,,,,,,,,,,,,,,,,,,,,,,,,,0.14,,,,,,,,,,,,,,,,,,,,,,,,,,24.4,,,0.028,,,,,,,,,,,,,,,,,,,,,,,,,,,,,,,,,,340.0,,,,196.0,,,,,,,,,,,,,,,,,,,,,,,,,,,,,,,1890.0,,,,,,,,,,,,,,,,,,,,,,,,,,,,,,,,,,,,,,,,,,,,,,,,2.2,,,,,
cheese,417,325190,"American cheese, pasteurized process, PUBLIX DELUXE (FL) - CY090Y7 - other",2019-04-01,,,,,,,,,,,,,,,947.0,,,,,,,,,,,,,,0.029,,,,,,,,,,,,,,,,,,,,,,,,,,,,,,,,,,,0.55,,,,,,,,,,,,,,,,,,,,,,,,,,23.7,,,0.048,,,,,,,,,,,,,,,,,,,,,,,,,,,,,,,,,,571.0,,,,112.0,,,,,,,,,,,,,,,,,,,,,,,,,,,,,,,1570.0,,,,,,,,,,,,,,,,,,,,,,,,,,,,,,,,,,,,,,,,,,,,,,,,2.35,,,,,
cheese,418,325194,"American cheese, pasteurized process, TROPICAL DELUXE AMERICAN CHEESE (NY) - CY090Y9 - other",2019-04-01,,,,,,,,,,,,,,,479.0,,,,,,,,,,,,,,0.025,,,,,,,,,,,,,,,,,,,,,,,,,,,,,,,,,,,0.25,,,,,,,,,,,,,,,,,,,,,,,,,,24.3,,,0.027,,,,,,,,,,,,,,,,,,,,,,,,,,,,,,,,,,336.0,,,,205.0,,,,,,,,,,,,,,,,,,,,,,,,,,,,,,,1740.0,,,,,,,,,,,,,,,,,,,,,,,,,,,,,,,,,,,,,,,,,,,,,,,,2.1,,,,,
cheese,484,325993,"Cheese, swiss, slices, SARGENTO ULTRA THIN (FL) 18c-16-04",2019-04-01,,,,,,,2.89,,,,,,,,876.0,,,,,,,,,,,,,,0.049,,,,,,,,,,,,,,,,,,,,,,,,,,,,,,,,,,,0.14,,,,,,,,,,,,0.0,,0.501,0.06,,6.3,,0.06,,,0.002,,,0.0,32.4,,,0.032,,,,4.22,,,0.17,0.717,,0.125,0.001,0.003,0.0,,0.007,,0.002,0.03,0.0,0.044,,,0.008,,0.003,,0.006,,0.017,,0.0,,,560.0,,,,60.0,,,,,,,,,0.745,0.0,0.857,,2.92,0.301,8.23,0.186,3.02,0.042,,0.014,,0.009,0.667,,0.53,,0.319,,,,158.0,,,,,,,,,0.1,0.744,,0.198,,,0.0,,,,,,,,,,,,,31.0,,,,,,,,,,,,,,,,,,38.0,,4.4,,,,,
cheese,485,325998,"Cheese, swiss, slices, SARGENTO ULTRA THIN (MI, OK) 18c-16-06",2019-04-01,,,,,,,2.91,,,,,,,,932.0,,,,,,,,,,,,,,0.05,,,,,,,,,,,,,,,,,,,,,,,,,,,,,,,,,,,0.16,,,,,,,,,,,,0.0,,0.501,0.061,,6.34,,0.06,,,0.002,,,0.0,35.2,,,0.024,,,,4.31,,,0.168,0.73,,0.112,0.0,0.0,0.0,,0.006,,0.001,0.032,0.0,0.046,,,0.008,,0.002,,0.008,,0.016,,0.0,,,594.0,,,,75.0,,,,,,,,,0.758,0.0,0.874,,2.94,0.311,8.18,0.188,3.11,0.042,,0.013,,0.009,0.67,,0.532,,0.322,,,,179.0,,,,,,,,,0.102,0.775,,0.197,,,0.0,,,,,,,,,,,,,31.4,,,,,,,,,,,,,,,,,,37.8,,4.57,,,,,
cheese,486,326004,"Cheese, swiss, slices, SARGENTO ULTRA THIN (AL, CA1) 18c-16-02",2019-04-01,,,,,,,2.89,,,,,,,,884.0,,,,,,,,,,,,,,0.044,,,,,,,,,,,,,,,,,,,,,,,,,,,,,,,,,,,0.14,,,,,,,,,,,,0.0,,0.514,0.064,,6.38,,0.058,,,0.001,,,0.0,33.4,,,0.032,,,,4.23,,,0.173,0.704,,0.135,0.001,0.003,0.0,,0.006,,0.002,0.029,0.0,0.041,,,0.009,,0.003,,0.006,,0.02,,0.0,,,573.0,,,,61.0,,,,,,,,,0.761,0.0,0.875,,2.98,0.292,8.37,0.189,3.06,0.043,,0.014,,0.009,0.683,,0.544,,0.327,,,,181.0,,,,,,,,,0.102,0.727,,0.18,,,0.0,,,,,,,,,,,,,30.9,,,,,,,,,,,,,,,,,,38.0,,4.37,,,,,
cheese,487,326010,"Cheese, swiss, slices, SARGENTO ULTRA THIN (CO, CT) 18c-16-05",2019-04-01,,,,,,,3.06,,,,,,,,906.0,,,,,,94.0,,,,,,,,0.04,,,,,,,,,,,,,,,,,,,,,,,,,,,,,,,,,,,0.19,,,,,,,,,,,,0.0,,0.496,0.063,,6.35,,0.058,,,0.002,,,0.0,34.2,,,0.034,,,0.05,4.15,,,0.163,0.73,,0.121,0.002,0.003,0.0,,0.006,,0.002,0.033,0.0,0.047,,,0.009,,0.002,,0.007,,0.018,,0.0,,,579.0,,,,68.0,,,,,,,,0.3,0.75,0.0,0.857,,2.9,0.307,8.19,0.189,3.22,0.042,,0.012,,0.008,0.652,,0.526,,0.321,,32.5,,199.0,,,,,,,,,0.102,0.755,,0.194,,,0.0,0.01,,0.0,0.0,0.08,0.14,0.0,0.0,0.0,,,,30.85,,,,,3.5,0.065,,,,,,,,0.65,,,,37.6,,4.48,,,,,
cheese,488,326024,"Cheese, swiss, slices, store brand, FOOD LION & AMERICAN CHOICE (NY, NC) 18c-17-06",2019-04-01,,,,,,,3.18,,,,,,,,907.0,,,,,,,,,,,,,,0.037,,,,,,,,,,,,,,,,,,,,,,,,,,,,,,,,,,,0.13,,,,,,,,,,,,0.0,,0.49,0.061,,6.46,,0.057,,,0.003,,,0.0,34.7,,,0.03,,,,4.12,,,0.171,0.756,,0.119,0.0,0.003,0.0,,0.007,,0.002,0.032,0.0,0.044,,,0.008,,0.003,,0.007,,0.017,,0.0,,,580.0,,,,82.0,,,,,,,,,0.777,0.0,0.891,,2.93,0.301,8.21,0.19,3.3,0.044,,0.014,,0.008,0.682,,0.544,,0.332,,,,248.0,,,,,,,,,0.105,0.8,,0.206,,,0.0,,,,,,,,,,,,,30.7,,,,,,,,,,,,,,,,,,37.9,,4.36,,,,,
cheese,489,326030,"Cheese, swiss, slices, SARGENTO ULTRA THIN (CA2, NC) 18c-16-03",2019-04-01,,,,,,,2.83,,,,,,,,860.0,,,0.0,58.0,,93.0,,,,,,,,0.041,,2.0,,,,,,,,,,,,,,,,,,,8.0,0.0,0.0,,,0.0,,,,,,,,,0.13,,0.0,,,,7.0,0.0,,,,,0.0,,0.414,0.068,,6.38,,0.065,,,0.002,,,0.002,32.1,,0.0,0.022,,,0.03,4.28,,,0.178,0.7,,0.139,0.003,0.004,0.004,,0.006,,0.004,0.031,0.0,0.049,,,0.01,,0.003,,0.007,,0.019,,0.0,0.35,,559.0,,,,66.0,,,,,,,308.0,0.32,0.771,0.0,0.88,,2.96,0.316,8.22,0.195,3.11,0.046,,0.016,,0.009,0.676,,0.533,,0.328,,28.9,,154.0,,,,,,0.0,,,0.107,0.746,,0.186,,,0.0,0.01,,0.0,0.0,0.1,0.18,0.0,0.0,0.0,,,,31.0,,,,,2.3,0.071,,,,0.0,0.0,,,0.61,0.0,7.0,1.5,37.15,,4.25,,,,,
cheese,490,326051,"Cheese, swiss, slices, store brand, PIGGLY WIGGLY (AL, CA1) 18c-17-02",2019-04-01,,,,,,,3.06,,,,,,,,910.0,,,,,,,,,,,,,,0.05,,,,,,,,,,,,,,,,,,,,,,,,,,,,,,,,,,,0.11,,,,,,,,,,,,0.0,,0.435,0.055,,5.79,,0.056,,,0.002,,,0.0,34.5,,,0.029,,,,4.33,,,0.124,0.741,,0.125,0.001,0.003,0.0,,0.006,,0.002,0.034,0.0,0.042,,,0.01,,0.002,,0.006,,0.019,,0.0,,,583.0,,,,69.0,,,,,,,,,0.768,0.0,0.854,,2.76,0.288,8.48,0.178,3.28,0.041,,0.015,,0.009,0.734,,0.569,,0.315,,,,161.0,,,,,,,,,0.091,0.665,,0.186,,,0.0,,,,,,,,,,,,,30.3,,,,,,,,,,,,,,,,,,38.0,,4.42,,,,,
cheese,491,326057,"Cheese, swiss, slices, SARGENTO ULTRA THIN (IN, NY) 18c-16-01",2019-04-01,,,,,,,2.99,,,,,0.1,,,860.0,,,1.0,56.0,,91.0,3.3,0.0,0.1,6.0,4.4,13.8,,0.042,,2.0,,,,,,,,,,,,,,,,,,,,0.0,0.0,,,0.0,,,,,,,,,0.14,,0.0,,,,7.0,2.0,,,,,0.0,,0.42,0.066,,6.42,,0.065,,,0.002,,,0.0,32.4,,0.0,0.024,,,0.022,4.25,,,0.183,0.71,,0.13,0.003,0.003,0.004,,0.007,,0.003,0.03,0.0,0.049,,,0.01,,0.003,,0.007,,0.02,,0.0,0.35,,557.0,,,,56.0,,,,,,,318.0,0.31,0.764,0.0,0.866,,2.96,0.311,8.32,0.191,3.12,0.045,,0.015,,0.009,0.638,,0.52,,0.322,,31.0,,175.0,,,,,,0.0,,,0.108,0.787,,0.189,,,0.0,0.01,,0.0,0.0,0.06,0.11,0.0,0.0,0.0,,,,30.35,,,,,2.4,0.066,,,,,,,,0.69,,,,37.5,,4.29,,,,,
cheese,492,326076,"Cheese, swiss, slices, store brand, SHOP RITE & GREAT VALUE (CT, OK) 18c-17-04",2019-04-01,,,,,,,3.03,,,,,,,,861.0,,,,,,,,,,,,,,0.044,,,,,,,,,,,,,,,,,,,,,,,,,,,,,,,,,,,0.12,,,,,,,,,,,,0.0,,0.412,0.063,,6.45,,0.066,,,0.002,,,0.0,32.1,,,0.021,,,,4.12,,,0.161,0.736,,0.116,0.004,0.004,0.004,,0.007,,0.004,0.034,0.0,0.051,,,0.009,,0.002,,0.009,,0.017,,0.0,,,563.0,,,,75.0,,,,,,,,,0.842,0.0,0.96,,3.06,0.32,8.5,0.194,3.28,0.045,,0.014,,0.009,0.724,,0.585,,0.358,,,,204.0,,,,,,,,,0.106,0.76,,0.196,,,0.0,,,,,,,,,,,,,32.1,,,,,,,,,,,,,,,,,,38.2,,4.26,,,,,
cheese,493,326082,"Cheese, swiss, slices, store brand, KROGER (IN, MI) 18c-17-01",2019-04-01,,,,,,,3.16,,,,,,,,899.0,,,1.0,70.0,,90.0,,,,,,,,0.048,,2.0,,,,,,,,,,,,,,,,,,,,0.0,0.0,,,0.0,,,,,,,,,0.1,,0.0,,,,12.0,0.0,,,,,0.0,,0.37,0.063,,6.18,,0.059,,,0.002,,,0.0,33.2,,0.0,0.016,,,0.12,4.44,,,0.133,0.7,,0.154,0.003,0.003,0.004,,0.007,,0.005,0.033,0.0,0.051,,,0.014,,0.001,,0.007,,0.022,,0.0,0.38,,593.0,,,,96.0,,,,,,,226.0,0.3,0.748,0.0,0.853,,2.78,0.31,8.32,0.192,2.8,0.043,,0.017,,0.01,0.607,,0.498,,0.309,,29.6,,246.0,,,,,,0.0,,,0.094,0.006,,0.155,,,0.0,0.02,,0.0,0.0,0.11,0.13,0.0,0.0,0.0,,,,29.65,,,,,2.7,0.077,,,,,,,,0.35,,,,37.25,,4.32,,,,,
cheese,494,326100,"Cheese, swiss, slices, store brand, HYVEE & PUBLIX (FL, MO) 18c-17-05",2019-04-01,,,,,,,2.81,,,,,,,,938.0,,,,,,96.0,,,,,,,,0.076,,,,,,,,,,,,,,,,,,,,,,,,,,,,,,,,,,,0.12,,,,,,,,,,,,0.0,,0.492,0.062,,6.56,,0.058,,,0.001,,,0.0,34.6,,,0.025,,,0.08,4.26,,,0.154,0.771,,0.116,0.0,0.0,0.0,,0.007,,0.001,0.034,0.0,0.045,,,0.008,,0.002,,0.006,,0.017,,0.0,,,589.0,,,,70.0,,,,,,,,0.3,0.741,0.0,0.839,,2.84,0.288,8.47,0.187,3.44,0.044,,0.014,,0.007,0.691,,0.546,,0.326,,29.7,,144.0,,,,,,,,,0.101,0.805,,0.207,,,0.0,0.007,,0.0,0.0,0.1,0.11,0.0,0.0,0.0,,,,31.55,,,,,3.9,0.074,,,,,,,,0.57,,,,36.8,,4.58,,,,,
cheese,495,326114,"Cheese, swiss, slices, store brand, LUCERNE (CA2, CO) 18c-17-03",2019-04-01,,,,,,,2.81,,,,,,,,842.0,,,1.0,57.0,,96.0,,,,,,,,0.043,,2.0,,,,,,,,,,,,,,,,,,,11.0,0.0,0.0,,,0.0,,,,,,,,,0.12,,0.0,,,,6.0,0.0,,,,,0.0,,0.526,0.065,,6.81,,0.06,,,0.002,,,0.0,31.5,,0.0,0.029,,,0.06,4.03,,,0.175,0.782,,0.109,0.001,0.0,0.0,,0.007,,0.002,0.035,0.0,0.048,,,0.008,,0.003,,0.01,,0.016,,0.0,0.33,,553.0,,,,71.0,,,,,,,297.0,0.29,0.772,0.0,0.881,,3.03,0.32,8.62,0.194,3.47,0.046,,0.014,,0.009,0.724,,0.564,,0.335,,28.9,,170.0,,,,,,0.0,,,0.108,0.831,,0.201,,,0.0,0.007,,0.12,0.0,0.0,0.1,0.0,0.0,0.0,,,,31.950000000000003,,,,,3.3,0.07,,,,0.0,0.0,,,0.75,0.0,5.7,1.3,37.5,,4.17,,,,,
cheese,590,327924,"Cheddar cheese, sliced, CRACKER BARREL (NY,NC) - CY120I5",2019-04-01,,,,,,,3.64,,,,,,,,659.0,,,,,,,,,,,,,,0.028,,,,,,,,,,,,,,,,,,,,,,,,,,,,,,,,,,,0.18,,,,,,,,,,,,0.0,,0.467,0.075,,7.2,,0.061,,,0.0,,,0.0,24.8,,,0.026,,,,3.65,,,0.183,0.777,,0.164,0.0,0.004,0.0,,0.008,,0.0,0.035,0.0,0.041,,,0.012,,0.0,,0.006,,0.023,,0.0,,,435.0,,,,86.0,,,,,,,,,0.881,0.0,0.998,,3.36,0.352,9.4,0.225,3.48,0.054,,0.014,,0.009,0.717,,0.0,,0.372,,,,608.0,,,,,,,,,0.115,0.875,,0.255,,,0.0,,,,,,,,,,,,,35.9,,,,,,,,,,,,,,,,,,34.8,,3.54,,,,,
cheese,591,327936,"Cheddar cheese, sliced, TILLAMOOK (CO,CA1) - CY120I3",2019-04-01,,,,,,,3.72,,,,,,,,747.0,,,,,,,,,,,,,,0.039,,,,,,,,,,,,,,,,,,,,,,,,,,,,,,,,,,,0.13,,,,,,,,,,,,0.0,,0.372,0.062,,6.37,,0.069,,,0.002,,,0.0,27.9,,,0.028,,,,3.85,,,0.121,0.781,,0.11,0.003,0.003,0.0,,0.007,,0.001,0.042,0.0,0.054,,,0.01,,0.0,,0.01,,0.018,,0.002,,,492.0,,,,77.0,,,,,,,,,0.951,0.0,1.09,,3.36,0.39,9.15,0.222,3.61,0.052,,0.014,,0.01,0.685,,0.609,,0.385,,,,686.0,,,,,,,,,0.117,0.772,,0.21,,,0.0,,,,,,,,,,,,,36.2,,,,,,,,,,,,,,,,,,33.0,,3.81,,,,,
cheese,592,327948,"Cheddar cheese, sliced, CRACKER BARREL (FL,MO) - CY120I7",2019-04-01,,,,,,,3.59,,,,,,,,673.0,,,,,,,,,,,,,,0.025,,,,,,,,,,,,,,,,,,,,,,,,,,,,,,,,,,,0.14,,,,,,,,,,,,0.0,,0.453,0.074,,6.73,,0.064,,,0.003,,,0.0,26.9,,,0.021,,,,3.44,,,0.175,0.736,,0.165,0.0,0.004,0.0,,0.007,,0.002,0.033,0.0,0.048,,,0.015,,0.002,,0.007,,0.024,,0.003,,,426.0,,,,89.0,,,,,,,,,0.881,0.0,1.02,,3.33,0.352,9.23,0.214,3.24,0.052,,0.014,,0.01,0.686,,0.598,,0.375,,,,650.0,,,,,,,,,0.107,0.77,,0.246,,,0.0,,,,,,,,,,,,,37.6,,,,,,,,,,,,,,,,,,35.7,,3.29,,,,,
cheese,593,327960,"Cheddar cheese, sliced, CRACKER BARREL (AL,CT) - CY120I6",2019-04-01,,,,,,,3.51,,,,,,,,661.0,,,,,,106.0,,,,,,,,0.037,,,,,,,,,,,,,,,,,,,,,,,,,,,,,,,,,,,0.11,,,,,,,,,,,,0.0,,0.439,0.076,,7.48,,0.072,,,0.002,,,0.0,24.4,,,0.027,,,0.05,3.55,,,0.182,0.825,,0.161,0.0,0.004,0.0,,0.008,,0.002,0.04,0.0,0.051,,,0.014,,0.0,,0.009,,0.023,,0.001,,,446.0,,,,74.0,,,,,,,,0.47,0.862,0.0,0.99,,3.29,0.346,9.27,0.231,3.83,0.059,,0.016,,0.01,0.711,,0.591,,0.364,,23.3,,640.0,,,,,,,,,0.121,0.917,,0.269,,,0.0,0.03,,0.0,0.0,0.08,0.0,0.0,0.0,0.0,,,,36.6,,,,,0.92,0.078,,,,,,,,0.76,,,,35.7,,3.66,,,,,
cheese,594,327980,"Cheddar cheese, sliced, CRACKER BARREL (MI) - CY120I8",2019-04-01,,,,,,,3.53,,,,,,,,646.0,,,,,,104.0,,,,,,,,0.038,,,,,,,,,,,,,,,,,,,,,18.0,,,,,,,,,,,,,,0.17,,,,,,,,,,,,0.0,,0.468,0.076,,7.25,,0.06,,,0.0,,,0.0,23.7,,,0.028,,,0.03,3.58,,,0.185,0.788,,0.171,0.0,0.004,0.0,,0.008,,0.0,0.034,0.0,0.054,,,0.016,,0.001,,0.007,,0.024,,0.0,0.46,,423.0,,,,73.0,,,,,,,,0.49,0.899,0.0,1.02,,3.38,0.352,9.34,0.226,3.53,0.056,,0.014,,0.01,0.717,,0.607,,0.377,,24.4,,619.0,,,,,,,,,0.117,0.889,,0.273,,,0.0,0.03,,0.0,0.0,0.05,0.0,0.0,0.0,0.0,,,,36.0,,,,,1.2,0.08,,,,,,,,0.7,,,,36.3,,3.57,,,,,
cheese,595,327998,"Cheddar cheese, sliced, SARGENTO SHARP  (NY) - CY120I9",2019-04-01,,,,,,,3.77,,,,,,,,715.0,,,,,,,,,,,,,,0.039,,,,,,,,,,,,,,,,,,,,,,,,,,,,,,,,,,,0.16,,,,,,,,,,,,0.0,,0.319,0.048,,6.065,,0.0535,,,0.001,,,0.0,25.6,,,0.026,,,,4.01,,,0.1555,0.751,,0.0905,0.0015,0.003,0.0,,0.007,,0.001,0.0335,0.0,0.0455,,,0.006,,0.0015,,0.008,,0.0125,,0.0,,,481.0,,,,58.0,,,,,,,,,0.8525,0.0,0.9245,,2.855,0.2865,7.865,0.161,3.425,0.0414999999999999,,0.0124999999999999,,0.0069999999999999,0.709,,0.6,,0.3695,,,,640.0,,,,,,,,,0.0854999999999999,0.7845,,0.1995,,,0.0,,,,,,,,,,,,,33.6,,,,,,,,,,,,,,,,,,34.7,,3.85,,,,,
cheese,596,328008,"Cheddar cheese, sliced, SARGENTO NATURAL SHARP CHEDDAR DELI STYLE (CA2,IN) - CY120IB",2019-04-01,,,,,,,3.42,,,,,,,,701.0,,,,,,,,,,,,,,0.031,,,,,,,,,,,,,,,,,,,,,,,,,,,,,,,,,,,0.17,,,,,,,,,,,,0.0,,0.437,0.069,,6.73,,0.057,,,0.0,,,0.0,27.1,,,0.024,,,,3.57,,,0.185,0.738,,0.158,0.0,0.003,0.0,,0.007,,0.0,0.033,0.0,0.048,,,0.013,,0.0,,0.006,,0.02,,0.002,,,442.0,,,,94.0,,,,,,,,,0.802,0.0,0.917,,3.1,0.328,8.76,0.206,3.2,0.048,,0.011,,0.008,0.645,,0.545,,0.338,,,,587.0,,,,,,,,,0.109,0.836,,0.248,,,0.0,,,,,,,,,,,,,33.7,,,,,,,,,,,,,,,,,,38.2,,3.69,,,,,
cheese,597,328020,"Cheddar cheese, sliced, TILLAMOOK (CA2,IN) - CY120I4",2019-04-01,,,,,,,3.74,,,,,,,,728.0,,,,,,104.0,,,,,,,,0.029,,,,,,,,,,,,,,,,,,,,,14.0,0.0,0.07,,,0.0,,,,,,,,,0.14,,0.18,,,,,,,,,,0.0,,0.373,0.061,,6.32,,0.071,,,0.003,,,0.0,27.5,,0.0,0.024,,,0.05,3.84,,,0.186,0.704,,0.148,0.0,0.004,0.002,,0.007,,0.002,0.034,0.0,0.045,,,0.012,,0.006,,0.007,,0.022,,0.002,0.46,,484.0,,,,94.0,,,,,,,356.0,0.55,0.95,0.0,1.08,,3.34,0.346,9.02,0.208,3.63,0.058,,0.016,,0.011,0.697,,0.636,,0.403,,22.7,,636.0,,,,,,0.0,,,0.124,0.821,,0.227,,,0.0,0.03,,0.0,0.0,0.04,0.0,0.0,0.0,0.0,,,,37.3,,,,,0.85,0.074,,,,,,,,0.76,0.0,8.6,2.3,32.8,,3.72,,,,,
cheese,598,328045,"Cheddar cheese, sliced, storebrand, KROGER (IN,MI) - CY120ID",2019-04-01,,,,,,,3.44,,,,,,,,673.0,,,,,,,,,,,,,,0.037,,,,,,,,,,,,,,,,,,,,,,,,,,,,,,,,,,,0.2,,,,,,,,,,,,0.0,,0.461,0.069,,6.4,,0.061,,,0.001,,,0.0,25.0,,,0.058,,,,3.77,,,0.162,0.691,,0.157,0.0,0.004,0.001,,0.007,,0.003,0.031,0.0,0.045,,,0.012,,0.0,,0.007,,0.024,,0.001,,,467.0,,,,77.0,,,,,,,,,0.898,0.0,1.04,,3.3,0.347,9.18,0.211,3.01,0.047,,0.012,,0.008,0.679,,0.593,,0.375,,,,644.0,,,,,,,,,0.102,0.727,,0.231,,,0.0,,,,,,,,,,,,,34.6,,,,,,,,,,,,,,,,,,34.9,,3.85,,,,,
cheese,599,328057,"Cheddar cheese, sliced, store brand, CRYSTAL FARMS & SHULLSBURG WISCONSIN (MO,NY) - CY120IF",2019-04-01,,,,,,,3.68,,,,,,,,695.0,,,,,,,,,,,,,,0.045,,,,,,,,,,,,,,,,,,,,,,,,,,,,,,,,,,,0.18,,,,,,,,,,,,0.0,,0.4205,0.062,,6.235,,0.0595,,,0.001,,,0.0,26.7,,,0.036,,,,3.77,,,0.1684999999999999,0.679,,0.1594999999999999,0.0025,0.004,0.0,,0.0065,,0.004,0.0289999999999999,0.0,0.046,,,0.0125,,0.0015,,0.006,,0.0225,,0.0,,,467.0,,,,73.0,,,,,,,,,0.8045,0.0,0.916,,3.035,0.3145,8.36,0.1935,3.065,0.045,,0.015,,0.0095,0.6379999999999999,,0.5389999999999999,,0.3365,,,,619.0,,,,,,,,,0.0975,0.7205,,0.22,,,0.0,,,,,,,,,,,,,33.4,,,,,,,,,,,,,,,,,,35.1,,3.82,,,,,
cheese,600,328070,"Cheddar cheese, sliced, SARGENTO SHARP  (AL,CA1) - CY120IA",2019-04-01,,,,,,,3.66,,,,,,,,729.0,,,,,,99.0,,,,,,,,0.035,,,,,,,,,,,,,,,,,,,,,30.0,0.0,0.07,,,0.0,,,,,,,,,0.13,,0.18,,,,,,,,,,0.0,,0.339,0.053,,6.5,,0.057,,,0.002,,,0.0,27.2,,0.0,0.018,,,0.04,3.87,,,0.165,0.776,,0.089,0.0,0.003,0.0,,0.007,,0.002,0.036,0.0,0.047,,,0.012,,0.001,,0.01,,0.014,,0.0,0.48,,460.0,,,,70.0,,,,,,,249.0,0.41,0.833,0.0,0.937,,2.96,0.302,8.37,0.182,3.66,0.048,,0.012,,0.008,0.679,,0.575,,0.358,,28.5,,650.0,,,,,,0.0,,,0.097,0.845,,0.225,,,0.0,0.02,,0.0,0.0,0.07,0.0,0.0,0.0,0.0,,,,33.7,,,,,0.88,0.076,,,,,,,,0.77,,,,35.8,,3.69,,,,,
cheese,601,328094,"Cheddar cheese, sliced, SARGENTO SHARP  (CT,MI) - CY120IC",2019-04-01,,,,,,,3.72,,,,,,,,728.0,,,,,,98.0,,,,,,,,0.039,,,,,,,,,,,,,,,,,,,,,,,,,,,,,,,,,,,0.14,,,,,,,,,,,,0.0,,0.356,0.051,,6.57,,0.064,,,0.002,,,0.0,28.2,,,0.019,,,0.03,3.84,,,0.162,0.807,,0.089,0.002,0.003,0.0,,0.007,,0.003,0.037,0.0,0.053,,,0.008,,0.002,,0.008,,0.014,,0.0,,,459.0,,,,76.0,,,,,,,,0.47,0.85,0.0,0.949,,2.99,0.305,8.47,0.183,3.73,0.048,,0.015,,0.009,0.671,,0.566,,0.354,,29.5,,671.0,,,,,,,,,0.098,0.844,,0.213,,,0.0,0.03,,0.0,0.0,0.06,0.0,0.0,0.0,0.0,,,,33.3,,,,,0.78,0.068,,,,,,,,0.79,,,,37.0,,3.78,,,,,
cheese,602,328114,"Cheddar cheese, sliced, store brand, SUNNYSIDE FARMS DELI STYLE SLICED MEDIUM (CA2) - CY120IH",2019-04-01,,,,,,,3.65,,,,,,,,702.0,,,,,,,,,,,,,,0.029,,,,,,,,,,,,,,,,,,,,,,,,,,,,,,,,,,,0.23,,,,,,,,,,,,0.0,,0.35,0.049,,6.42,,0.058,,,0.0,,,0.0,27.4,,,0.023,,,,3.7,,,0.151,0.824,,0.085,0.0,0.003,0.0,,0.007,,0.0,0.041,0.0,0.054,,,0.008,,0.0,,0.01,,0.013,,0.0,,,451.0,,,,66.0,,,,,,,,,0.966,0.0,1.09,,3.17,0.344,8.76,0.189,3.77,0.046,,0.011,,0.007,0.674,,0.607,,0.396,,,,682.0,,,,,,,,,0.093,0.876,,0.215,,,0.0,,,,,,,,,,,,,34.9,,,,,,,,,,,,,,,,,,36.4,,3.7,,,,,
cheese,603,328122,"Cheddar cheese, sliced, store brand, HYVEE CRACKER CUTS & PUBLIX (FL,MO) - CY120IJ",2019-04-01,,,,,,,3.69,,,,,,,,705.0,,,,,,,,,,,,,,0.032,,,,,,,,,,,,,,,,,,,,,,,,,,,,,,,,,,,0.12,,,,,,,,,,,,0.0,,0.448,0.065,,6.28,,0.058,,,0.0,,,0.0,25.9,,,0.023,,,,3.82,,,0.177,0.637,,0.117,0.0,0.004,0.0,,0.005,,0.0,0.03,0.0,0.047,,,0.01,,0.003,,0.007,,0.017,,0.0,,,471.0,,,,71.0,,,,,,,,,0.803,0.0,0.931,,3.11,0.335,8.97,0.197,2.95,0.047,,0.012,,0.008,0.662,,0.554,,0.341,,,,662.0,,,,,,,,,0.108,0.744,,0.237,,,0.0,,,,,,,,,,,,,32.9,,,,,,,,,,,,,,,,,,37.1,,3.76,,,,,
cheese,604,328130,"Cheddar cheese, sliced, store brand, LUCERNE SLICED SHARP CHEDDAR NATURAL CHEESE (CO,CA1) - CY120IE",2019-04-01,,,,,,,3.76,,,,,,,,702.0,,,,,,97.0,,,,,,,,0.034,,,,,,,,,,,,,,,,,,,,,24.0,,,,,,,,,,,,,,0.15,,,,,,,,,,,,0.0,,0.316,0.051,,6.42,,0.052,,,0.0,,,0.0,27.0,,,0.018,,,0.04,3.78,,,0.17,0.803,,0.091,0.0,0.003,0.0,,0.007,,0.0,0.037,0.0,0.055,,,0.007,,0.003,,0.01,,0.013,,0.0,0.48,,450.0,,,,78.0,,,,,,,,0.33,0.894,0.0,0.991,,3.02,0.301,8.1,0.185,3.68,0.049,,0.014,,0.009,0.652,,0.575,,0.369,,28.8,,648.0,,,,,,,,,0.097,0.849,,0.225,,,0.0,0.03,,0.0,0.0,0.06,0.0,0.0,0.0,0.0,,,,32.8,,,,,0.93,0.084,,,,,,,,0.74,0.0,8.6,2.4,37.1,,3.56,,,,,
cheese,605,328153,"Cheddar cheese, sliced, store brand, GREAT VALUE DELI STYLE SLICED SHARP  (AL,OK) - CY120IG",2019-04-01,,,,,,,3.79,,,,,,,,710.0,,,,,,97.0,,,,,,,,0.035,,,,,,,,,,,,,,,,,,,,,,,,,,,,,,,,,,,0.22,,,,,,,,,,,,0.0,,0.346,0.054,,6.14,,0.055,,,0.001,,,0.0,29.8,,,0.033,,,0.08,3.78,,,0.16,0.764,,0.096,0.0,0.003,0.0,,0.006,,0.002,0.037,0.0,0.05,,,0.007,,0.002,,0.01,,0.015,,0.0,0.47,,472.0,,,,81.0,,,,,,,266.0,0.44,0.857,0.0,0.982,,2.92,0.341,8.01,0.185,3.24,0.044,,0.011,,0.008,0.648,,0.565,,0.36,,33.1,,699.0,,,,,,,,,0.095,0.783,,0.208,,,0.0,0.03,,0.0,0.0,0.04,0.0,0.0,0.0,0.0,,,,33.5,,,,,1.2,0.072,,,,,,,,0.94,,,,35.1,,3.77,,,,,
cheese,606,328175,"Cheddar cheese, sliced, store brand, PUBLIX & SHOPRITE (CT,FL) - CY120II",2019-04-01,,,,,,,3.84,,,,,,,,735.0,,,,,,99.0,,,,,,,,0.034,,,,,,,,,,,,,,,,,,,,,,,,,,,,,,,,,,,0.13,,,,,,,,,,,,0.0,,0.492,0.066,,6.52,,0.06,,,0.002,,,0.0,26.9,,,0.019,,,0.04,3.98,,,0.198,0.607,,0.107,0.002,0.004,0.0,,0.006,,0.005,0.03,0.0,0.046,,,0.01,,0.004,,0.007,,0.02,,0.001,,,469.0,,,,85.0,,,,,,,,0.34,0.764,0.0,0.891,,3.1,0.317,9.27,0.189,2.96,0.044,,0.012,,0.009,0.655,,0.534,,0.325,,24.4,,693.0,,,,,,,,,0.113,0.785,,0.241,,,0.0,0.03,,0.0,0.0,0.06,0.0,0.0,0.0,0.0,,,,32.9,,,,,0.93,0.078,,,,,,,,0.74,,,,35.2,,3.93,,,,,
cheese,607,328191,"Cheddar cheese, sliced, store brand, FOOD LION (NC) - CY120IK",2019-04-01,,,,,,,3.83,,,,,,,,708.0,,,,,,101.0,,,,,,,,0.034,,,,,,,,,,,,,,,,,,,,,,,,,,,,,,,,,,,0.28,,,,,,,,,,,,0.0,,0.387,0.061,,6.37,,0.062,,,0.0,,,0.0,26.2,,,0.023,,,0.03,3.86,,,0.191,0.727,,0.17,0.0,0.004,0.0,,0.007,,0.0,0.032,0.0,0.051,,,0.015,,0.004,,0.007,,0.024,,0.0,0.52,,461.0,,,,79.0,,,,,,,,0.48,0.859,0.0,0.975,,3.19,0.33,8.4,0.2,3.3,0.051,,0.013,,0.01,0.644,,0.56,,0.354,,26.3,,674.0,,,,,,,,,0.109,0.815,,0.24,,,0.0,0.03,,0.0,0.0,0.0,0.0,0.0,0.0,0.0,,,,33.3,,,,,0.86,0.087,,,,,,,,0.78,,,,36.0,,3.79,,,,,
cheese,608,328208,"Cheese, cheddar, natural shredded sharp, store brand, GREAT VALUE (CA1, NE) -  CY121GY",2019-04-01,,,,,,,3.9,,,,,,,,668.0,,,,,,98.0,,,,,,,,0.018,,,,,,,,,,,,,,,,,,,,,,,,,,,,,,,,,,,0.13,,,,,,,,,,,,0.0,,0.368,0.054,,6.54,,0.067,,,0.002,,,0.002,27.0,,,0.03,,,0.05,3.46,,,0.159,0.86,,0.098,0.003,0.0,0.001,,0.007,,0.0,0.041,0.0,0.059,,,0.01,,0.002,,0.01,,0.017,,0.003,0.45,,446.0,,,,68.0,,,,,,,,0.37,0.823,0.0,0.922,,2.86,0.314,8.78,0.186,3.5,0.048,,0.015,,0.009,0.635,,0.535,,0.339,,27.7,,743.0,,,,,,,,,0.098,0.842,,0.206,,,0.0,0.03,,,,,,,,,,,,33.1,,,,,1.3,0.059,,,,,,,,,0.0,7.9,2.6,36.5,,3.56,,,,,
cheese,609,328227,"Cheese, cheddar, natural shredded mild, KRAFT (KY, NE, NC) -  CY121GM",2019-04-01,,,,,,,3.45,,,,,,,,722.0,,,,,,95.0,,,,,,,,0.033,,,,,,,,,,,,,,,,,,,,,,,,,,,,,,,,,,,0.18,,,,,,,,,,,,0.0,,0.43,0.062,,6.18,,0.066,,,0.002,,,0.0,25.2,,,0.034,,,0.09,3.54,,,0.153,0.654,,0.101,0.002,0.003,0.0,,0.007,,0.0,0.034,0.0,0.049,,,0.01,,0.002,,0.007,,0.016,,0.0,0.38,,447.0,,,,62.0,,,,,,,309.0,0.39,0.842,0.0,0.973,,3.12,0.324,8.94,0.194,3.04,0.049,,0.015,,0.01,0.623,,0.539,,0.344,,30.3,,575.0,,,,,,,,,0.094,0.674,,0.192,,,0.0,0.02,,0.0,0.0,0.0,0.0,0.0,0.0,0.0,,,,32.7,,,,,1.1,0.066,,,,,,,,0.66,0.0,8.6,2.2,38.1,,3.72,,,,,
cheese,610,328248,"Cheese, cheddar, natural shredded sharp, KRAFT (AZ, IN , GA) -  CY121GU",2019-04-01,,,,,,,3.87,,,,,,,,752.0,,,,,,103.0,,,,,,,,0.03,,,,,,,,,,,,,,,,,,,,,,,,,,,,,,,,,,,0.17,,,,,,,,,,,,0.0,,0.477,0.07,,6.73,,0.067,,,0.0,,,0.0,26.2,,,0.03,,,0.04,3.49,,,0.173,0.723,,0.124,0.003,0.004,0.002,,0.007,,0.0,0.034,0.0,0.051,,,0.011,,0.002,,0.007,,0.02,,0.002,0.48,,458.0,,,,84.0,,,,,,,,0.41,0.81,0.0,0.944,,3.2,0.336,9.2,0.205,3.22,0.048,,0.017,,0.009,0.615,,0.53,,0.328,,24.8,,636.0,,,,,,,,,0.111,0.808,,0.239,,,0.0,0.03,,,,,,,,,,,,34.1,,,,,1.2,0.065,,,,,,,,,,,,36.2,,3.71,,,,,
cheese,611,328266,"Cheese, cheddar, natural shredded sharp, store brand (AZ, GA, NC, PA) -  CY121GX",2019-04-01,,,,,,,3.8,,,,,,,,708.0,,,,,,99.0,,,,,,,,0.027,,,,,,,,,,,,,,,,,,,,,,,,,,,,,,,,,,,0.13,,,,,,,,,,,,0.0,,0.384,0.055,,6.44,,0.063,,,0.002,,,0.0,26.3,,,0.022,,,0.03,3.51,,,0.175,0.795,,0.093,0.003,0.003,0.0,,0.007,,0.0,0.034,0.0,0.051,,,0.008,,0.002,,0.009,,0.015,,0.0,0.39,,445.0,,,,78.0,,,,,,,,0.42,0.826,0.0,0.928,,2.94,0.303,8.3,0.178,3.34,0.044,,0.015,,0.007,0.626,,0.533,,0.34,,28.5,,657.0,,,,,,,,,0.101,0.868,,0.22,,,0.0,0.03,,,,,,,,,,,,32.7,,,,,0.78,0.083,,,,,,,,,0.0,8.8,2.0,36.7,,3.55,,,,,
cheese,612,328286,"Cheese, cheddar, natural shredded sharp, store brand, sKROGER (CA2, KY, TX) -  CY121GW",2019-04-01,,,,,,,3.73,,,,,,,,744.0,,,,,,97.0,,,,,,,,0.04,,,,,,,,,,,,,,,,,,,,,,,,,,0.3,,,,,,,,,0.16,,,,,,,,,,,,0.0,,0.422,0.065,,6.14,,0.063,,,0.002,,,0.001,25.4,,,0.043,,,0.05,3.62,,,0.149,0.64,,0.133,0.004,0.0,0.0,,0.007,,0.002,0.033,0.0,0.046,,,0.014,,0.002,,0.007,,0.022,,0.003,0.42,,459.0,,,,68.0,,,,,,,,0.38,0.833,0.0,0.968,,3.15,0.328,8.63,0.201,3.05,0.048,,0.016,,0.009,0.612,,0.532,,0.34,,20.1,,599.0,,,,,,,,,0.098,0.688,,0.204,,,0.0,0.03,,,,,,,,,,,,32.9,,,,,0.87,0.061,,,,,,,,,,,,35.6,,3.73,,,,,
cheese,613,328305,"Cheese, cheddar, natural shredded sharp, KRAFT (KY, NE, NC) -  CY121GT",2019-04-01,,,,,,,3.58,,,,,,,,720.0,,,,,,104.0,,,,,,,,0.038,,,,,,,,,,,,,,,,,,,,,,,,,,,,,,,,,,,0.14,,,,,,,,,,,,0.0,,0.486,0.07,,7.15,,0.073,,,0.0,,,0.0,25.2,,,0.031,,,0.03,3.42,,,0.169,0.798,,0.133,0.004,0.004,0.002,,0.008,,0.0,0.036,0.0,0.055,,,0.011,,0.002,,0.007,,0.021,,0.002,0.41,,445.0,,,,92.0,,,,,,,374.0,0.4,0.841,0.0,0.965,,3.2,0.324,9.33,0.206,3.44,0.052,,0.017,,0.009,0.678,,0.564,,0.341,,21.0,,615.0,,,,,,,,,0.108,0.837,,0.23,,,0.0,0.03,,,,,,,,,,,,35.1,,,,,1.1,0.054,,,,,,,,,0.0,13.0,3.2,36.2,,3.58,,,,,
cheese,614,328326,"Cheese, cheddar, natural shredded mild, KRAFT (PA, IA) -  CY121GL",2019-04-01,,,,,,,3.78,,,,,,,,742.0,,,,,,,,,,,,,,0.018,,,,,,,,,,,,,,,,,,,,,,,,,,,,,,,,,,,0.23,,,,,,,,,,,,,,,,,,,,,,,,,,30.3,,,0.024,,,,3.37,,,,,,,,,,,,,,,,,,,,,,,,,,,,,,450.0,,,,80.0,,,,,,,,,,,,,,,,,,,,,,,,,,,,,,,647.0,,,,,,,,,,,,,,,,,,,,,,,,,,,,33.6,,,,,,,,,,,,,,,,,,37.0,,3.25,,,,,
cheese,615,328335,"Cheese, cheddar, natural shredded mild, store brand  (GA, IA, PA) -  CY121GO",2019-04-01,,,,,,,3.72,,,,,,,,,,,,,,,,,,,,,,,,,,,,,,,,,,,,,,,,,,,,,,,,,,,,,,,,,,,,,,,,,,,,,0.0,,0.395,0.057,,6.91,,0.066,,,0.002,,,0.001,,,,,,,,3.64,,,0.157,0.895,,0.106,0.004,0.004,0.006,,0.008,,0.001,0.039,0.0,0.052,,,0.009,,0.003,,0.01,,0.016,,0.002,,,,,,,,,,,,,,,,0.808,0.0,0.924,,2.95,0.313,8.66,0.186,3.72,0.049,,0.019,,0.008,0.635,,0.532,,0.339,,,,,,,,,,,,,0.099,0.881,,0.248,,,0.0,,,,,,,,,,,,,33.7,,,,,,,,,,,,,,,,,,37.6,,,,,,,
cheese,616,328344,"Cheese, cheddar, natural shredded sharp, KRAFT (PA, CA1, IA, TX) -  CY121GS",2019-04-01,,,,,,,3.71,,,,,,,,761.0,,,,,,,,,,,,,,0.035,,,,,,,,,,,,,,,,,,,,,,,,,,,,,,,,,,,0.2,,,,,,,,,,,,,,,,,,,,,,,,,,25.4,,,0.032,,,,3.53,,,,,,,,,,,,,,,,,,,,,,,,,,,,,,467.0,,,,72.0,,,,,,,,,,,,,,,,,,,,,,,,,,,,,,,628.0,,,,,,,,,,,,,,,,,,,,,,,,,,,,34.6,,,,,,,,,,,,,,,,,,36.0,,3.69,,,,,
cheese,617,328351,"Cheese, cheddar, natural shredded sharp, store brand (IA, IN, NJ) -  CY121GV",2019-04-01,,,,,,,3.59,,,,,,,,,,,,,,,,,,,,,,,,,,,,,,,,,,,,,,,,,,,,,,,,,,,,,,,,,,,,,,,,,,,,,0.0,,0.4,0.057,,6.54,,0.064,,,0.002,,,0.001,,,,,,,,3.45,,,0.166,0.912,,0.096,0.004,0.003,0.005,,0.007,,0.001,0.038,0.0,0.05,,,0.009,,0.002,,0.01,,0.015,,0.002,,,,,,,,,,,,,,,,0.836,0.0,0.958,,2.97,0.309,8.62,0.188,3.47,0.047,,0.018,,0.008,0.625,,0.538,,0.346,,,,,,,,,,,,,0.1,0.895,,0.232,,,0.0,,,,,,,,,,,,,33.9,,,,,,,,,,,,,,,,,,36.3,,,,,,,
cheese,618,328358,"Cheese, cheddar, natural shredded mild, KRAFT (IN, GA) -  CY121GN",2019-04-01,,,,,,,3.61,,,,,,,,728.0,,,,,,98.0,,,,,,,,0.033,,,,,,,,,,,,,,,,,,,,,,,,,,,,,,,,,,,0.17,,,,,,,,,,,,0.0,,0.422,0.063,,6.13,,0.06,,,0.001,,,0.002,25.0,,,0.037,,,0.06,3.51,,,0.15,0.605,,0.121,0.003,0.0,0.0,,0.006,,0.002,0.031,0.0,0.051,,,0.012,,0.003,,0.008,,0.018,,0.002,0.4,,447.0,,,,67.0,,,,,,,,0.66,0.792,0.0,0.917,,3.02,0.326,8.7,0.194,3.03,0.049,,0.017,,0.011,0.617,,0.521,,0.329,,27.2,,607.0,,,,,,,,,0.097,0.683,,0.194,,,0.0,0.03,,,,,,,,,,,,32.5,,,,,1.0,0.055,,,,,,,,,,,,38.2,,3.6,,,,,
cheese,619,328376,"Cheese, cheddar, natural shredded mild, store brand, GREAT VALUE (CA1, KY, NE) -  CY121GP",2019-04-01,,,,,,,,,,,,,,,641.0,,,,,,95.0,,,,,,,,0.018,,,,,,,,,,,,,,,,,,,,,,,,,,,,,,,,,,,0.12,,,,,,,,,,,,0.0,,0.393,0.055,,6.38,,0.064,,,0.002,,,0.0,26.8,,,0.02,,,0.09,,,,0.155,0.79,,0.092,0.003,0.003,0.0,,0.007,,0.0,0.035,0.0,0.051,,,0.008,,0.002,,0.008,,0.015,,0.0,0.35,,420.0,,,,80.0,,,,,,,,0.4,0.775,0.0,0.882,,2.84,0.313,8.32,0.18,3.18,0.043,,0.014,,0.007,0.605,,0.506,,0.322,,32.8,,702.0,,,,,,,,,0.094,0.75,,0.203,,,0.0,0.03,,,,,,,,,,,,,,,,,1.0,0.076,,,,,,,,,0.0,9.5,2.3,,,3.36,,,,,
cheese,620,328394,"Cheese, cheddar, natural shredded mild, white, store brand (AZ, IN, NJ, NC) -  CY121GQ",2019-04-01,,,,,,,3.7,,,,,,,,755.0,,,,,,95.0,,,,,,,,0.018,,,,,,,,,,,,,,,,,,,,,,,,,,,,,,,,,,,0.13,,,,,,,,,,,,0.0,,0.386,0.057,,6.4,,0.066,,,0.002,,,0.0,28.1,,,0.027,,,0.06,3.56,,,0.153,0.832,,0.103,0.003,0.003,0.0,,0.007,,0.0,0.037,0.0,0.055,,,0.009,,0.002,,0.01,,0.016,,0.002,0.57,,462.0,,,,82.0,,,,,,,,0.36,0.765,0.0,0.871,,2.83,0.303,8.36,0.184,3.37,0.047,,0.015,,0.007,0.594,,0.503,,0.308,,29.5,,623.0,,,,,,,,,0.095,0.786,,0.197,,,0.0,0.03,,,,,,,,,,,,32.1,,,,,0.87,0.06,,,,,,,,,,,,37.2,,3.68,,,,,
cheese,621,328413,"Cheese, cheddar, natural shredded mild, store brand, sKROGER (CA2, TX) -  CY121GR",2019-04-01,,,,,,,3.7,,,,,,,,760.0,,,,,,99.0,,,,,,,,0.027,,,,,,,,,,,,,,,,,,,,,,,,,,,,,,,,,,,0.11,,,,,,,,,,,,0.0,,0.379,0.055,,6.5,,0.066,,,0.002,,,0.001,27.2,,,0.022,,,0.09,3.59,,,0.162,0.869,,0.102,0.003,0.003,0.001,,0.007,,0.0,0.04,0.0,0.056,,,0.009,,0.003,,0.01,,0.017,,0.002,0.58,,469.0,,,,72.0,,,,,,,,0.39,0.875,0.0,0.984,,3.01,0.313,8.6,0.186,3.57,0.05,,0.015,,0.008,0.656,,0.564,,0.363,,31.9,,615.0,,,,,,,,,0.102,0.848,,0.203,,,0.0,0.03,,0.0,0.0,0.0,0.0,0.0,0.0,0.0,,,,32.8,,,,,0.85,0.063,,,,,,,,0.65,,,,36.5,,3.66,,,,,
cheese,622,328432,"Cheese, cheddar, mild, block/chunk KRAFT (PA, CA1, VA) -  CY121GZ",2019-04-01,,,,,,,3.69,,,,,,,,680.0,,,,,,,,,,,,,,0.05,,,,,,,,,,,,,,,,,,,,,,,,,,,,,,,,,,,0.11,,,,,,,,,,,,0.0,,0.374,0.051,,6.66,,0.066,,,0.0,,,0.0,27.7,,,0.023,,,,3.42,,,0.159,0.845,,0.094,0.003,0.003,0.0,,0.007,,0.0,0.038,0.0,0.056,,,0.008,,0.002,,0.009,,0.014,,0.002,,,450.0,,,,83.0,,,,,,,,,0.8,0.0,0.905,,2.93,0.305,8.41,0.183,3.6,0.049,,0.016,,0.009,0.642,,0.533,,0.327,,,,725.0,,,,,,,,,0.096,0.826,,0.209,,,0.0,,,,,,,,,,,,,33.1,,,,,,,,,,,,,,,,,,39.9,,3.46,,,,,
cheese,623,328442,"Cheese, cheddar, sharp, block/chunk KRAFT (PA, CA1, IA) -  CY121H6",2019-04-01,,,,,,,3.74,,,,,,,,,,,,,,,,,,,,,,,,,,,,,,,,,,,,,,,,,,,,,,,,,,,,,,,,,,,,,,,,,,,,,0.0,,0.51,0.066,,6.68,,0.07,,,0.0,,,0.0,,,,,,,,3.61,,,0.18,0.758,,0.099,0.003,0.004,0.0,,0.007,,0.0,0.034,0.0,0.053,,,0.008,,0.002,,0.009,,0.017,,0.0,,,,,,,,,,,,,,,,0.884,0.0,1.04,,3.37,0.362,9.67,0.208,3.16,0.046,,0.014,,0.009,0.655,,0.565,,0.351,,29.9,,,,,,,,,,,0.115,0.819,,0.228,,,0.0,0.03,,,,,,,,,,,,35.0,,,,,1.4,0.071,,,,,,,,,,,,36.4,,,,,,,
cheese,624,328454,"Cheese, cheddar, mild, block/chunk KRAFT (IN, GA, TX) -  CY121H1",2019-04-01,,,,,,,3.44,,,,,,,,701.0,,,,,,103.0,,,,,,,,0.032,,,,,,,,,,,,,,,,,,,,,,,,,,,,,,,,,,,0.11,,,,,,,,,,,,0.0,,0.424,0.057,,6.9,,0.071,,,0.0,,,0.0,27.0,,,0.021,,,0.07,3.61,,,0.165,0.824,,0.09,0.003,0.002,0.0,,0.008,,0.0,0.039,0.0,0.057,,,0.008,,0.002,,0.01,,0.015,,0.003,0.28,,459.0,,,,74.0,,,,,,,,0.41,0.894,0.0,1.01,,3.19,0.327,9.2,0.196,3.69,0.054,,0.017,,0.009,0.678,,0.579,,0.361,,32.9,,671.0,,,,,,,,,0.101,0.84,,0.211,,,0.0,0.03,,,,,,,,,,,,34.9,,,,,1.1,0.051,,,,,,,,,,,,37.2,,3.75,,,,,
cheese,625,328472,"Cheese, cheddar, mild, block/chunk, store brand, GREAT VALUE (CA1, KY, NE) -  CY121H3",2019-04-01,,,,,,,3.69,,,,,,,,678.0,,,,,,103.0,,,,,,,,0.028,,,,,,,,,,,,,,,,,,,,,,,,,,,,,,,,,,,0.14,,0.1,,,,,,,,,,0.0,,0.399,0.056,,6.85,,0.062,,,0.0,,,0.0,30.5,,,0.022,,,0.04,3.51,,,0.174,0.879,,0.092,0.003,0.004,0.0,,0.008,,0.0,0.037,0.0,0.057,,,0.008,,0.002,,0.01,,0.015,,0.0,0.31,,453.0,,,,86.0,,,,,,,,0.47,0.779,0.0,0.889,,2.89,0.319,8.25,0.184,3.48,0.042,,0.014,,0.007,0.633,,0.523,,0.319,,32.7,,673.0,,,,,,,,,0.098,0.87,,0.23,,,0.0,0.03,,,,,,,,,,,,33.5,,,,,1.3,0.068,,,,,,,,,0.0,10.8,2.6,39.2,,3.44,,,,,
cheese,626,328490,"Cheese, cheddar, mild, block/chunk, store brand  (AZ, IN, GA) -  CY121H5",2019-04-01,,,,,,,3.7,,,,,,,,699.0,,,,,,101.0,,,,,,,,0.036,,,,,,,,,,,,,,,,,,,,,,,,,,,,,,,,,,,0.12,,,,,,,,,,,,0.0,,0.371,0.06,,7.05,,0.067,,,0.002,,,0.001,29.5,,,0.02,,,0.09,3.55,,,0.179,0.916,,0.1,0.003,0.0,0.0,,0.008,,0.002,0.038,0.0,0.058,,,0.009,,0.003,,0.012,,0.017,,0.002,0.3,,465.0,,,,78.0,,,,,,,,0.4,0.807,0.0,0.913,,2.91,0.319,8.27,0.19,3.64,0.051,,0.016,,0.009,0.661,,0.546,,0.342,,33.0,,689.0,,,,,,,,,0.106,0.917,,0.227,,,0.0,0.03,,0.0,0.0,0.0,0.0,0.0,0.0,0.0,,,,34.8,,,,,1.2,0.053,,,,,,,,0.79,,,,38.0,,3.62,,,,,
cheese,627,328508,"Cheese, cheddar, mild, block/chunk KRAFT (KY, NE, NC) -  CY121H0",2019-04-01,,,,,,,3.65,,,,,,,,669.0,,,,,,99.0,,,,,,,,0.03,,,,,,,,,,,,,,,,,,,,,,,,,,,,,,,,,,,0.16,,,,,,,,,,,,0.0,,0.366,0.054,,6.6,,0.068,,,0.001,,,0.002,27.2,,,0.023,,,0.06,3.53,,,0.155,0.79,,0.092,0.003,0.0,0.0,,0.008,,0.001,0.039,0.0,0.055,,,0.008,,0.003,,0.01,,0.016,,0.002,0.31,,448.0,,,,75.0,,,,,,,261.0,0.48,0.824,0.0,0.944,,2.96,0.309,8.46,0.188,3.63,0.051,,0.018,,0.01,0.64,,0.539,,0.338,,32.8,,668.0,,,,,,,,,0.1,0.809,,0.209,,,0.0,0.03,,0.0,0.0,0.0,0.0,0.0,0.0,0.0,,,,33.0,,,,,1.4,0.063,,,,,,,,0.71,0.0,7.6,2.1,38.8,,3.55,,,,,
cheese,628,328529,"Cheese, cheddar, sharp, block/chunk KRAFT (IN, GA) -  CY121H8",2019-04-01,,,,,,,3.78,,,,,,,,711.0,,,,,,103.0,,,,,,,,0.0335,,,,,,,,,,,,,,,,,,,,,,,,,,,,,,,,,,,0.155,,,,,,,,,,,,0.0,,0.463,0.064,,6.28,,0.064,,,0.002,,,0.0,26.35,,,0.02,,,0.03,3.68,,,0.168,0.714,,0.102,0.003,0.003,0.0,,0.007,,0.0,0.035,0.0,0.051,,,0.009,,0.003,,0.008,,0.017,,0.0,0.34,,476.0,,,,77.5,,,,,,,,,0.883,0.0,1.03,,3.29,0.351,9.32,0.2,3.04,0.045,,0.014,,0.008,0.643,,0.559,,0.359,,,,690.0,,,,,,,,,0.11,0.783,,0.22,,,0.0,,,,,,,,,,,,,34.1,,,,,,,,,,,,,,,,,,37.0,,3.87,,,,,
cheese,629,328541,"Cheese, cheddar, mild, block/chunk, store brand   (NC, NJ, TX) -  CY121H2",2019-04-01,,,,,,,3.58,,,,,,,,,,,,,,,,,,,,,,,,,,,,,,,,,,,,,,,,,,,,,,,,,,,,,,,,,,,,,,,,,,,,,,,,,,,,,,,,,,,,,,,,,,3.58,,,,,,,,,,,,,,,,,,,,,,,,,,,,,,,,,,,,,,,,,,,,,,,,,,,,,,,,,,,,,,,,,,,,,,,,,,,,,,,,,,,,,,,,,,,,,33.6,,,,,,,,,,,,,,,,,,39.1,,,,,,,
cheese,630,328549,"Cheese, cheddar, sharp, block/chunk, store brand, KROGER (CA2, TX) -  CY121HE",2019-04-01,,,,,,,3.52,,,,,,,,718.0,,,,,,100.0,,,,,,,,0.037,,,,,,,,,,,,,,,,,,,,,,,,,,,,,,,,,,,0.17,,,,,,,,,,,,0.0,,0.419,0.063,,6.76,,0.062,,,0.002,,,0.001,26.8,,,0.041,,,0.06,3.77,,,0.178,0.753,,0.14,0.004,0.0,0.0,,0.007,,0.003,0.033,0.0,0.05,,,0.013,,0.002,,0.008,,0.022,,0.003,,,485.0,,,,77.0,,,,,,,,,0.827,0.0,0.958,,3.14,0.328,8.72,0.201,3.46,0.051,,0.016,,0.01,0.628,,0.532,,0.339,,23.3,,584.0,,,,,,,,,0.108,0.86,,0.223,,,0.0,,,,,,,,,,,,,33.1,,,,,,,,,,,,,,,,,,37.1,,3.98,,,,,
cheese,631,328559,"Cheese, cheddar, mild, block/chunk, store brand  (PA, CA2, IA) -  CY121H4",2019-04-01,,,,,,,,,,,,,,,,,,,,,,,,,,,,,,,,,,,,,,,,,,,,,,,,,,,,,,,,,,,,,,,,,,,,,,,,,,,,0.0,,0.387,0.06,,6.91,,0.064,,,0.002,,,0.001,,,,,,,,,,,0.16,0.912,,0.1,0.004,0.004,0.006,,0.007,,0.002,0.039,0.0,0.054,,,0.008,,0.002,,0.011,,0.016,,0.001,,,,,,,,,,,,,,,,0.785,0.0,0.898,,2.89,0.317,8.29,0.189,3.56,0.047,,0.017,,0.008,0.65,,0.533,,0.334,,,,,,,,,,,,,0.099,0.892,,0.258,,,0.0,,,,,,,,,,,,,,,,,,,,,,,,,,,,,,,,,,,,,,
cheese,632,328567,"Cheese, cheddar, sharp, block/chunk KRAFT (KY, NE) -  CY121H7",2019-04-01,,,,,,,3.45,,,,,,,,667.0,,,,,,104.0,,,,,,,,0.032,,,,,,,,,,,,,,,,,,,,,,,,,,,,,,,,,,,0.14,,,,,,,,,,,,0.0,,0.482,0.07,,6.52,,0.07,,,0.001,,,0.002,24.9,,,0.017,,,0.022,3.65,,,0.179,0.698,,0.108,0.003,0.0,0.0,,0.007,,0.001,0.037,0.0,0.053,,,0.011,,0.003,,0.008,,0.02,,0.003,0.35,,438.0,,,,75.0,,,,,,,397.0,0.48,0.809,0.0,0.946,,3.18,0.341,9.56,0.203,3.0,0.045,,0.016,,0.008,0.63,,0.525,,0.33,,35.1,,630.0,,,,,,,,,0.114,0.82,,0.238,,,0.0,0.03,,,,,,,,,,,,34.7,,,,,1.3,0.077,,,,,,,,,0.0,10.0,2.2,36.9,,3.77,,,,,
cheese,633,328585,"Cheese, cheddar, sharp, block/chunk, store brand (GA, IA, NJ) -  CY121HB",2019-04-01,,,,,,,,,,,,,,,747.0,,,,,,,,,,,,,,0.037,,,,,,,,,,,,,,,,,,,,,,,,,,,,,,,,,,,0.13,,,,,,,,,,,,0.0,,0.456,0.068,,6.82,,0.067,,,0.002,,,0.002,29.1,,,0.021,,,,,,,0.159,0.813,,0.123,0.005,0.004,0.007,,0.008,,0.002,0.036,0.0,0.051,,,0.01,,0.003,,0.01,,0.02,,0.002,,,486.0,,,,89.0,,,,,,,,,0.898,0.0,1.05,,3.38,0.362,9.46,0.211,3.38,0.049,,0.019,,0.009,0.678,,0.583,,0.371,,,,699.0,,,,,,,,,0.108,0.789,,0.233,,,0.0,,,,,,,,,,,,,,,,,,,,,,,,,,,,,,,,,3.65,,,,,
cheese,634,328594,"Cheese, cheddar, sharp, block/chunk, store brand (NC, PA) -  CY121HD",2019-04-01,,,,,,,3.77,,,,,,,,,,,,,,,,,,,,,,,,,,,,,,,,,,,,,,,,,,,,,,,,,,,,,,,,,,,,,,,,,,,,,0.0,,0.426,0.062,,6.7,,0.066,,,0.002,,,0.001,,,,,,,,3.64,,,0.159,0.827,,0.119,0.004,0.004,0.007,,0.008,,0.001,0.036,0.0,0.051,,,0.01,,0.002,,0.01,,0.019,,0.002,,,,,,,,,,,,,,,,0.836,0.0,0.97,,3.14,0.339,8.82,0.198,3.3,0.048,,0.018,,0.008,0.632,,0.541,,0.345,,,,,,,,,,,,,0.103,0.844,,0.25,,,0.0,,,,,,,,,,,,,34.2,,,,,,,,,,,,,,,,,,36.9,,,,,,,
cheese,635,328601,"Cheese, cheddar, sharp, block/chunk CABOT, SERIOUSLY SHARP (GA, NJ) -  CY121H9",2019-04-01,,,,,,,3.66,,,,,,,,712.0,,,,,,101.0,,,,,,,,0.038,,,,,,,,,,,,,,,,,,,,,,,,,,,,,,,,,,,0.16,,,,,,,,,,,,0.0,,0.473,0.065,,6.48,,0.068,,,0.004,,,0.002,25.2,,,0.021,,,0.04,3.86,,,0.182,0.582,,0.1,0.003,0.0,0.0,,0.006,,0.002,0.03,0.0,0.045,,,0.011,,0.005,,0.007,,0.019,,0.003,0.38,,482.0,,,,79.0,,,,,,,,0.56,0.802,0.0,0.934,,3.18,0.333,9.23,0.196,3.05,0.048,,0.016,,0.01,0.629,,0.529,,0.336,,30.8,,685.0,,,,,,,,,0.111,0.753,,0.217,,,0.0,0.02,,,,,,,,,,,,34.0,,,,,0.7,0.075,,,,,,,,,,,,36.0,,3.96,,,,,
cheese,636,328620,"Cheese, cheddar, sharp, block/chunk, store brand, GREAT VALUE (CA1, KY, NE) -  CY121HC",2019-04-01,,,,,,,3.84,,,,,,,,689.0,,,,,,99.0,,,,,,,,0.027,,,,,,,,,,,,,,,,,,,,,,,,,,,,,,,,,,,0.1,,,,,,,,,,,,0.0,,0.38,0.057,,6.9,,0.068,,,0.0,,,0.0,26.7,,,0.026,,,0.07,3.63,,,0.167,0.873,,0.104,0.004,0.003,0.0,,0.008,,0.0,0.041,0.0,0.058,,,0.009,,0.002,,0.009,,0.016,,0.0,0.35,,457.0,,,,77.0,,,,,,,,0.51,0.826,0.0,0.931,,2.96,0.301,8.55,0.189,3.78,0.053,,0.016,,0.009,0.64,,0.539,,0.335,,28.2,,732.0,,,,,,,,,0.099,0.871,,0.212,,,0.0,0.03,,,,,,,,,,,,33.6,,,,,1.7,0.076,,,,,,,,,0.0,8.8,2.6,37.8,,3.53,,,,,
cheese,637,328638,"Cottage cheese, 2% milkfat, BREAKSTONE (CT,NC) - CY120FR",2019-04-01,,,,,,,1.24,,,,,,,,120.0,,,,,,,,,,,,,,0.037,,,,,,,,,,,,,,,,,,,,,,,,,,,,,,,,,,,0.12,,,,,,,,,,,,0.0,,0.027,0.004,,0.382,,0.003,,,0.0,,,0.0,8.4,,,0.015,,,,1.42,,,0.01,0.041,,0.007,0.0,0.0,0.0,,0.0,,0.0,0.002,0.0,0.002,,,0.0,,0.0,,0.0,,0.0,,0.0,,,144.0,,,,112.0,,,,,,,,,0.057,0.0,0.058,,0.187,0.02,0.545,0.01,0.18,0.003,,0.0,,0.0,0.037,,0.031,,0.019,,,,270.0,,,,,,,,,0.005,0.049,,0.013,,,0.0,,,,,,,,,,,,,1.87,,,,,,,,,,,,,,,,,,81.9,,0.36,,,,,
cheese,638,328646,"Cottage cheese, 2% milkfat, BREAKSTONE (FL) - CY120FT",2019-04-01,,,,,,,1.29,,,,,,,,123.0,,,,,,,,,,,,,,0.044,,,,,,,,,,,,,,,,,,,,,,,,,,,,,,,,,,,0.17,,,,,,,,,,,,0.0,,0.026,0.003,,0.378,,0.003,,,0.0,,,0.0,9.1,,,0.015,,,,1.34,,,0.01,0.04,,0.007,0.0,0.0,0.0,,0.0,,0.0,0.003,0.0,0.002,,,0.001,,0.0,,0.0,,0.001,,0.0,,,141.0,,,,136.0,,,,,,,,,0.05,0.0,0.056,,0.187,0.02,0.536,0.01,0.183,0.002,,0.001,,0.0,0.036,,0.032,,0.02,,,,276.0,,,,,,,,,0.005,0.045,,0.014,,,0.0,,,,,,,,,,,,,2.2,,,,,,,,,,,,,,,,,,81.8,,0.39,,,,,
cheese,639,328652,"Cottage cheese, 2% milkfat, store brand/other brand, HY VEE & DAISY (CA2,MO) - CY120FP",2019-04-01,,,,,,,1.31,,,,,,,,76.0,,,,,,,,,,,,,,0.025,,,,,,,,,,,,,,,,,,,,,,,,,,,,,,,,,,,0.1,,,,,,,,,,,,0.0,,0.024,0.003,,0.434,,0.003,,,0.0,,,0.0,8.3,,,0.015,,,,1.9,,,0.009,0.054,,0.007,0.0,0.0,0.0,,0.0,,0.0,0.002,0.0,0.004,,,0.0,,0.0,,0.0,,0.0,,0.0,,,132.0,,,,108.0,,,,,,,,,0.062,0.0,0.063,,0.21,0.022,0.594,0.012,0.258,0.003,,0.0,,0.0,0.048,,0.036,,0.023,,,,351.0,,,,,,,,,0.006,0.05,,0.012,,,0.0,,,,,,,,,,,,,2.5,,,,,,,,,,,,,,,,,,80.9,,0.68,,,,,
cheese,640,328660,"Cottage cheese, 2% milkfat, DAISY (CA1,CO) - CY120FQ",2019-04-01,,,,,,,1.1,,,,,,,,76.0,,,,,,12.0,,,,,,,,0.025,,,,,,,,,,,,,,,,,,,,,13.0,0.0,0.16,,,0.0,,,,,,,,,0.13,,3.23,,,,,,,,,,0.0,,0.022,0.0,,0.445,,0.004,,,0.0,,,0.0,8.0,,0.0,0.015,,,0.06,1.97,,,0.01,0.054,,0.007,0.0,0.0,0.0,,0.0,,0.0,0.003,0.0,0.003,,,0.0,,0.0,,0.0,,0.001,,0.0,0.47,,134.0,,,,101.0,,,,,,,62.0,0.24,0.057,0.0,0.062,,0.202,0.021,0.58,0.011,0.263,0.003,,0.001,,0.001,0.04,,0.037,,0.023,,19.7,,360.0,,,,,,0.0,,,0.005,0.056,,0.014,,,0.0,0.02,,,,,,,,,,,,2.27,,,,,0.48,0.056,,,,,,,,,,,,81.0,,0.99,,,,,
cheese,641,328679,"Cottage cheese, 2% milkfat, BREAKSTONE (AL,IN) - CY120FS",2019-04-01,,,,,,,1.24,,,,,,,,133.0,,,,,,12.0,,,,,,,,0.072,,,,,,,,,,,,,,,,,,,,,,,,,,,,,,,,,,,0.14,,,,,,,,,,,,0.0,,0.027,0.004,,0.404,,0.002,,,0.0,,,0.0,9.2,,,0.015,,,0.09,1.43,,,0.009,0.043,,0.007,0.0,0.0,0.0,,0.0,,0.0,0.002,0.0,0.003,,,0.001,,0.0,,0.0,,0.001,,0.0,,,160.0,,,,121.0,,,,,,,,0.24,0.053,0.0,0.057,,0.193,0.021,0.564,0.009,0.198,0.003,,0.001,,0.001,0.038,,0.032,,0.02,,10.4,,277.0,,,,,,,,,0.004,0.048,,0.014,,,0.0,0.02,,0.0,0.0,0.0,0.0,0.0,0.0,0.0,,,,2.2,,,,,0.3,0.059,,,,,,,,0.08,,,,81.7,,0.43,,,,,
cheese,642,328695,"Cottage cheese, 2% milkfat, BREAKSTONE (MI,OK) - CY120FU",2019-04-01,,,,,,,1.23,,,,,,,,137.0,,,,,,12.0,,,,,,,,0.031,,,,,,,,,,,,,,,,,,,,,7.0,,,,,,,,,,,,,,0.21,,,,,,,,,,,,0.0,,0.027,0.004,,0.393,,0.002,,,0.0,,,0.0,9.5,,,0.015,,,0.09,1.42,,,0.01,0.039,,0.007,0.0,0.0,0.0,,0.0,,0.0,0.002,0.0,0.002,,,0.002,,0.0,,0.0,,0.0,,0.0,0.57,,158.0,,,,125.0,,,,,,,,0.24,0.063,0.0,0.062,,0.2,0.022,0.561,0.012,0.194,0.003,,0.0,,0.0,0.04,,0.034,,0.021,,9.9,,267.0,,,,,,,,,0.003,0.047,,0.013,,,0.0,0.02,,0.0,0.0,0.0,0.0,0.0,0.0,0.0,,,,2.08,,,,,0.45,0.058,,,,,,,,0.07,,,,81.6,,0.42,,,,,
cheese,643,328713,"Cottage cheese, 2% milkfat, store brand/other brand, KRAFT SIMPLY & MEADOW GOLD VIVA (AL,CO) - CY120FV",2019-04-01,,,,,,,1.29,,,,,,,,84.0,,,,,,,,,,,,,,0.025,,,,,,,,,,,,,,,,,,,,,,,,,,,,,,,,,,,0.1,,,,,,,,,,,,0.0,,0.023,0.004,,0.451,,0.003,,,0.0,,,0.0,10.8,,,0.015,,,,1.45,,,0.01,0.06,,0.007,0.0,0.0,0.0,,0.0,,0.0,0.002,0.0,0.004,,,0.0,,0.0,,0.0,,0.0,,0.0,,,148.0,,,,159.0,,,,,,,,,0.062,0.0,0.06,,0.201,0.021,0.565,0.012,0.257,0.002,,0.001,,0.0,0.049,,0.032,,0.023,,,,319.0,,,,,,,,,0.005,0.058,,0.014,,,0.0,,,,,,,,,,,,,2.55,,,,,,,,,,,,,,,,,,81.5,,0.38,,,,,
cheese,644,328721,"Cottage cheese, 2% milkfat, store brand/other brand, FRIENDSHIP & HORIZON ORGANIC (FL,IN) - CY120FY",2019-04-01,,,,,,,1.19,,,,,,,,103.0,,,,,,,,,,,,,,0.025,,,,,,,,,,,,,,,,,,,,,,,,,,,,,,,,,,,0.12,,,,,,,,,,,,0.0,,0.025,0.004,,0.404,,0.004,,,0.0,,,0.0,7.5,,,0.015,,,,2.08,,,0.009,0.042,,0.009,0.0,0.0,0.0,,0.0,,0.0,0.002,0.0,0.002,,,0.001,,0.0,,0.0,,0.001,,0.0,,,162.0,,,,91.0,,,,,,,,,0.059,0.0,0.063,,0.203,0.023,0.539,0.01,0.198,0.003,,0.001,,0.0,0.039,,0.033,,0.022,,,,305.0,,,,,,,,,0.004,0.046,,0.014,,,0.0,,,,,,,,,,,,,2.11,,,,,,,,,,,,,,,,,,80.4,,0.51,,,,,
cheese,645,328729,"Cottage cheese, 2% milkfat, store brand/other brand, FRIENDSHIP ALL NATURAL & HYVEE (MO,NY) - CY120G0",2019-04-01,,,,,,,1.23,,,,,,,,91.0,,,,,,,,,,,,,,0.025,,,,,,,,,,,,,,,,,,,,,,,,,,,,,,,,,,,0.15,,,,,,,,,,,,0.0,,0.024,0.004,,0.359,,0.003,,,0.0,,,0.0,8.7,,,0.015,,,,1.96,,,0.007,0.039,,0.006,0.0,0.0,0.0,,0.0,,0.0,0.003,0.0,0.003,,,0.0,,0.0,,0.0,,0.0,,0.0,,,153.0,,,,109.0,,,,,,,,,0.059,0.0,0.059,,0.187,0.022,0.534,0.01,0.203,0.003,,0.0,,0.0,0.035,,0.032,,0.02,,,,306.0,,,,,,,,,0.005,0.041,,0.01,,,0.0,,,,,,,,,,,,,2.26,,,,,,,,,,,,,,,,,,80.2,,0.51,,,,,
cheese,646,328736,"Cottage cheese, 2% milkfat, DAISY (MO,CT) - CY120FX",2019-04-01,,,,,,,1.06,,,,,,,,76.0,,,,,,13.0,,,,,,,,0.025,,,,,,,,,,,,,,,,,,,,,,,,,,,,,,,,,,,0.1,,,,,,,,,,,,0.0,,0.026,0.004,,0.511,,0.002,,,0.0,,,0.0,8.2,,,0.015,,,0.06,1.97,,,0.01,0.06,,0.007,0.0,0.0,0.0,,0.0,,0.0,0.004,0.0,0.005,,,0.0,,0.0,,0.0,,0.0,,0.0,,,134.0,,,,103.0,,,,,,,,0.19,0.075,0.0,0.074,,0.236,0.024,0.67,0.009,0.297,0.004,,0.0,,0.0,0.051,,0.042,,0.026,,17.3,,345.0,,,,,,,,,0.005,0.064,,0.014,,,0.0,0.02,,,,,,,,,,,,2.21,,,,,0.43,0.056,,,,,,,,,,,,80.30000000000001,,0.95,,,,,
cheese,647,328751,"Cottage cheese, 2% milkfat, KNUDSEN (CA1,CA2) - CY120FW",2019-04-01,,,,,,,1.32,,,,,,,,131.0,,,,,,12.0,,,,,,,,0.024,,,,,,,,,,,,,,,,,,,,,,0.0,0.07,,,0.0,,,,,,,,,0.14,,4.74,,,,,,,,,,0.0,,0.019,0.003,,0.379,,0.002,,,0.0,,,0.0,10.5,,0.0,0.015,,,0.12,1.45,,,0.009,0.055,,0.007,0.0,0.0,0.0,,0.0,,0.0,0.002,0.0,0.003,,,0.001,,0.0,,0.001,,0.002,,0.0,0.58,,142.0,,,,146.0,,,,,,,75.0,0.3,0.077,0.0,0.057,,0.177,0.018,0.48,0.009,0.214,0.002,,0.001,,0.001,0.036,,0.034,,0.085,,8.8,,331.0,,,,,,0.0,,,0.003,0.05,,0.011,,,0.0,0.02,,,,,,,,,,,,2.4,,,,,0.31,0.069,,,,,,,,,,,,80.6,,0.51,,,,,
cheese,648,328769,"Cottage cheese, 2% milkfat, DAISY (MI,NY) - CY120FZ",2019-04-01,,,,,,,1.22,,,,,,,,81.0,,,,,,13.0,,,,,,,,0.027,,,,,,,,,,,,,,,,,,,,,,,,,,,,,,,,,,,0.1,,,,,,,,,,,,0.0,,0.024,0.004,,0.447,,0.005,,,0.0,,,0.0,8.2,,,0.015,,,0.06,1.98,,,0.009,0.054,,0.007,0.0,0.0,0.0,,0.001,,0.0,0.003,0.0,0.003,,,0.001,,0.0,,0.001,,0.001,,0.0,0.47,,135.0,,,,103.0,,,,,,,,0.2,0.058,0.0,0.064,,0.21,0.023,0.6,0.011,0.262,0.004,,0.001,,0.001,0.033,,0.039,,0.024,,18.3,,346.0,,,,,,,,,0.005,0.052,,0.014,,,0.0,0.02,,,,,,,,,,,,2.23,,,,,0.39,0.056,,,,,,,,,,,,80.7,,1.04,,,,,
cheese,649,328785,"Cottage cheese, 2% milkfat, store brand/other brand, KING SOOPERS & KRAFT (CO,CT) - CY120G2",2019-04-01,,,,,,,1.26,,,,,,,,80.0,,,,,,,,,,,,,,0.025,,,,,,,,,,,,,,,,,,,,,,,,,,,,,,,,,,,0.1,,,,,,,,,,,,0.0,,0.026,0.004,,0.411,,0.004,,,0.0,,,0.0,9.9,,,0.015,,,,1.57,,,0.01,0.045,,0.006,0.0,0.0,0.0,,0.0,,0.0,0.002,0.0,0.003,,,0.001,,0.0,,0.001,,0.001,,0.0,,,140.0,,,,148.0,,,,,,,,,0.053,0.0,0.059,,0.193,0.021,0.554,0.01,0.234,0.003,,0.001,,0.0,0.034,,0.034,,0.021,,,,300.0,,,,,,,,,0.005,0.048,,0.014,,,0.0,,,,,,,,,,,,,2.19,,,,,,,,,,,,,,,,,,81.8,,0.38,,,,,
cheese,650,328793,"Cottage cheese, 2% milkfat, store brand/other brand, KROGER & SAFEWAY (CA1,MI) - CY120G1",2019-04-01,,,,,,,1.57,,,,,,,,168.0,,,,,,11.0,,,,,,,,0.025,,,,,,,,,,,,,,,,,,,,,,,,,,,,,,,,,,,0.1,,,,,,,,,,,,0.0,,0.029,0.004,,0.455,,0.003,,,0.0,,,0.0,8.6,,,0.015,,,0.12,1.72,,,0.01,0.05,,0.008,0.0,0.0,0.0,,0.0,,0.0,0.002,0.0,0.002,,,0.001,,0.0,,0.0,,0.001,,0.0,0.49,,175.0,,,,143.0,,,,,,,,0.26,0.066,0.0,0.071,,0.229,0.025,0.631,0.012,0.226,0.003,,0.001,,0.001,0.045,,0.039,,0.026,,12.4,,334.0,,,,,,,,,0.005,0.054,,0.016,,,0.0,0.02,,,,,,,,,,,,2.72,,,,,0.59,0.054,,,,,,,,,,,,81.6,,0.38,,,,,
cheese,651,328809,"Cottage cheese, 2% milkfat, DAISY (FL,IN) - CY120G3",2019-04-01,,,,,,,1.27,,,,,,,,96.0,,,,,,13.0,,,,,,,,0.031,,,,,,,,,,,,,,,,,,,,,,,,,,,,,,,,,,,0.2,,,,,,,,,,,,0.0,,0.023,0.004,,0.475,,0.003,,,0.0,,,0.0,9.7,,,0.015,,,0.06,1.98,,,0.009,0.065,,0.008,0.0,0.0,0.0,,0.0,,0.0,0.002,0.0,0.003,,,0.0,,0.0,,0.0,,0.0,,0.0,,,168.0,,,,124.0,,,,,,,,0.22,0.072,0.0,0.07,,0.22,0.024,0.619,0.009,0.265,0.003,,0.0,,0.0,0.043,,0.039,,0.024,,17.8,,420.0,,,,,,,,,0.005,0.063,,0.013,,,0.0,0.02,,,,,,,,,,,,2.31,,,,,0.32,0.055,,,,,,,,,,,,80.7,,1.19,,,,,
cheese,652,328824,"Cottage cheese, 2% milkfat, store brand/other brand, SUNNYSIDE FARMS & DAISY (CA2,NC) - CY120G4",2019-04-01,,,,,,,1.22,,,,,,,,79.0,,,,,,11.0,,,,,,,,0.025,,,,,,,,,,,,,,,,,,,,,,,,,,,,,,,,,,,0.11,,,,,,,,,,,,0.0,,0.0205,0.0035,,0.383,,0.003,,,0.0,,,0.0,8.2,,,0.015,,,0.15,1.97,,,0.0085,0.0475,,0.0065,0.0,0.0,0.0,,0.0,,0.0,0.0015,0.0,0.0025,,,0.0,,0.0,,0.0,,0.0,,0.0,0.47,,138.0,,,,99.0,,,,,,,,0.22,0.0515,0.0,0.0555,,0.177,0.019,0.509,0.0095,0.214,0.0025,,0.001,,0.0,0.0409999999999999,,0.032,,0.021,,16.9,,331.0,,,,,,,,,0.005,0.0455,,0.0115,,,0.0,0.02,,,,,,,,,,,,2.64,,,,,0.48,0.053,,,,,,,,,,,,81.6,,0.65,,,,,
cheese,653,328842,"Mozzarella cheese, low-moisture, part-skim, SARGENTO (MI) - CY120IO",2019-04-01,,,,,,,3.0,,,,,,,,743.0,,,,,,,,,,,,,,0.038,,,,,,,,,,,,,,,,,,,,,,,,,,,,,,,,,,,0.22,,,,,,,,,,,,0.0,,0.255,0.038,,4.07,,0.036,,,0.0,,,0.0,30.5,,,0.036,,,,3.75,,,0.099,0.471,,0.076,0.0,0.002,0.0,,0.004,,0.0,0.021,0.0,0.032,,,0.006,,0.0,,0.005,,0.012,,0.0,,,571.0,,,,147.0,,,,,,,,,0.545,0.0,0.628,,1.97,0.203,5.44,0.122,2.04,0.029,,0.007,,0.004,0.409,,0.357,,0.226,,,,677.0,,,,,,,,,0.062,0.486,,0.137,,,0.0,,,,,,,,,,,,,20.9,,,,,,,,,,,,,,,,,,46.3,,3.8,,,,,
cheese,654,328850,"Mozzarella cheese, low-moisture, part-skim, KRAFT (CA1) - CY120IQ",2019-04-01,,,,,,,3.84,,,,,,,,862.0,,,,,,,,,,,,,,0.04,,,,,,,,,,,,,,,,,,,,,,,,,,,,,,,,,,,0.19,,,,,,,,,,,,0.0,,0.3,0.043,,4.13,,0.038,,,0.001,,,0.0,33.7,,,0.034,,,,3.86,,,0.109,0.469,,0.101,0.0,0.002,0.0,,0.004,,0.003,0.02,0.0,0.03,,,0.008,,0.0,,0.004,,0.015,,0.001,,,535.0,,,,110.0,,,,,,,,,0.583,0.0,0.673,,2.12,0.219,5.89,0.134,1.97,0.03,,0.008,,0.005,0.428,,0.375,,0.238,,,,549.0,,,,,,,,,0.064,0.473,,0.156,,,0.0,,,,,,,,,,,,,21.5,,,,,,,,,,,,,,,,,,43.3,,3.94,,,,,
cheese,655,328857,"Mozzarella cheese, low-moisture, part-skim, SARGENTO (CA2,NC) - CY120IM",2019-04-01,,,,,,,4.0,,,,,,,,679.0,,,,,,,,,,,,,,0.031,,,,,,,,,,,,,,,,,,,,,,,,,,,,,,,,,,,0.32,,,,,,,,,,,,0.0,,0.251,0.036,,3.94,,0.034,,,0.0,,,0.0,26.8,,,0.034,,,,3.7,,,0.091,0.441,,0.064,0.0,0.002,0.0,,0.004,,0.0,0.021,0.0,0.025,,,0.006,,0.0,,0.005,,0.01,,0.0,,,518.0,,,,125.0,,,,,,,,,0.529,0.0,0.602,,1.9,0.199,5.34,0.118,1.98,0.028,,0.007,,0.005,0.374,,0.34,,0.215,,,,751.0,,,,,,,,,0.062,0.467,,0.135,,,0.0,,,,,,,,,,,,,20.3,,,,,,,,,,,,,,,,,,47.5,,3.61,,,,,
cheese,656,328869,"Mozzarella cheese, low-moisture, part-skim, KRAFT (CA2,NC) - CY120IS",2019-04-01,,,,,,,3.62,,,,,,,,780.0,,,,,,,,,,,,,,0.034,,,,,,,,,,,,,,,,,,,,,,,,,,,,,,,,,,,0.28,,,,,,,,,,,,0.0,,0.247,0.038,,4.17,,0.036,,,0.0,,,0.0,29.2,,,0.038,,,,3.9,,,0.106,0.487,,0.077,0.0,0.002,0.0,,0.004,,0.0,0.021,0.0,0.034,,,0.007,,0.0,,0.006,,0.012,,0.0,,,484.0,,,,91.0,,,,,,,,,0.599,0.0,0.68,,2.05,0.207,5.58,0.127,2.22,0.032,,0.008,,0.006,0.414,,0.372,,0.241,,,,639.0,,,,,,,,,0.062,0.528,,0.144,,,0.0,,,,,,,,,,,,,21.4,,,,,,,,,,,,,,,,,,45.3,,3.57,,,,,
cheese,657,328881,"Mozzarella cheese, low-moisture, part-skim, SARGENTO (CO,CT) - CY120IN",2019-04-01,,,,,,,4.01,,,,,,,,705.0,,,,,,66.0,,,,,,,,0.038,,,,,,,,,,,,,,,,,,,,,,,,,,,,,,,,,,,0.16,,,,,,,,,,,,0.0,,0.258,0.038,,4.09,,0.035,,,0.001,,,0.0,29.1,,,0.031,,,0.14,3.77,,,0.101,0.465,,0.07,0.0,0.002,0.0,,0.005,,0.002,0.022,0.0,0.032,,,0.005,,0.0,,0.006,,0.012,,0.0,,,536.0,,,,127.0,,,,,,,,0.41,0.545,0.0,0.631,,1.95,0.203,5.45,0.123,2.06,0.029,,0.007,,0.005,0.393,,0.344,,0.221,,30.4,,780.0,,,,,,,,,0.064,0.486,,0.136,,,0.0,0.02,,0.0,0.0,0.0,0.0,0.0,0.0,0.0,,,,20.6,,,,,1.5,0.11,,,,,,,,0.5,0.0,4.0,1.2,46.7,,3.78,,,,,
cheese,658,328902,"Mozzarella cheese, low-moisture, part-skim, SARGENTO (FL,MO) - CY120IP",2019-04-01,,,,,,,3.75,,,,,,,,669.0,,,,,,64.0,,,,,,,,0.062,,,,,,,,,,,,,,,,,,,,,26.0,,,,,,,,,,,,,,0.19,,,,,,,,,,,,0.0,,0.244,0.037,,3.9,,0.032,,,0.0,,,0.0,27.9,,,0.03,,,0.13,3.77,,,0.095,0.447,,0.074,0.0,0.002,0.0,,0.004,,0.0,0.021,0.0,0.032,,,0.007,,0.0,,0.005,,0.012,,0.0,0.55,,514.0,,,,144.0,,,,,,,,0.35,0.545,0.0,0.62,,1.94,0.2,5.33,0.123,1.95,0.026,,0.007,,0.006,0.392,,0.342,,0.219,,25.7,,587.0,,,,,,,,,0.061,0.459,,0.139,,,0.0,0.03,,0.0,0.0,0.25,0.0,0.0,0.0,0.0,,,,20.7,,,,,1.3,0.117,,,,,,,,0.53,,,,47.3,,3.43,,,,,
cheese,659,328924,"Mozzarella cheese, low-moisture, part-skim, SARGENTO (AL,CA1) - CY120IL",2019-04-01,,,,,,,3.63,,,,,,,,638.0,,,,,,65.0,,,,,,,,0.059,,,,,,,,,,,,,,,,,,,,,24.0,0.0,1.03,,,0.89,,,,,,,,,0.19,,0.18,,,,,,,,,,0.0,,0.261,0.039,,4.16,,0.037,,,0.0,,,0.0,26.4,,0.0,0.046,,,0.11,3.72,,,0.103,0.483,,0.068,0.0,0.002,0.0,,0.005,,0.0,0.022,0.0,0.034,,,0.006,,0.0,,0.005,,0.01,,0.0,0.52,,508.0,,,,121.0,,,,,,,171.0,0.27,0.53,0.0,0.614,,1.93,0.203,5.37,0.122,2.0,0.029,,0.007,,0.005,0.413,,0.35,,0.22,,27.9,,711.0,,,,,,0.0,,,0.062,0.504,,0.149,,,0.0,0.02,,0.0,0.0,0.05,0.0,0.0,0.0,0.0,,,,21.6,,,,,1.2,0.095,,,,,,,,0.51,,,,47.3,,3.64,,,,,
cheese,660,328946,"Mozzarella cheese, low-moisture, part-skim, KRAFT (FL,MO) - CY120IT",2019-04-01,,,,,,,3.95,,,,,,,,788.0,,,,,,65.0,,,,,,,,0.035,,,,,,,,,,,,,,,,,,,,,,,,,,,,,,,,,,,0.36,,,,,,,,,,,,0.0,,0.244,0.036,,3.96,,0.041,,,0.001,,,0.0,29.0,,,0.035,,,0.15,3.84,,,0.095,0.47,,0.058,0.0,0.002,0.0,,0.005,,0.002,0.022,0.0,0.035,,,0.005,,0.0,,0.007,,0.01,,0.0,,,480.0,,,,91.0,,,,,,,,0.31,0.562,0.0,0.649,,1.94,0.196,5.33,0.12,2.06,0.029,,0.007,,0.005,0.391,,0.352,,0.228,,33.4,,679.0,,,,,,,,,0.06,0.474,,0.131,,,0.0,0.02,,0.0,0.0,0.05,0.0,0.0,0.0,0.0,,,,20.2,,,,,1.03,0.099,,,,,,,,0.51,,,,42.1,,3.74,,,,,
cheese,661,328967,"Mozzarella cheese, low-moisture, part-skim, store brand, AMERICAS CHOICE  (NY) - CY120IW",2019-04-01,,,,,,,4.15,,,,,,,,698.0,,,,,,,,,,,,,,0.037,,,,,,,,,,,,,,,,,,,,,,,,,,,,,,,,,,,0.43,,,,,,,,,,,,0.0,,0.211,0.034,,4.02,,0.04,,,0.001,,,0.0,25.1,,,0.064,,,,3.38,,,0.097,0.509,,0.059,0.001,0.002,0.0,,0.005,,0.003,0.023,0.0,0.035,,,0.005,,0.001,,0.007,,0.011,,0.0,,,603.0,,,,163.0,,,,,,,,,0.495,0.0,0.558,,1.77,0.179,4.93,0.112,2.15,0.028,,0.008,,0.006,0.397,,0.336,,0.209,,,,799.0,,,,,,,,,0.004,0.516,,0.126,,,0.0,,,,,,,,,,,,,17.8,,,,,,,,,,,,,,,,,,43.4,,3.19,,,,,
cheese,662,328975,"Mozzarella cheese, low-moisture, part-skim, KRAFT (IN,NY) - CY120IR",2019-04-01,,,,,,,3.94,,,,,,,,773.0,,,,,,64.0,,,,,,,,0.026,,,,,,,,,,,,,,,,,,,,,30.0,0.0,0.81,,,0.0,,,,,,,,,0.21,,0.18,,,,,,,,,,0.0,,0.235,0.035,,3.98,,0.034,,,0.0,,,0.0,29.2,,0.0,0.041,,,0.12,3.84,,,0.1,0.463,,0.075,0.0,0.002,0.0,,0.004,,0.0,0.022,0.0,0.032,,,0.006,,0.0,,0.006,,0.011,,0.0,0.42,,484.0,,,,106.0,,,,,,,168.0,0.45,0.563,0.0,0.642,,1.94,0.195,5.36,0.104,2.07,0.028,,0.007,,0.005,0.416,,0.369,,0.236,,27.4,,658.0,,,,,,0.0,,,0.059,0.503,,0.131,,,0.0,0.02,,0.0,0.0,0.0,0.0,0.0,0.0,0.0,,,,21.1,,,,,1.4,0.096,,,,,,,,0.48,0.0,4.2,1.2,45.1,,3.66,,,,,
cheese,663,329000,"Mozzarella cheese, low-moisture, part-skim, store brand/other brand, CRYSTAL FARMS & KROGER (CO,CT) - CY120IU",2019-04-01,,,,,,,3.81,,,,,,,,761.0,,,,,,,,,,,,,,0.036,,,,,,,,,,,,,,,,,,,,,,,,,,,,,,,,,,,0.17,,,,,,,,,,,,0.0,,0.259,0.039,,3.83,,0.035,,,0.0,,,0.0,31.5,,,0.039,,,,3.66,,,0.09,0.418,,0.088,0.0,0.002,0.0,,0.004,,0.0,0.018,0.0,0.022,,,0.007,,0.0,,0.004,,0.012,,0.0,,,499.0,,,,111.0,,,,,,,,,0.525,0.0,0.61,,1.92,0.2,5.28,0.114,1.84,0.028,,0.007,,0.005,0.389,,0.34,,0.217,,,,592.0,,,,,,,,,0.059,0.446,,0.139,,,0.0,,,,,,,,,,,,,19.2,,,,,,,,,,,,,,,,,,45.5,,3.86,,,,,
cheese,664,329012,"Mozzarella cheese, low-moisture, part-skim, store brand, MY ESSENTIALS & SUNNYSIDE FARMS (CA2,NC) - CY120IY",2019-04-01,,,,,,,3.35,,,,,,,,675.0,,,,,,,,,,,,,,0.025,,,,,,,,,,,,,,,,,,,,,,,,,,,,,,,,,,,0.21,,,,,,,,,,,,0.0,,0.222,0.034,,4.27,,0.038,,,0.0,,,0.0,25.4,,,0.04,,,,3.91,,,0.1,0.5,,0.069,0.0,0.003,0.0,,0.005,,0.0,0.024,0.0,0.035,,,0.006,,0.0,,0.007,,0.012,,0.0,,,507.0,,,,120.0,,,,,,,,,0.482,0.0,0.539,,1.79,0.192,5.3,0.116,2.31,0.03,,0.008,,0.005,0.403,,0.326,,0.2,,,,653.0,,,,,,,,,0.067,0.559,,0.144,,,0.0,,,,,,,,,,,,,20.5,,,,,,,,,,,,,,,,,,44.6,,3.62,,,,,
cheese,665,329024,"Mozzarella cheese, low-moisture, part-skim, store brand, HYVEE & PUBLIX (FL,MO) - CY120J0",2019-04-01,,,,,,,3.93,,,,,,,,709.0,,,,,,,,,,,,,,0.032,,,,,,,,,,,,,,,,,,,,,,,,,,,,,,,,,,,0.21,,,,,,,,,,,,0.0,,0.243,0.038,,4.12,,0.036,,,0.0,,,0.0,29.1,,,0.038,,,,3.69,,,0.103,0.491,,0.072,0.0,0.002,0.0,,0.005,,0.0,0.021,0.0,0.024,,,0.005,,0.0,,0.005,,0.011,,0.0,,,563.0,,,,151.0,,,,,,,,,0.509,0.0,0.579,,1.86,0.19,5.19,0.119,2.11,0.03,,0.007,,0.004,0.408,,0.346,,0.214,,,,728.0,,,,,,,,,0.063,0.535,,0.135,,,0.0,,,,,,,,,,,,,19.1,,,,,,,,,,,,,,,,,,43.9,,3.59,,,,,
cheese,666,329036,"Mozzarella cheese, low-moisture, part-skim, KRAFT (MI,OK) - CY120IV",2019-04-01,,,,,,,3.51,,,,,,,,683.0,,,,,,67.0,,,,,,,,0.027,,,,,,,,,,,,,,,,,,,,,25.0,,,,,,,,,,,,,,0.25,,,,,,,,,,,,0.0,,0.21,0.032,,4.04,,0.039,,,0.0,,,0.0,23.8,,,0.033,,,0.12,3.85,,,0.094,0.517,,0.059,0.0,0.003,0.0,,0.005,,0.0,0.025,0.0,0.034,,,0.005,,0.0,,0.008,,0.011,,0.0,0.38,,443.0,,,,62.0,,,,,,,,0.38,0.573,0.0,0.641,,1.91,0.188,5.18,0.116,2.28,0.029,,0.008,,0.005,0.41,,0.361,,0.233,,26.9,,663.0,,,,,,,,,0.057,0.518,,0.126,,,0.0,0.01,,0.0,0.0,0.0,0.0,0.0,0.0,0.0,,,,20.5,,,,,1.6,0.094,,,,,,,,0.59,,,,47.5,,3.43,,,,,
cheese,667,329058,"Mozzarella cheese, low-moisture, part-skim, store brand, GREAT VALUE & SHOP RITE (AL,CT) - CY120IZ",2019-04-01,,,,,,,3.52,,,,,,,,653.0,,,,,,63.0,,,,,,,,0.033,,,,,,,,,,,,,,,,,,,,,,,,,,,,,,,,,,,0.17,,,,,,,,,,,,0.0,,0.215,0.034,,4.14,,0.033,,,0.0,,,0.0,26.4,,,0.036,,,0.09,3.54,,,0.1,0.491,,0.067,0.0,0.002,0.0,,0.004,,0.0,0.023,0.0,0.032,,,0.005,,0.0,,0.006,,0.01,,0.0,,,538.0,,,,140.0,,,,,,,,0.33,0.463,0.0,0.521,,1.74,0.184,5.03,0.107,2.19,0.028,,0.007,,0.004,0.399,,0.324,,0.196,,28.8,,616.0,,,,,,,,,0.056,0.558,,0.141,,,0.0,0.03,,0.0,0.0,0.0,0.0,0.0,0.0,0.0,,,,19.4,,,,,0.75,0.109,,,,,,,,0.44,,,,44.2,,3.42,,,,,
cheese,668,329075,"Mozzarella cheese, low-moisture, part-skim, store brand, LUCERNE (CA1,CO) - CY120IX",2019-04-01,,,,,,,3.74,,,,,,,,701.0,,,,,,68.0,,,,,,,,0.034,,,,,,,,,,,,,,,,,,,,,,0.0,0.73,,,0.0,,,,,,,,,0.24,,1.6,,,,,,,,,,0.0,,0.235,0.037,,3.91,,0.032,,,0.0,,,0.0,29.9,,0.0,0.027,,,0.13,3.77,,,0.096,0.451,,0.069,0.0,0.002,0.0,,0.004,,0.0,0.021,0.0,0.032,,,0.005,,0.0,,0.005,,0.01,,0.0,0.53,,560.0,,,,136.0,,,,,,,264.0,0.32,0.461,0.0,0.53,,1.74,0.187,5.0,0.112,1.94,0.023,,0.006,,0.004,0.372,,0.318,,0.196,,24.7,,720.0,,,,,,0.0,,,0.061,0.526,,0.139,,,0.0,0.03,,0.0,0.0,0.05,0.0,0.0,0.0,0.0,,,,21.1,,,,,1.4,0.113,,,,,,,,0.53,,,,45.8,,3.74,,,,,
cheese,669,329098,"Mozzarella cheese, low-moisture, part-skim, store brand, KROGER (MI,IN) - CY120J1",2019-04-01,,,,,,,3.95,,,,,,,,790.0,,,,,,64.0,,,,,,,,0.036,,,,,,,,,,,,,,,,,,,,,,,,,,,,,,,,,,,0.18,,,,,,,,,,,,0.0,,0.271,0.04,,4.01,,0.04,,,0.0,,,0.0,32.9,,,0.048,,,0.24,3.89,,,0.093,0.433,,0.09,0.0,0.002,0.0,,0.005,,0.0,0.018,0.0,0.031,,,0.008,,0.0,,0.006,,0.013,,0.0,0.5,,515.0,,,,112.0,,,,,,,,0.45,0.534,0.0,0.615,,1.96,0.203,5.48,0.125,1.9,0.029,,0.007,,0.005,0.393,,0.337,,0.215,,26.3,,681.0,,,,,,,,,0.062,0.482,,0.144,,,0.0,0.03,,0.0,0.0,0.0,0.0,0.0,0.0,0.0,,,,20.0,,,,,1.8,0.114,,,,,,,,0.47,,,,45.9,,3.83,,,,,
cheese,670,329119,"Mozzarella cheese, low-moisture, part-skim, SARGENTO (IN,NY) - CY120LU",2019-04-01,,,,,,,4.09,,,,,,,,684.0,,,,,,,,,,,,,,0.038,,,,,,,,,,,,,,,,,,,,,,,,,,,,,,,,,,,0.19,,,,,,,,,,,,0.0,,0.25,0.037,,4.12,,0.038,,,0.001,,,0.0,27.9,,,0.037,,,,3.67,,,0.103,0.485,,0.072,0.0,0.002,0.0,,0.005,,0.002,0.023,0.0,0.035,,,0.006,,0.001,,0.006,,0.013,,0.0,,,575.0,,,,150.0,,,,,,,,,0.543,0.0,0.618,,1.95,0.201,5.38,0.121,2.11,0.029,,0.008,,0.005,0.42,,0.357,,0.223,,,,782.0,,,,,,,,,0.065,0.498,,0.139,,,0.0,,,,,,,,,,,,,19.8,,,,,,,,,,,,,,,,,,44.2,,3.6,,,,,
cheese,671,329131,"Cheese, string (low-moisture, part-skim mozzarella), KRAFT (IA) -  CY121HI",2019-04-01,,,,,,,3.83,,,,,,,,683.0,,,,,,,,,,,,,,0.03,,,,,,,,,,,,,,,,,,,,,,,,,,,,,,,,,,,0.22,,,,,,,,,,,,0.0,,0.246,0.038,,4.39,,0.042,,,0.001,,,0.001,22.2,,,0.046,,,,3.86,,,0.112,0.546,,0.057,0.002,0.0,0.0,,0.005,,0.001,0.024,0.0,0.032,,,0.005,,0.002,,0.007,,0.009,,0.001,,,585.0,,,,55.0,,,,,,,,,0.445,0.0,0.511,,1.71,0.182,4.85,0.111,2.02,0.026,,0.01,,0.006,0.367,,0.295,,0.186,,,,733.0,,,,,,,,,0.067,0.536,,0.14,,,0.0,,,,,,,,,,,,,20.3,,,,,,,,,,,,,,,,,,50.1,,3.76,,,,,
cheese,672,329138,"Cheese, string (low-moisture, part-skim mozzarella), SARGENTO (PA, CA1) -  CY121HJ",2019-04-01,,,,,,,3.67,,,,,,,,670.0,,,,,,,,,,,,,,0.034,,,,,,,,,,,,,,,,,,,,,,,,,,,,,,,,,,,0.14,,,,,,,,,,,,0.0,,0.315,0.042,,4.27,,0.043,,,0.0,,,0.0,26.1,,,0.034,,,,3.82,,,0.1,0.486,,0.081,0.001,0.003,0.0,,0.005,,0.0,0.022,0.0,0.032,,,0.008,,0.0,,0.004,,0.012,,0.0,0.37,,463.0,,,,64.0,,,,,,,,,0.509,0.0,0.588,,1.98,0.21,5.77,0.127,2.0,0.029,,0.009,,0.005,0.4,,0.333,,0.201,,,,710.0,,,,,,,,,0.066,0.492,,0.142,,,0.0,,,,,,,,,,,,,21.4,,,,,,,,,,,,,,,,,,49.3,,4.07,,,,,
cheese,673,329147,"Cheese, string (low-moisture, part-skim mozzarella), SARGENTO (KY, CA2) -  CY121HK",2019-04-01,,,,,,,3.92,,,,,,,,693.0,,,,,,68.0,,,,,,,,0.04,,,,,,,,,,,,,,,,,,,,,,,,,,,,,,,,,,,0.16,,,,,,,,,,,,0.0,,0.311,0.043,,4.31,,0.044,,,0.001,,,0.0,26.6,,,0.042,,,0.1,3.87,,,0.106,0.47,,0.085,0.002,0.003,0.0,,0.005,,0.0,0.021,0.0,0.031,,,0.007,,0.001,,0.004,,0.013,,0.0,,,477.0,,,,71.0,,,,,,,,0.38,0.528,0.0,0.612,,2.05,0.217,6.08,0.131,1.99,0.029,,0.009,,0.005,0.422,,0.351,,0.218,,,,785.0,,,,,,,,,0.067,0.487,,0.152,,,0.0,0.02,,,,,,,,,,,,21.8,,,,,1.3,0.066,,,,,,,,,0.0,6.3,1.4,47.8,,4.01,,,,,
cheese,674,329160,"Cheese, string (low-moisture, part-skim mozzarella), KRAFT (NE) -  CY121HG",2019-04-01,,,,,,,3.56,,,,,,,,652.0,,,,,,65.0,,,,,,,,0.03,,,,,,,,,,,,,,,,,,,,,,,,,,,,,,,,,,,0.18,,,,,,,,,,,,0.0,,0.28,0.042,,4.37,,0.043,,,0.002,,,0.001,22.2,,,0.033,,,0.06,3.86,,,0.108,0.507,,0.065,0.002,0.0,0.0,,0.005,,0.0,0.02,0.0,0.03,,,0.006,,0.002,,0.005,,0.01,,0.001,,,515.0,,,,60.0,,,,,,,210.0,0.29,0.45,0.0,0.52,,1.79,0.198,5.29,0.121,2.02,0.027,,0.011,,0.005,0.378,,0.302,,0.188,,,,665.0,,,,,,,,,0.07,0.552,,0.145,,,0.0,0.02,,,,,,,,,,,,20.5,,,,,2.0,0.077,,,,,,,,,0.0,3.9,0.9,49.6,,3.95,,,,,
cheese,675,329174,"Cheese, string (low-moisture, part-skim mozzarella), KRAFT (CA1) -  CY121HF",2019-04-01,,,,,,,3.0,,,,,0.2,,,584.0,,,,,,64.0,2.1,2.6,0.5,4.8,3.6,13.5,,0.044,,,,,,,,,,,,,,,,,,,,,,,,,,,,,,,,,,,0.13,,,,,,,,,,,,0.0,,0.304,0.04,,3.88,,0.039,,,0.0,,,0.0,22.0,,,0.02,,,0.022,4.01,,,0.102,0.422,,0.076,0.002,0.003,0.0,,0.004,,0.0,0.019,0.0,0.029,,,0.007,,0.002,,0.004,,0.011,,0.0,0.36,,410.0,,,,96.0,,,,,,,,0.41,0.505,0.0,0.587,,1.96,0.212,5.76,0.123,1.78,0.026,,0.009,,0.005,0.397,,0.331,,0.207,,28.9,,506.0,,,,,,,,,0.061,0.449,,0.139,,,0.0,0.02,,,,,,,,,,,,19.8,,,,,2.5,0.073,,,,,,,,,,,,49.1,,4.01,,,,,
cheese,676,329189,"Cheese, string (low-moisture, part-skim mozzarella), SARGENTO (NE, NC) -  CY121HL",2019-04-01,,,,,,,3.71,,,,,,,,694.0,,,,,,,,,,,,,,0.037,,,,,,,,,,,,,,,,,,,,,,,,,,,,,,,,,,,0.13,,,,,,,,,,,,0.0,,0.327,0.043,,4.3,,0.04,,,0.0,,,0.0,25.8,,,0.038,,,,3.85,,,0.099,0.472,,0.079,0.0,0.002,0.0,,0.005,,0.0,0.022,0.0,0.032,,,0.008,,0.0,,0.004,,0.012,,0.0,0.28,,472.0,,,,65.0,,,,,,,,,0.511,0.0,0.579,,1.97,0.204,5.8,0.127,1.99,0.029,,0.008,,0.005,0.402,,0.332,,0.201,,,,735.0,,,,,,,,,0.064,0.485,,0.147,,,0.0,,,,,,,,,,,,,21.6,,,,,,,,,,,,,,,,,,49.1,,4.18,,,,,
cheese,677,329198,"Cheese, string (low-moisture, part-skim mozzarella), KRAFT (IN, TX) -  CY121HH",2019-04-01,,,,,,,3.82,,,,,,,,721.0,,,,,,64.0,,,,,,,,0.034,,,,,,,,,,,,,,,,,,,,,,,,,,,,,,,,,,,0.23,,,,,,,,,,,,0.0,,0.272,0.04,,4.52,,0.045,,,0.0,,,0.0,22.6,,,0.044,,,0.09,3.86,,,0.111,0.541,,0.054,0.002,0.002,0.0,,0.005,,0.0,0.022,0.0,0.032,,,0.005,,0.002,,0.006,,0.009,,0.0,,,598.0,,,,55.0,,,,,,,,0.34,0.415,0.0,0.48,,1.69,0.184,4.87,0.118,2.07,0.027,,0.009,,0.005,0.372,,0.29,,0.172,,28.4,,728.0,,,,,,,,,0.072,0.588,,0.128,,,0.0,0.02,,,,,,,,,,,,19.7,,,,,2.4,0.081,,,,,,,,,0.0,3.8,1.0,50.1,,3.82,,,,,
cheese,678,329216,"Cheese, string (low-moisture, part-skim mozzarella), SARGENTO (IA, TX) -  CY121HN",2019-04-01,,,,,,,3.72,,,,,,,,643.0,,,,,,,,,,,,,,0.039,,,,,,,,,,,,,,,,,,,,,,,,,,,,,,,,,,,0.15,,,,,,,,,,,,0.0,,0.284,0.039,,4.07,,0.045,,,0.002,,,0.002,24.0,,,0.066,,,,3.78,,,0.098,0.443,,0.077,0.002,0.0,0.0,,0.005,,0.001,0.021,0.0,0.032,,,0.009,,0.002,,0.004,,0.013,,0.001,,,449.0,,,,68.0,,,,,,,,,0.482,0.0,0.555,,1.87,0.2,5.51,0.121,1.88,0.027,,0.009,,0.006,0.371,,0.308,,0.195,,,,740.0,,,,,,,,,0.06,0.47,,0.134,,,0.0,,,,,,,,,,,,,20.9,,,,,,,,,,,,,,,,,,50.1,,3.9,,,,,
cheese,679,329224,"Cheese, string (low-moisture, part-skim mozzarella), FRIGO (PA, CA1) -  CY121HP",2019-04-01,,,,,,,4.11,,,,,,,,627.0,,,,,,,,,,,,,,0.018,,,,,,,,,,,,,,,,,,,,,,,,,,,,,,,,,,,0.14,,,,,,,,,,,,0.0,,0.241,0.038,,4.04,,0.045,,,0.002,,,0.002,28.9,,,0.016,,,,3.29,,,0.105,0.575,,0.091,0.003,0.0,0.0,,0.005,,0.001,0.022,0.0,0.035,,,0.007,,0.001,,0.006,,0.014,,0.002,0.36,,589.0,,,,146.0,,,,,,,,,0.478,0.0,0.541,,1.81,0.19,5.17,0.12,2.04,0.03,,0.011,,0.007,0.394,,0.32,,0.199,,,,781.0,,,,,,,,,0.062,0.523,,0.154,,,0.0,,,,,,,,,,,,,20.0,,,,,,,,,,,,,,,,,,50.8,,2.77,,,,,
cheese,680,329232,"Cheese, string (low-moisture, part-skim mozzarella), FRIGO (NE, NC) -  CY121HR",2019-04-01,,,,,,,3.92,,,,,,,,697.0,,,,,,,,,,,,,,0.054,,,,,,,,,,,,,,,,,,,,,,,,,,,,,,,,,,,0.18,,,,,,,,,,,,0.0,,0.255,0.038,,4.03,,0.045,,,0.001,,,0.002,30.3,,,0.018,,,,3.45,,,0.113,0.566,,0.085,0.003,0.0,0.0,,0.005,,0.002,0.021,0.0,0.035,,,0.008,,0.001,,0.005,,0.014,,0.002,0.3,,659.0,,,,154.0,,,,,,,,,0.474,0.0,0.538,,1.81,0.189,5.18,0.12,1.95,0.027,,0.011,,0.006,0.379,,0.309,,0.195,,,,690.0,,,,,,,,,0.06,0.538,,0.145,,,0.0,,,,,,,,,,,,,19.7,,,,,,,,,,,,,,,,,,50.7,,3.05,,,,,
cheese,681,329240,"Cheese, string (low-moisture, part-skim mozzarella), SARGENTO (AZ, IN) -  CY121HM",2019-04-01,,,,,,,3.43,,,,,,,,664.0,,,,,,65.0,,,,,,,,0.035,,,,,,,,,,,,,,,,,,,,,,,,,,,,,,,,,,,0.14,,,,,,,,,,,,0.0,,0.301,0.042,,4.33,,0.045,,,0.0,,,0.0,25.3,,,0.032,,,0.11,3.89,,,0.111,0.48,,0.083,0.002,0.003,0.0,,0.005,,0.0,0.022,0.0,0.032,,,0.007,,0.001,,0.004,,0.012,,0.0,,,459.0,,,,64.0,,,,,,,,0.39,0.517,0.0,0.594,,1.99,0.212,5.87,0.128,2.02,0.028,,0.008,,0.005,0.413,,0.342,,0.214,,23.4,,624.0,,,,,,,,,0.066,0.51,,0.149,,,0.0,0.02,,,,,,,,,,,,21.0,,,,,1.2,0.061,,,,,,,,,,,,48.6,,4.01,,,,,
cheese,682,329255,"Cheese, string (low-moisture, part-skim mozzarella), SARGENTO (GA, NJ) -  CY121HO",2019-04-01,,,,,,,3.61,,,,,,,,659.0,,,,,,64.0,,,,,,,,0.036,,,,,,,,,,,,,,,,,,,,,,,,,,,,,,,,,,,0.15,,,,,,,,,,,,0.0,,0.299,0.041,,4.21,,0.043,,,0.001,,,0.0,25.3,,,0.036,,,0.08,3.81,,,0.101,0.473,,0.077,0.002,0.002,0.0,,0.004,,0.0,0.022,0.0,0.031,,,0.007,,0.001,,0.004,,0.012,,0.0,,,460.0,,,,66.0,,,,,,,,0.34,0.505,0.0,0.579,,1.93,0.205,5.69,0.125,1.93,0.027,,0.008,,0.004,0.396,,0.33,,0.207,,22.2,,731.0,,,,,,,,,0.063,0.488,,0.146,,,0.0,0.02,,,,,,,,,,,,20.4,,,,,1.2,0.068,,,,,,,,,0.0,5.2,1.1,49.5,,4.16,,,,,
cheese,683,329271,"Cheese, string (low-moisture, part-skim mozzarella), FRIGO (IA, TX) -  CY121HT",2019-04-01,,,,,,,3.87,,,,,,,,668.0,,,,,,,,,,,,,,0.018,,,,,,,,,,,,,,,,,,,,,,,,,,,,,,,,,,,0.15,,,,,,,,,,,,0.0,,0.223,0.039,,4.17,,0.046,,,0.002,,,0.001,29.3,,,0.017,,,,3.4,,,0.115,0.599,,0.093,0.003,0.002,0.0,,0.006,,0.001,0.024,0.0,0.037,,,0.007,,0.001,,0.006,,0.015,,0.0,,,640.0,,,,164.0,,,,,,,,,0.455,0.0,0.507,,1.77,0.187,5.15,0.122,2.2,0.035,,0.013,,0.007,0.423,,0.325,,0.194,,,,662.0,,,,,,,,,0.06,0.536,,0.134,,,0.0,,,,,,,,,,,,,20.2,,,,,,,,,,,,,,,,,,50.5,,2.83,,,,,
cheese,684,329279,"Cheese, string (low-moisture, part-skim mozzarella), FRIGO (KY, CA2) -  CY121HQ",2019-04-01,,,,,,,3.93,,,,,,,,681.0,,,,,,67.0,,,,,,,,0.025,,,,,,,,,,,,,,,,,,,,,,,,,,,,,,,,,,,0.14,,,,,,,,,,,,0.0,,0.287,0.038,,4.2,,0.047,,,0.0,,,0.0,29.1,,,0.018,,,0.05,3.37,,,0.111,0.58,,0.088,0.003,0.002,0.0,,0.006,,0.0,0.024,0.0,0.034,,,0.007,,0.002,,0.005,,0.012,,0.0,,,666.0,,,,153.0,,,,,,,,0.37,0.478,0.0,0.545,,1.85,0.199,5.38,0.124,1.99,0.029,,0.01,,0.006,0.402,,0.327,,0.194,,23.1,,694.0,,,,,,,,,0.062,0.536,,0.148,,,0.0,0.03,,,,,,,,,,,,20.4,,,,,2.4,0.079,,,,,,,,,0.0,7.8,1.8,50.4,,2.99,,,,,
cheese,685,329295,"Cheese, string (low-moisture, part-skim mozzarella), FRIGO (AZ, VA) -  CY121HS",2019-04-01,,,,,,,4.15,,,,,,,,673.0,,,,,,66.0,,,,,,,,0.025,,,,,,,,,,,,,,,,,,,,,,,,,,,,,,,,,,,0.14,,,,,,,,,,,,0.0,,0.297,0.038,,3.95,,0.038,,,0.0,,,0.0,30.4,,,0.017,,,0.05,3.39,,,0.098,0.543,,0.086,0.0,0.002,0.0,,0.005,,0.0,0.022,0.0,0.035,,,0.008,,0.0,,0.005,,0.012,,0.0,,,612.0,,,,146.0,,,,,,,,0.37,0.509,0.0,0.585,,1.94,0.204,5.52,0.124,1.86,0.026,,0.009,,0.006,0.388,,0.327,,0.198,,,,750.0,,,,,,,,,0.061,0.474,,0.142,,,0.0,0.03,,,,,,,,,,,,20.3,,,,,1.7,0.082,,,,,,,,,0.0,7.3,1.5,50.4,,2.96,,,,,
cheese,686,329309,"Cheese, string (low-moisture, part-skim mozzarella), store brand (CA2, NC) -  CY121HW",2019-04-01,,,,,,,4.16,,,,,,,,656.0,,,,,,,,,,,,,,0.042,,,,,,,,,,,,,,,,,,,,,,,,,,,,,,,,,,,0.2,,,,,,,,,,,,,,,,,,,,,,,,,,25.1,,,0.023,,,,3.58,,,,,,,,,,,,,,,,,,,,,,,,,,,,,,557.0,,,,102.0,,,,,,,,,,,,,,,,,,,,,,,,,,,,,,,940.0,,,,,,,,,,,,,,,,,,,,,,,,,,,,19.1,,,,,,,,,,,,,,,,,,50.6,,3.23,,,,,
cheese,687,329316,"Cheese, string (low-moisture, part-skim mozzarella), FRIGO (GA, NJ) -  CY121HU",2019-04-01,,,,,,,4.17,,,,,,,,704.0,,,,,,66.0,,,,,,,,0.035,,,,,,,,,,,,,,,,,,,,,,,,,,,,,,,,,,,0.15,,,,,,,,,,,,0.0,,0.325,0.043,,3.92,,0.004,,,0.0,,,0.0,29.1,,,0.02,,,0.05,3.28,,,0.098,0.418,,0.082,0.0,0.003,0.0,,0.005,,0.0,0.019,0.0,0.03,,,0.008,,0.0,,0.005,,0.013,,0.0,,,654.0,,,,149.0,,,,,,,,0.37,0.527,0.0,0.618,,2.03,0.218,5.69,0.131,1.74,0.028,,0.01,,0.005,0.388,,0.337,,0.208,,19.9,,777.0,,,,,,,,,0.062,0.453,,0.137,,,0.0,0.03,,,,,,,,,,,,20.5,,,,,1.8,0.078,,,,,,,,,,,,50.9,,3.09,,,,,
cheese,688,329331,"Cheese, string (low-moisture, part-skim mozzarella), store brand, KROGER (KY, TX) -  CY121HV",2019-04-01,,,,,,,3.94,,,,,,,,651.0,,,,,,62.0,,,,,,,,0.03,,,,,,,,,,,,,,,,,,,,,,,,,,,,,,,,,,,0.21,,,,,,,,,,,,0.0,,0.256,0.035,,4.08,,0.038,,,0.0,,,0.0,24.4,,,0.04,,,0.06,3.74,,,0.107,0.523,,0.054,0.001,0.002,0.0,,0.004,,0.0,0.021,0.0,0.03,,,0.004,,0.001,,0.005,,0.008,,0.0,,,584.0,,,,354.0,,,,,,,,0.32,0.455,0.0,0.515,,1.7,0.187,4.79,0.107,1.86,0.024,,0.007,,0.004,0.358,,0.291,,0.18,,29.6,,629.0,,,,,,,,,0.067,0.553,,0.135,,,0.0,0.02,,,,,,,,,,,,19.0,,,,,2.3,0.094,,,,,,,,,,,,50.4,,3.68,,,,,
cheese,689,329346,"Cheese, string (low-moisture, part-skim mozzarella), BORDEN (CA1, NE, PA) -  CY121HX",2019-04-01,,,,,,,3.65,,,,,,,,643.0,,,,,,64.0,,,,,,,,0.038,,,,,,,,,,,,,,,,,,,,,,,,,,,,,,,,,,,0.15,,,,,,,,,,,,0.0,,0.292,0.042,,4.09,,0.04,,,0.001,,,0.0,24.8,,,0.04,,,0.14,3.83,,,0.097,0.457,,0.082,0.002,0.003,0.0,,0.005,,0.0,0.02,0.0,0.031,,,0.008,,0.001,,0.004,,0.013,,0.0,,,455.0,,,,71.0,,,,,,,,,0.505,0.0,0.586,,1.96,0.209,5.7,0.127,1.9,0.027,,0.009,,0.005,0.402,,0.334,,0.207,,,,725.0,,,,,,,,,0.063,0.463,,0.144,,,0.0,,,,,,,,,,,,,20.8,,,,,,,,,,,,,,,0.0,5.4,1.2,49.4,,3.99,,,,,
cheese,690,329359,"Cheese, string (low-moisture, part-skim mozzarella), store brand (AZ, IN, NJ) -  CY121HY",2019-04-01,,,,,,,3.9,,,,,,,,,,,,,,,,,,,,,,,,,,,,,,,,,,,,,,,,,,,,,,,,,,,,,,,,,,,,,,,,,,,,,,,,,,,,,,,,,,,,,,,,,0.09,3.55,,,,,,,,,,,,,,,,,,,,,,,,,,,,,,,,,,,,,,,,,,,,,,,,,,,,,,,,,,,,,,,,,,,,,,,,,,,,,,,,,,,,,,,,,,,,,21.5,,,,,2.3,,,,,,,,,,0.0,6.0,1.6,50.1,,,,,,,
cheese,740,329717,"Cheese, dry white, Queso seco, mixed composite (CA-LA, CA-SD) - CY061GH",2019-04-01,,,,,,,6.82,,,,,,,,725.0,,,,,,77.0,,,,,,,,0.018,,,,,,,,,,,,,,,,,,,,,,0.0,0.48,,,0.0,,,,,,,,,0.16,,0.0,,,,,,,,,,0.002,,0.319,0.046,,4.96,,0.043,,,0.003,,,0.003,30.3,,0.0,0.016,,,0.07,3.74,,,0.133,0.669,,0.113,0.01,,0.006,,0.007,,0.003,0.028,,0.039,,,0.009,,0.003,,0.009,,0.018,,0.002,0.41,,508.0,,,,118.0,,,,,,,,0.24,0.585,0.013,0.656,,2.18,0.237,5.74,0.147,2.69,0.04,,0.015,,0.01,0.479,,0.39,,0.252,,,,1770.0,,,,,,0.0,,,0.077,0.612,,0.157,,,0.0,0.04,,0.0,0.0,0.04,0.02,0.01,0.0,0.01,,,,23.8,,,,,1.9,0.11,,,,,,,,0.45,,,,43.2,,3.22,,,,,
cheese,741,329734,"Cheese, dry white, Queso seco, mixed composite (FL, CA-SB) - CY061GE",2019-04-01,,,,,,,6.48,,,,,,,,726.0,,,,,,68.0,,,,,,,,0.03,,,,,,,,,,,,,,,,,,,,,,0.0,0.29,,,0.0,,,,,,,,,0.18,,0.0,,,,,,,,,,0.002,,0.27,0.037,,5.3,,0.039,,,0.002,,,0.002,31.6,,0.0,0.018,,,0.07,3.69,,,0.114,0.874,,0.107,0.007,,0.005,,0.007,,0.002,0.024,,0.031,,,0.008,,0.001,,0.008,,0.015,,0.002,0.4,,500.0,,,,132.0,,,,,,,,0.25,0.5,0.011,0.567,,1.86,0.19,6.27,0.12,2.35,0.043,,0.014,,0.009,0.427,,0.328,,0.217,,,,1560.0,,,,,,0.0,,,0.061,0.548,,0.159,,,0.0,0.05,,0.01,0.0,0.04,0.31,0.04,0.17,0.52,,,,23.6,,,,,1.9,0.101,,,,,,,,0.58,,,,44.0,,3.34,,,,,
cheese,742,329751,"Cheese, dry white, Queso seco, mixed composite (TX-HA, NV) - CY061GG",2019-04-01,,,,,,,7.28,,,,,,,,683.0,,,,,,79.0,,,,,,,,0.018,,,,,,,,,,,,,,,,,,,,,,0.0,0.28,,,0.0,,,,,,,,,0.2,,0.0,,,,,,,,,,0.003,,0.355,0.046,,5.09,,0.04,,,0.003,,,0.003,26.7,,0.0,0.018,,,0.09,3.82,,,0.145,0.649,,0.094,0.009,,0.006,,0.007,,0.002,0.029,,0.038,,,0.008,,0.001,,0.009,,0.015,,0.002,0.39,,484.0,,,,124.0,,,,,,,,0.23,0.619,0.014,0.704,,2.28,0.234,6.05,0.144,2.62,0.034,,0.012,,0.008,0.516,,0.416,,0.264,,,,1930.0,,,,,,0.0,,,0.077,0.678,,0.173,,,0.0,0.02,,0.0,0.0,0.05,0.01,0.0,0.0,0.01,,,,24.8,,,,,1.6,0.084,,,,,,,,0.49,,,,41.9,,3.2,,,,,
cheese,743,329768,"Cheese, dry white, Queso seco, EL MEXICANO BRAND (CA-AL) - CY061GC",2019-04-01,,,,,,,7.14,,,,,,,,825.0,,,,,,80.0,,,,,,,,0.03,,,,,,,,,,,,,,,,,,,,,,0.0,0.58,,,0.0,,,,,,,,,0.21,,0.0,,,,,,,,,,0.002,,0.325,0.045,,5.01,,0.041,,,0.002,,,0.003,31.9,,0.0,0.019,,,0.15,4.69,,,0.127,0.655,,0.088,0.01,,0.006,,0.008,,0.003,0.03,,0.039,,,0.009,,0.0,,0.009,,0.016,,0.003,0.45,,599.0,,,,104.0,,,,,,,,0.29,0.573,0.015,0.642,,2.11,0.22,5.84,0.14,2.69,0.038,,0.013,,0.008,0.496,,0.395,,0.246,,,,1770.0,,,,,,0.0,,,0.071,0.625,,0.155,,,0.0,0.05,,0.0,0.0,0.03,0.01,0.01,0.0,0.01,,,,23.6,,,,,2.0,0.111,,,,,,,,0.52,,,,37.3,,4.02,,,,,
cheese,744,329783,"Cheese, dry white, Queso seco, mixed composite (MD, NM) - CY061GF",2019-04-01,,,,,0.75,0.91,6.64,1.83,,,,0.4,,,522.0,,,0.0,24.0,,80.0,1.2,3.7,8.5,0.6,4.3,18.4,,0.034,,2.0,,0.15,,,,,,,,,,,,,,,,,,0.0,0.18,,,0.0,5.3,,0.43,,,0.67,,,0.18,1.17,0.0,2.43,,,3.0,0.0,1.98,,,,0.003,,0.337,0.047,,4.92,,0.041,,,0.002,,,0.002,20.9,,0.0,0.017,0.54,,0.07,3.58,,,0.128,0.717,,0.133,0.009,,0.006,,0.007,,0.003,0.029,,0.038,,,0.01,,0.002,,0.008,,0.019,,0.003,0.39,1.17,392.0,,,,111.0,2.39,,,,,,192.0,0.18,0.596,0.013,0.674,,2.2,0.236,5.91,0.148,2.6,0.038,,0.013,,0.009,0.532,,0.413,,0.26,,24.5,1.37,1760.0,,,,,,0.0,,,0.076,0.637,,0.172,,,0.0,0.03,0.95,0.0,0.0,0.05,0.02,0.01,0.0,0.01,,,,24.0,0.32,1.27,1.48,,1.5,0.079,,,,,,,,0.42,,6.0,1.5,44.5,,2.9,,,,,
cheese,745,329806,"Cheese, dry white, Queso seco, mixed composite (NY, TX-TR) - CY061GD",2019-04-01,,,,,0.75,0.91,7.21,1.81,,,,,,,485.0,,,0.0,42.0,,87.0,,,,,,,,0.034,,3.0,,0.15,,,,,,,,,,,,,,,,,,0.0,0.0,,,0.0,5.35,,0.44,,,0.68,,,0.15,1.16,0.75,2.15,,,4.0,0.0,1.95,,,,0.003,,0.413,0.054,,5.38,,0.045,,,0.003,,,0.003,19.1,,0.0,0.019,0.53,,0.05,3.53,,,0.16,0.665,,0.124,0.01,,0.007,,0.008,,0.001,0.027,,0.039,,,0.01,,0.003,,0.009,,0.018,,0.002,0.35,1.17,365.0,,,,106.0,2.38,,,,,,254.0,0.19,0.638,0.015,0.728,,2.44,0.253,6.77,0.158,2.62,0.036,,0.012,,0.008,0.594,,0.453,,0.278,,20.3,1.37,2060.0,,,,,,0.0,,,0.087,0.713,,0.186,,,0.0,0.04,0.95,0.0,0.0,0.04,0.01,0.01,0.0,0.01,,,,26.3,0.3,1.28,1.47,,1.3,0.062,,1.8,73.0,,1.8,,,0.45,,5.8,1.5,42.2,,3.02,,,,,
cheese,1322,747055,CHICK-FIL-A - AMERICAN CHEESE,2019-12-16,,,,,,,5.52,,,,,,,,527.0,,,,,,,,,,,,,,0.025,,,,,,,,,,,,,,6.58,1.0,17.2,1.04,,,,,0.0,0.18,,,0.0,,,,,,,,,0.19,,2.89,,,,,,,0.018,,0.197,0.0,,0.367,0.054,,5.9,,,0.047,,,0.0,0.002,0.001,23.7,,0.0,0.029,,,,2.94,,,0.125,0.756,,0.114,0.01,,0.005,,0.005,,0.001,0.034,0.0,0.042,,,0.009,,0.002,0.0,0.007,,0.017,,0.001,,,438.0,,,,127.0,,,,,,,,,0.739,0.0,0.838,,2.61,0.283,7.9,0.17,3.13,0.042,0.003,0.017,0.0,0.008,0.647,0.0,0.512,0.0,0.322,0.0,,,1630.0,,,,,,0.0,,0.048,0.09,0.724,,0.179,0.003,0.0,0.0,,,,,,,,,,,,,31.2,,,,,,,,,,,,,,,,,,39.8,,2.81,,,,,
cheese,1324,747068,CHICK-FIL-A - AMERICAN CHEESE,2019-12-16,,,,,,,5.64,,,,,,,,515.0,,,,,,,,,,,,,,0.023,,,,,,,,,,,,,,6.87,1.07,17.7,1.08,,,,,0.0,0.19,,,0.0,,,,,,,,44.8,0.15,,2.63,,,,,,,0.016,,0.199,0.0,,0.362,0.052,,6.19,,,0.049,,,0.0,0.001,0.001,23.9,,0.0,0.026,,,,2.93,,,0.126,0.809,,0.115,0.011,,0.005,,0.005,,0.001,0.037,0.0,0.044,,,0.01,,0.002,0.0,0.008,,0.018,,0.001,,,422.0,,,,146.0,,,,,,,,,0.735,0.0,0.833,,2.68,0.287,8.12,0.172,3.32,0.044,0.007,0.015,0.0,0.007,0.67,0.0,0.527,0.0,0.321,0.0,,,1600.0,,,,,,0.0,,0.048,0.091,0.742,,0.189,0.005,0.0,0.0,,,,,,,,,,,,,31.6,,,,,,,,,,,,,,,,,,39.4,,2.72,,,,,
cheese,1325,747075,CHICK-FIL-A - AMERICAN CHEESE,2019-12-16,,,,,,,5.69,,,,,,,,516.0,,,,,,,,,,,,,,0.025,,,,,,,,,,,,,,6.83,1.07,17.7,1.03,,,,,0.0,0.19,,,0.0,,,,,,,,44.3,0.21,,2.85,,,,,,,0.016,,0.199,0.0,,0.355,0.051,,6.16,,,0.046,,,0.002,0.002,0.0,24.0,,0.0,0.029,,,,2.94,,,0.126,0.813,,0.114,0.009,,0.006,,0.007,,0.001,0.036,0.0,0.045,,,0.009,,0.002,0.0,0.007,,0.017,,0.0,,,435.0,,,,159.0,,,,,,,,,0.737,0.0,0.842,,2.68,0.288,8.14,0.172,3.28,0.042,0.006,0.016,0.0,0.008,0.664,0.0,0.518,0.0,0.316,0.0,,,1610.0,,,,,,0.0,,0.049,0.082,0.729,,0.171,0.003,0.0,0.0,,,,,,,,,,,,,31.5,,,,,,,,,,,,,,,,,,39.0,,2.78,,,,,
cheese,1326,747082,CHICK-FIL-A - AMERICAN CHEESE,2019-12-16,,,,,,,5.41,,,,,,,,509.0,,,,,,,,,,,,,,0.036,,,,,,,,,,,,,,6.82,1.04,17.4,1.04,,,,,0.0,0.21,,,0.0,,,,,,,,45.1,0.16,,2.7,,,,,,,0.017,,0.191,0.0,,0.365,0.055,,6.13,,,0.05,,,0.001,0.002,0.001,22.9,,0.0,0.029,,,,2.96,,,0.126,0.779,,0.119,0.011,,0.005,,0.006,,0.001,0.035,0.0,0.043,,,0.01,,0.003,0.0,0.007,,0.019,,0.002,,,434.0,,,,133.0,,,,,,,,,0.713,0.0,0.808,,2.6,0.282,8.07,0.174,3.27,0.044,0.003,0.018,0.0,0.008,0.567,0.0,0.504,0.0,0.316,0.0,,,1590.0,,,,,,0.0,,0.048,0.095,0.699,,0.19,0.004,0.0,0.0,,,,,,,,,,,,,31.2,,,,,,,,,,,,,,,,,,39.6,,2.78,,,,,
cheese,1330,747109,CHICK-FIL-A - AMERICAN CHEESE,2019-12-16,,,,,,,5.56,,,,,,,,531.0,,,,,,,,,,,,,,0.026,,,,,,,,,,,,,,6.68,1.04,17.8,1.0,,,,,0.0,0.22,,,0.0,,,,,,,,,0.34,,2.99,,,,,,,0.016,,0.203,0.0,,0.376,0.052,,5.98,,,0.048,,,0.0,0.002,0.001,24.4,,0.0,0.03,,,,2.97,,,0.113,0.787,,0.113,0.011,,0.005,,0.006,,0.001,0.037,0.0,0.042,,,0.009,,0.002,0.0,0.007,,0.017,,0.001,,,439.0,,,,163.0,,,,,,,,,0.708,0.0,0.799,,2.65,0.287,8.44,0.169,3.2,0.042,0.003,0.016,0.0,0.007,0.685,0.0,0.523,0.0,0.313,0.0,,,1610.0,,,,,,0.0,,0.047,0.087,0.686,,0.179,0.003,0.0,0.0,,,,,,,,,,,,,31.3,,,,,,,,,,,,,,,,,,39.2,,2.84,,,,,
cheese,2343,2259876,"Cheese, feta, whole milk, crumbled",2022-04-28,,,,,,,2.278,,,,,,0.09275,,335.8575,,,,,,35.87,,,,,,,,0.0175845,,,,,,,,,,,,,,2.446,,6.71875,,,,,,0.0,0.369125,,,0.238625,,,,,,,,48.02,0.04425,,2.044625,,,,,,,,,,,,0.3581875,,,2.63734375,,,,,,,,,17.248375000000003,,0.0,0.012887875,,,0.178875,2.06625,,,,0.261725,,,,,,,,,,,,,,,,,,,,,,,,,,254.44375,,,,129.65,,,,,,,96.97692307692309,0.3075,0.6195625,,0.338075,,1.091975,,3.177275,,1.027625,,,,,,0.5078125,,0.422375,,0.31575,,,,449.48125,,,,,,0.0,,,,,,,,,,0.0504230769230769,,,,,,,,,,,,11.706625,,,,,,0.0379125,,,,0.0,0.2643375,,,,,,,67.81825,,1.6607625,,,,,
